checkpoint_label,checkpoint_path,checkpoint_algo,checkpoint_global_env_steps,config_path,rl_variant,n,rho_target,seed,m_target,m_final,rho_final,episode_len,terminal_lambda2_norm,terminal_lambda2,rl_runtime_sec,runtime_sec,runtime_total_sec,init_mode,init_route_label,init_family,init_edges,init_lambda2,init_build_runtime_sec,init_cache_hit,init_selected_index,init_errors,overlap_post_completion_selection,overlap_candidate_count,overlap_evaluated_families,top_k,dist_cap,method,repeat_idx,arm,arm_label
best,C:\Users\erich\Documents\AFRL\Algebraic-Connectivity-Optimization-CDC2026\lite_trials_new\runs\subspace\checkpoints\best.pt,ppo,15000,C:\Users\erich\Documents\AFRL\Algebraic-Connectivity-Optimization-CDC2026\lite_trials_new\configs\subspace.yaml,full,12,0.018181818182,0,12,12,0.01818181818181818,1,0.022329099369260152,0.2679491924311218,0.004169699997873977,0.004169699997873977,0.004169699997873977,path,path,path,11,0.0,0.0,False,,,False,1,path,64,4,RL+Path,0,subspace,Subspace (certified bracket)
best,C:\Users\erich\Documents\AFRL\Algebraic-Connectivity-Optimization-CDC2026\lite_trials_new\runs\subspace\checkpoints\best.pt,ppo,15000,C:\Users\erich\Documents\AFRL\Algebraic-Connectivity-Optimization-CDC2026\lite_trials_new\configs\subspace.yaml,full,12,0.018181818182,1,12,12,0.01818181818181818,1,0.022329099369260152,0.2679491924311218,0.0016335000000253785,0.0016335000000253785,0.0016335000000253785,path,path,path,11,0.0,0.0,False,,,False,1,path,64,4,RL+Path,1,subspace,Subspace (certified bracket)
best,C:\Users\erich\Documents\AFRL\Algebraic-Connectivity-Optimization-CDC2026\lite_trials_new\runs\subspace\checkpoints\best.pt,ppo,15000,C:\Users\erich\Documents\AFRL\Algebraic-Connectivity-Optimization-CDC2026\lite_trials_new\configs\subspace.yaml,full,12,0.018181818182,2,12,12,0.01818181818181818,1,0.022329099369260152,0.2679491924311218,0.0015186999989964534,0.0015186999989964534,0.0015186999989964534,path,path,path,11,0.0,0.0,False,,,False,1,path,64,4,RL+Path,2,subspace,Subspace (certified bracket)
best,C:\Users\erich\Documents\AFRL\Algebraic-Connectivity-Optimization-CDC2026\lite_trials_new\runs\subspace\checkpoints\best.pt,ppo,15000,C:\Users\erich\Documents\AFRL\Algebraic-Connectivity-Optimization-CDC2026\lite_trials_new\configs\subspace.yaml,full,12,0.127272727273,0,18,18,0.12727272727272726,7,0.08883121808418021,1.0659746170101625,0.008008299999346491,0.008008299999346491,0.008008299999346491,path,path,path,11,0.0,0.0,False,,,False,1,path,64,4,RL+Path,0,subspace,Subspace (certified bracket)
best,C:\Users\erich\Documents\AFRL\Algebraic-Connectivity-Optimization-CDC2026\lite_trials_new\runs\subspace\checkpoints\best.pt,ppo,15000,C:\Users\erich\Documents\AFRL\Algebraic-Connectivity-Optimization-CDC2026\lite_trials_new\configs\subspace.yaml,full,12,0.127272727273,1,18,18,0.12727272727272726,7,0.08883121808418021,1.0659746170101625,0.00956900000164751,0.00956900000164751,0.00956900000164751,path,path,path,11,0.0,0.0,False,,,False,1,path,64,4,RL+Path,1,subspace,Subspace (certified bracket)
best,C:\Users\erich\Documents\AFRL\Algebraic-Connectivity-Optimization-CDC2026\lite_trials_new\runs\subspace\checkpoints\best.pt,ppo,15000,C:\Users\erich\Documents\AFRL\Algebraic-Connectivity-Optimization-CDC2026\lite_trials_new\configs\subspace.yaml,full,12,0.127272727273,2,18,18,0.12727272727272726,7,0.08883121808418021,1.0659746170101625,0.007364300003246171,0.007364300003246171,0.007364300003246171,path,path,path,11,0.0,0.0,False,,,False,1,path,64,4,RL+Path,2,subspace,Subspace (certified bracket)
best,C:\Users\erich\Documents\AFRL\Algebraic-Connectivity-Optimization-CDC2026\lite_trials_new\runs\subspace\checkpoints\best.pt,ppo,15000,C:\Users\erich\Documents\AFRL\Algebraic-Connectivity-Optimization-CDC2026\lite_trials_new\configs\subspace.yaml,full,12,0.236363636364,0,24,24,0.23636363636363636,13,0.17215686525488985,2.0658823830586783,0.014646800002083182,0.014646800002083182,0.014646800002083182,path,path,path,11,0.0,0.0,False,,,False,1,path,64,4,RL+Path,0,subspace,Subspace (certified bracket)
best,C:\Users\erich\Documents\AFRL\Algebraic-Connectivity-Optimization-CDC2026\lite_trials_new\runs\subspace\checkpoints\best.pt,ppo,15000,C:\Users\erich\Documents\AFRL\Algebraic-Connectivity-Optimization-CDC2026\lite_trials_new\configs\subspace.yaml,full,12,0.236363636364,1,24,24,0.23636363636363636,13,0.17215686525488985,2.0658823830586783,0.014750300000741845,0.014750300000741845,0.014750300000741845,path,path,path,11,0.0,0.0,False,,,False,1,path,64,4,RL+Path,1,subspace,Subspace (certified bracket)
best,C:\Users\erich\Documents\AFRL\Algebraic-Connectivity-Optimization-CDC2026\lite_trials_new\runs\subspace\checkpoints\best.pt,ppo,15000,C:\Users\erich\Documents\AFRL\Algebraic-Connectivity-Optimization-CDC2026\lite_trials_new\configs\subspace.yaml,full,12,0.236363636364,2,24,24,0.23636363636363636,13,0.17215686525488985,2.0658823830586783,0.014038599998457357,0.014038599998457357,0.014038599998457357,path,path,path,11,0.0,0.0,False,,,False,1,path,64,4,RL+Path,2,subspace,Subspace (certified bracket)
best,C:\Users\erich\Documents\AFRL\Algebraic-Connectivity-Optimization-CDC2026\lite_trials_new\runs\subspace\checkpoints\best.pt,ppo,15000,C:\Users\erich\Documents\AFRL\Algebraic-Connectivity-Optimization-CDC2026\lite_trials_new\configs\subspace.yaml,full,12,0.345454545455,0,30,30,0.34545454545454546,19,0.2861166198167537,3.433399437801044,0.01835199999914039,0.01835199999914039,0.01835199999914039,path,path,path,11,0.0,0.0,False,,,False,1,path,64,4,RL+Path,0,subspace,Subspace (certified bracket)
best,C:\Users\erich\Documents\AFRL\Algebraic-Connectivity-Optimization-CDC2026\lite_trials_new\runs\subspace\checkpoints\best.pt,ppo,15000,C:\Users\erich\Documents\AFRL\Algebraic-Connectivity-Optimization-CDC2026\lite_trials_new\configs\subspace.yaml,full,12,0.345454545455,1,30,30,0.34545454545454546,19,0.2861166198167537,3.433399437801044,0.021787099998618942,0.021787099998618942,0.021787099998618942,path,path,path,11,0.0,0.0,False,,,False,1,path,64,4,RL+Path,1,subspace,Subspace (certified bracket)
best,C:\Users\erich\Documents\AFRL\Algebraic-Connectivity-Optimization-CDC2026\lite_trials_new\runs\subspace\checkpoints\best.pt,ppo,15000,C:\Users\erich\Documents\AFRL\Algebraic-Connectivity-Optimization-CDC2026\lite_trials_new\configs\subspace.yaml,full,12,0.345454545455,2,30,30,0.34545454545454546,19,0.2861166198167537,3.433399437801044,0.019260000000940636,0.019260000000940636,0.019260000000940636,path,path,path,11,0.0,0.0,False,,,False,1,path,64,4,RL+Path,2,subspace,Subspace (certified bracket)
best,C:\Users\erich\Documents\AFRL\Algebraic-Connectivity-Optimization-CDC2026\lite_trials_new\runs\subspace\checkpoints\best.pt,ppo,15000,C:\Users\erich\Documents\AFRL\Algebraic-Connectivity-Optimization-CDC2026\lite_trials_new\configs\subspace.yaml,full,12,0.454545454545,0,36,36,0.45454545454545453,25,0.3615631272200855,4.338757526641026,0.024292099999001948,0.024292099999001948,0.024292099999001948,path,path,path,11,0.0,0.0,False,,,False,1,path,64,4,RL+Path,0,subspace,Subspace (certified bracket)
best,C:\Users\erich\Documents\AFRL\Algebraic-Connectivity-Optimization-CDC2026\lite_trials_new\runs\subspace\checkpoints\best.pt,ppo,15000,C:\Users\erich\Documents\AFRL\Algebraic-Connectivity-Optimization-CDC2026\lite_trials_new\configs\subspace.yaml,full,12,0.454545454545,1,36,36,0.45454545454545453,25,0.3615631272200855,4.338757526641026,0.0253365999997186,0.0253365999997186,0.0253365999997186,path,path,path,11,0.0,0.0,False,,,False,1,path,64,4,RL+Path,1,subspace,Subspace (certified bracket)
best,C:\Users\erich\Documents\AFRL\Algebraic-Connectivity-Optimization-CDC2026\lite_trials_new\runs\subspace\checkpoints\best.pt,ppo,15000,C:\Users\erich\Documents\AFRL\Algebraic-Connectivity-Optimization-CDC2026\lite_trials_new\configs\subspace.yaml,full,12,0.454545454545,2,36,36,0.45454545454545453,25,0.3615631272200855,4.338757526641026,0.02360419999968144,0.02360419999968144,0.02360419999968144,path,path,path,11,0.0,0.0,False,,,False,1,path,64,4,RL+Path,2,subspace,Subspace (certified bracket)
best,C:\Users\erich\Documents\AFRL\Algebraic-Connectivity-Optimization-CDC2026\lite_trials_new\runs\subspace\checkpoints\best.pt,ppo,15000,C:\Users\erich\Documents\AFRL\Algebraic-Connectivity-Optimization-CDC2026\lite_trials_new\configs\subspace.yaml,full,12,0.545454545455,0,41,41,0.5454545454545454,30,0.44561091027846284,5.347330923341554,0.030034399998839945,0.030034399998839945,0.030034399998839945,path,path,path,11,0.0,0.0,False,,,False,1,path,64,4,RL+Path,0,subspace,Subspace (certified bracket)
best,C:\Users\erich\Documents\AFRL\Algebraic-Connectivity-Optimization-CDC2026\lite_trials_new\runs\subspace\checkpoints\best.pt,ppo,15000,C:\Users\erich\Documents\AFRL\Algebraic-Connectivity-Optimization-CDC2026\lite_trials_new\configs\subspace.yaml,full,12,0.545454545455,1,41,41,0.5454545454545454,30,0.44561091027846284,5.347330923341554,0.029329599998163758,0.029329599998163758,0.029329599998163758,path,path,path,11,0.0,0.0,False,,,False,1,path,64,4,RL+Path,1,subspace,Subspace (certified bracket)
best,C:\Users\erich\Documents\AFRL\Algebraic-Connectivity-Optimization-CDC2026\lite_trials_new\runs\subspace\checkpoints\best.pt,ppo,15000,C:\Users\erich\Documents\AFRL\Algebraic-Connectivity-Optimization-CDC2026\lite_trials_new\configs\subspace.yaml,full,12,0.545454545455,2,41,41,0.5454545454545454,30,0.44561091027846284,5.347330923341554,0.030774099999689497,0.030774099999689497,0.030774099999689497,path,path,path,11,0.0,0.0,False,,,False,1,path,64,4,RL+Path,2,subspace,Subspace (certified bracket)
best,C:\Users\erich\Documents\AFRL\Algebraic-Connectivity-Optimization-CDC2026\lite_trials_new\runs\subspace\checkpoints\best.pt,ppo,15000,C:\Users\erich\Documents\AFRL\Algebraic-Connectivity-Optimization-CDC2026\lite_trials_new\configs\subspace.yaml,full,12,0.654545454545,0,47,47,0.6545454545454545,36,0.5313475995013763,6.376171194016516,0.041093899999395944,0.041093899999395944,0.041093899999395944,path,path,path,11,0.0,0.0,False,,,False,1,path,64,4,RL+Path,0,subspace,Subspace (certified bracket)
best,C:\Users\erich\Documents\AFRL\Algebraic-Connectivity-Optimization-CDC2026\lite_trials_new\runs\subspace\checkpoints\best.pt,ppo,15000,C:\Users\erich\Documents\AFRL\Algebraic-Connectivity-Optimization-CDC2026\lite_trials_new\configs\subspace.yaml,full,12,0.654545454545,1,47,47,0.6545454545454545,36,0.5313475995013763,6.376171194016516,0.03928259999884176,0.03928259999884176,0.03928259999884176,path,path,path,11,0.0,0.0,False,,,False,1,path,64,4,RL+Path,1,subspace,Subspace (certified bracket)
best,C:\Users\erich\Documents\AFRL\Algebraic-Connectivity-Optimization-CDC2026\lite_trials_new\runs\subspace\checkpoints\best.pt,ppo,15000,C:\Users\erich\Documents\AFRL\Algebraic-Connectivity-Optimization-CDC2026\lite_trials_new\configs\subspace.yaml,full,12,0.654545454545,2,47,47,0.6545454545454545,36,0.5313475995013763,6.376171194016516,0.04143409999960568,0.04143409999960568,0.04143409999960568,path,path,path,11,0.0,0.0,False,,,False,1,path,64,4,RL+Path,2,subspace,Subspace (certified bracket)
best,C:\Users\erich\Documents\AFRL\Algebraic-Connectivity-Optimization-CDC2026\lite_trials_new\runs\subspace\checkpoints\best.pt,ppo,15000,C:\Users\erich\Documents\AFRL\Algebraic-Connectivity-Optimization-CDC2026\lite_trials_new\configs\subspace.yaml,full,12,0.763636363636,0,53,53,0.7636363636363637,42,0.6460500715004485,7.752600858005382,0.0473268999994616,0.0473268999994616,0.0473268999994616,path,path,path,11,0.0,0.0,False,,,False,1,path,64,4,RL+Path,0,subspace,Subspace (certified bracket)
best,C:\Users\erich\Documents\AFRL\Algebraic-Connectivity-Optimization-CDC2026\lite_trials_new\runs\subspace\checkpoints\best.pt,ppo,15000,C:\Users\erich\Documents\AFRL\Algebraic-Connectivity-Optimization-CDC2026\lite_trials_new\configs\subspace.yaml,full,12,0.763636363636,1,53,53,0.7636363636363637,42,0.6460500715004485,7.752600858005382,0.05364689999987604,0.05364689999987604,0.05364689999987604,path,path,path,11,0.0,0.0,False,,,False,1,path,64,4,RL+Path,1,subspace,Subspace (certified bracket)
best,C:\Users\erich\Documents\AFRL\Algebraic-Connectivity-Optimization-CDC2026\lite_trials_new\runs\subspace\checkpoints\best.pt,ppo,15000,C:\Users\erich\Documents\AFRL\Algebraic-Connectivity-Optimization-CDC2026\lite_trials_new\configs\subspace.yaml,full,12,0.763636363636,2,53,53,0.7636363636363637,42,0.6460500715004485,7.752600858005382,0.05219850000139559,0.05219850000139559,0.05219850000139559,path,path,path,11,0.0,0.0,False,,,False,1,path,64,4,RL+Path,2,subspace,Subspace (certified bracket)
best,C:\Users\erich\Documents\AFRL\Algebraic-Connectivity-Optimization-CDC2026\lite_trials_new\runs\subspace\checkpoints\best.pt,ppo,15000,C:\Users\erich\Documents\AFRL\Algebraic-Connectivity-Optimization-CDC2026\lite_trials_new\configs\subspace.yaml,full,12,0.872727272727,0,59,59,0.8727272727272727,48,0.750053441128998,9.000641293547975,0.06275090000053751,0.06275090000053751,0.06275090000053751,path,path,path,11,0.0,0.0,False,,,False,1,path,64,4,RL+Path,0,subspace,Subspace (certified bracket)
best,C:\Users\erich\Documents\AFRL\Algebraic-Connectivity-Optimization-CDC2026\lite_trials_new\runs\subspace\checkpoints\best.pt,ppo,15000,C:\Users\erich\Documents\AFRL\Algebraic-Connectivity-Optimization-CDC2026\lite_trials_new\configs\subspace.yaml,full,12,0.872727272727,1,59,59,0.8727272727272727,48,0.750053441128998,9.000641293547975,0.06229439999879105,0.06229439999879105,0.06229439999879105,path,path,path,11,0.0,0.0,False,,,False,1,path,64,4,RL+Path,1,subspace,Subspace (certified bracket)
best,C:\Users\erich\Documents\AFRL\Algebraic-Connectivity-Optimization-CDC2026\lite_trials_new\runs\subspace\checkpoints\best.pt,ppo,15000,C:\Users\erich\Documents\AFRL\Algebraic-Connectivity-Optimization-CDC2026\lite_trials_new\configs\subspace.yaml,full,12,0.872727272727,2,59,59,0.8727272727272727,48,0.750053441128998,9.000641293547975,0.05731809999997495,0.05731809999997495,0.05731809999997495,path,path,path,11,0.0,0.0,False,,,False,1,path,64,4,RL+Path,2,subspace,Subspace (certified bracket)
best,C:\Users\erich\Documents\AFRL\Algebraic-Connectivity-Optimization-CDC2026\lite_trials_new\runs\subspace\checkpoints\best.pt,ppo,15000,C:\Users\erich\Documents\AFRL\Algebraic-Connectivity-Optimization-CDC2026\lite_trials_new\configs\subspace.yaml,full,12,0.981818181818,0,65,65,0.9818181818181818,54,0.8334719668382831,10.001663602059397,0.06310699999812641,0.06310699999812641,0.06310699999812641,path,path,path,11,0.0,0.0,False,,,False,1,path,64,4,RL+Path,0,subspace,Subspace (certified bracket)
best,C:\Users\erich\Documents\AFRL\Algebraic-Connectivity-Optimization-CDC2026\lite_trials_new\runs\subspace\checkpoints\best.pt,ppo,15000,C:\Users\erich\Documents\AFRL\Algebraic-Connectivity-Optimization-CDC2026\lite_trials_new\configs\subspace.yaml,full,12,0.981818181818,1,65,65,0.9818181818181818,54,0.8334719668382831,10.001663602059397,0.06680020000203513,0.06680020000203513,0.06680020000203513,path,path,path,11,0.0,0.0,False,,,False,1,path,64,4,RL+Path,1,subspace,Subspace (certified bracket)
best,C:\Users\erich\Documents\AFRL\Algebraic-Connectivity-Optimization-CDC2026\lite_trials_new\runs\subspace\checkpoints\best.pt,ppo,15000,C:\Users\erich\Documents\AFRL\Algebraic-Connectivity-Optimization-CDC2026\lite_trials_new\configs\subspace.yaml,full,12,0.981818181818,2,65,65,0.9818181818181818,54,0.8334719668382831,10.001663602059397,0.07204099999944447,0.07204099999944447,0.07204099999944447,path,path,path,11,0.0,0.0,False,,,False,1,path,64,4,RL+Path,2,subspace,Subspace (certified bracket)
best,C:\Users\erich\Documents\AFRL\Algebraic-Connectivity-Optimization-CDC2026\lite_trials_new\runs\subspace\checkpoints\best.pt,ppo,15000,C:\Users\erich\Documents\AFRL\Algebraic-Connectivity-Optimization-CDC2026\lite_trials_new\configs\subspace.yaml,full,12,0.018181818182,0,12,12,0.01818181818181818,0,0.08333333333333325,0.9999999999999989,4.00003045797348e-07,4.00003045797348e-07,0.0004864000002271496,backbone,envelope_only,envelope,11,1.0,0.00048599999718135223,False,,,False,1,envelope,64,4,RL+Backbone,0,subspace,Subspace (certified bracket)
best,C:\Users\erich\Documents\AFRL\Algebraic-Connectivity-Optimization-CDC2026\lite_trials_new\runs\subspace\checkpoints\best.pt,ppo,15000,C:\Users\erich\Documents\AFRL\Algebraic-Connectivity-Optimization-CDC2026\lite_trials_new\configs\subspace.yaml,full,12,0.018181818182,1,12,12,0.01818181818181818,0,0.08333333333333325,0.9999999999999989,2.00001522898674e-07,2.00001522898674e-07,0.00010220000331173651,backbone,envelope_only,envelope,11,1.0,0.00010200000178883784,False,,,False,1,envelope,64,4,RL+Backbone,1,subspace,Subspace (certified bracket)
best,C:\Users\erich\Documents\AFRL\Algebraic-Connectivity-Optimization-CDC2026\lite_trials_new\runs\subspace\checkpoints\best.pt,ppo,15000,C:\Users\erich\Documents\AFRL\Algebraic-Connectivity-Optimization-CDC2026\lite_trials_new\configs\subspace.yaml,full,12,0.018181818182,2,12,12,0.01818181818181818,0,0.08333333333333325,0.9999999999999989,9.999712347052991e-08,9.999712347052991e-08,8.479999451083131e-05,backbone,envelope_only,envelope,11,1.0,8.469999738736078e-05,False,,,False,1,envelope,64,4,RL+Backbone,2,subspace,Subspace (certified bracket)
best,C:\Users\erich\Documents\AFRL\Algebraic-Connectivity-Optimization-CDC2026\lite_trials_new\runs\subspace\checkpoints\best.pt,ppo,15000,C:\Users\erich\Documents\AFRL\Algebraic-Connectivity-Optimization-CDC2026\lite_trials_new\configs\subspace.yaml,full,12,0.127272727273,0,18,18,0.12727272727272726,0,0.10566243270259344,1.2679491924311213,1.00000761449337e-07,1.00000761449337e-07,0.0021145000027900096,backbone,cayley_only,cayley,18,1.2679491924311233,0.0021144000020285603,False,2,,False,1,cayley,64,4,RL+Backbone,0,subspace,Subspace (certified bracket)
best,C:\Users\erich\Documents\AFRL\Algebraic-Connectivity-Optimization-CDC2026\lite_trials_new\runs\subspace\checkpoints\best.pt,ppo,15000,C:\Users\erich\Documents\AFRL\Algebraic-Connectivity-Optimization-CDC2026\lite_trials_new\configs\subspace.yaml,full,12,0.127272727273,1,18,18,0.12727272727272726,0,0.10566243270259344,1.2679491924311213,1.00000761449337e-07,1.00000761449337e-07,0.0017775999986042734,backbone,cayley_only,cayley,18,1.2679491924311233,0.001777499997842824,False,2,,False,1,cayley,64,4,RL+Backbone,1,subspace,Subspace (certified bracket)
best,C:\Users\erich\Documents\AFRL\Algebraic-Connectivity-Optimization-CDC2026\lite_trials_new\runs\subspace\checkpoints\best.pt,ppo,15000,C:\Users\erich\Documents\AFRL\Algebraic-Connectivity-Optimization-CDC2026\lite_trials_new\configs\subspace.yaml,full,12,0.127272727273,2,18,18,0.12727272727272726,0,0.10566243270259344,1.2679491924311213,9.999712347052991e-08,9.999712347052991e-08,0.001750399995216867,backbone,cayley_only,cayley,18,1.2679491924311233,0.0017502999980933964,False,2,,False,1,cayley,64,4,RL+Backbone,2,subspace,Subspace (certified bracket)
best,C:\Users\erich\Documents\AFRL\Algebraic-Connectivity-Optimization-CDC2026\lite_trials_new\runs\subspace\checkpoints\best.pt,ppo,15000,C:\Users\erich\Documents\AFRL\Algebraic-Connectivity-Optimization-CDC2026\lite_trials_new\configs\subspace.yaml,full,12,0.236363636364,0,24,24,0.23636363636363636,0,0.1889957660359269,2.267949192431123,2.00001522898674e-07,2.00001522898674e-07,0.0019634000018413644,backbone,cayley_only,cayley,24,2.267949192431123,0.0019632000003184658,False,2,,False,1,cayley,64,4,RL+Backbone,0,subspace,Subspace (certified bracket)
best,C:\Users\erich\Documents\AFRL\Algebraic-Connectivity-Optimization-CDC2026\lite_trials_new\runs\subspace\checkpoints\best.pt,ppo,15000,C:\Users\erich\Documents\AFRL\Algebraic-Connectivity-Optimization-CDC2026\lite_trials_new\configs\subspace.yaml,full,12,0.236363636364,1,24,24,0.23636363636363636,0,0.1889957660359269,2.267949192431123,2.00001522898674e-07,2.00001522898674e-07,0.0020087000011699274,backbone,cayley_only,cayley,24,2.267949192431123,0.0020084999996470287,False,2,,False,1,cayley,64,4,RL+Backbone,1,subspace,Subspace (certified bracket)
best,C:\Users\erich\Documents\AFRL\Algebraic-Connectivity-Optimization-CDC2026\lite_trials_new\runs\subspace\checkpoints\best.pt,ppo,15000,C:\Users\erich\Documents\AFRL\Algebraic-Connectivity-Optimization-CDC2026\lite_trials_new\configs\subspace.yaml,full,12,0.236363636364,2,24,24,0.23636363636363636,0,0.18899576603592674,2.267949192431121,1.00000761449337e-07,1.00000761449337e-07,0.0019359000034455676,backbone,cayley_only,cayley,24,2.267949192431123,0.0019358000026841182,False,2,,False,1,cayley,64,4,RL+Backbone,2,subspace,Subspace (certified bracket)
best,C:\Users\erich\Documents\AFRL\Algebraic-Connectivity-Optimization-CDC2026\lite_trials_new\runs\subspace\checkpoints\best.pt,ppo,15000,C:\Users\erich\Documents\AFRL\Algebraic-Connectivity-Optimization-CDC2026\lite_trials_new\configs\subspace.yaml,full,12,0.345454545455,0,30,30,0.34545454545454546,0,0.3333333333333329,3.999999999999995,9.999712347052991e-08,9.999712347052991e-08,0.0019020999970962293,backbone,cayley_only,cayley,30,3.9999999999999987,0.0019019999999727588,False,2,,False,1,cayley,64,4,RL+Backbone,0,subspace,Subspace (certified bracket)
best,C:\Users\erich\Documents\AFRL\Algebraic-Connectivity-Optimization-CDC2026\lite_trials_new\runs\subspace\checkpoints\best.pt,ppo,15000,C:\Users\erich\Documents\AFRL\Algebraic-Connectivity-Optimization-CDC2026\lite_trials_new\configs\subspace.yaml,full,12,0.345454545455,1,30,30,0.34545454545454546,0,0.333333333333333,3.9999999999999956,1.9999788491986692e-07,1.9999788491986692e-07,0.001944399995409185,backbone,cayley_only,cayley,30,3.9999999999999987,0.0019441999975242652,False,2,,False,1,cayley,64,4,RL+Backbone,1,subspace,Subspace (certified bracket)
best,C:\Users\erich\Documents\AFRL\Algebraic-Connectivity-Optimization-CDC2026\lite_trials_new\runs\subspace\checkpoints\best.pt,ppo,15000,C:\Users\erich\Documents\AFRL\Algebraic-Connectivity-Optimization-CDC2026\lite_trials_new\configs\subspace.yaml,full,12,0.345454545455,2,30,30,0.34545454545454546,0,0.333333333333333,3.9999999999999956,2.00001522898674e-07,2.00001522898674e-07,0.001915299999382114,backbone,cayley_only,cayley,30,3.9999999999999987,0.0019150999978592154,False,2,,False,1,cayley,64,4,RL+Backbone,2,subspace,Subspace (certified bracket)
best,C:\Users\erich\Documents\AFRL\Algebraic-Connectivity-Optimization-CDC2026\lite_trials_new\runs\subspace\checkpoints\best.pt,ppo,15000,C:\Users\erich\Documents\AFRL\Algebraic-Connectivity-Optimization-CDC2026\lite_trials_new\configs\subspace.yaml,full,12,0.454545454545,0,36,36,0.45454545454545453,0,0.4999999999999994,5.999999999999993,1.00000761449337e-07,1.00000761449337e-07,0.002005700003792299,backbone,cayley_only,cayley,36,5.999999999999995,0.0020056000030308496,False,2,,False,1,cayley,64,4,RL+Backbone,0,subspace,Subspace (certified bracket)
best,C:\Users\erich\Documents\AFRL\Algebraic-Connectivity-Optimization-CDC2026\lite_trials_new\runs\subspace\checkpoints\best.pt,ppo,15000,C:\Users\erich\Documents\AFRL\Algebraic-Connectivity-Optimization-CDC2026\lite_trials_new\configs\subspace.yaml,full,12,0.454545454545,1,36,36,0.45454545454545453,0,0.4999999999999994,5.999999999999993,1.00000761449337e-07,1.00000761449337e-07,0.0020039000010001473,backbone,cayley_only,cayley,36,5.999999999999995,0.002003800000238698,False,2,,False,1,cayley,64,4,RL+Backbone,1,subspace,Subspace (certified bracket)
best,C:\Users\erich\Documents\AFRL\Algebraic-Connectivity-Optimization-CDC2026\lite_trials_new\runs\subspace\checkpoints\best.pt,ppo,15000,C:\Users\erich\Documents\AFRL\Algebraic-Connectivity-Optimization-CDC2026\lite_trials_new\configs\subspace.yaml,full,12,0.454545454545,2,36,36,0.45454545454545453,0,0.4999999999999994,5.999999999999993,1.9999788491986692e-07,1.9999788491986692e-07,0.001980699998966884,backbone,cayley_only,cayley,36,5.999999999999995,0.001980500001081964,False,2,,False,1,cayley,64,4,RL+Backbone,2,subspace,Subspace (certified bracket)
best,C:\Users\erich\Documents\AFRL\Algebraic-Connectivity-Optimization-CDC2026\lite_trials_new\runs\subspace\checkpoints\best.pt,ppo,15000,C:\Users\erich\Documents\AFRL\Algebraic-Connectivity-Optimization-CDC2026\lite_trials_new\configs\subspace.yaml,full,12,0.545454545455,0,41,41,0.5454545454545454,0,0.49999999999999983,5.999999999999998,2.999986463692039e-07,2.999986463692039e-07,0.002054699998552678,backbone,both,envelope,36,6.0,0.0020545000006677583,False,,,True,2,"cayley,envelope",64,4,RL+Backbone,0,subspace,Subspace (certified bracket)
best,C:\Users\erich\Documents\AFRL\Algebraic-Connectivity-Optimization-CDC2026\lite_trials_new\runs\subspace\checkpoints\best.pt,ppo,15000,C:\Users\erich\Documents\AFRL\Algebraic-Connectivity-Optimization-CDC2026\lite_trials_new\configs\subspace.yaml,full,12,0.545454545455,1,41,41,0.5454545454545454,0,0.49999999999999983,5.999999999999998,1.00000761449337e-07,1.00000761449337e-07,0.002081200000247918,backbone,both,envelope,36,6.0,0.0020810999994864687,False,,,True,2,"cayley,envelope",64,4,RL+Backbone,1,subspace,Subspace (certified bracket)
best,C:\Users\erich\Documents\AFRL\Algebraic-Connectivity-Optimization-CDC2026\lite_trials_new\runs\subspace\checkpoints\best.pt,ppo,15000,C:\Users\erich\Documents\AFRL\Algebraic-Connectivity-Optimization-CDC2026\lite_trials_new\configs\subspace.yaml,full,12,0.545454545455,2,41,41,0.5454545454545454,0,0.49999999999999983,5.999999999999998,1.00000761449337e-07,1.00000761449337e-07,0.0020103000024391804,backbone,both,envelope,36,6.0,0.002010200001677731,False,,,True,2,"cayley,envelope",64,4,RL+Backbone,2,subspace,Subspace (certified bracket)
best,C:\Users\erich\Documents\AFRL\Algebraic-Connectivity-Optimization-CDC2026\lite_trials_new\runs\subspace\checkpoints\best.pt,ppo,15000,C:\Users\erich\Documents\AFRL\Algebraic-Connectivity-Optimization-CDC2026\lite_trials_new\configs\subspace.yaml,full,12,0.654545454545,0,47,47,0.6545454545454545,0,0.5833333333333329,6.999999999999995,0.005210700001043733,0.005210700001043733,0.007032600002276013,backbone,both,envelope,45,7.0,0.0018219000012322795,False,,,True,2,"cayley,envelope",64,4,RL+Backbone,0,subspace,Subspace (certified bracket)
best,C:\Users\erich\Documents\AFRL\Algebraic-Connectivity-Optimization-CDC2026\lite_trials_new\runs\subspace\checkpoints\best.pt,ppo,15000,C:\Users\erich\Documents\AFRL\Algebraic-Connectivity-Optimization-CDC2026\lite_trials_new\configs\subspace.yaml,full,12,0.654545454545,1,47,47,0.6545454545454545,0,0.5833333333333329,6.999999999999995,0.002527599997847574,0.002527599997847574,0.004309599997213809,backbone,both,envelope,45,7.0,0.001781999999366235,False,,,True,2,"cayley,envelope",64,4,RL+Backbone,1,subspace,Subspace (certified bracket)
best,C:\Users\erich\Documents\AFRL\Algebraic-Connectivity-Optimization-CDC2026\lite_trials_new\runs\subspace\checkpoints\best.pt,ppo,15000,C:\Users\erich\Documents\AFRL\Algebraic-Connectivity-Optimization-CDC2026\lite_trials_new\configs\subspace.yaml,full,12,0.654545454545,2,47,47,0.6545454545454545,0,0.5833333333333329,6.999999999999995,0.002699900000152411,0.002699900000152411,0.0045596999989356846,backbone,both,envelope,45,7.0,0.0018597999987832736,False,,,True,2,"cayley,envelope",64,4,RL+Backbone,2,subspace,Subspace (certified bracket)
best,C:\Users\erich\Documents\AFRL\Algebraic-Connectivity-Optimization-CDC2026\lite_trials_new\runs\subspace\checkpoints\best.pt,ppo,15000,C:\Users\erich\Documents\AFRL\Algebraic-Connectivity-Optimization-CDC2026\lite_trials_new\configs\subspace.yaml,full,12,0.763636363636,0,53,53,0.7636363636363637,0,0.6666666666666666,8.0,2.00001522898674e-07,2.00001522898674e-07,9.840000348049216e-05,backbone,envelope_only,envelope,48,8.0,9.820000195759349e-05,False,,,False,1,envelope,64,4,RL+Backbone,0,subspace,Subspace (certified bracket)
best,C:\Users\erich\Documents\AFRL\Algebraic-Connectivity-Optimization-CDC2026\lite_trials_new\runs\subspace\checkpoints\best.pt,ppo,15000,C:\Users\erich\Documents\AFRL\Algebraic-Connectivity-Optimization-CDC2026\lite_trials_new\configs\subspace.yaml,full,12,0.763636363636,1,53,53,0.7636363636363637,0,0.6666666666666666,8.0,1.00000761449337e-07,1.00000761449337e-07,9.510000018053688e-05,backbone,envelope_only,envelope,48,8.0,9.499999941908754e-05,False,,,False,1,envelope,64,4,RL+Backbone,1,subspace,Subspace (certified bracket)
best,C:\Users\erich\Documents\AFRL\Algebraic-Connectivity-Optimization-CDC2026\lite_trials_new\runs\subspace\checkpoints\best.pt,ppo,15000,C:\Users\erich\Documents\AFRL\Algebraic-Connectivity-Optimization-CDC2026\lite_trials_new\configs\subspace.yaml,full,12,0.763636363636,2,53,53,0.7636363636363637,0,0.6666666666666666,8.0,1.00000761449337e-07,1.00000761449337e-07,0.0001351000028080307,backbone,envelope_only,envelope,48,8.0,0.00013500000204658136,False,,,False,1,envelope,64,4,RL+Backbone,2,subspace,Subspace (certified bracket)
best,C:\Users\erich\Documents\AFRL\Algebraic-Connectivity-Optimization-CDC2026\lite_trials_new\runs\subspace\checkpoints\best.pt,ppo,15000,C:\Users\erich\Documents\AFRL\Algebraic-Connectivity-Optimization-CDC2026\lite_trials_new\configs\subspace.yaml,full,12,0.872727272727,0,59,59,0.8727272727272727,0,0.7499999999999999,8.999999999999998,2.00001522898674e-07,2.00001522898674e-07,9.530000170343556e-05,backbone,envelope_only,envelope,54,9.0,9.510000018053688e-05,False,,,False,1,envelope,64,4,RL+Backbone,0,subspace,Subspace (certified bracket)
best,C:\Users\erich\Documents\AFRL\Algebraic-Connectivity-Optimization-CDC2026\lite_trials_new\runs\subspace\checkpoints\best.pt,ppo,15000,C:\Users\erich\Documents\AFRL\Algebraic-Connectivity-Optimization-CDC2026\lite_trials_new\configs\subspace.yaml,full,12,0.872727272727,1,59,59,0.8727272727272727,0,0.7499999999999999,8.999999999999998,2.00001522898674e-07,2.00001522898674e-07,0.00010550000297371298,backbone,envelope_only,envelope,54,9.0,0.0001053000014508143,False,,,False,1,envelope,64,4,RL+Backbone,1,subspace,Subspace (certified bracket)
best,C:\Users\erich\Documents\AFRL\Algebraic-Connectivity-Optimization-CDC2026\lite_trials_new\runs\subspace\checkpoints\best.pt,ppo,15000,C:\Users\erich\Documents\AFRL\Algebraic-Connectivity-Optimization-CDC2026\lite_trials_new\configs\subspace.yaml,full,12,0.872727272727,2,59,59,0.8727272727272727,0,0.7499999999999999,8.999999999999998,1.9999788491986692e-07,1.9999788491986692e-07,0.0001038999980664812,backbone,envelope_only,envelope,54,9.0,0.00010370000018156134,False,,,False,1,envelope,64,4,RL+Backbone,2,subspace,Subspace (certified bracket)
best,C:\Users\erich\Documents\AFRL\Algebraic-Connectivity-Optimization-CDC2026\lite_trials_new\runs\subspace\checkpoints\best.pt,ppo,15000,C:\Users\erich\Documents\AFRL\Algebraic-Connectivity-Optimization-CDC2026\lite_trials_new\configs\subspace.yaml,full,12,0.981818181818,0,65,65,0.9818181818181818,0,0.8333333333333327,9.999999999999993,1.00000761449337e-07,1.00000761449337e-07,0.00010730000212788582,backbone,envelope_only,envelope,60,10.0,0.00010720000136643648,False,,,False,1,envelope,64,4,RL+Backbone,0,subspace,Subspace (certified bracket)
best,C:\Users\erich\Documents\AFRL\Algebraic-Connectivity-Optimization-CDC2026\lite_trials_new\runs\subspace\checkpoints\best.pt,ppo,15000,C:\Users\erich\Documents\AFRL\Algebraic-Connectivity-Optimization-CDC2026\lite_trials_new\configs\subspace.yaml,full,12,0.981818181818,1,65,65,0.9818181818181818,0,0.8333333333333327,9.999999999999993,2.00001522898674e-07,2.00001522898674e-07,0.00011649999942164868,backbone,envelope_only,envelope,60,10.0,0.00011629999789875001,False,,,False,1,envelope,64,4,RL+Backbone,1,subspace,Subspace (certified bracket)
best,C:\Users\erich\Documents\AFRL\Algebraic-Connectivity-Optimization-CDC2026\lite_trials_new\runs\subspace\checkpoints\best.pt,ppo,15000,C:\Users\erich\Documents\AFRL\Algebraic-Connectivity-Optimization-CDC2026\lite_trials_new\configs\subspace.yaml,full,12,0.981818181818,2,65,65,0.9818181818181818,0,0.8333333333333327,9.999999999999993,1.00000761449337e-07,1.00000761449337e-07,0.00011510000331327319,backbone,envelope_only,envelope,60,10.0,0.00011500000255182385,False,,,False,1,envelope,64,4,RL+Backbone,2,subspace,Subspace (certified bracket)
best,C:\Users\erich\Documents\AFRL\Algebraic-Connectivity-Optimization-CDC2026\lite_trials_new\runs\subspace\checkpoints\best.pt,ppo,15000,C:\Users\erich\Documents\AFRL\Algebraic-Connectivity-Optimization-CDC2026\lite_trials_new\configs\subspace.yaml,full,16,0.009523809524,0,16,16,0.009523809523809525,1,0.00951505843608914,0.15224093497742625,0.004616299996996531,0.004616299996996531,0.004616299996996531,path,path,path,15,0.0,0.0,False,,,False,1,path,64,4,RL+Path,0,subspace,Subspace (certified bracket)
best,C:\Users\erich\Documents\AFRL\Algebraic-Connectivity-Optimization-CDC2026\lite_trials_new\runs\subspace\checkpoints\best.pt,ppo,15000,C:\Users\erich\Documents\AFRL\Algebraic-Connectivity-Optimization-CDC2026\lite_trials_new\configs\subspace.yaml,full,16,0.009523809524,1,16,16,0.009523809523809525,1,0.00951505843608914,0.15224093497742625,0.0016251000015472528,0.0016251000015472528,0.0016251000015472528,path,path,path,15,0.0,0.0,False,,,False,1,path,64,4,RL+Path,1,subspace,Subspace (certified bracket)
best,C:\Users\erich\Documents\AFRL\Algebraic-Connectivity-Optimization-CDC2026\lite_trials_new\runs\subspace\checkpoints\best.pt,ppo,15000,C:\Users\erich\Documents\AFRL\Algebraic-Connectivity-Optimization-CDC2026\lite_trials_new\configs\subspace.yaml,full,16,0.009523809524,2,16,16,0.009523809523809525,1,0.00951505843608914,0.15224093497742625,0.00142029999915394,0.00142029999915394,0.00142029999915394,path,path,path,15,0.0,0.0,False,,,False,1,path,64,4,RL+Path,2,subspace,Subspace (certified bracket)
best,C:\Users\erich\Documents\AFRL\Algebraic-Connectivity-Optimization-CDC2026\lite_trials_new\runs\subspace\checkpoints\best.pt,ppo,15000,C:\Users\erich\Documents\AFRL\Algebraic-Connectivity-Optimization-CDC2026\lite_trials_new\configs\subspace.yaml,full,16,0.114285714286,0,27,27,0.11428571428571428,12,0.08403485320335952,1.3445576512537523,0.012852700001531048,0.012852700001531048,0.012852700001531048,path,path,path,15,0.0,0.0,False,,,False,1,path,64,4,RL+Path,0,subspace,Subspace (certified bracket)
best,C:\Users\erich\Documents\AFRL\Algebraic-Connectivity-Optimization-CDC2026\lite_trials_new\runs\subspace\checkpoints\best.pt,ppo,15000,C:\Users\erich\Documents\AFRL\Algebraic-Connectivity-Optimization-CDC2026\lite_trials_new\configs\subspace.yaml,full,16,0.114285714286,1,27,27,0.11428571428571428,12,0.08403485320335952,1.3445576512537523,0.014064900002267677,0.014064900002267677,0.014064900002267677,path,path,path,15,0.0,0.0,False,,,False,1,path,64,4,RL+Path,1,subspace,Subspace (certified bracket)
best,C:\Users\erich\Documents\AFRL\Algebraic-Connectivity-Optimization-CDC2026\lite_trials_new\runs\subspace\checkpoints\best.pt,ppo,15000,C:\Users\erich\Documents\AFRL\Algebraic-Connectivity-Optimization-CDC2026\lite_trials_new\configs\subspace.yaml,full,16,0.114285714286,2,27,27,0.11428571428571428,12,0.08403485320335952,1.3445576512537523,0.012147999997978332,0.012147999997978332,0.012147999997978332,path,path,path,15,0.0,0.0,False,,,False,1,path,64,4,RL+Path,2,subspace,Subspace (certified bracket)
best,C:\Users\erich\Documents\AFRL\Algebraic-Connectivity-Optimization-CDC2026\lite_trials_new\runs\subspace\checkpoints\best.pt,ppo,15000,C:\Users\erich\Documents\AFRL\Algebraic-Connectivity-Optimization-CDC2026\lite_trials_new\configs\subspace.yaml,full,16,0.228571428571,0,39,39,0.22857142857142856,24,0.17565063917274537,2.810410226763926,0.02635779999764054,0.02635779999764054,0.02635779999764054,path,path,path,15,0.0,0.0,False,,,False,1,path,64,4,RL+Path,0,subspace,Subspace (certified bracket)
best,C:\Users\erich\Documents\AFRL\Algebraic-Connectivity-Optimization-CDC2026\lite_trials_new\runs\subspace\checkpoints\best.pt,ppo,15000,C:\Users\erich\Documents\AFRL\Algebraic-Connectivity-Optimization-CDC2026\lite_trials_new\configs\subspace.yaml,full,16,0.228571428571,1,39,39,0.22857142857142856,24,0.17565063917274537,2.810410226763926,0.027227000002312707,0.027227000002312707,0.027227000002312707,path,path,path,15,0.0,0.0,False,,,False,1,path,64,4,RL+Path,1,subspace,Subspace (certified bracket)
best,C:\Users\erich\Documents\AFRL\Algebraic-Connectivity-Optimization-CDC2026\lite_trials_new\runs\subspace\checkpoints\best.pt,ppo,15000,C:\Users\erich\Documents\AFRL\Algebraic-Connectivity-Optimization-CDC2026\lite_trials_new\configs\subspace.yaml,full,16,0.228571428571,2,39,39,0.22857142857142856,24,0.17565063917274537,2.810410226763926,0.026758899999549612,0.026758899999549612,0.026758899999549612,path,path,path,15,0.0,0.0,False,,,False,1,path,64,4,RL+Path,2,subspace,Subspace (certified bracket)
best,C:\Users\erich\Documents\AFRL\Algebraic-Connectivity-Optimization-CDC2026\lite_trials_new\runs\subspace\checkpoints\best.pt,ppo,15000,C:\Users\erich\Documents\AFRL\Algebraic-Connectivity-Optimization-CDC2026\lite_trials_new\configs\subspace.yaml,full,16,0.333333333333,0,50,50,0.3333333333333333,35,0.26897583887539844,4.303613422006375,0.04068769999867072,0.04068769999867072,0.04068769999867072,path,path,path,15,0.0,0.0,False,,,False,1,path,64,4,RL+Path,0,subspace,Subspace (certified bracket)
best,C:\Users\erich\Documents\AFRL\Algebraic-Connectivity-Optimization-CDC2026\lite_trials_new\runs\subspace\checkpoints\best.pt,ppo,15000,C:\Users\erich\Documents\AFRL\Algebraic-Connectivity-Optimization-CDC2026\lite_trials_new\configs\subspace.yaml,full,16,0.333333333333,1,50,50,0.3333333333333333,35,0.26897583887539844,4.303613422006375,0.040808300000207964,0.040808300000207964,0.040808300000207964,path,path,path,15,0.0,0.0,False,,,False,1,path,64,4,RL+Path,1,subspace,Subspace (certified bracket)
best,C:\Users\erich\Documents\AFRL\Algebraic-Connectivity-Optimization-CDC2026\lite_trials_new\runs\subspace\checkpoints\best.pt,ppo,15000,C:\Users\erich\Documents\AFRL\Algebraic-Connectivity-Optimization-CDC2026\lite_trials_new\configs\subspace.yaml,full,16,0.333333333333,2,50,50,0.3333333333333333,35,0.26897583887539844,4.303613422006375,0.04010840000046301,0.04010840000046301,0.04010840000046301,path,path,path,15,0.0,0.0,False,,,False,1,path,64,4,RL+Path,2,subspace,Subspace (certified bracket)
best,C:\Users\erich\Documents\AFRL\Algebraic-Connectivity-Optimization-CDC2026\lite_trials_new\runs\subspace\checkpoints\best.pt,ppo,15000,C:\Users\erich\Documents\AFRL\Algebraic-Connectivity-Optimization-CDC2026\lite_trials_new\configs\subspace.yaml,full,16,0.447619047619,0,62,62,0.44761904761904764,47,0.3740919402657202,5.985471044251523,0.05524669999795151,0.05524669999795151,0.05524669999795151,path,path,path,15,0.0,0.0,False,,,False,1,path,64,4,RL+Path,0,subspace,Subspace (certified bracket)
best,C:\Users\erich\Documents\AFRL\Algebraic-Connectivity-Optimization-CDC2026\lite_trials_new\runs\subspace\checkpoints\best.pt,ppo,15000,C:\Users\erich\Documents\AFRL\Algebraic-Connectivity-Optimization-CDC2026\lite_trials_new\configs\subspace.yaml,full,16,0.447619047619,1,62,62,0.44761904761904764,47,0.3740919402657202,5.985471044251523,0.056762500000331784,0.056762500000331784,0.056762500000331784,path,path,path,15,0.0,0.0,False,,,False,1,path,64,4,RL+Path,1,subspace,Subspace (certified bracket)
best,C:\Users\erich\Documents\AFRL\Algebraic-Connectivity-Optimization-CDC2026\lite_trials_new\runs\subspace\checkpoints\best.pt,ppo,15000,C:\Users\erich\Documents\AFRL\Algebraic-Connectivity-Optimization-CDC2026\lite_trials_new\configs\subspace.yaml,full,16,0.447619047619,2,62,62,0.44761904761904764,47,0.3740919402657202,5.985471044251523,0.05768100000204868,0.05768100000204868,0.05768100000204868,path,path,path,15,0.0,0.0,False,,,False,1,path,64,4,RL+Path,2,subspace,Subspace (certified bracket)
best,C:\Users\erich\Documents\AFRL\Algebraic-Connectivity-Optimization-CDC2026\lite_trials_new\runs\subspace\checkpoints\best.pt,ppo,15000,C:\Users\erich\Documents\AFRL\Algebraic-Connectivity-Optimization-CDC2026\lite_trials_new\configs\subspace.yaml,full,16,0.552380952381,0,73,73,0.5523809523809524,58,0.4462753856345679,7.140406170153087,0.07743399999890244,0.07743399999890244,0.07743399999890244,path,path,path,15,0.0,0.0,False,,,False,1,path,64,4,RL+Path,0,subspace,Subspace (certified bracket)
best,C:\Users\erich\Documents\AFRL\Algebraic-Connectivity-Optimization-CDC2026\lite_trials_new\runs\subspace\checkpoints\best.pt,ppo,15000,C:\Users\erich\Documents\AFRL\Algebraic-Connectivity-Optimization-CDC2026\lite_trials_new\configs\subspace.yaml,full,16,0.552380952381,1,73,73,0.5523809523809524,58,0.4462753856345679,7.140406170153087,0.08300960000269697,0.08300960000269697,0.08300960000269697,path,path,path,15,0.0,0.0,False,,,False,1,path,64,4,RL+Path,1,subspace,Subspace (certified bracket)
best,C:\Users\erich\Documents\AFRL\Algebraic-Connectivity-Optimization-CDC2026\lite_trials_new\runs\subspace\checkpoints\best.pt,ppo,15000,C:\Users\erich\Documents\AFRL\Algebraic-Connectivity-Optimization-CDC2026\lite_trials_new\configs\subspace.yaml,full,16,0.552380952381,2,73,73,0.5523809523809524,58,0.4462753856345679,7.140406170153087,0.08191389999774401,0.08191389999774401,0.08191389999774401,path,path,path,15,0.0,0.0,False,,,False,1,path,64,4,RL+Path,2,subspace,Subspace (certified bracket)
best,C:\Users\erich\Documents\AFRL\Algebraic-Connectivity-Optimization-CDC2026\lite_trials_new\runs\subspace\checkpoints\best.pt,ppo,15000,C:\Users\erich\Documents\AFRL\Algebraic-Connectivity-Optimization-CDC2026\lite_trials_new\configs\subspace.yaml,full,16,0.666666666667,0,85,85,0.6666666666666666,70,0.5567555688706219,8.908089101929951,0.09971969999969588,0.09971969999969588,0.09971969999969588,path,path,path,15,0.0,0.0,False,,,False,1,path,64,4,RL+Path,0,subspace,Subspace (certified bracket)
best,C:\Users\erich\Documents\AFRL\Algebraic-Connectivity-Optimization-CDC2026\lite_trials_new\runs\subspace\checkpoints\best.pt,ppo,15000,C:\Users\erich\Documents\AFRL\Algebraic-Connectivity-Optimization-CDC2026\lite_trials_new\configs\subspace.yaml,full,16,0.666666666667,1,85,85,0.6666666666666666,70,0.5567555688706219,8.908089101929951,0.10783679999804008,0.10783679999804008,0.10783679999804008,path,path,path,15,0.0,0.0,False,,,False,1,path,64,4,RL+Path,1,subspace,Subspace (certified bracket)
best,C:\Users\erich\Documents\AFRL\Algebraic-Connectivity-Optimization-CDC2026\lite_trials_new\runs\subspace\checkpoints\best.pt,ppo,15000,C:\Users\erich\Documents\AFRL\Algebraic-Connectivity-Optimization-CDC2026\lite_trials_new\configs\subspace.yaml,full,16,0.666666666667,2,85,85,0.6666666666666666,70,0.5567555688706219,8.908089101929951,0.09817439999824273,0.09817439999824273,0.09817439999824273,path,path,path,15,0.0,0.0,False,,,False,1,path,64,4,RL+Path,2,subspace,Subspace (certified bracket)
best,C:\Users\erich\Documents\AFRL\Algebraic-Connectivity-Optimization-CDC2026\lite_trials_new\runs\subspace\checkpoints\best.pt,ppo,15000,C:\Users\erich\Documents\AFRL\Algebraic-Connectivity-Optimization-CDC2026\lite_trials_new\configs\subspace.yaml,full,16,0.771428571429,0,96,96,0.7714285714285715,81,0.6704788081446492,10.727660930314387,0.1209621000016341,0.1209621000016341,0.1209621000016341,path,path,path,15,0.0,0.0,False,,,False,1,path,64,4,RL+Path,0,subspace,Subspace (certified bracket)
best,C:\Users\erich\Documents\AFRL\Algebraic-Connectivity-Optimization-CDC2026\lite_trials_new\runs\subspace\checkpoints\best.pt,ppo,15000,C:\Users\erich\Documents\AFRL\Algebraic-Connectivity-Optimization-CDC2026\lite_trials_new\configs\subspace.yaml,full,16,0.771428571429,1,96,96,0.7714285714285715,81,0.6704788081446492,10.727660930314387,0.1215732000018761,0.1215732000018761,0.1215732000018761,path,path,path,15,0.0,0.0,False,,,False,1,path,64,4,RL+Path,1,subspace,Subspace (certified bracket)
best,C:\Users\erich\Documents\AFRL\Algebraic-Connectivity-Optimization-CDC2026\lite_trials_new\runs\subspace\checkpoints\best.pt,ppo,15000,C:\Users\erich\Documents\AFRL\Algebraic-Connectivity-Optimization-CDC2026\lite_trials_new\configs\subspace.yaml,full,16,0.771428571429,2,96,96,0.7714285714285715,81,0.6704788081446492,10.727660930314387,0.11500650000016321,0.11500650000016321,0.11500650000016321,path,path,path,15,0.0,0.0,False,,,False,1,path,64,4,RL+Path,2,subspace,Subspace (certified bracket)
best,C:\Users\erich\Documents\AFRL\Algebraic-Connectivity-Optimization-CDC2026\lite_trials_new\runs\subspace\checkpoints\best.pt,ppo,15000,C:\Users\erich\Documents\AFRL\Algebraic-Connectivity-Optimization-CDC2026\lite_trials_new\configs\subspace.yaml,full,16,0.885714285714,0,108,108,0.8857142857142857,93,0.8125770559572864,13.001232895316582,0.13642750000144588,0.13642750000144588,0.13642750000144588,path,path,path,15,0.0,0.0,False,,,False,1,path,64,4,RL+Path,0,subspace,Subspace (certified bracket)
best,C:\Users\erich\Documents\AFRL\Algebraic-Connectivity-Optimization-CDC2026\lite_trials_new\runs\subspace\checkpoints\best.pt,ppo,15000,C:\Users\erich\Documents\AFRL\Algebraic-Connectivity-Optimization-CDC2026\lite_trials_new\configs\subspace.yaml,full,16,0.885714285714,1,108,108,0.8857142857142857,93,0.8125770559572864,13.001232895316582,0.13693480000074487,0.13693480000074487,0.13693480000074487,path,path,path,15,0.0,0.0,False,,,False,1,path,64,4,RL+Path,1,subspace,Subspace (certified bracket)
best,C:\Users\erich\Documents\AFRL\Algebraic-Connectivity-Optimization-CDC2026\lite_trials_new\runs\subspace\checkpoints\best.pt,ppo,15000,C:\Users\erich\Documents\AFRL\Algebraic-Connectivity-Optimization-CDC2026\lite_trials_new\configs\subspace.yaml,full,16,0.885714285714,2,108,108,0.8857142857142857,93,0.8125770559572864,13.001232895316582,0.14068150000093738,0.14068150000093738,0.14068150000093738,path,path,path,15,0.0,0.0,False,,,False,1,path,64,4,RL+Path,2,subspace,Subspace (certified bracket)
best,C:\Users\erich\Documents\AFRL\Algebraic-Connectivity-Optimization-CDC2026\lite_trials_new\runs\subspace\checkpoints\best.pt,ppo,15000,C:\Users\erich\Documents\AFRL\Algebraic-Connectivity-Optimization-CDC2026\lite_trials_new\configs\subspace.yaml,full,16,0.990476190476,0,119,119,0.9904761904761905,104,0.8749999999999998,13.999999999999996,0.14821870000014314,0.14821870000014314,0.14821870000014314,path,path,path,15,0.0,0.0,False,,,False,1,path,64,4,RL+Path,0,subspace,Subspace (certified bracket)
best,C:\Users\erich\Documents\AFRL\Algebraic-Connectivity-Optimization-CDC2026\lite_trials_new\runs\subspace\checkpoints\best.pt,ppo,15000,C:\Users\erich\Documents\AFRL\Algebraic-Connectivity-Optimization-CDC2026\lite_trials_new\configs\subspace.yaml,full,16,0.990476190476,1,119,119,0.9904761904761905,104,0.8749999999999998,13.999999999999996,0.14588950000324985,0.14588950000324985,0.14588950000324985,path,path,path,15,0.0,0.0,False,,,False,1,path,64,4,RL+Path,1,subspace,Subspace (certified bracket)
best,C:\Users\erich\Documents\AFRL\Algebraic-Connectivity-Optimization-CDC2026\lite_trials_new\runs\subspace\checkpoints\best.pt,ppo,15000,C:\Users\erich\Documents\AFRL\Algebraic-Connectivity-Optimization-CDC2026\lite_trials_new\configs\subspace.yaml,full,16,0.990476190476,2,119,119,0.9904761904761905,104,0.8749999999999998,13.999999999999996,0.1525026000017533,0.1525026000017533,0.1525026000017533,path,path,path,15,0.0,0.0,False,,,False,1,path,64,4,RL+Path,2,subspace,Subspace (certified bracket)
best,C:\Users\erich\Documents\AFRL\Algebraic-Connectivity-Optimization-CDC2026\lite_trials_new\runs\subspace\checkpoints\best.pt,ppo,15000,C:\Users\erich\Documents\AFRL\Algebraic-Connectivity-Optimization-CDC2026\lite_trials_new\configs\subspace.yaml,full,16,0.009523809524,0,16,16,0.009523809523809525,0,0.062499999999999944,0.9999999999999991,2.999986463692039e-07,2.999986463692039e-07,0.0005036000002291985,backbone,envelope_only,envelope,15,1.0,0.0005033000015828293,False,,,False,1,envelope,64,4,RL+Backbone,0,subspace,Subspace (certified bracket)
best,C:\Users\erich\Documents\AFRL\Algebraic-Connectivity-Optimization-CDC2026\lite_trials_new\runs\subspace\checkpoints\best.pt,ppo,15000,C:\Users\erich\Documents\AFRL\Algebraic-Connectivity-Optimization-CDC2026\lite_trials_new\configs\subspace.yaml,full,16,0.009523809524,1,16,16,0.009523809523809525,0,0.062499999999999944,0.9999999999999991,2.999986463692039e-07,2.999986463692039e-07,0.00010509999992791563,backbone,envelope_only,envelope,15,1.0,0.00010480000128154643,False,,,False,1,envelope,64,4,RL+Backbone,1,subspace,Subspace (certified bracket)
best,C:\Users\erich\Documents\AFRL\Algebraic-Connectivity-Optimization-CDC2026\lite_trials_new\runs\subspace\checkpoints\best.pt,ppo,15000,C:\Users\erich\Documents\AFRL\Algebraic-Connectivity-Optimization-CDC2026\lite_trials_new\configs\subspace.yaml,full,16,0.009523809524,2,16,16,0.009523809523809525,0,0.062499999999999944,0.9999999999999991,1.00000761449337e-07,1.00000761449337e-07,7.879999975557439e-05,backbone,envelope_only,envelope,15,1.0,7.869999899412505e-05,False,,,False,1,envelope,64,4,RL+Backbone,2,subspace,Subspace (certified bracket)
best,C:\Users\erich\Documents\AFRL\Algebraic-Connectivity-Optimization-CDC2026\lite_trials_new\runs\subspace\checkpoints\best.pt,ppo,15000,C:\Users\erich\Documents\AFRL\Algebraic-Connectivity-Optimization-CDC2026\lite_trials_new\configs\subspace.yaml,full,16,0.114285714286,0,27,27,0.11428571428571428,3,0.06501946632432053,1.0403114611891284,0.00388329999987036,0.00388329999987036,0.006075600002077408,backbone,cayley_only,cayley,24,0.7639320225002113,0.0021923000022070482,False,2,,False,1,cayley,64,4,RL+Backbone,0,subspace,Subspace (certified bracket)
best,C:\Users\erich\Documents\AFRL\Algebraic-Connectivity-Optimization-CDC2026\lite_trials_new\runs\subspace\checkpoints\best.pt,ppo,15000,C:\Users\erich\Documents\AFRL\Algebraic-Connectivity-Optimization-CDC2026\lite_trials_new\configs\subspace.yaml,full,16,0.114285714286,1,27,27,0.11428571428571428,3,0.06501946632432053,1.0403114611891284,0.0019840999993903097,0.0019840999993903097,0.003915199999028118,backbone,cayley_only,cayley,24,0.7639320225002113,0.0019310999996378087,False,2,,False,1,cayley,64,4,RL+Backbone,1,subspace,Subspace (certified bracket)
best,C:\Users\erich\Documents\AFRL\Algebraic-Connectivity-Optimization-CDC2026\lite_trials_new\runs\subspace\checkpoints\best.pt,ppo,15000,C:\Users\erich\Documents\AFRL\Algebraic-Connectivity-Optimization-CDC2026\lite_trials_new\configs\subspace.yaml,full,16,0.114285714286,2,27,27,0.11428571428571428,3,0.06501946632432053,1.0403114611891284,0.0017877999998745508,0.0017877999998745508,0.0037044000018795487,backbone,cayley_only,cayley,24,0.7639320225002113,0.0019166000020049978,False,2,,False,1,cayley,64,4,RL+Backbone,2,subspace,Subspace (certified bracket)
best,C:\Users\erich\Documents\AFRL\Algebraic-Connectivity-Optimization-CDC2026\lite_trials_new\runs\subspace\checkpoints\best.pt,ppo,15000,C:\Users\erich\Documents\AFRL\Algebraic-Connectivity-Optimization-CDC2026\lite_trials_new\configs\subspace.yaml,full,16,0.228571428571,0,39,39,0.22857142857142856,7,0.16975035187166743,2.716005629946679,0.007930700001452351,0.007930700001452351,0.010111300001881318,backbone,cayley_only,cayley,32,1.9999999999999991,0.002180600000428967,False,2,,False,1,cayley,64,4,RL+Backbone,0,subspace,Subspace (certified bracket)
best,C:\Users\erich\Documents\AFRL\Algebraic-Connectivity-Optimization-CDC2026\lite_trials_new\runs\subspace\checkpoints\best.pt,ppo,15000,C:\Users\erich\Documents\AFRL\Algebraic-Connectivity-Optimization-CDC2026\lite_trials_new\configs\subspace.yaml,full,16,0.228571428571,1,39,39,0.22857142857142856,7,0.16975035187166743,2.716005629946679,0.007645099998626392,0.007645099998626392,0.009635799997340655,backbone,cayley_only,cayley,32,1.9999999999999991,0.0019906999987142626,False,2,,False,1,cayley,64,4,RL+Backbone,1,subspace,Subspace (certified bracket)
best,C:\Users\erich\Documents\AFRL\Algebraic-Connectivity-Optimization-CDC2026\lite_trials_new\runs\subspace\checkpoints\best.pt,ppo,15000,C:\Users\erich\Documents\AFRL\Algebraic-Connectivity-Optimization-CDC2026\lite_trials_new\configs\subspace.yaml,full,16,0.228571428571,2,39,39,0.22857142857142856,7,0.16975035187166743,2.716005629946679,0.00817280000046594,0.00817280000046594,0.010265500000969041,backbone,cayley_only,cayley,32,1.9999999999999991,0.0020927000005031005,False,2,,False,1,cayley,64,4,RL+Backbone,2,subspace,Subspace (certified bracket)
best,C:\Users\erich\Documents\AFRL\Algebraic-Connectivity-Optimization-CDC2026\lite_trials_new\runs\subspace\checkpoints\best.pt,ppo,15000,C:\Users\erich\Documents\AFRL\Algebraic-Connectivity-Optimization-CDC2026\lite_trials_new\configs\subspace.yaml,full,16,0.333333333333,0,50,50,0.3333333333333333,2,0.2689207765357536,4.302732424572057,0.003979499997512903,0.003979499997512903,0.006164799997350201,backbone,cayley_only,cayley,48,4.000000000000001,0.002185299999837298,False,2,,False,1,cayley,64,4,RL+Backbone,0,subspace,Subspace (certified bracket)
best,C:\Users\erich\Documents\AFRL\Algebraic-Connectivity-Optimization-CDC2026\lite_trials_new\runs\subspace\checkpoints\best.pt,ppo,15000,C:\Users\erich\Documents\AFRL\Algebraic-Connectivity-Optimization-CDC2026\lite_trials_new\configs\subspace.yaml,full,16,0.333333333333,1,50,50,0.3333333333333333,2,0.2689207765357536,4.302732424572057,0.0027537999994819984,0.0027537999994819984,0.005158300002221949,backbone,cayley_only,cayley,48,4.000000000000001,0.002404500002739951,False,2,,False,1,cayley,64,4,RL+Backbone,1,subspace,Subspace (certified bracket)
best,C:\Users\erich\Documents\AFRL\Algebraic-Connectivity-Optimization-CDC2026\lite_trials_new\runs\subspace\checkpoints\best.pt,ppo,15000,C:\Users\erich\Documents\AFRL\Algebraic-Connectivity-Optimization-CDC2026\lite_trials_new\configs\subspace.yaml,full,16,0.333333333333,2,50,50,0.3333333333333333,2,0.26896030110939984,4.303364817750397,0.0028626999992411584,0.0028626999992411584,0.005117699998663738,backbone,cayley_only,cayley,48,4.000000000000001,0.00225499999942258,False,2,,False,1,cayley,64,4,RL+Backbone,2,subspace,Subspace (certified bracket)
best,C:\Users\erich\Documents\AFRL\Algebraic-Connectivity-Optimization-CDC2026\lite_trials_new\runs\subspace\checkpoints\best.pt,ppo,15000,C:\Users\erich\Documents\AFRL\Algebraic-Connectivity-Optimization-CDC2026\lite_trials_new\configs\subspace.yaml,full,16,0.447619047619,0,62,62,0.44761904761904764,0,0.3750000000000001,6.000000000000002,2.00001522898674e-07,2.00001522898674e-07,0.002129899999999907,backbone,cayley_only,cayley,56,5.999999999999996,0.002129699998477008,False,2,,False,1,cayley,64,4,RL+Backbone,0,subspace,Subspace (certified bracket)
best,C:\Users\erich\Documents\AFRL\Algebraic-Connectivity-Optimization-CDC2026\lite_trials_new\runs\subspace\checkpoints\best.pt,ppo,15000,C:\Users\erich\Documents\AFRL\Algebraic-Connectivity-Optimization-CDC2026\lite_trials_new\configs\subspace.yaml,full,16,0.447619047619,1,62,62,0.44761904761904764,0,0.3750000000000001,6.000000000000002,1.00000761449337e-07,1.00000761449337e-07,0.0022758000013709534,backbone,cayley_only,cayley,56,5.999999999999996,0.002275700000609504,False,2,,False,1,cayley,64,4,RL+Backbone,1,subspace,Subspace (certified bracket)
best,C:\Users\erich\Documents\AFRL\Algebraic-Connectivity-Optimization-CDC2026\lite_trials_new\runs\subspace\checkpoints\best.pt,ppo,15000,C:\Users\erich\Documents\AFRL\Algebraic-Connectivity-Optimization-CDC2026\lite_trials_new\configs\subspace.yaml,full,16,0.447619047619,2,62,62,0.44761904761904764,0,0.3750000000000001,6.000000000000002,2.999986463692039e-07,2.999986463692039e-07,0.0022066999990784097,backbone,cayley_only,cayley,56,5.999999999999996,0.0022064000004320405,False,2,,False,1,cayley,64,4,RL+Backbone,2,subspace,Subspace (certified bracket)
best,C:\Users\erich\Documents\AFRL\Algebraic-Connectivity-Optimization-CDC2026\lite_trials_new\runs\subspace\checkpoints\best.pt,ppo,15000,C:\Users\erich\Documents\AFRL\Algebraic-Connectivity-Optimization-CDC2026\lite_trials_new\configs\subspace.yaml,full,16,0.552380952381,0,73,73,0.5523809523809524,0,0.49999999999999956,7.999999999999993,2.00001522898674e-07,2.00001522898674e-07,0.0019290000018372666,backbone,both,envelope,64,8.0,0.001928800000314368,False,,,True,2,"cayley,envelope",64,4,RL+Backbone,0,subspace,Subspace (certified bracket)
best,C:\Users\erich\Documents\AFRL\Algebraic-Connectivity-Optimization-CDC2026\lite_trials_new\runs\subspace\checkpoints\best.pt,ppo,15000,C:\Users\erich\Documents\AFRL\Algebraic-Connectivity-Optimization-CDC2026\lite_trials_new\configs\subspace.yaml,full,16,0.552380952381,1,73,73,0.5523809523809524,0,0.49999999999999956,7.999999999999993,2.00001522898674e-07,2.00001522898674e-07,0.0018913000021711923,backbone,both,envelope,64,8.0,0.0018911000006482936,False,,,True,2,"cayley,envelope",64,4,RL+Backbone,1,subspace,Subspace (certified bracket)
best,C:\Users\erich\Documents\AFRL\Algebraic-Connectivity-Optimization-CDC2026\lite_trials_new\runs\subspace\checkpoints\best.pt,ppo,15000,C:\Users\erich\Documents\AFRL\Algebraic-Connectivity-Optimization-CDC2026\lite_trials_new\configs\subspace.yaml,full,16,0.552380952381,2,73,73,0.5523809523809524,0,0.49999999999999956,7.999999999999993,1.00000761449337e-07,1.00000761449337e-07,0.0019097000040346757,backbone,both,envelope,64,8.0,0.0019096000032732263,False,,,True,2,"cayley,envelope",64,4,RL+Backbone,2,subspace,Subspace (certified bracket)
best,C:\Users\erich\Documents\AFRL\Algebraic-Connectivity-Optimization-CDC2026\lite_trials_new\runs\subspace\checkpoints\best.pt,ppo,15000,C:\Users\erich\Documents\AFRL\Algebraic-Connectivity-Optimization-CDC2026\lite_trials_new\configs\subspace.yaml,full,16,0.666666666667,0,85,85,0.6666666666666666,0,0.6249999999999998,9.999999999999996,2.00001522898674e-07,2.00001522898674e-07,0.0026913000037893653,backbone,both,cayley,85,9.999999999999996,0.0026911000022664666,False,3,,True,2,"cayley,envelope",64,4,RL+Backbone,0,subspace,Subspace (certified bracket)
best,C:\Users\erich\Documents\AFRL\Algebraic-Connectivity-Optimization-CDC2026\lite_trials_new\runs\subspace\checkpoints\best.pt,ppo,15000,C:\Users\erich\Documents\AFRL\Algebraic-Connectivity-Optimization-CDC2026\lite_trials_new\configs\subspace.yaml,full,16,0.666666666667,1,85,85,0.6666666666666666,0,0.6249999999999996,9.999999999999993,2.00001522898674e-07,2.00001522898674e-07,0.00259149999692454,backbone,both,cayley,85,9.999999999999996,0.00259129999903962,False,3,,True,2,"cayley,envelope",64,4,RL+Backbone,1,subspace,Subspace (certified bracket)
best,C:\Users\erich\Documents\AFRL\Algebraic-Connectivity-Optimization-CDC2026\lite_trials_new\runs\subspace\checkpoints\best.pt,ppo,15000,C:\Users\erich\Documents\AFRL\Algebraic-Connectivity-Optimization-CDC2026\lite_trials_new\configs\subspace.yaml,full,16,0.666666666667,2,85,85,0.6666666666666666,0,0.6249999999999991,9.999999999999986,1.9999788491986692e-07,1.9999788491986692e-07,0.00243429999682121,backbone,both,cayley,84,9.999999999999973,0.00243409999893629,False,3,,True,2,"cayley,envelope",64,4,RL+Backbone,2,subspace,Subspace (certified bracket)
best,C:\Users\erich\Documents\AFRL\Algebraic-Connectivity-Optimization-CDC2026\lite_trials_new\runs\subspace\checkpoints\best.pt,ppo,15000,C:\Users\erich\Documents\AFRL\Algebraic-Connectivity-Optimization-CDC2026\lite_trials_new\configs\subspace.yaml,full,16,0.771428571429,0,96,96,0.7714285714285715,0,0.7499999999999996,11.999999999999993,1.00000761449337e-07,1.00000761449337e-07,0.0001610000035725534,backbone,envelope_only,envelope,96,12.0,0.00016090000281110406,False,,,False,1,envelope,64,4,RL+Backbone,0,subspace,Subspace (certified bracket)
best,C:\Users\erich\Documents\AFRL\Algebraic-Connectivity-Optimization-CDC2026\lite_trials_new\runs\subspace\checkpoints\best.pt,ppo,15000,C:\Users\erich\Documents\AFRL\Algebraic-Connectivity-Optimization-CDC2026\lite_trials_new\configs\subspace.yaml,full,16,0.771428571429,1,96,96,0.7714285714285715,0,0.7499999999999996,11.999999999999993,1.00000761449337e-07,1.00000761449337e-07,0.00011900000026798807,backbone,envelope_only,envelope,96,12.0,0.00011889999950653873,False,,,False,1,envelope,64,4,RL+Backbone,1,subspace,Subspace (certified bracket)
best,C:\Users\erich\Documents\AFRL\Algebraic-Connectivity-Optimization-CDC2026\lite_trials_new\runs\subspace\checkpoints\best.pt,ppo,15000,C:\Users\erich\Documents\AFRL\Algebraic-Connectivity-Optimization-CDC2026\lite_trials_new\configs\subspace.yaml,full,16,0.771428571429,2,96,96,0.7714285714285715,0,0.7499999999999996,11.999999999999993,2.00001522898674e-07,2.00001522898674e-07,0.00012119999882997945,backbone,envelope_only,envelope,96,12.0,0.00012099999730708078,False,,,False,1,envelope,64,4,RL+Backbone,2,subspace,Subspace (certified bracket)
best,C:\Users\erich\Documents\AFRL\Algebraic-Connectivity-Optimization-CDC2026\lite_trials_new\runs\subspace\checkpoints\best.pt,ppo,15000,C:\Users\erich\Documents\AFRL\Algebraic-Connectivity-Optimization-CDC2026\lite_trials_new\configs\subspace.yaml,full,16,0.885714285714,0,108,108,0.8857142857142857,0,0.8124999999999993,12.99999999999999,9.999712347052991e-08,9.999712347052991e-08,0.00019889999748556875,backbone,envelope_only,envelope,105,13.0,0.00019880000036209822,False,,,False,1,envelope,64,4,RL+Backbone,0,subspace,Subspace (certified bracket)
best,C:\Users\erich\Documents\AFRL\Algebraic-Connectivity-Optimization-CDC2026\lite_trials_new\runs\subspace\checkpoints\best.pt,ppo,15000,C:\Users\erich\Documents\AFRL\Algebraic-Connectivity-Optimization-CDC2026\lite_trials_new\configs\subspace.yaml,full,16,0.885714285714,1,108,108,0.8857142857142857,0,0.8124999999999993,12.99999999999999,1.00000761449337e-07,1.00000761449337e-07,0.00013130000297678635,backbone,envelope_only,envelope,105,13.0,0.000131200002215337,False,,,False,1,envelope,64,4,RL+Backbone,1,subspace,Subspace (certified bracket)
best,C:\Users\erich\Documents\AFRL\Algebraic-Connectivity-Optimization-CDC2026\lite_trials_new\runs\subspace\checkpoints\best.pt,ppo,15000,C:\Users\erich\Documents\AFRL\Algebraic-Connectivity-Optimization-CDC2026\lite_trials_new\configs\subspace.yaml,full,16,0.885714285714,2,108,108,0.8857142857142857,0,0.8124999999999993,12.99999999999999,1.9999788491986692e-07,1.9999788491986692e-07,0.0001584999990882352,backbone,envelope_only,envelope,105,13.0,0.00015830000120331533,False,,,False,1,envelope,64,4,RL+Backbone,2,subspace,Subspace (certified bracket)
best,C:\Users\erich\Documents\AFRL\Algebraic-Connectivity-Optimization-CDC2026\lite_trials_new\runs\subspace\checkpoints\best.pt,ppo,15000,C:\Users\erich\Documents\AFRL\Algebraic-Connectivity-Optimization-CDC2026\lite_trials_new\configs\subspace.yaml,full,16,0.990476190476,0,119,119,0.9904761904761905,0,0.8750000000000003,14.000000000000005,1.00000761449337e-07,1.00000761449337e-07,0.00016529999993508682,backbone,envelope_only,envelope,112,14.0,0.00016519999917363748,False,,,False,1,envelope,64,4,RL+Backbone,0,subspace,Subspace (certified bracket)
best,C:\Users\erich\Documents\AFRL\Algebraic-Connectivity-Optimization-CDC2026\lite_trials_new\runs\subspace\checkpoints\best.pt,ppo,15000,C:\Users\erich\Documents\AFRL\Algebraic-Connectivity-Optimization-CDC2026\lite_trials_new\configs\subspace.yaml,full,16,0.990476190476,1,119,119,0.9904761904761905,0,0.8750000000000003,14.000000000000005,2.00001522898674e-07,2.00001522898674e-07,0.0001382000045850873,backbone,envelope_only,envelope,112,14.0,0.00013800000306218863,False,,,False,1,envelope,64,4,RL+Backbone,1,subspace,Subspace (certified bracket)
best,C:\Users\erich\Documents\AFRL\Algebraic-Connectivity-Optimization-CDC2026\lite_trials_new\runs\subspace\checkpoints\best.pt,ppo,15000,C:\Users\erich\Documents\AFRL\Algebraic-Connectivity-Optimization-CDC2026\lite_trials_new\configs\subspace.yaml,full,16,0.990476190476,2,119,119,0.9904761904761905,0,0.8750000000000003,14.000000000000005,2.00001522898674e-07,2.00001522898674e-07,0.00013620000027003698,backbone,envelope_only,envelope,112,14.0,0.0001359999987471383,False,,,False,1,envelope,64,4,RL+Backbone,2,subspace,Subspace (certified bracket)
best,C:\Users\erich\Documents\AFRL\Algebraic-Connectivity-Optimization-CDC2026\lite_trials_new\runs\subspace\checkpoints\best.pt,ppo,15000,C:\Users\erich\Documents\AFRL\Algebraic-Connectivity-Optimization-CDC2026\lite_trials_new\configs\subspace.yaml,full,32,0.002150537634,0,32,32,0.002150537634408602,1,0.0012009199747981055,0.038429439193539375,0.004036199999973178,0.004036199999973178,0.004036199999973178,path,path,path,31,0.0,0.0,False,,,False,1,path,64,4,RL+Path,0,subspace,Subspace (certified bracket)
best,C:\Users\erich\Documents\AFRL\Algebraic-Connectivity-Optimization-CDC2026\lite_trials_new\runs\subspace\checkpoints\best.pt,ppo,15000,C:\Users\erich\Documents\AFRL\Algebraic-Connectivity-Optimization-CDC2026\lite_trials_new\configs\subspace.yaml,full,32,0.002150537634,1,32,32,0.002150537634408602,1,0.0012009199747981055,0.038429439193539375,0.0014718999991600867,0.0014718999991600867,0.0014718999991600867,path,path,path,31,0.0,0.0,False,,,False,1,path,64,4,RL+Path,1,subspace,Subspace (certified bracket)
best,C:\Users\erich\Documents\AFRL\Algebraic-Connectivity-Optimization-CDC2026\lite_trials_new\runs\subspace\checkpoints\best.pt,ppo,15000,C:\Users\erich\Documents\AFRL\Algebraic-Connectivity-Optimization-CDC2026\lite_trials_new\configs\subspace.yaml,full,32,0.002150537634,2,32,32,0.002150537634408602,1,0.0012009199747981055,0.038429439193539375,0.0016163999971468002,0.0016163999971468002,0.0016163999971468002,path,path,path,31,0.0,0.0,False,,,False,1,path,64,4,RL+Path,2,subspace,Subspace (certified bracket)
best,C:\Users\erich\Documents\AFRL\Algebraic-Connectivity-Optimization-CDC2026\lite_trials_new\runs\subspace\checkpoints\best.pt,ppo,15000,C:\Users\erich\Documents\AFRL\Algebraic-Connectivity-Optimization-CDC2026\lite_trials_new\configs\subspace.yaml,full,32,0.111827956989,0,83,83,0.11182795698924732,52,0.07986694862784709,2.555742356091107,0.06694710000010673,0.06694710000010673,0.06694710000010673,path,path,path,31,0.0,0.0,False,,,False,1,path,64,4,RL+Path,0,subspace,Subspace (certified bracket)
best,C:\Users\erich\Documents\AFRL\Algebraic-Connectivity-Optimization-CDC2026\lite_trials_new\runs\subspace\checkpoints\best.pt,ppo,15000,C:\Users\erich\Documents\AFRL\Algebraic-Connectivity-Optimization-CDC2026\lite_trials_new\configs\subspace.yaml,full,32,0.111827956989,1,83,83,0.11182795698924732,52,0.07986694862784709,2.555742356091107,0.0664113000020734,0.0664113000020734,0.0664113000020734,path,path,path,31,0.0,0.0,False,,,False,1,path,64,4,RL+Path,1,subspace,Subspace (certified bracket)
best,C:\Users\erich\Documents\AFRL\Algebraic-Connectivity-Optimization-CDC2026\lite_trials_new\runs\subspace\checkpoints\best.pt,ppo,15000,C:\Users\erich\Documents\AFRL\Algebraic-Connectivity-Optimization-CDC2026\lite_trials_new\configs\subspace.yaml,full,32,0.111827956989,2,83,83,0.11182795698924732,52,0.07986694862784709,2.555742356091107,0.063028900000063,0.063028900000063,0.063028900000063,path,path,path,31,0.0,0.0,False,,,False,1,path,64,4,RL+Path,2,subspace,Subspace (certified bracket)
best,C:\Users\erich\Documents\AFRL\Algebraic-Connectivity-Optimization-CDC2026\lite_trials_new\runs\subspace\checkpoints\best.pt,ppo,15000,C:\Users\erich\Documents\AFRL\Algebraic-Connectivity-Optimization-CDC2026\lite_trials_new\configs\subspace.yaml,full,32,0.223655913978,0,135,135,0.22365591397849463,104,0.17305157877549307,5.537650520815778,0.14175729999988107,0.14175729999988107,0.14175729999988107,path,path,path,31,0.0,0.0,False,,,False,1,path,64,4,RL+Path,0,subspace,Subspace (certified bracket)
best,C:\Users\erich\Documents\AFRL\Algebraic-Connectivity-Optimization-CDC2026\lite_trials_new\runs\subspace\checkpoints\best.pt,ppo,15000,C:\Users\erich\Documents\AFRL\Algebraic-Connectivity-Optimization-CDC2026\lite_trials_new\configs\subspace.yaml,full,32,0.223655913978,1,135,135,0.22365591397849463,104,0.17305157877549307,5.537650520815778,0.16003970000019763,0.16003970000019763,0.16003970000019763,path,path,path,31,0.0,0.0,False,,,False,1,path,64,4,RL+Path,1,subspace,Subspace (certified bracket)
best,C:\Users\erich\Documents\AFRL\Algebraic-Connectivity-Optimization-CDC2026\lite_trials_new\runs\subspace\checkpoints\best.pt,ppo,15000,C:\Users\erich\Documents\AFRL\Algebraic-Connectivity-Optimization-CDC2026\lite_trials_new\configs\subspace.yaml,full,32,0.223655913978,2,135,135,0.22365591397849463,104,0.17305157877549307,5.537650520815778,0.1627541999987443,0.1627541999987443,0.1627541999987443,path,path,path,31,0.0,0.0,False,,,False,1,path,64,4,RL+Path,2,subspace,Subspace (certified bracket)
best,C:\Users\erich\Documents\AFRL\Algebraic-Connectivity-Optimization-CDC2026\lite_trials_new\runs\subspace\checkpoints\best.pt,ppo,15000,C:\Users\erich\Documents\AFRL\Algebraic-Connectivity-Optimization-CDC2026\lite_trials_new\configs\subspace.yaml,full,32,0.333333333333,0,186,186,0.3333333333333333,155,0.26694256093441965,8.542161949901429,0.23510850000093342,0.23510850000093342,0.23510850000093342,path,path,path,31,0.0,0.0,False,,,False,1,path,64,4,RL+Path,0,subspace,Subspace (certified bracket)
best,C:\Users\erich\Documents\AFRL\Algebraic-Connectivity-Optimization-CDC2026\lite_trials_new\runs\subspace\checkpoints\best.pt,ppo,15000,C:\Users\erich\Documents\AFRL\Algebraic-Connectivity-Optimization-CDC2026\lite_trials_new\configs\subspace.yaml,full,32,0.333333333333,1,186,186,0.3333333333333333,155,0.26694256093441965,8.542161949901429,0.25079159999950207,0.25079159999950207,0.25079159999950207,path,path,path,31,0.0,0.0,False,,,False,1,path,64,4,RL+Path,1,subspace,Subspace (certified bracket)
best,C:\Users\erich\Documents\AFRL\Algebraic-Connectivity-Optimization-CDC2026\lite_trials_new\runs\subspace\checkpoints\best.pt,ppo,15000,C:\Users\erich\Documents\AFRL\Algebraic-Connectivity-Optimization-CDC2026\lite_trials_new\configs\subspace.yaml,full,32,0.333333333333,2,186,186,0.3333333333333333,155,0.26694256093441965,8.542161949901429,0.22499539999989793,0.22499539999989793,0.22499539999989793,path,path,path,31,0.0,0.0,False,,,False,1,path,64,4,RL+Path,2,subspace,Subspace (certified bracket)
best,C:\Users\erich\Documents\AFRL\Algebraic-Connectivity-Optimization-CDC2026\lite_trials_new\runs\subspace\checkpoints\best.pt,ppo,15000,C:\Users\erich\Documents\AFRL\Algebraic-Connectivity-Optimization-CDC2026\lite_trials_new\configs\subspace.yaml,full,32,0.445161290323,0,238,238,0.44516129032258067,207,0.3759629304823605,12.030813775435536,0.3290636000019731,0.3290636000019731,0.3290636000019731,path,path,path,31,0.0,0.0,False,,,False,1,path,64,4,RL+Path,0,subspace,Subspace (certified bracket)
best,C:\Users\erich\Documents\AFRL\Algebraic-Connectivity-Optimization-CDC2026\lite_trials_new\runs\subspace\checkpoints\best.pt,ppo,15000,C:\Users\erich\Documents\AFRL\Algebraic-Connectivity-Optimization-CDC2026\lite_trials_new\configs\subspace.yaml,full,32,0.445161290323,1,238,238,0.44516129032258067,207,0.3759629304823605,12.030813775435536,0.3180891999982123,0.3180891999982123,0.3180891999982123,path,path,path,31,0.0,0.0,False,,,False,1,path,64,4,RL+Path,1,subspace,Subspace (certified bracket)
best,C:\Users\erich\Documents\AFRL\Algebraic-Connectivity-Optimization-CDC2026\lite_trials_new\runs\subspace\checkpoints\best.pt,ppo,15000,C:\Users\erich\Documents\AFRL\Algebraic-Connectivity-Optimization-CDC2026\lite_trials_new\configs\subspace.yaml,full,32,0.445161290323,2,238,238,0.44516129032258067,207,0.3759629304823605,12.030813775435536,0.32593439999982365,0.32593439999982365,0.32593439999982365,path,path,path,31,0.0,0.0,False,,,False,1,path,64,4,RL+Path,2,subspace,Subspace (certified bracket)
best,C:\Users\erich\Documents\AFRL\Algebraic-Connectivity-Optimization-CDC2026\lite_trials_new\runs\subspace\checkpoints\best.pt,ppo,15000,C:\Users\erich\Documents\AFRL\Algebraic-Connectivity-Optimization-CDC2026\lite_trials_new\configs\subspace.yaml,full,32,0.554838709677,0,289,289,0.5548387096774193,258,0.47421636573112125,15.17492370339588,0.39417150000008405,0.39417150000008405,0.39417150000008405,path,path,path,31,0.0,0.0,False,,,False,1,path,64,4,RL+Path,0,subspace,Subspace (certified bracket)
best,C:\Users\erich\Documents\AFRL\Algebraic-Connectivity-Optimization-CDC2026\lite_trials_new\runs\subspace\checkpoints\best.pt,ppo,15000,C:\Users\erich\Documents\AFRL\Algebraic-Connectivity-Optimization-CDC2026\lite_trials_new\configs\subspace.yaml,full,32,0.554838709677,1,289,289,0.5548387096774193,258,0.47421636573112125,15.17492370339588,0.405506900002365,0.405506900002365,0.405506900002365,path,path,path,31,0.0,0.0,False,,,False,1,path,64,4,RL+Path,1,subspace,Subspace (certified bracket)
best,C:\Users\erich\Documents\AFRL\Algebraic-Connectivity-Optimization-CDC2026\lite_trials_new\runs\subspace\checkpoints\best.pt,ppo,15000,C:\Users\erich\Documents\AFRL\Algebraic-Connectivity-Optimization-CDC2026\lite_trials_new\configs\subspace.yaml,full,32,0.554838709677,2,289,289,0.5548387096774193,258,0.47421636573112125,15.17492370339588,0.4097528999991482,0.4097528999991482,0.4097528999991482,path,path,path,31,0.0,0.0,False,,,False,1,path,64,4,RL+Path,2,subspace,Subspace (certified bracket)
best,C:\Users\erich\Documents\AFRL\Algebraic-Connectivity-Optimization-CDC2026\lite_trials_new\runs\subspace\checkpoints\best.pt,ppo,15000,C:\Users\erich\Documents\AFRL\Algebraic-Connectivity-Optimization-CDC2026\lite_trials_new\configs\subspace.yaml,full,32,0.666666666667,0,341,341,0.6666666666666666,310,0.5887955423270618,18.841457354465977,0.48974200000157,0.48974200000157,0.48974200000157,path,path,path,31,0.0,0.0,False,,,False,1,path,64,4,RL+Path,0,subspace,Subspace (certified bracket)
best,C:\Users\erich\Documents\AFRL\Algebraic-Connectivity-Optimization-CDC2026\lite_trials_new\runs\subspace\checkpoints\best.pt,ppo,15000,C:\Users\erich\Documents\AFRL\Algebraic-Connectivity-Optimization-CDC2026\lite_trials_new\configs\subspace.yaml,full,32,0.666666666667,1,341,341,0.6666666666666666,310,0.5887955423270618,18.841457354465977,0.48766579999937676,0.48766579999937676,0.48766579999937676,path,path,path,31,0.0,0.0,False,,,False,1,path,64,4,RL+Path,1,subspace,Subspace (certified bracket)
best,C:\Users\erich\Documents\AFRL\Algebraic-Connectivity-Optimization-CDC2026\lite_trials_new\runs\subspace\checkpoints\best.pt,ppo,15000,C:\Users\erich\Documents\AFRL\Algebraic-Connectivity-Optimization-CDC2026\lite_trials_new\configs\subspace.yaml,full,32,0.666666666667,2,341,341,0.6666666666666666,310,0.5887955423270618,18.841457354465977,0.49727269999857526,0.49727269999857526,0.49727269999857526,path,path,path,31,0.0,0.0,False,,,False,1,path,64,4,RL+Path,2,subspace,Subspace (certified bracket)
best,C:\Users\erich\Documents\AFRL\Algebraic-Connectivity-Optimization-CDC2026\lite_trials_new\runs\subspace\checkpoints\best.pt,ppo,15000,C:\Users\erich\Documents\AFRL\Algebraic-Connectivity-Optimization-CDC2026\lite_trials_new\configs\subspace.yaml,full,32,0.776344086022,0,392,392,0.7763440860215054,361,0.7001409151644687,22.404509285263,0.5764428000002226,0.5764428000002226,0.5764428000002226,path,path,path,31,0.0,0.0,False,,,False,1,path,64,4,RL+Path,0,subspace,Subspace (certified bracket)
best,C:\Users\erich\Documents\AFRL\Algebraic-Connectivity-Optimization-CDC2026\lite_trials_new\runs\subspace\checkpoints\best.pt,ppo,15000,C:\Users\erich\Documents\AFRL\Algebraic-Connectivity-Optimization-CDC2026\lite_trials_new\configs\subspace.yaml,full,32,0.776344086022,1,392,392,0.7763440860215054,361,0.7001409151644687,22.404509285263,0.5776192000012088,0.5776192000012088,0.5776192000012088,path,path,path,31,0.0,0.0,False,,,False,1,path,64,4,RL+Path,1,subspace,Subspace (certified bracket)
best,C:\Users\erich\Documents\AFRL\Algebraic-Connectivity-Optimization-CDC2026\lite_trials_new\runs\subspace\checkpoints\best.pt,ppo,15000,C:\Users\erich\Documents\AFRL\Algebraic-Connectivity-Optimization-CDC2026\lite_trials_new\configs\subspace.yaml,full,32,0.776344086022,2,392,392,0.7763440860215054,361,0.7001409151644687,22.404509285263,0.5885201999990386,0.5885201999990386,0.5885201999990386,path,path,path,31,0.0,0.0,False,,,False,1,path,64,4,RL+Path,2,subspace,Subspace (certified bracket)
best,C:\Users\erich\Documents\AFRL\Algebraic-Connectivity-Optimization-CDC2026\lite_trials_new\runs\subspace\checkpoints\best.pt,ppo,15000,C:\Users\erich\Documents\AFRL\Algebraic-Connectivity-Optimization-CDC2026\lite_trials_new\configs\subspace.yaml,full,32,0.888172043011,0,444,444,0.8881720430107527,413,0.8257929340984113,26.42537389114916,0.6652294999985315,0.6652294999985315,0.6652294999985315,path,path,path,31,0.0,0.0,False,,,False,1,path,64,4,RL+Path,0,subspace,Subspace (certified bracket)
best,C:\Users\erich\Documents\AFRL\Algebraic-Connectivity-Optimization-CDC2026\lite_trials_new\runs\subspace\checkpoints\best.pt,ppo,15000,C:\Users\erich\Documents\AFRL\Algebraic-Connectivity-Optimization-CDC2026\lite_trials_new\configs\subspace.yaml,full,32,0.888172043011,1,444,444,0.8881720430107527,413,0.8257929340984113,26.42537389114916,0.6704562000013539,0.6704562000013539,0.6704562000013539,path,path,path,31,0.0,0.0,False,,,False,1,path,64,4,RL+Path,1,subspace,Subspace (certified bracket)
best,C:\Users\erich\Documents\AFRL\Algebraic-Connectivity-Optimization-CDC2026\lite_trials_new\runs\subspace\checkpoints\best.pt,ppo,15000,C:\Users\erich\Documents\AFRL\Algebraic-Connectivity-Optimization-CDC2026\lite_trials_new\configs\subspace.yaml,full,32,0.888172043011,2,444,444,0.8881720430107527,413,0.8257929340984113,26.42537389114916,0.6562696000000869,0.6562696000000869,0.6562696000000869,path,path,path,31,0.0,0.0,False,,,False,1,path,64,4,RL+Path,2,subspace,Subspace (certified bracket)
best,C:\Users\erich\Documents\AFRL\Algebraic-Connectivity-Optimization-CDC2026\lite_trials_new\runs\subspace\checkpoints\best.pt,ppo,15000,C:\Users\erich\Documents\AFRL\Algebraic-Connectivity-Optimization-CDC2026\lite_trials_new\configs\subspace.yaml,full,32,0.997849462366,0,495,495,0.9978494623655914,464,0.9948711172822975,31.83587575303352,0.733348500001739,0.733348500001739,0.733348500001739,path,path,path,31,0.0,0.0,False,,,False,1,path,64,4,RL+Path,0,subspace,Subspace (certified bracket)
best,C:\Users\erich\Documents\AFRL\Algebraic-Connectivity-Optimization-CDC2026\lite_trials_new\runs\subspace\checkpoints\best.pt,ppo,15000,C:\Users\erich\Documents\AFRL\Algebraic-Connectivity-Optimization-CDC2026\lite_trials_new\configs\subspace.yaml,full,32,0.997849462366,1,495,495,0.9978494623655914,464,0.9948711172822975,31.83587575303352,0.7643738000006124,0.7643738000006124,0.7643738000006124,path,path,path,31,0.0,0.0,False,,,False,1,path,64,4,RL+Path,1,subspace,Subspace (certified bracket)
best,C:\Users\erich\Documents\AFRL\Algebraic-Connectivity-Optimization-CDC2026\lite_trials_new\runs\subspace\checkpoints\best.pt,ppo,15000,C:\Users\erich\Documents\AFRL\Algebraic-Connectivity-Optimization-CDC2026\lite_trials_new\configs\subspace.yaml,full,32,0.997849462366,2,495,495,0.9978494623655914,464,0.9948711172822975,31.83587575303352,0.755801799998153,0.755801799998153,0.755801799998153,path,path,path,31,0.0,0.0,False,,,False,1,path,64,4,RL+Path,2,subspace,Subspace (certified bracket)
best,C:\Users\erich\Documents\AFRL\Algebraic-Connectivity-Optimization-CDC2026\lite_trials_new\runs\subspace\checkpoints\best.pt,ppo,15000,C:\Users\erich\Documents\AFRL\Algebraic-Connectivity-Optimization-CDC2026\lite_trials_new\configs\subspace.yaml,full,32,0.002150537634,0,32,32,0.002150537634408602,0,0.03124999999999994,0.9999999999999981,2.999986463692039e-07,2.999986463692039e-07,0.0004980999983672518,backbone,envelope_only,envelope,31,1.0,0.0004977999997208826,False,,,False,1,envelope,64,4,RL+Backbone,0,subspace,Subspace (certified bracket)
best,C:\Users\erich\Documents\AFRL\Algebraic-Connectivity-Optimization-CDC2026\lite_trials_new\runs\subspace\checkpoints\best.pt,ppo,15000,C:\Users\erich\Documents\AFRL\Algebraic-Connectivity-Optimization-CDC2026\lite_trials_new\configs\subspace.yaml,full,32,0.002150537634,1,32,32,0.002150537634408602,0,0.03124999999999994,0.9999999999999981,9.999712347052991e-08,9.999712347052991e-08,0.00016319999485858716,backbone,envelope_only,envelope,31,1.0,0.00016309999773511663,False,,,False,1,envelope,64,4,RL+Backbone,1,subspace,Subspace (certified bracket)
best,C:\Users\erich\Documents\AFRL\Algebraic-Connectivity-Optimization-CDC2026\lite_trials_new\runs\subspace\checkpoints\best.pt,ppo,15000,C:\Users\erich\Documents\AFRL\Algebraic-Connectivity-Optimization-CDC2026\lite_trials_new\configs\subspace.yaml,full,32,0.002150537634,2,32,32,0.002150537634408602,0,0.03124999999999994,0.9999999999999981,2.00001522898674e-07,2.00001522898674e-07,9.770000178832561e-05,backbone,envelope_only,envelope,31,1.0,9.750000026542693e-05,False,,,False,1,envelope,64,4,RL+Backbone,2,subspace,Subspace (certified bracket)
best,C:\Users\erich\Documents\AFRL\Algebraic-Connectivity-Optimization-CDC2026\lite_trials_new\runs\subspace\checkpoints\best.pt,ppo,15000,C:\Users\erich\Documents\AFRL\Algebraic-Connectivity-Optimization-CDC2026\lite_trials_new\configs\subspace.yaml,full,32,0.111827956989,0,83,83,0.11182795698924732,3,0.07335172392912638,2.347255165732044,0.007371899999270681,0.007371899999270681,0.01519410000037169,backbone,cayley_only,cayley,80,2.202067348068188,0.00782220000110101,False,2,,False,1,cayley,64,4,RL+Backbone,0,subspace,Subspace (certified bracket)
best,C:\Users\erich\Documents\AFRL\Algebraic-Connectivity-Optimization-CDC2026\lite_trials_new\runs\subspace\checkpoints\best.pt,ppo,15000,C:\Users\erich\Documents\AFRL\Algebraic-Connectivity-Optimization-CDC2026\lite_trials_new\configs\subspace.yaml,full,32,0.111827956989,1,83,83,0.11182795698924732,3,0.07327596445540331,2.344830862572906,0.004596599999786122,0.004596599999786122,0.013926200001151301,backbone,cayley_only,cayley,80,2.202067348068189,0.00932960000136518,False,2,,False,1,cayley,64,4,RL+Backbone,1,subspace,Subspace (certified bracket)
best,C:\Users\erich\Documents\AFRL\Algebraic-Connectivity-Optimization-CDC2026\lite_trials_new\runs\subspace\checkpoints\best.pt,ppo,15000,C:\Users\erich\Documents\AFRL\Algebraic-Connectivity-Optimization-CDC2026\lite_trials_new\configs\subspace.yaml,full,32,0.111827956989,2,83,83,0.11182795698924732,3,0.0732761369178387,2.3448363813708384,0.003591299999243347,0.003591299999243347,0.01327329999912763,backbone,cayley_only,cayley,80,2.202067348068188,0.009681999999884283,False,2,,False,1,cayley,64,4,RL+Backbone,2,subspace,Subspace (certified bracket)
best,C:\Users\erich\Documents\AFRL\Algebraic-Connectivity-Optimization-CDC2026\lite_trials_new\runs\subspace\checkpoints\best.pt,ppo,15000,C:\Users\erich\Documents\AFRL\Algebraic-Connectivity-Optimization-CDC2026\lite_trials_new\configs\subspace.yaml,full,32,0.223655913978,0,135,135,0.22365591397849463,7,0.1698886416955911,5.436436534258915,0.005675399999745423,0.005675399999745423,0.014022200000908924,backbone,cayley_only,cayley,128,5.171572875253809,0.008346800001163501,False,2,,False,1,cayley,64,4,RL+Backbone,0,subspace,Subspace (certified bracket)
best,C:\Users\erich\Documents\AFRL\Algebraic-Connectivity-Optimization-CDC2026\lite_trials_new\runs\subspace\checkpoints\best.pt,ppo,15000,C:\Users\erich\Documents\AFRL\Algebraic-Connectivity-Optimization-CDC2026\lite_trials_new\configs\subspace.yaml,full,32,0.223655913978,1,135,135,0.22365591397849463,7,0.16854555165923965,5.393457653095669,0.005386500000895467,0.005386500000895467,0.013222800000221469,backbone,cayley_only,cayley,128,5.171572875253811,0.007836299999326002,False,2,,False,1,cayley,64,4,RL+Backbone,1,subspace,Subspace (certified bracket)
best,C:\Users\erich\Documents\AFRL\Algebraic-Connectivity-Optimization-CDC2026\lite_trials_new\runs\subspace\checkpoints\best.pt,ppo,15000,C:\Users\erich\Documents\AFRL\Algebraic-Connectivity-Optimization-CDC2026\lite_trials_new\configs\subspace.yaml,full,32,0.223655913978,2,135,135,0.22365591397849463,7,0.16749600701556736,5.359872224498155,0.005980699999781791,0.005980699999781791,0.014209100001608022,backbone,cayley_only,cayley,128,5.171572875253808,0.00822840000182623,False,2,,False,1,cayley,64,4,RL+Backbone,2,subspace,Subspace (certified bracket)
best,C:\Users\erich\Documents\AFRL\Algebraic-Connectivity-Optimization-CDC2026\lite_trials_new\runs\subspace\checkpoints\best.pt,ppo,15000,C:\Users\erich\Documents\AFRL\Algebraic-Connectivity-Optimization-CDC2026\lite_trials_new\configs\subspace.yaml,full,32,0.333333333333,0,186,186,0.3333333333333333,10,0.2775028902656236,8.880092488499955,0.012384599998767953,0.012384599998767953,0.020261999998183455,backbone,cayley_only,cayley,176,8.20206734806819,0.007877399999415502,False,2,,False,1,cayley,64,4,RL+Backbone,0,subspace,Subspace (certified bracket)
best,C:\Users\erich\Documents\AFRL\Algebraic-Connectivity-Optimization-CDC2026\lite_trials_new\runs\subspace\checkpoints\best.pt,ppo,15000,C:\Users\erich\Documents\AFRL\Algebraic-Connectivity-Optimization-CDC2026\lite_trials_new\configs\subspace.yaml,full,32,0.333333333333,1,186,186,0.3333333333333333,10,0.2775028902656236,8.880092488499955,0.012168400000518886,0.012168400000518886,0.020061600000190083,backbone,cayley_only,cayley,176,8.20206734806819,0.007893199999671197,False,2,,False,1,cayley,64,4,RL+Backbone,1,subspace,Subspace (certified bracket)
best,C:\Users\erich\Documents\AFRL\Algebraic-Connectivity-Optimization-CDC2026\lite_trials_new\runs\subspace\checkpoints\best.pt,ppo,15000,C:\Users\erich\Documents\AFRL\Algebraic-Connectivity-Optimization-CDC2026\lite_trials_new\configs\subspace.yaml,full,32,0.333333333333,2,186,186,0.3333333333333333,10,0.2775028902656235,8.880092488499953,0.012390699997922638,0.012390699997922638,0.02064070000051288,backbone,cayley_only,cayley,176,8.20206734806819,0.008250000002590241,False,2,,False,1,cayley,64,4,RL+Backbone,2,subspace,Subspace (certified bracket)
best,C:\Users\erich\Documents\AFRL\Algebraic-Connectivity-Optimization-CDC2026\lite_trials_new\runs\subspace\checkpoints\best.pt,ppo,15000,C:\Users\erich\Documents\AFRL\Algebraic-Connectivity-Optimization-CDC2026\lite_trials_new\configs\subspace.yaml,full,32,0.445161290323,0,238,238,0.44516129032258067,14,0.4077016907968133,13.046454105498025,0.020325000001321314,0.020325000001321314,0.02403730000150972,backbone,cayley_only,cayley,224,12.000000000000007,0.0037123000001884066,False,2,,False,1,cayley,64,4,RL+Backbone,0,subspace,Subspace (certified bracket)
best,C:\Users\erich\Documents\AFRL\Algebraic-Connectivity-Optimization-CDC2026\lite_trials_new\runs\subspace\checkpoints\best.pt,ppo,15000,C:\Users\erich\Documents\AFRL\Algebraic-Connectivity-Optimization-CDC2026\lite_trials_new\configs\subspace.yaml,full,32,0.445161290323,1,238,238,0.44516129032258067,14,0.4077016907968133,13.046454105498025,0.01926129999992554,0.01926129999992554,0.022952899998927023,backbone,cayley_only,cayley,224,12.000000000000007,0.0036915999990014825,False,2,,False,1,cayley,64,4,RL+Backbone,1,subspace,Subspace (certified bracket)
best,C:\Users\erich\Documents\AFRL\Algebraic-Connectivity-Optimization-CDC2026\lite_trials_new\runs\subspace\checkpoints\best.pt,ppo,15000,C:\Users\erich\Documents\AFRL\Algebraic-Connectivity-Optimization-CDC2026\lite_trials_new\configs\subspace.yaml,full,32,0.445161290323,2,238,238,0.44516129032258067,14,0.4077016907968133,13.046454105498025,0.019586499998695217,0.019586499998695217,0.023322999997617444,backbone,cayley_only,cayley,224,12.000000000000007,0.003736499998922227,False,2,,False,1,cayley,64,4,RL+Backbone,2,subspace,Subspace (certified bracket)
best,C:\Users\erich\Documents\AFRL\Algebraic-Connectivity-Optimization-CDC2026\lite_trials_new\runs\subspace\checkpoints\best.pt,ppo,15000,C:\Users\erich\Documents\AFRL\Algebraic-Connectivity-Optimization-CDC2026\lite_trials_new\configs\subspace.yaml,full,32,0.554838709677,0,289,289,0.5548387096774193,0,0.5312499999999993,16.99999999999998,2.00001522898674e-07,2.00001522898674e-07,0.002760100000159582,backbone,both,envelope,285,17.0,0.0027598999986366834,False,,,True,2,"cayley,envelope",64,4,RL+Backbone,0,subspace,Subspace (certified bracket)
best,C:\Users\erich\Documents\AFRL\Algebraic-Connectivity-Optimization-CDC2026\lite_trials_new\runs\subspace\checkpoints\best.pt,ppo,15000,C:\Users\erich\Documents\AFRL\Algebraic-Connectivity-Optimization-CDC2026\lite_trials_new\configs\subspace.yaml,full,32,0.554838709677,1,289,289,0.5548387096774193,0,0.5312499999999993,16.99999999999998,2.00001522898674e-07,2.00001522898674e-07,0.002941799997643102,backbone,both,envelope,285,17.0,0.002941599999758182,False,,,True,2,"cayley,envelope",64,4,RL+Backbone,1,subspace,Subspace (certified bracket)
best,C:\Users\erich\Documents\AFRL\Algebraic-Connectivity-Optimization-CDC2026\lite_trials_new\runs\subspace\checkpoints\best.pt,ppo,15000,C:\Users\erich\Documents\AFRL\Algebraic-Connectivity-Optimization-CDC2026\lite_trials_new\configs\subspace.yaml,full,32,0.554838709677,2,289,289,0.5548387096774193,0,0.5312499999999993,16.99999999999998,2.00001522898674e-07,2.00001522898674e-07,0.003779999999096617,backbone,both,envelope,285,17.0,0.0037798999983351678,False,,,True,2,"cayley,envelope",64,4,RL+Backbone,2,subspace,Subspace (certified bracket)
best,C:\Users\erich\Documents\AFRL\Algebraic-Connectivity-Optimization-CDC2026\lite_trials_new\runs\subspace\checkpoints\best.pt,ppo,15000,C:\Users\erich\Documents\AFRL\Algebraic-Connectivity-Optimization-CDC2026\lite_trials_new\configs\subspace.yaml,full,32,0.666666666667,0,341,341,0.6666666666666666,0,0.6562499999999993,20.99999999999998,1.00000761449337e-07,1.00000761449337e-07,0.004499900001974311,backbone,both,envelope,341,21.0,0.004499800001212861,False,,,True,2,"cayley,envelope",64,4,RL+Backbone,0,subspace,Subspace (certified bracket)
best,C:\Users\erich\Documents\AFRL\Algebraic-Connectivity-Optimization-CDC2026\lite_trials_new\runs\subspace\checkpoints\best.pt,ppo,15000,C:\Users\erich\Documents\AFRL\Algebraic-Connectivity-Optimization-CDC2026\lite_trials_new\configs\subspace.yaml,full,32,0.666666666667,1,341,341,0.6666666666666666,0,0.6562499999999993,20.99999999999998,1.9999788491986692e-07,1.9999788491986692e-07,0.003466800000751391,backbone,both,envelope,341,21.0,0.003466600002866471,False,,,True,2,"cayley,envelope",64,4,RL+Backbone,1,subspace,Subspace (certified bracket)
best,C:\Users\erich\Documents\AFRL\Algebraic-Connectivity-Optimization-CDC2026\lite_trials_new\runs\subspace\checkpoints\best.pt,ppo,15000,C:\Users\erich\Documents\AFRL\Algebraic-Connectivity-Optimization-CDC2026\lite_trials_new\configs\subspace.yaml,full,32,0.666666666667,2,341,341,0.6666666666666666,0,0.6562499999999998,20.999999999999993,2.00001522898674e-07,2.00001522898674e-07,0.005411000001913635,backbone,both,cayley,341,20.99999999999999,0.005410800000390736,False,3,,True,2,"cayley,envelope",64,4,RL+Backbone,2,subspace,Subspace (certified bracket)
best,C:\Users\erich\Documents\AFRL\Algebraic-Connectivity-Optimization-CDC2026\lite_trials_new\runs\subspace\checkpoints\best.pt,ppo,15000,C:\Users\erich\Documents\AFRL\Algebraic-Connectivity-Optimization-CDC2026\lite_trials_new\configs\subspace.yaml,full,32,0.776344086022,0,392,392,0.7763440860215054,0,0.7499999999999994,23.999999999999982,1.00000761449337e-07,1.00000761449337e-07,0.000294400000711903,backbone,envelope_only,envelope,384,24.0,0.00029429999995045364,False,,,False,1,envelope,64,4,RL+Backbone,0,subspace,Subspace (certified bracket)
best,C:\Users\erich\Documents\AFRL\Algebraic-Connectivity-Optimization-CDC2026\lite_trials_new\runs\subspace\checkpoints\best.pt,ppo,15000,C:\Users\erich\Documents\AFRL\Algebraic-Connectivity-Optimization-CDC2026\lite_trials_new\configs\subspace.yaml,full,32,0.776344086022,1,392,392,0.7763440860215054,0,0.7499999999999994,23.999999999999982,2.00001522898674e-07,2.00001522898674e-07,0.00045529999988502823,backbone,envelope_only,envelope,384,24.0,0.00045509999836212955,False,,,False,1,envelope,64,4,RL+Backbone,1,subspace,Subspace (certified bracket)
best,C:\Users\erich\Documents\AFRL\Algebraic-Connectivity-Optimization-CDC2026\lite_trials_new\runs\subspace\checkpoints\best.pt,ppo,15000,C:\Users\erich\Documents\AFRL\Algebraic-Connectivity-Optimization-CDC2026\lite_trials_new\configs\subspace.yaml,full,32,0.776344086022,2,392,392,0.7763440860215054,0,0.7499999999999994,23.999999999999982,1.9999788491986692e-07,1.9999788491986692e-07,0.0002823999966494739,backbone,envelope_only,envelope,384,24.0,0.00028219999876455404,False,,,False,1,envelope,64,4,RL+Backbone,2,subspace,Subspace (certified bracket)
best,C:\Users\erich\Documents\AFRL\Algebraic-Connectivity-Optimization-CDC2026\lite_trials_new\runs\subspace\checkpoints\best.pt,ppo,15000,C:\Users\erich\Documents\AFRL\Algebraic-Connectivity-Optimization-CDC2026\lite_trials_new\configs\subspace.yaml,full,32,0.888172043011,0,444,444,0.8881720430107527,0,0.8437499999999986,26.999999999999954,2.00001522898674e-07,2.00001522898674e-07,0.00030300000071292743,backbone,envelope_only,envelope,435,27.0,0.00030279999919002876,False,,,False,1,envelope,64,4,RL+Backbone,0,subspace,Subspace (certified bracket)
best,C:\Users\erich\Documents\AFRL\Algebraic-Connectivity-Optimization-CDC2026\lite_trials_new\runs\subspace\checkpoints\best.pt,ppo,15000,C:\Users\erich\Documents\AFRL\Algebraic-Connectivity-Optimization-CDC2026\lite_trials_new\configs\subspace.yaml,full,32,0.888172043011,1,444,444,0.8881720430107527,0,0.8437499999999986,26.999999999999954,9.999712347052991e-08,9.999712347052991e-08,0.0003070999955525622,backbone,envelope_only,envelope,435,27.0,0.00030699999842909165,False,,,False,1,envelope,64,4,RL+Backbone,1,subspace,Subspace (certified bracket)
best,C:\Users\erich\Documents\AFRL\Algebraic-Connectivity-Optimization-CDC2026\lite_trials_new\runs\subspace\checkpoints\best.pt,ppo,15000,C:\Users\erich\Documents\AFRL\Algebraic-Connectivity-Optimization-CDC2026\lite_trials_new\configs\subspace.yaml,full,32,0.888172043011,2,444,444,0.8881720430107527,0,0.8437499999999986,26.999999999999954,9.999712347052991e-08,9.999712347052991e-08,0.00038549999953829683,backbone,envelope_only,envelope,435,27.0,0.0003854000024148263,False,,,False,1,envelope,64,4,RL+Backbone,2,subspace,Subspace (certified bracket)
best,C:\Users\erich\Documents\AFRL\Algebraic-Connectivity-Optimization-CDC2026\lite_trials_new\runs\subspace\checkpoints\best.pt,ppo,15000,C:\Users\erich\Documents\AFRL\Algebraic-Connectivity-Optimization-CDC2026\lite_trials_new\configs\subspace.yaml,full,32,0.997849462366,0,495,495,0.9978494623655914,0,0.9375000000000006,30.000000000000018,1.00000761449337e-07,1.00000761449337e-07,0.00038779999886173755,backbone,envelope_only,envelope,480,30.0,0.0003876999981002882,False,,,False,1,envelope,64,4,RL+Backbone,0,subspace,Subspace (certified bracket)
best,C:\Users\erich\Documents\AFRL\Algebraic-Connectivity-Optimization-CDC2026\lite_trials_new\runs\subspace\checkpoints\best.pt,ppo,15000,C:\Users\erich\Documents\AFRL\Algebraic-Connectivity-Optimization-CDC2026\lite_trials_new\configs\subspace.yaml,full,32,0.997849462366,1,495,495,0.9978494623655914,0,0.9375000000000006,30.000000000000018,1.9999788491986692e-07,1.9999788491986692e-07,0.0004269999990356155,backbone,envelope_only,envelope,480,30.0,0.0004268000011506956,False,,,False,1,envelope,64,4,RL+Backbone,1,subspace,Subspace (certified bracket)
best,C:\Users\erich\Documents\AFRL\Algebraic-Connectivity-Optimization-CDC2026\lite_trials_new\runs\subspace\checkpoints\best.pt,ppo,15000,C:\Users\erich\Documents\AFRL\Algebraic-Connectivity-Optimization-CDC2026\lite_trials_new\configs\subspace.yaml,full,32,0.997849462366,2,495,495,0.9978494623655914,0,0.9375000000000006,30.000000000000018,1.9999788491986692e-07,1.9999788491986692e-07,0.0003814999981841538,backbone,envelope_only,envelope,480,30.0,0.00038130000029923394,False,,,False,1,envelope,64,4,RL+Backbone,2,subspace,Subspace (certified bracket)
best,C:\Users\erich\Documents\AFRL\Algebraic-Connectivity-Optimization-CDC2026\lite_trials_new\runs\subspace\checkpoints\best.pt,ppo,15000,C:\Users\erich\Documents\AFRL\Algebraic-Connectivity-Optimization-CDC2026\lite_trials_new\configs\subspace.yaml,full,64,0.00051203277,0,64,64,0.0005120327700972862,1,0.00015047729149385048,0.00963054665560643,0.004170899999735411,0.004170899999735411,0.004170899999735411,path,path,path,63,0.0,0.0,False,,,False,1,path,64,4,RL+Path,0,subspace,Subspace (certified bracket)
best,C:\Users\erich\Documents\AFRL\Algebraic-Connectivity-Optimization-CDC2026\lite_trials_new\runs\subspace\checkpoints\best.pt,ppo,15000,C:\Users\erich\Documents\AFRL\Algebraic-Connectivity-Optimization-CDC2026\lite_trials_new\configs\subspace.yaml,full,64,0.00051203277,1,64,64,0.0005120327700972862,1,0.00015047729149385048,0.00963054665560643,0.002106299998558825,0.002106299998558825,0.002106299998558825,path,path,path,63,0.0,0.0,False,,,False,1,path,64,4,RL+Path,1,subspace,Subspace (certified bracket)
best,C:\Users\erich\Documents\AFRL\Algebraic-Connectivity-Optimization-CDC2026\lite_trials_new\runs\subspace\checkpoints\best.pt,ppo,15000,C:\Users\erich\Documents\AFRL\Algebraic-Connectivity-Optimization-CDC2026\lite_trials_new\configs\subspace.yaml,full,64,0.00051203277,2,64,64,0.0005120327700972862,1,0.00015047729149385048,0.00963054665560643,0.0019648999987111893,0.0019648999987111893,0.0019648999987111893,path,path,path,63,0.0,0.0,False,,,False,1,path,64,4,RL+Path,2,subspace,Subspace (certified bracket)
best,C:\Users\erich\Documents\AFRL\Algebraic-Connectivity-Optimization-CDC2026\lite_trials_new\runs\subspace\checkpoints\best.pt,ppo,15000,C:\Users\erich\Documents\AFRL\Algebraic-Connectivity-Optimization-CDC2026\lite_trials_new\configs\subspace.yaml,full,64,0.111623143881,0,281,281,0.11162314388120839,218,0.08080373720334572,5.171439181014126,0.3259378000002471,0.3259378000002471,0.3259378000002471,path,path,path,63,0.0,0.0,False,,,False,1,path,64,4,RL+Path,0,subspace,Subspace (certified bracket)
best,C:\Users\erich\Documents\AFRL\Algebraic-Connectivity-Optimization-CDC2026\lite_trials_new\runs\subspace\checkpoints\best.pt,ppo,15000,C:\Users\erich\Documents\AFRL\Algebraic-Connectivity-Optimization-CDC2026\lite_trials_new\configs\subspace.yaml,full,64,0.111623143881,1,281,281,0.11162314388120839,218,0.08080373720334572,5.171439181014126,0.3642366000021866,0.3642366000021866,0.3642366000021866,path,path,path,63,0.0,0.0,False,,,False,1,path,64,4,RL+Path,1,subspace,Subspace (certified bracket)
best,C:\Users\erich\Documents\AFRL\Algebraic-Connectivity-Optimization-CDC2026\lite_trials_new\runs\subspace\checkpoints\best.pt,ppo,15000,C:\Users\erich\Documents\AFRL\Algebraic-Connectivity-Optimization-CDC2026\lite_trials_new\configs\subspace.yaml,full,64,0.111623143881,2,281,281,0.11162314388120839,218,0.08080373720334572,5.171439181014126,0.3761884999985341,0.3761884999985341,0.3761884999985341,path,path,path,63,0.0,0.0,False,,,False,1,path,64,4,RL+Path,2,subspace,Subspace (certified bracket)
best,C:\Users\erich\Documents\AFRL\Algebraic-Connectivity-Optimization-CDC2026\lite_trials_new\runs\subspace\checkpoints\best.pt,ppo,15000,C:\Users\erich\Documents\AFRL\Algebraic-Connectivity-Optimization-CDC2026\lite_trials_new\configs\subspace.yaml,full,64,0.222734254992,0,498,498,0.2227342549923195,435,0.17987924274355285,11.512271535587383,0.7660602000032668,0.7660602000032668,0.7660602000032668,path,path,path,63,0.0,0.0,False,,,False,1,path,64,4,RL+Path,0,subspace,Subspace (certified bracket)
best,C:\Users\erich\Documents\AFRL\Algebraic-Connectivity-Optimization-CDC2026\lite_trials_new\runs\subspace\checkpoints\best.pt,ppo,15000,C:\Users\erich\Documents\AFRL\Algebraic-Connectivity-Optimization-CDC2026\lite_trials_new\configs\subspace.yaml,full,64,0.222734254992,1,498,498,0.2227342549923195,435,0.17987924274355285,11.512271535587383,0.7776099000002432,0.7776099000002432,0.7776099000002432,path,path,path,63,0.0,0.0,False,,,False,1,path,64,4,RL+Path,1,subspace,Subspace (certified bracket)
best,C:\Users\erich\Documents\AFRL\Algebraic-Connectivity-Optimization-CDC2026\lite_trials_new\runs\subspace\checkpoints\best.pt,ppo,15000,C:\Users\erich\Documents\AFRL\Algebraic-Connectivity-Optimization-CDC2026\lite_trials_new\configs\subspace.yaml,full,64,0.222734254992,2,498,498,0.2227342549923195,435,0.17987924274355285,11.512271535587383,0.7666465000002063,0.7666465000002063,0.7666465000002063,path,path,path,63,0.0,0.0,False,,,False,1,path,64,4,RL+Path,2,subspace,Subspace (certified bracket)
best,C:\Users\erich\Documents\AFRL\Algebraic-Connectivity-Optimization-CDC2026\lite_trials_new\runs\subspace\checkpoints\best.pt,ppo,15000,C:\Users\erich\Documents\AFRL\Algebraic-Connectivity-Optimization-CDC2026\lite_trials_new\configs\subspace.yaml,full,64,0.333333333333,0,714,714,0.3333333333333333,651,0.28262640556246127,18.08808995599752,1.1337709999970684,1.1337709999970684,1.1337709999970684,path,path,path,63,0.0,0.0,False,,,False,1,path,64,4,RL+Path,0,subspace,Subspace (certified bracket)
best,C:\Users\erich\Documents\AFRL\Algebraic-Connectivity-Optimization-CDC2026\lite_trials_new\runs\subspace\checkpoints\best.pt,ppo,15000,C:\Users\erich\Documents\AFRL\Algebraic-Connectivity-Optimization-CDC2026\lite_trials_new\configs\subspace.yaml,full,64,0.333333333333,1,714,714,0.3333333333333333,651,0.28262640556246127,18.08808995599752,1.191748400000506,1.191748400000506,1.191748400000506,path,path,path,63,0.0,0.0,False,,,False,1,path,64,4,RL+Path,1,subspace,Subspace (certified bracket)
best,C:\Users\erich\Documents\AFRL\Algebraic-Connectivity-Optimization-CDC2026\lite_trials_new\runs\subspace\checkpoints\best.pt,ppo,15000,C:\Users\erich\Documents\AFRL\Algebraic-Connectivity-Optimization-CDC2026\lite_trials_new\configs\subspace.yaml,full,64,0.333333333333,2,714,714,0.3333333333333333,651,0.28262640556246127,18.08808995599752,1.1863001000019722,1.1863001000019722,1.1863001000019722,path,path,path,63,0.0,0.0,False,,,False,1,path,64,4,RL+Path,2,subspace,Subspace (certified bracket)
best,C:\Users\erich\Documents\AFRL\Algebraic-Connectivity-Optimization-CDC2026\lite_trials_new\runs\subspace\checkpoints\best.pt,ppo,15000,C:\Users\erich\Documents\AFRL\Algebraic-Connectivity-Optimization-CDC2026\lite_trials_new\configs\subspace.yaml,full,64,0.444444444444,0,931,931,0.4444444444444444,868,0.38810332106973805,24.838612548463235,1.5947994000016479,1.5947994000016479,1.5947994000016479,path,path,path,63,0.0,0.0,False,,,False,1,path,64,4,RL+Path,0,subspace,Subspace (certified bracket)
best,C:\Users\erich\Documents\AFRL\Algebraic-Connectivity-Optimization-CDC2026\lite_trials_new\runs\subspace\checkpoints\best.pt,ppo,15000,C:\Users\erich\Documents\AFRL\Algebraic-Connectivity-Optimization-CDC2026\lite_trials_new\configs\subspace.yaml,full,64,0.444444444444,1,931,931,0.4444444444444444,868,0.38810332106973805,24.838612548463235,1.6059208999977272,1.6059208999977272,1.6059208999977272,path,path,path,63,0.0,0.0,False,,,False,1,path,64,4,RL+Path,1,subspace,Subspace (certified bracket)
best,C:\Users\erich\Documents\AFRL\Algebraic-Connectivity-Optimization-CDC2026\lite_trials_new\runs\subspace\checkpoints\best.pt,ppo,15000,C:\Users\erich\Documents\AFRL\Algebraic-Connectivity-Optimization-CDC2026\lite_trials_new\configs\subspace.yaml,full,64,0.444444444444,2,931,931,0.4444444444444444,868,0.38810332106973805,24.838612548463235,1.576717899999494,1.576717899999494,1.576717899999494,path,path,path,63,0.0,0.0,False,,,False,1,path,64,4,RL+Path,2,subspace,Subspace (certified bracket)
best,C:\Users\erich\Documents\AFRL\Algebraic-Connectivity-Optimization-CDC2026\lite_trials_new\runs\subspace\checkpoints\best.pt,ppo,15000,C:\Users\erich\Documents\AFRL\Algebraic-Connectivity-Optimization-CDC2026\lite_trials_new\configs\subspace.yaml,full,64,0.555555555556,0,1148,1148,0.5555555555555556,1085,0.501851086242131,32.11846951949639,2.071054100000765,2.071054100000765,2.071054100000765,path,path,path,63,0.0,0.0,False,,,False,1,path,64,4,RL+Path,0,subspace,Subspace (certified bracket)
best,C:\Users\erich\Documents\AFRL\Algebraic-Connectivity-Optimization-CDC2026\lite_trials_new\runs\subspace\checkpoints\best.pt,ppo,15000,C:\Users\erich\Documents\AFRL\Algebraic-Connectivity-Optimization-CDC2026\lite_trials_new\configs\subspace.yaml,full,64,0.555555555556,1,1148,1148,0.5555555555555556,1085,0.501851086242131,32.11846951949639,2.037912600000709,2.037912600000709,2.037912600000709,path,path,path,63,0.0,0.0,False,,,False,1,path,64,4,RL+Path,1,subspace,Subspace (certified bracket)
best,C:\Users\erich\Documents\AFRL\Algebraic-Connectivity-Optimization-CDC2026\lite_trials_new\runs\subspace\checkpoints\best.pt,ppo,15000,C:\Users\erich\Documents\AFRL\Algebraic-Connectivity-Optimization-CDC2026\lite_trials_new\configs\subspace.yaml,full,64,0.555555555556,2,1148,1148,0.5555555555555556,1085,0.501851086242131,32.11846951949639,2.0519657999975607,2.0519657999975607,2.0519657999975607,path,path,path,63,0.0,0.0,False,,,False,1,path,64,4,RL+Path,2,subspace,Subspace (certified bracket)
best,C:\Users\erich\Documents\AFRL\Algebraic-Connectivity-Optimization-CDC2026\lite_trials_new\runs\subspace\checkpoints\best.pt,ppo,15000,C:\Users\erich\Documents\AFRL\Algebraic-Connectivity-Optimization-CDC2026\lite_trials_new\configs\subspace.yaml,full,64,0.666666666667,0,1365,1365,0.6666666666666666,1302,0.6080380834603129,38.91443734146002,2.5064096999994945,2.5064096999994945,2.5064096999994945,path,path,path,63,0.0,0.0,False,,,False,1,path,64,4,RL+Path,0,subspace,Subspace (certified bracket)
best,C:\Users\erich\Documents\AFRL\Algebraic-Connectivity-Optimization-CDC2026\lite_trials_new\runs\subspace\checkpoints\best.pt,ppo,15000,C:\Users\erich\Documents\AFRL\Algebraic-Connectivity-Optimization-CDC2026\lite_trials_new\configs\subspace.yaml,full,64,0.666666666667,1,1365,1365,0.6666666666666666,1302,0.6080380834603129,38.91443734146002,2.504283000002033,2.504283000002033,2.504283000002033,path,path,path,63,0.0,0.0,False,,,False,1,path,64,4,RL+Path,1,subspace,Subspace (certified bracket)
best,C:\Users\erich\Documents\AFRL\Algebraic-Connectivity-Optimization-CDC2026\lite_trials_new\runs\subspace\checkpoints\best.pt,ppo,15000,C:\Users\erich\Documents\AFRL\Algebraic-Connectivity-Optimization-CDC2026\lite_trials_new\configs\subspace.yaml,full,64,0.666666666667,2,1365,1365,0.6666666666666666,1302,0.6080380834603129,38.91443734146002,2.4973226000001887,2.4973226000001887,2.4973226000001887,path,path,path,63,0.0,0.0,False,,,False,1,path,64,4,RL+Path,2,subspace,Subspace (certified bracket)
best,C:\Users\erich\Documents\AFRL\Algebraic-Connectivity-Optimization-CDC2026\lite_trials_new\runs\subspace\checkpoints\best.pt,ppo,15000,C:\Users\erich\Documents\AFRL\Algebraic-Connectivity-Optimization-CDC2026\lite_trials_new\configs\subspace.yaml,full,64,0.777265745008,0,1581,1581,0.7772657450076805,1518,0.720118527062364,46.0875857319913,2.9568723999982467,2.9568723999982467,2.9568723999982467,path,path,path,63,0.0,0.0,False,,,False,1,path,64,4,RL+Path,0,subspace,Subspace (certified bracket)
best,C:\Users\erich\Documents\AFRL\Algebraic-Connectivity-Optimization-CDC2026\lite_trials_new\runs\subspace\checkpoints\best.pt,ppo,15000,C:\Users\erich\Documents\AFRL\Algebraic-Connectivity-Optimization-CDC2026\lite_trials_new\configs\subspace.yaml,full,64,0.777265745008,1,1581,1581,0.7772657450076805,1518,0.720118527062364,46.0875857319913,2.976985400000558,2.976985400000558,2.976985400000558,path,path,path,63,0.0,0.0,False,,,False,1,path,64,4,RL+Path,1,subspace,Subspace (certified bracket)
best,C:\Users\erich\Documents\AFRL\Algebraic-Connectivity-Optimization-CDC2026\lite_trials_new\runs\subspace\checkpoints\best.pt,ppo,15000,C:\Users\erich\Documents\AFRL\Algebraic-Connectivity-Optimization-CDC2026\lite_trials_new\configs\subspace.yaml,full,64,0.777265745008,2,1581,1581,0.7772657450076805,1518,0.720118527062364,46.0875857319913,2.9699331000010716,2.9699331000010716,2.9699331000010716,path,path,path,63,0.0,0.0,False,,,False,1,path,64,4,RL+Path,2,subspace,Subspace (certified bracket)
best,C:\Users\erich\Documents\AFRL\Algebraic-Connectivity-Optimization-CDC2026\lite_trials_new\runs\subspace\checkpoints\best.pt,ppo,15000,C:\Users\erich\Documents\AFRL\Algebraic-Connectivity-Optimization-CDC2026\lite_trials_new\configs\subspace.yaml,full,64,0.888376856119,0,1798,1798,0.8883768561187916,1735,0.8430628052762608,53.95601953768069,3.435748199997761,3.435748199997761,3.435748199997761,path,path,path,63,0.0,0.0,False,,,False,1,path,64,4,RL+Path,0,subspace,Subspace (certified bracket)
best,C:\Users\erich\Documents\AFRL\Algebraic-Connectivity-Optimization-CDC2026\lite_trials_new\runs\subspace\checkpoints\best.pt,ppo,15000,C:\Users\erich\Documents\AFRL\Algebraic-Connectivity-Optimization-CDC2026\lite_trials_new\configs\subspace.yaml,full,64,0.888376856119,1,1798,1798,0.8883768561187916,1735,0.8430628052762608,53.95601953768069,3.489664400000038,3.489664400000038,3.489664400000038,path,path,path,63,0.0,0.0,False,,,False,1,path,64,4,RL+Path,1,subspace,Subspace (certified bracket)
best,C:\Users\erich\Documents\AFRL\Algebraic-Connectivity-Optimization-CDC2026\lite_trials_new\runs\subspace\checkpoints\best.pt,ppo,15000,C:\Users\erich\Documents\AFRL\Algebraic-Connectivity-Optimization-CDC2026\lite_trials_new\configs\subspace.yaml,full,64,0.888376856119,2,1798,1798,0.8883768561187916,1735,0.8430628052762608,53.95601953768069,3.454538000001776,3.454538000001776,3.454538000001776,path,path,path,63,0.0,0.0,False,,,False,1,path,64,4,RL+Path,2,subspace,Subspace (certified bracket)
best,C:\Users\erich\Documents\AFRL\Algebraic-Connectivity-Optimization-CDC2026\lite_trials_new\runs\subspace\checkpoints\best.pt,ppo,15000,C:\Users\erich\Documents\AFRL\Algebraic-Connectivity-Optimization-CDC2026\lite_trials_new\configs\subspace.yaml,full,64,0.99948796723,0,2015,2015,0.9994879672299027,1952,0.9687499999999989,61.99999999999993,3.971614399997634,3.971614399997634,3.971614399997634,path,path,path,63,0.0,0.0,False,,,False,1,path,64,4,RL+Path,0,subspace,Subspace (certified bracket)
best,C:\Users\erich\Documents\AFRL\Algebraic-Connectivity-Optimization-CDC2026\lite_trials_new\runs\subspace\checkpoints\best.pt,ppo,15000,C:\Users\erich\Documents\AFRL\Algebraic-Connectivity-Optimization-CDC2026\lite_trials_new\configs\subspace.yaml,full,64,0.99948796723,1,2015,2015,0.9994879672299027,1952,0.9687499999999989,61.99999999999993,3.9301859000006516,3.9301859000006516,3.9301859000006516,path,path,path,63,0.0,0.0,False,,,False,1,path,64,4,RL+Path,1,subspace,Subspace (certified bracket)
best,C:\Users\erich\Documents\AFRL\Algebraic-Connectivity-Optimization-CDC2026\lite_trials_new\runs\subspace\checkpoints\best.pt,ppo,15000,C:\Users\erich\Documents\AFRL\Algebraic-Connectivity-Optimization-CDC2026\lite_trials_new\configs\subspace.yaml,full,64,0.99948796723,2,2015,2015,0.9994879672299027,1952,0.9687499999999989,61.99999999999993,3.944116099999519,3.944116099999519,3.944116099999519,path,path,path,63,0.0,0.0,False,,,False,1,path,64,4,RL+Path,2,subspace,Subspace (certified bracket)
best,C:\Users\erich\Documents\AFRL\Algebraic-Connectivity-Optimization-CDC2026\lite_trials_new\runs\subspace\checkpoints\best.pt,ppo,15000,C:\Users\erich\Documents\AFRL\Algebraic-Connectivity-Optimization-CDC2026\lite_trials_new\configs\subspace.yaml,full,64,0.00051203277,0,64,64,0.0005120327700972862,0,0.01562499999999996,0.9999999999999974,1.9999788491986692e-07,1.9999788491986692e-07,0.0005042999946454074,backbone,envelope_only,envelope,63,1.0,0.0005040999967604876,False,,,False,1,envelope,64,4,RL+Backbone,0,subspace,Subspace (certified bracket)
best,C:\Users\erich\Documents\AFRL\Algebraic-Connectivity-Optimization-CDC2026\lite_trials_new\runs\subspace\checkpoints\best.pt,ppo,15000,C:\Users\erich\Documents\AFRL\Algebraic-Connectivity-Optimization-CDC2026\lite_trials_new\configs\subspace.yaml,full,64,0.00051203277,1,64,64,0.0005120327700972862,0,0.01562499999999996,0.9999999999999974,2.00001522898674e-07,2.00001522898674e-07,0.00015020000137155876,backbone,envelope_only,envelope,63,1.0,0.00014999999984866008,False,,,False,1,envelope,64,4,RL+Backbone,1,subspace,Subspace (certified bracket)
best,C:\Users\erich\Documents\AFRL\Algebraic-Connectivity-Optimization-CDC2026\lite_trials_new\runs\subspace\checkpoints\best.pt,ppo,15000,C:\Users\erich\Documents\AFRL\Algebraic-Connectivity-Optimization-CDC2026\lite_trials_new\configs\subspace.yaml,full,64,0.00051203277,2,64,64,0.0005120327700972862,0,0.01562499999999996,0.9999999999999974,1.00000761449337e-07,1.00000761449337e-07,0.0001357000001007691,backbone,envelope_only,envelope,63,1.0,0.00013559999933931977,False,,,False,1,envelope,64,4,RL+Backbone,2,subspace,Subspace (certified bracket)
best,C:\Users\erich\Documents\AFRL\Algebraic-Connectivity-Optimization-CDC2026\lite_trials_new\runs\subspace\checkpoints\best.pt,ppo,15000,C:\Users\erich\Documents\AFRL\Algebraic-Connectivity-Optimization-CDC2026\lite_trials_new\configs\subspace.yaml,full,64,0.111623143881,0,281,281,0.11162314388120839,25,0.08117222411306053,5.195022343235874,0.0400350999989314,0.0400350999989314,0.08652249999795458,backbone,cayley_only,cayley,256,4.0000000000000115,0.04648739999902318,False,2,,False,1,cayley,64,4,RL+Backbone,0,subspace,Subspace (certified bracket)
best,C:\Users\erich\Documents\AFRL\Algebraic-Connectivity-Optimization-CDC2026\lite_trials_new\runs\subspace\checkpoints\best.pt,ppo,15000,C:\Users\erich\Documents\AFRL\Algebraic-Connectivity-Optimization-CDC2026\lite_trials_new\configs\subspace.yaml,full,64,0.111623143881,1,281,281,0.11162314388120839,25,0.07382853307812325,4.725026116999888,0.03900229999999283,0.03900229999999283,0.08308989999932237,backbone,cayley_only,cayley,256,4.000000000000006,0.04408759999932954,False,2,,False,1,cayley,64,4,RL+Backbone,1,subspace,Subspace (certified bracket)
best,C:\Users\erich\Documents\AFRL\Algebraic-Connectivity-Optimization-CDC2026\lite_trials_new\runs\subspace\checkpoints\best.pt,ppo,15000,C:\Users\erich\Documents\AFRL\Algebraic-Connectivity-Optimization-CDC2026\lite_trials_new\configs\subspace.yaml,full,64,0.111623143881,2,281,281,0.11162314388120839,25,0.0758850567138784,4.856643629688217,0.042233100000885315,0.042233100000885315,0.09015329999965616,backbone,cayley_only,cayley,256,4.000000000000007,0.04792019999877084,False,2,,False,1,cayley,64,4,RL+Backbone,2,subspace,Subspace (certified bracket)
best,C:\Users\erich\Documents\AFRL\Algebraic-Connectivity-Optimization-CDC2026\lite_trials_new\runs\subspace\checkpoints\best.pt,ppo,15000,C:\Users\erich\Documents\AFRL\Algebraic-Connectivity-Optimization-CDC2026\lite_trials_new\configs\subspace.yaml,full,64,0.222734254992,0,498,498,0.2227342549923195,18,0.18118684131992077,11.59595784447493,0.03130999999848427,0.03130999999848427,0.0843432000001485,backbone,cayley_only,cayley,480,10.876894374382333,0.05303320000166423,False,2,,False,1,cayley,64,4,RL+Backbone,0,subspace,Subspace (certified bracket)
best,C:\Users\erich\Documents\AFRL\Algebraic-Connectivity-Optimization-CDC2026\lite_trials_new\runs\subspace\checkpoints\best.pt,ppo,15000,C:\Users\erich\Documents\AFRL\Algebraic-Connectivity-Optimization-CDC2026\lite_trials_new\configs\subspace.yaml,full,64,0.222734254992,1,498,498,0.2227342549923195,18,0.18054910696048423,11.555142845470991,0.030308299999887822,0.030308299999887822,0.082103199998528,backbone,cayley_only,cayley,480,10.913985055087874,0.051794899998640176,False,2,,False,1,cayley,64,4,RL+Backbone,1,subspace,Subspace (certified bracket)
best,C:\Users\erich\Documents\AFRL\Algebraic-Connectivity-Optimization-CDC2026\lite_trials_new\runs\subspace\checkpoints\best.pt,ppo,15000,C:\Users\erich\Documents\AFRL\Algebraic-Connectivity-Optimization-CDC2026\lite_trials_new\configs\subspace.yaml,full,64,0.222734254992,2,498,498,0.2227342549923195,18,0.18030905849337217,11.539779743575819,0.029157600001781248,0.029157600001781248,0.08189470000434085,backbone,cayley_only,cayley,480,10.91398505508789,0.0527371000025596,False,2,,False,1,cayley,64,4,RL+Backbone,2,subspace,Subspace (certified bracket)
best,C:\Users\erich\Documents\AFRL\Algebraic-Connectivity-Optimization-CDC2026\lite_trials_new\runs\subspace\checkpoints\best.pt,ppo,15000,C:\Users\erich\Documents\AFRL\Algebraic-Connectivity-Optimization-CDC2026\lite_trials_new\configs\subspace.yaml,full,64,0.333333333333,0,714,714,0.3333333333333333,10,0.2876909406856497,18.41222020388158,0.018287099999724887,0.018287099999724887,0.07345790000181296,backbone,cayley_only,cayley,704,17.999999999999986,0.05517080000208807,False,2,,False,1,cayley,64,4,RL+Backbone,0,subspace,Subspace (certified bracket)
best,C:\Users\erich\Documents\AFRL\Algebraic-Connectivity-Optimization-CDC2026\lite_trials_new\runs\subspace\checkpoints\best.pt,ppo,15000,C:\Users\erich\Documents\AFRL\Algebraic-Connectivity-Optimization-CDC2026\lite_trials_new\configs\subspace.yaml,full,64,0.333333333333,1,714,714,0.3333333333333333,10,0.29066923322299537,18.602830926271704,0.014026299999386538,0.014026299999386538,0.06892940000034287,backbone,cayley_only,cayley,704,18.304481869954838,0.05490310000095633,False,2,,False,1,cayley,64,4,RL+Backbone,1,subspace,Subspace (certified bracket)
best,C:\Users\erich\Documents\AFRL\Algebraic-Connectivity-Optimization-CDC2026\lite_trials_new\runs\subspace\checkpoints\best.pt,ppo,15000,C:\Users\erich\Documents\AFRL\Algebraic-Connectivity-Optimization-CDC2026\lite_trials_new\configs\subspace.yaml,full,64,0.333333333333,2,714,714,0.3333333333333333,0,0.2896234122634725,18.53589838486224,2.999986463692039e-07,2.999986463692039e-07,0.05810689999634633,backbone,cayley_only,cayley,704,18.53589838486222,0.05810659999769996,False,2,,False,1,cayley,64,4,RL+Backbone,2,subspace,Subspace (certified bracket)
best,C:\Users\erich\Documents\AFRL\Algebraic-Connectivity-Optimization-CDC2026\lite_trials_new\runs\subspace\checkpoints\best.pt,ppo,15000,C:\Users\erich\Documents\AFRL\Algebraic-Connectivity-Optimization-CDC2026\lite_trials_new\configs\subspace.yaml,full,64,0.444444444444,0,931,931,0.4444444444444444,3,0.40815390624813314,26.12184999988052,0.004440499997144798,0.004440499997144798,0.045240999999805354,backbone,cayley_only,cayley,928,26.051183605233266,0.040800500002660556,False,2,,False,1,cayley,64,4,RL+Backbone,0,subspace,Subspace (certified bracket)
best,C:\Users\erich\Documents\AFRL\Algebraic-Connectivity-Optimization-CDC2026\lite_trials_new\runs\subspace\checkpoints\best.pt,ppo,15000,C:\Users\erich\Documents\AFRL\Algebraic-Connectivity-Optimization-CDC2026\lite_trials_new\configs\subspace.yaml,full,64,0.444444444444,1,931,931,0.4444444444444444,3,0.408153906248133,26.121849999880514,0.004487300000619143,0.004487300000619143,0.042625000001862645,backbone,cayley_only,cayley,928,26.051183605233266,0.0381377000012435,False,2,,False,1,cayley,64,4,RL+Backbone,1,subspace,Subspace (certified bracket)
best,C:\Users\erich\Documents\AFRL\Algebraic-Connectivity-Optimization-CDC2026\lite_trials_new\runs\subspace\checkpoints\best.pt,ppo,15000,C:\Users\erich\Documents\AFRL\Algebraic-Connectivity-Optimization-CDC2026\lite_trials_new\configs\subspace.yaml,full,64,0.444444444444,2,931,931,0.4444444444444444,3,0.40815390624813314,26.12184999988052,0.0048540999996475875,0.0048540999996475875,0.045741000001726206,backbone,cayley_only,cayley,928,26.051183605233266,0.04088690000207862,False,2,,False,1,cayley,64,4,RL+Backbone,2,subspace,Subspace (certified bracket)
best,C:\Users\erich\Documents\AFRL\Algebraic-Connectivity-Optimization-CDC2026\lite_trials_new\runs\subspace\checkpoints\best.pt,ppo,15000,C:\Users\erich\Documents\AFRL\Algebraic-Connectivity-Optimization-CDC2026\lite_trials_new\configs\subspace.yaml,full,64,0.555555555556,0,1148,1148,0.5555555555555556,0,0.5312499999999984,33.9999999999999,0.04365999999936321,0.04365999999936321,0.05172379999930854,backbone,both,envelope,1140,34.0,0.008063799999945331,False,,,True,2,"cayley,envelope",64,4,RL+Backbone,0,subspace,Subspace (certified bracket)
best,C:\Users\erich\Documents\AFRL\Algebraic-Connectivity-Optimization-CDC2026\lite_trials_new\runs\subspace\checkpoints\best.pt,ppo,15000,C:\Users\erich\Documents\AFRL\Algebraic-Connectivity-Optimization-CDC2026\lite_trials_new\configs\subspace.yaml,full,64,0.555555555556,1,1148,1148,0.5555555555555556,0,0.5312499999999984,33.9999999999999,0.047669499999756226,0.047669499999756226,0.053454499997315,backbone,both,envelope,1140,34.0,0.005784999997558771,False,,,True,2,"cayley,envelope",64,4,RL+Backbone,1,subspace,Subspace (certified bracket)
best,C:\Users\erich\Documents\AFRL\Algebraic-Connectivity-Optimization-CDC2026\lite_trials_new\runs\subspace\checkpoints\best.pt,ppo,15000,C:\Users\erich\Documents\AFRL\Algebraic-Connectivity-Optimization-CDC2026\lite_trials_new\configs\subspace.yaml,full,64,0.555555555556,2,1148,1148,0.5555555555555556,0,0.5312499999999984,33.9999999999999,0.052085000002989545,0.052085000002989545,0.05991330000324524,backbone,both,envelope,1140,34.0,0.007828300000255695,False,,,True,2,"cayley,envelope",64,4,RL+Backbone,2,subspace,Subspace (certified bracket)
best,C:\Users\erich\Documents\AFRL\Algebraic-Connectivity-Optimization-CDC2026\lite_trials_new\runs\subspace\checkpoints\best.pt,ppo,15000,C:\Users\erich\Documents\AFRL\Algebraic-Connectivity-Optimization-CDC2026\lite_trials_new\configs\subspace.yaml,full,64,0.666666666667,0,1365,1365,0.6666666666666666,0,0.6562499999999987,41.999999999999915,3.00002284348011e-07,3.00002284348011e-07,0.009817900001507951,backbone,both,envelope,1364,42.0,0.009817599999223603,False,,,True,2,"cayley,envelope",64,4,RL+Backbone,0,subspace,Subspace (certified bracket)
best,C:\Users\erich\Documents\AFRL\Algebraic-Connectivity-Optimization-CDC2026\lite_trials_new\runs\subspace\checkpoints\best.pt,ppo,15000,C:\Users\erich\Documents\AFRL\Algebraic-Connectivity-Optimization-CDC2026\lite_trials_new\configs\subspace.yaml,full,64,0.666666666667,1,1365,1365,0.6666666666666666,0,0.656249999999999,41.999999999999936,3.00002284348011e-07,3.00002284348011e-07,0.007870900000852998,backbone,both,cayley,1365,41.99999999999992,0.0078706999993301,False,3,,True,2,"cayley,envelope",64,4,RL+Backbone,1,subspace,Subspace (certified bracket)
best,C:\Users\erich\Documents\AFRL\Algebraic-Connectivity-Optimization-CDC2026\lite_trials_new\runs\subspace\checkpoints\best.pt,ppo,15000,C:\Users\erich\Documents\AFRL\Algebraic-Connectivity-Optimization-CDC2026\lite_trials_new\configs\subspace.yaml,full,64,0.666666666667,2,1365,1365,0.6666666666666666,0,0.656249999999999,41.999999999999936,2.00001522898674e-07,2.00001522898674e-07,0.007908400002634153,backbone,both,cayley,1365,41.99999999999993,0.007908200001111254,False,3,,True,2,"cayley,envelope",64,4,RL+Backbone,2,subspace,Subspace (certified bracket)
best,C:\Users\erich\Documents\AFRL\Algebraic-Connectivity-Optimization-CDC2026\lite_trials_new\runs\subspace\checkpoints\best.pt,ppo,15000,C:\Users\erich\Documents\AFRL\Algebraic-Connectivity-Optimization-CDC2026\lite_trials_new\configs\subspace.yaml,full,64,0.777265745008,0,1581,1581,0.7772657450076805,0,0.749999999999999,47.999999999999936,2.999986463692039e-07,2.999986463692039e-07,0.0008987000001070555,backbone,envelope_only,envelope,1536,48.0,0.0008984000014606863,False,,,False,1,envelope,64,4,RL+Backbone,0,subspace,Subspace (certified bracket)
best,C:\Users\erich\Documents\AFRL\Algebraic-Connectivity-Optimization-CDC2026\lite_trials_new\runs\subspace\checkpoints\best.pt,ppo,15000,C:\Users\erich\Documents\AFRL\Algebraic-Connectivity-Optimization-CDC2026\lite_trials_new\configs\subspace.yaml,full,64,0.777265745008,1,1581,1581,0.7772657450076805,0,0.749999999999999,47.999999999999936,3.00002284348011e-07,3.00002284348011e-07,0.0009144000032392796,backbone,envelope_only,envelope,1536,48.0,0.0009141000009549316,False,,,False,1,envelope,64,4,RL+Backbone,1,subspace,Subspace (certified bracket)
best,C:\Users\erich\Documents\AFRL\Algebraic-Connectivity-Optimization-CDC2026\lite_trials_new\runs\subspace\checkpoints\best.pt,ppo,15000,C:\Users\erich\Documents\AFRL\Algebraic-Connectivity-Optimization-CDC2026\lite_trials_new\configs\subspace.yaml,full,64,0.777265745008,2,1581,1581,0.7772657450076805,0,0.749999999999999,47.999999999999936,1.9999788491986692e-07,1.9999788491986692e-07,0.0008606999981566332,backbone,envelope_only,envelope,1536,48.0,0.0008605000002717134,False,,,False,1,envelope,64,4,RL+Backbone,2,subspace,Subspace (certified bracket)
best,C:\Users\erich\Documents\AFRL\Algebraic-Connectivity-Optimization-CDC2026\lite_trials_new\runs\subspace\checkpoints\best.pt,ppo,15000,C:\Users\erich\Documents\AFRL\Algebraic-Connectivity-Optimization-CDC2026\lite_trials_new\configs\subspace.yaml,full,64,0.888376856119,0,1798,1798,0.8883768561187916,0,0.8749999999999983,55.99999999999989,3.00002284348011e-07,3.00002284348011e-07,0.0014560000017809216,backbone,envelope_only,envelope,1792,56.0,0.0014556999994965736,False,,,False,1,envelope,64,4,RL+Backbone,0,subspace,Subspace (certified bracket)
best,C:\Users\erich\Documents\AFRL\Algebraic-Connectivity-Optimization-CDC2026\lite_trials_new\runs\subspace\checkpoints\best.pt,ppo,15000,C:\Users\erich\Documents\AFRL\Algebraic-Connectivity-Optimization-CDC2026\lite_trials_new\configs\subspace.yaml,full,64,0.888376856119,1,1798,1798,0.8883768561187916,0,0.8749999999999983,55.99999999999989,2.999986463692039e-07,2.999986463692039e-07,0.0011408999998820946,backbone,envelope_only,envelope,1792,56.0,0.0011406000012357254,False,,,False,1,envelope,64,4,RL+Backbone,1,subspace,Subspace (certified bracket)
best,C:\Users\erich\Documents\AFRL\Algebraic-Connectivity-Optimization-CDC2026\lite_trials_new\runs\subspace\checkpoints\best.pt,ppo,15000,C:\Users\erich\Documents\AFRL\Algebraic-Connectivity-Optimization-CDC2026\lite_trials_new\configs\subspace.yaml,full,64,0.888376856119,2,1798,1798,0.8883768561187916,0,0.8749999999999983,55.99999999999989,4.00003045797348e-07,4.00003045797348e-07,0.0011630000044533517,backbone,envelope_only,envelope,1792,56.0,0.0011626000014075544,False,,,False,1,envelope,64,4,RL+Backbone,2,subspace,Subspace (certified bracket)
best,C:\Users\erich\Documents\AFRL\Algebraic-Connectivity-Optimization-CDC2026\lite_trials_new\runs\subspace\checkpoints\best.pt,ppo,15000,C:\Users\erich\Documents\AFRL\Algebraic-Connectivity-Optimization-CDC2026\lite_trials_new\configs\subspace.yaml,full,64,0.99948796723,0,2015,2015,0.9994879672299027,0,0.9687499999999999,61.99999999999999,3.00002284348011e-07,3.00002284348011e-07,0.0013127000020176638,backbone,envelope_only,envelope,1984,62.0,0.0013123999997333158,False,,,False,1,envelope,64,4,RL+Backbone,0,subspace,Subspace (certified bracket)
best,C:\Users\erich\Documents\AFRL\Algebraic-Connectivity-Optimization-CDC2026\lite_trials_new\runs\subspace\checkpoints\best.pt,ppo,15000,C:\Users\erich\Documents\AFRL\Algebraic-Connectivity-Optimization-CDC2026\lite_trials_new\configs\subspace.yaml,full,64,0.99948796723,1,2015,2015,0.9994879672299027,0,0.9687499999999999,61.99999999999999,3.00002284348011e-07,3.00002284348011e-07,0.0012987000045541208,backbone,envelope_only,envelope,1984,62.0,0.0012984000022697728,False,,,False,1,envelope,64,4,RL+Backbone,1,subspace,Subspace (certified bracket)
best,C:\Users\erich\Documents\AFRL\Algebraic-Connectivity-Optimization-CDC2026\lite_trials_new\runs\subspace\checkpoints\best.pt,ppo,15000,C:\Users\erich\Documents\AFRL\Algebraic-Connectivity-Optimization-CDC2026\lite_trials_new\configs\subspace.yaml,full,64,0.99948796723,2,2015,2015,0.9994879672299027,0,0.9687499999999999,61.99999999999999,2.999986463692039e-07,2.999986463692039e-07,0.0012259999966772739,backbone,envelope_only,envelope,1984,62.0,0.0012256999980309047,False,,,False,1,envelope,64,4,RL+Backbone,2,subspace,Subspace (certified bracket)
