checkpoint_label,checkpoint_path,checkpoint_algo,checkpoint_global_env_steps,config_path,rl_variant,n,rho_target,seed,m_target,m_final,rho_final,episode_len,terminal_lambda2_norm,terminal_lambda2,rl_runtime_sec,runtime_sec,runtime_total_sec,init_mode,init_route_label,init_family,init_edges,init_lambda2,init_build_runtime_sec,init_cache_hit,init_selected_index,init_errors,overlap_post_completion_selection,overlap_candidate_count,overlap_evaluated_families,top_k,dist_cap,method,repeat_idx,arm,arm_label
best,C:\Users\erich\Documents\AFRL\Algebraic-Connectivity-Optimization-CDC2026\lite_trials_new\runs\old_model\checkpoints\best.pt,ppo,2000,C:\Users\erich\Documents\AFRL\Algebraic-Connectivity-Optimization-CDC2026\lite_trials_new\configs\old_model.yaml,full,12,0.018181818182,0,12,12,0.01818181818181818,1,0.010838745803041573,0.13006494963649887,0.0030643999998574145,0.0030643999998574145,0.0030643999998574145,path,path,path,11,0.0,0.0,False,,,False,1,path,64,4,RL+Path,0,old_model,Old model (rl_train)
best,C:\Users\erich\Documents\AFRL\Algebraic-Connectivity-Optimization-CDC2026\lite_trials_new\runs\old_model\checkpoints\best.pt,ppo,2000,C:\Users\erich\Documents\AFRL\Algebraic-Connectivity-Optimization-CDC2026\lite_trials_new\configs\old_model.yaml,full,12,0.018181818182,1,12,12,0.01818181818181818,1,0.010838745803041573,0.13006494963649887,0.0010258999973302707,0.0010258999973302707,0.0010258999973302707,path,path,path,11,0.0,0.0,False,,,False,1,path,64,4,RL+Path,1,old_model,Old model (rl_train)
best,C:\Users\erich\Documents\AFRL\Algebraic-Connectivity-Optimization-CDC2026\lite_trials_new\runs\old_model\checkpoints\best.pt,ppo,2000,C:\Users\erich\Documents\AFRL\Algebraic-Connectivity-Optimization-CDC2026\lite_trials_new\configs\old_model.yaml,full,12,0.018181818182,2,12,12,0.01818181818181818,1,0.010838745803041573,0.13006494963649887,0.0008344999987457413,0.0008344999987457413,0.0008344999987457413,path,path,path,11,0.0,0.0,False,,,False,1,path,64,4,RL+Path,2,old_model,Old model (rl_train)
best,C:\Users\erich\Documents\AFRL\Algebraic-Connectivity-Optimization-CDC2026\lite_trials_new\runs\old_model\checkpoints\best.pt,ppo,2000,C:\Users\erich\Documents\AFRL\Algebraic-Connectivity-Optimization-CDC2026\lite_trials_new\configs\old_model.yaml,full,12,0.127272727273,0,18,18,0.12727272727272726,7,0.09974398628538371,1.1969278354246045,0.005957299999863608,0.005957299999863608,0.005957299999863608,path,path,path,11,0.0,0.0,False,,,False,1,path,64,4,RL+Path,0,old_model,Old model (rl_train)
best,C:\Users\erich\Documents\AFRL\Algebraic-Connectivity-Optimization-CDC2026\lite_trials_new\runs\old_model\checkpoints\best.pt,ppo,2000,C:\Users\erich\Documents\AFRL\Algebraic-Connectivity-Optimization-CDC2026\lite_trials_new\configs\old_model.yaml,full,12,0.127272727273,1,18,18,0.12727272727272726,7,0.09974398628538371,1.1969278354246045,0.00544840000293334,0.00544840000293334,0.00544840000293334,path,path,path,11,0.0,0.0,False,,,False,1,path,64,4,RL+Path,1,old_model,Old model (rl_train)
best,C:\Users\erich\Documents\AFRL\Algebraic-Connectivity-Optimization-CDC2026\lite_trials_new\runs\old_model\checkpoints\best.pt,ppo,2000,C:\Users\erich\Documents\AFRL\Algebraic-Connectivity-Optimization-CDC2026\lite_trials_new\configs\old_model.yaml,full,12,0.127272727273,2,18,18,0.12727272727272726,7,0.09974398628538371,1.1969278354246045,0.005659499998728279,0.005659499998728279,0.005659499998728279,path,path,path,11,0.0,0.0,False,,,False,1,path,64,4,RL+Path,2,old_model,Old model (rl_train)
best,C:\Users\erich\Documents\AFRL\Algebraic-Connectivity-Optimization-CDC2026\lite_trials_new\runs\old_model\checkpoints\best.pt,ppo,2000,C:\Users\erich\Documents\AFRL\Algebraic-Connectivity-Optimization-CDC2026\lite_trials_new\configs\old_model.yaml,full,12,0.236363636364,0,24,24,0.23636363636363636,13,0.1942434093098093,2.3309209117177114,0.010908899999776622,0.010908899999776622,0.010908899999776622,path,path,path,11,0.0,0.0,False,,,False,1,path,64,4,RL+Path,0,old_model,Old model (rl_train)
best,C:\Users\erich\Documents\AFRL\Algebraic-Connectivity-Optimization-CDC2026\lite_trials_new\runs\old_model\checkpoints\best.pt,ppo,2000,C:\Users\erich\Documents\AFRL\Algebraic-Connectivity-Optimization-CDC2026\lite_trials_new\configs\old_model.yaml,full,12,0.236363636364,1,24,24,0.23636363636363636,13,0.1942434093098093,2.3309209117177114,0.010541800002101809,0.010541800002101809,0.010541800002101809,path,path,path,11,0.0,0.0,False,,,False,1,path,64,4,RL+Path,1,old_model,Old model (rl_train)
best,C:\Users\erich\Documents\AFRL\Algebraic-Connectivity-Optimization-CDC2026\lite_trials_new\runs\old_model\checkpoints\best.pt,ppo,2000,C:\Users\erich\Documents\AFRL\Algebraic-Connectivity-Optimization-CDC2026\lite_trials_new\configs\old_model.yaml,full,12,0.236363636364,2,24,24,0.23636363636363636,13,0.1942434093098093,2.3309209117177114,0.009694100001070183,0.009694100001070183,0.009694100001070183,path,path,path,11,0.0,0.0,False,,,False,1,path,64,4,RL+Path,2,old_model,Old model (rl_train)
best,C:\Users\erich\Documents\AFRL\Algebraic-Connectivity-Optimization-CDC2026\lite_trials_new\runs\old_model\checkpoints\best.pt,ppo,2000,C:\Users\erich\Documents\AFRL\Algebraic-Connectivity-Optimization-CDC2026\lite_trials_new\configs\old_model.yaml,full,12,0.345454545455,0,30,30,0.34545454545454546,19,0.2701015655992954,3.2412187871915448,0.014057899999897927,0.014057899999897927,0.014057899999897927,path,path,path,11,0.0,0.0,False,,,False,1,path,64,4,RL+Path,0,old_model,Old model (rl_train)
best,C:\Users\erich\Documents\AFRL\Algebraic-Connectivity-Optimization-CDC2026\lite_trials_new\runs\old_model\checkpoints\best.pt,ppo,2000,C:\Users\erich\Documents\AFRL\Algebraic-Connectivity-Optimization-CDC2026\lite_trials_new\configs\old_model.yaml,full,12,0.345454545455,1,30,30,0.34545454545454546,19,0.2701015655992954,3.2412187871915448,0.012971199997991789,0.012971199997991789,0.012971199997991789,path,path,path,11,0.0,0.0,False,,,False,1,path,64,4,RL+Path,1,old_model,Old model (rl_train)
best,C:\Users\erich\Documents\AFRL\Algebraic-Connectivity-Optimization-CDC2026\lite_trials_new\runs\old_model\checkpoints\best.pt,ppo,2000,C:\Users\erich\Documents\AFRL\Algebraic-Connectivity-Optimization-CDC2026\lite_trials_new\configs\old_model.yaml,full,12,0.345454545455,2,30,30,0.34545454545454546,19,0.2701015655992954,3.2412187871915448,0.01453860000037821,0.01453860000037821,0.01453860000037821,path,path,path,11,0.0,0.0,False,,,False,1,path,64,4,RL+Path,2,old_model,Old model (rl_train)
best,C:\Users\erich\Documents\AFRL\Algebraic-Connectivity-Optimization-CDC2026\lite_trials_new\runs\old_model\checkpoints\best.pt,ppo,2000,C:\Users\erich\Documents\AFRL\Algebraic-Connectivity-Optimization-CDC2026\lite_trials_new\configs\old_model.yaml,full,12,0.454545454545,0,36,36,0.45454545454545453,25,0.36106040286440044,4.332724834372805,0.020614799999748357,0.020614799999748357,0.020614799999748357,path,path,path,11,0.0,0.0,False,,,False,1,path,64,4,RL+Path,0,old_model,Old model (rl_train)
best,C:\Users\erich\Documents\AFRL\Algebraic-Connectivity-Optimization-CDC2026\lite_trials_new\runs\old_model\checkpoints\best.pt,ppo,2000,C:\Users\erich\Documents\AFRL\Algebraic-Connectivity-Optimization-CDC2026\lite_trials_new\configs\old_model.yaml,full,12,0.454545454545,1,36,36,0.45454545454545453,25,0.36106040286440044,4.332724834372805,0.017188500001793727,0.017188500001793727,0.017188500001793727,path,path,path,11,0.0,0.0,False,,,False,1,path,64,4,RL+Path,1,old_model,Old model (rl_train)
best,C:\Users\erich\Documents\AFRL\Algebraic-Connectivity-Optimization-CDC2026\lite_trials_new\runs\old_model\checkpoints\best.pt,ppo,2000,C:\Users\erich\Documents\AFRL\Algebraic-Connectivity-Optimization-CDC2026\lite_trials_new\configs\old_model.yaml,full,12,0.454545454545,2,36,36,0.45454545454545453,25,0.36106040286440044,4.332724834372805,0.018662399997992907,0.018662399997992907,0.018662399997992907,path,path,path,11,0.0,0.0,False,,,False,1,path,64,4,RL+Path,2,old_model,Old model (rl_train)
best,C:\Users\erich\Documents\AFRL\Algebraic-Connectivity-Optimization-CDC2026\lite_trials_new\runs\old_model\checkpoints\best.pt,ppo,2000,C:\Users\erich\Documents\AFRL\Algebraic-Connectivity-Optimization-CDC2026\lite_trials_new\configs\old_model.yaml,full,12,0.545454545455,0,41,41,0.5454545454545454,30,0.43166128905632095,5.179935468675851,0.02063320000161184,0.02063320000161184,0.02063320000161184,path,path,path,11,0.0,0.0,False,,,False,1,path,64,4,RL+Path,0,old_model,Old model (rl_train)
best,C:\Users\erich\Documents\AFRL\Algebraic-Connectivity-Optimization-CDC2026\lite_trials_new\runs\old_model\checkpoints\best.pt,ppo,2000,C:\Users\erich\Documents\AFRL\Algebraic-Connectivity-Optimization-CDC2026\lite_trials_new\configs\old_model.yaml,full,12,0.545454545455,1,41,41,0.5454545454545454,30,0.43166128905632095,5.179935468675851,0.02064549999704468,0.02064549999704468,0.02064549999704468,path,path,path,11,0.0,0.0,False,,,False,1,path,64,4,RL+Path,1,old_model,Old model (rl_train)
best,C:\Users\erich\Documents\AFRL\Algebraic-Connectivity-Optimization-CDC2026\lite_trials_new\runs\old_model\checkpoints\best.pt,ppo,2000,C:\Users\erich\Documents\AFRL\Algebraic-Connectivity-Optimization-CDC2026\lite_trials_new\configs\old_model.yaml,full,12,0.545454545455,2,41,41,0.5454545454545454,30,0.43166128905632095,5.179935468675851,0.02124320000075386,0.02124320000075386,0.02124320000075386,path,path,path,11,0.0,0.0,False,,,False,1,path,64,4,RL+Path,2,old_model,Old model (rl_train)
best,C:\Users\erich\Documents\AFRL\Algebraic-Connectivity-Optimization-CDC2026\lite_trials_new\runs\old_model\checkpoints\best.pt,ppo,2000,C:\Users\erich\Documents\AFRL\Algebraic-Connectivity-Optimization-CDC2026\lite_trials_new\configs\old_model.yaml,full,12,0.654545454545,0,47,47,0.6545454545454545,36,0.5168547226920326,6.202256672304391,0.027445700001408113,0.027445700001408113,0.027445700001408113,path,path,path,11,0.0,0.0,False,,,False,1,path,64,4,RL+Path,0,old_model,Old model (rl_train)
best,C:\Users\erich\Documents\AFRL\Algebraic-Connectivity-Optimization-CDC2026\lite_trials_new\runs\old_model\checkpoints\best.pt,ppo,2000,C:\Users\erich\Documents\AFRL\Algebraic-Connectivity-Optimization-CDC2026\lite_trials_new\configs\old_model.yaml,full,12,0.654545454545,1,47,47,0.6545454545454545,36,0.5168547226920326,6.202256672304391,0.02600479999819072,0.02600479999819072,0.02600479999819072,path,path,path,11,0.0,0.0,False,,,False,1,path,64,4,RL+Path,1,old_model,Old model (rl_train)
best,C:\Users\erich\Documents\AFRL\Algebraic-Connectivity-Optimization-CDC2026\lite_trials_new\runs\old_model\checkpoints\best.pt,ppo,2000,C:\Users\erich\Documents\AFRL\Algebraic-Connectivity-Optimization-CDC2026\lite_trials_new\configs\old_model.yaml,full,12,0.654545454545,2,47,47,0.6545454545454545,36,0.5168547226920326,6.202256672304391,0.027580300000408897,0.027580300000408897,0.027580300000408897,path,path,path,11,0.0,0.0,False,,,False,1,path,64,4,RL+Path,2,old_model,Old model (rl_train)
best,C:\Users\erich\Documents\AFRL\Algebraic-Connectivity-Optimization-CDC2026\lite_trials_new\runs\old_model\checkpoints\best.pt,ppo,2000,C:\Users\erich\Documents\AFRL\Algebraic-Connectivity-Optimization-CDC2026\lite_trials_new\configs\old_model.yaml,full,12,0.763636363636,0,53,53,0.7636363636363637,42,0.6250921854502005,7.501106225402406,0.031055300001753494,0.031055300001753494,0.031055300001753494,path,path,path,11,0.0,0.0,False,,,False,1,path,64,4,RL+Path,0,old_model,Old model (rl_train)
best,C:\Users\erich\Documents\AFRL\Algebraic-Connectivity-Optimization-CDC2026\lite_trials_new\runs\old_model\checkpoints\best.pt,ppo,2000,C:\Users\erich\Documents\AFRL\Algebraic-Connectivity-Optimization-CDC2026\lite_trials_new\configs\old_model.yaml,full,12,0.763636363636,1,53,53,0.7636363636363637,42,0.6250921854502005,7.501106225402406,0.02981270000236691,0.02981270000236691,0.02981270000236691,path,path,path,11,0.0,0.0,False,,,False,1,path,64,4,RL+Path,1,old_model,Old model (rl_train)
best,C:\Users\erich\Documents\AFRL\Algebraic-Connectivity-Optimization-CDC2026\lite_trials_new\runs\old_model\checkpoints\best.pt,ppo,2000,C:\Users\erich\Documents\AFRL\Algebraic-Connectivity-Optimization-CDC2026\lite_trials_new\configs\old_model.yaml,full,12,0.763636363636,2,53,53,0.7636363636363637,42,0.6250921854502005,7.501106225402406,0.030080900000029942,0.030080900000029942,0.030080900000029942,path,path,path,11,0.0,0.0,False,,,False,1,path,64,4,RL+Path,2,old_model,Old model (rl_train)
best,C:\Users\erich\Documents\AFRL\Algebraic-Connectivity-Optimization-CDC2026\lite_trials_new\runs\old_model\checkpoints\best.pt,ppo,2000,C:\Users\erich\Documents\AFRL\Algebraic-Connectivity-Optimization-CDC2026\lite_trials_new\configs\old_model.yaml,full,12,0.872727272727,0,59,59,0.8727272727272727,48,0.7499999999999996,8.999999999999995,0.03482609999991837,0.03482609999991837,0.03482609999991837,path,path,path,11,0.0,0.0,False,,,False,1,path,64,4,RL+Path,0,old_model,Old model (rl_train)
best,C:\Users\erich\Documents\AFRL\Algebraic-Connectivity-Optimization-CDC2026\lite_trials_new\runs\old_model\checkpoints\best.pt,ppo,2000,C:\Users\erich\Documents\AFRL\Algebraic-Connectivity-Optimization-CDC2026\lite_trials_new\configs\old_model.yaml,full,12,0.872727272727,1,59,59,0.8727272727272727,48,0.7499999999999996,8.999999999999995,0.03506849999757833,0.03506849999757833,0.03506849999757833,path,path,path,11,0.0,0.0,False,,,False,1,path,64,4,RL+Path,1,old_model,Old model (rl_train)
best,C:\Users\erich\Documents\AFRL\Algebraic-Connectivity-Optimization-CDC2026\lite_trials_new\runs\old_model\checkpoints\best.pt,ppo,2000,C:\Users\erich\Documents\AFRL\Algebraic-Connectivity-Optimization-CDC2026\lite_trials_new\configs\old_model.yaml,full,12,0.872727272727,2,59,59,0.8727272727272727,48,0.7499999999999996,8.999999999999995,0.03389640000023064,0.03389640000023064,0.03389640000023064,path,path,path,11,0.0,0.0,False,,,False,1,path,64,4,RL+Path,2,old_model,Old model (rl_train)
best,C:\Users\erich\Documents\AFRL\Algebraic-Connectivity-Optimization-CDC2026\lite_trials_new\runs\old_model\checkpoints\best.pt,ppo,2000,C:\Users\erich\Documents\AFRL\Algebraic-Connectivity-Optimization-CDC2026\lite_trials_new\configs\old_model.yaml,full,12,0.981818181818,0,65,65,0.9818181818181818,54,0.8333333333333331,9.999999999999998,0.038432400000601774,0.038432400000601774,0.038432400000601774,path,path,path,11,0.0,0.0,False,,,False,1,path,64,4,RL+Path,0,old_model,Old model (rl_train)
best,C:\Users\erich\Documents\AFRL\Algebraic-Connectivity-Optimization-CDC2026\lite_trials_new\runs\old_model\checkpoints\best.pt,ppo,2000,C:\Users\erich\Documents\AFRL\Algebraic-Connectivity-Optimization-CDC2026\lite_trials_new\configs\old_model.yaml,full,12,0.981818181818,1,65,65,0.9818181818181818,54,0.8333333333333331,9.999999999999998,0.03816220000226167,0.03816220000226167,0.03816220000226167,path,path,path,11,0.0,0.0,False,,,False,1,path,64,4,RL+Path,1,old_model,Old model (rl_train)
best,C:\Users\erich\Documents\AFRL\Algebraic-Connectivity-Optimization-CDC2026\lite_trials_new\runs\old_model\checkpoints\best.pt,ppo,2000,C:\Users\erich\Documents\AFRL\Algebraic-Connectivity-Optimization-CDC2026\lite_trials_new\configs\old_model.yaml,full,12,0.981818181818,2,65,65,0.9818181818181818,54,0.8333333333333331,9.999999999999998,0.03846260000136681,0.03846260000136681,0.03846260000136681,path,path,path,11,0.0,0.0,False,,,False,1,path,64,4,RL+Path,2,old_model,Old model (rl_train)
best,C:\Users\erich\Documents\AFRL\Algebraic-Connectivity-Optimization-CDC2026\lite_trials_new\runs\old_model\checkpoints\best.pt,ppo,2000,C:\Users\erich\Documents\AFRL\Algebraic-Connectivity-Optimization-CDC2026\lite_trials_new\configs\old_model.yaml,full,12,0.018181818182,0,12,12,0.01818181818181818,1,0.08333333333333325,0.9999999999999989,0.0029608000004373025,0.0029608000004373025,0.0035368999997444917,backbone,envelope_only,envelope,11,1.0,0.0005760999993071891,False,,,False,1,envelope,64,4,RL+Backbone,0,old_model,Old model (rl_train)
best,C:\Users\erich\Documents\AFRL\Algebraic-Connectivity-Optimization-CDC2026\lite_trials_new\runs\old_model\checkpoints\best.pt,ppo,2000,C:\Users\erich\Documents\AFRL\Algebraic-Connectivity-Optimization-CDC2026\lite_trials_new\configs\old_model.yaml,full,12,0.018181818182,1,12,12,0.01818181818181818,1,0.08333333333333325,0.9999999999999989,0.0009552999981679022,0.0009552999981679022,0.0011388999955670442,backbone,envelope_only,envelope,11,1.0,0.000183599997399142,False,,,False,1,envelope,64,4,RL+Backbone,1,old_model,Old model (rl_train)
best,C:\Users\erich\Documents\AFRL\Algebraic-Connectivity-Optimization-CDC2026\lite_trials_new\runs\old_model\checkpoints\best.pt,ppo,2000,C:\Users\erich\Documents\AFRL\Algebraic-Connectivity-Optimization-CDC2026\lite_trials_new\configs\old_model.yaml,full,12,0.018181818182,2,12,12,0.01818181818181818,1,0.08333333333333325,0.9999999999999989,0.0008074999968812335,0.0008074999968812335,0.0008835999979055487,backbone,envelope_only,envelope,11,1.0,7.610000102431513e-05,False,,,False,1,envelope,64,4,RL+Backbone,2,old_model,Old model (rl_train)
best,C:\Users\erich\Documents\AFRL\Algebraic-Connectivity-Optimization-CDC2026\lite_trials_new\runs\old_model\checkpoints\best.pt,ppo,2000,C:\Users\erich\Documents\AFRL\Algebraic-Connectivity-Optimization-CDC2026\lite_trials_new\configs\old_model.yaml,full,12,0.127272727273,0,18,18,0.12727272727272726,0,0.10566243270259344,1.2679491924311213,1.00000761449337e-07,1.00000761449337e-07,0.0023049000010360032,backbone,cayley_only,cayley,18,1.2679491924311233,0.002304800000274554,False,2,,False,1,cayley,64,4,RL+Backbone,0,old_model,Old model (rl_train)
best,C:\Users\erich\Documents\AFRL\Algebraic-Connectivity-Optimization-CDC2026\lite_trials_new\runs\old_model\checkpoints\best.pt,ppo,2000,C:\Users\erich\Documents\AFRL\Algebraic-Connectivity-Optimization-CDC2026\lite_trials_new\configs\old_model.yaml,full,12,0.127272727273,1,18,18,0.12727272727272726,0,0.10566243270259344,1.2679491924311213,1.00000761449337e-07,1.00000761449337e-07,0.0017512000013084617,backbone,cayley_only,cayley,18,1.2679491924311233,0.0017511000005470123,False,2,,False,1,cayley,64,4,RL+Backbone,1,old_model,Old model (rl_train)
best,C:\Users\erich\Documents\AFRL\Algebraic-Connectivity-Optimization-CDC2026\lite_trials_new\runs\old_model\checkpoints\best.pt,ppo,2000,C:\Users\erich\Documents\AFRL\Algebraic-Connectivity-Optimization-CDC2026\lite_trials_new\configs\old_model.yaml,full,12,0.127272727273,2,18,18,0.12727272727272726,0,0.10566243270259344,1.2679491924311213,2.00001522898674e-07,2.00001522898674e-07,0.001752400003169896,backbone,cayley_only,cayley,18,1.2679491924311233,0.0017522000016469974,False,2,,False,1,cayley,64,4,RL+Backbone,2,old_model,Old model (rl_train)
best,C:\Users\erich\Documents\AFRL\Algebraic-Connectivity-Optimization-CDC2026\lite_trials_new\runs\old_model\checkpoints\best.pt,ppo,2000,C:\Users\erich\Documents\AFRL\Algebraic-Connectivity-Optimization-CDC2026\lite_trials_new\configs\old_model.yaml,full,12,0.236363636364,0,24,24,0.23636363636363636,0,0.1889957660359269,2.267949192431123,1.00000761449337e-07,1.00000761449337e-07,0.0018853000001399778,backbone,cayley_only,cayley,24,2.267949192431123,0.0018851999993785284,False,2,,False,1,cayley,64,4,RL+Backbone,0,old_model,Old model (rl_train)
best,C:\Users\erich\Documents\AFRL\Algebraic-Connectivity-Optimization-CDC2026\lite_trials_new\runs\old_model\checkpoints\best.pt,ppo,2000,C:\Users\erich\Documents\AFRL\Algebraic-Connectivity-Optimization-CDC2026\lite_trials_new\configs\old_model.yaml,full,12,0.236363636364,1,24,24,0.23636363636363636,0,0.1889957660359269,2.267949192431123,1.00000761449337e-07,1.00000761449337e-07,0.001991599998291349,backbone,cayley_only,cayley,24,2.267949192431123,0.0019914999975298997,False,2,,False,1,cayley,64,4,RL+Backbone,1,old_model,Old model (rl_train)
best,C:\Users\erich\Documents\AFRL\Algebraic-Connectivity-Optimization-CDC2026\lite_trials_new\runs\old_model\checkpoints\best.pt,ppo,2000,C:\Users\erich\Documents\AFRL\Algebraic-Connectivity-Optimization-CDC2026\lite_trials_new\configs\old_model.yaml,full,12,0.236363636364,2,24,24,0.23636363636363636,0,0.18899576603592674,2.267949192431121,1.00000761449337e-07,1.00000761449337e-07,0.0017986000020755455,backbone,cayley_only,cayley,24,2.267949192431123,0.0017985000013140962,False,2,,False,1,cayley,64,4,RL+Backbone,2,old_model,Old model (rl_train)
best,C:\Users\erich\Documents\AFRL\Algebraic-Connectivity-Optimization-CDC2026\lite_trials_new\runs\old_model\checkpoints\best.pt,ppo,2000,C:\Users\erich\Documents\AFRL\Algebraic-Connectivity-Optimization-CDC2026\lite_trials_new\configs\old_model.yaml,full,12,0.345454545455,0,30,30,0.34545454545454546,0,0.3333333333333329,3.999999999999995,1.00000761449337e-07,1.00000761449337e-07,0.0018865999991248827,backbone,cayley_only,cayley,30,3.9999999999999987,0.0018864999983634334,False,2,,False,1,cayley,64,4,RL+Backbone,0,old_model,Old model (rl_train)
best,C:\Users\erich\Documents\AFRL\Algebraic-Connectivity-Optimization-CDC2026\lite_trials_new\runs\old_model\checkpoints\best.pt,ppo,2000,C:\Users\erich\Documents\AFRL\Algebraic-Connectivity-Optimization-CDC2026\lite_trials_new\configs\old_model.yaml,full,12,0.345454545455,1,30,30,0.34545454545454546,0,0.333333333333333,3.9999999999999956,1.00000761449337e-07,1.00000761449337e-07,0.0019562000015866943,backbone,cayley_only,cayley,30,3.9999999999999987,0.001956100000825245,False,2,,False,1,cayley,64,4,RL+Backbone,1,old_model,Old model (rl_train)
best,C:\Users\erich\Documents\AFRL\Algebraic-Connectivity-Optimization-CDC2026\lite_trials_new\runs\old_model\checkpoints\best.pt,ppo,2000,C:\Users\erich\Documents\AFRL\Algebraic-Connectivity-Optimization-CDC2026\lite_trials_new\configs\old_model.yaml,full,12,0.345454545455,2,30,30,0.34545454545454546,0,0.333333333333333,3.9999999999999956,2.00001522898674e-07,2.00001522898674e-07,0.002001200002268888,backbone,cayley_only,cayley,30,3.9999999999999987,0.0020010000007459894,False,2,,False,1,cayley,64,4,RL+Backbone,2,old_model,Old model (rl_train)
best,C:\Users\erich\Documents\AFRL\Algebraic-Connectivity-Optimization-CDC2026\lite_trials_new\runs\old_model\checkpoints\best.pt,ppo,2000,C:\Users\erich\Documents\AFRL\Algebraic-Connectivity-Optimization-CDC2026\lite_trials_new\configs\old_model.yaml,full,12,0.454545454545,0,36,36,0.45454545454545453,0,0.4999999999999994,5.999999999999993,9.999712347052991e-08,9.999712347052991e-08,0.0020120999979553744,backbone,cayley_only,cayley,36,5.999999999999995,0.002012000000831904,False,2,,False,1,cayley,64,4,RL+Backbone,0,old_model,Old model (rl_train)
best,C:\Users\erich\Documents\AFRL\Algebraic-Connectivity-Optimization-CDC2026\lite_trials_new\runs\old_model\checkpoints\best.pt,ppo,2000,C:\Users\erich\Documents\AFRL\Algebraic-Connectivity-Optimization-CDC2026\lite_trials_new\configs\old_model.yaml,full,12,0.454545454545,1,36,36,0.45454545454545453,0,0.4999999999999994,5.999999999999993,2.00001522898674e-07,2.00001522898674e-07,0.0020620000032067765,backbone,cayley_only,cayley,36,5.999999999999995,0.0020618000016838778,False,2,,False,1,cayley,64,4,RL+Backbone,1,old_model,Old model (rl_train)
best,C:\Users\erich\Documents\AFRL\Algebraic-Connectivity-Optimization-CDC2026\lite_trials_new\runs\old_model\checkpoints\best.pt,ppo,2000,C:\Users\erich\Documents\AFRL\Algebraic-Connectivity-Optimization-CDC2026\lite_trials_new\configs\old_model.yaml,full,12,0.454545454545,2,36,36,0.45454545454545453,0,0.4999999999999994,5.999999999999993,1.00000761449337e-07,1.00000761449337e-07,0.0022107000040705316,backbone,cayley_only,cayley,36,5.999999999999995,0.0022106000033090822,False,2,,False,1,cayley,64,4,RL+Backbone,2,old_model,Old model (rl_train)
best,C:\Users\erich\Documents\AFRL\Algebraic-Connectivity-Optimization-CDC2026\lite_trials_new\runs\old_model\checkpoints\best.pt,ppo,2000,C:\Users\erich\Documents\AFRL\Algebraic-Connectivity-Optimization-CDC2026\lite_trials_new\configs\old_model.yaml,full,12,0.545454545455,0,41,41,0.5454545454545454,5,0.4999999999999997,5.9999999999999964,0.004709799999545794,0.004709799999545794,0.006705200001306366,backbone,both,envelope,36,6.0,0.001995400001760572,False,,,True,2,"cayley,envelope",64,4,RL+Backbone,0,old_model,Old model (rl_train)
best,C:\Users\erich\Documents\AFRL\Algebraic-Connectivity-Optimization-CDC2026\lite_trials_new\runs\old_model\checkpoints\best.pt,ppo,2000,C:\Users\erich\Documents\AFRL\Algebraic-Connectivity-Optimization-CDC2026\lite_trials_new\configs\old_model.yaml,full,12,0.545454545455,1,41,41,0.5454545454545454,5,0.4999999999999997,5.9999999999999964,0.003592100001696963,0.003592100001696963,0.005561400001170114,backbone,both,envelope,36,6.0,0.002024699999310542,False,,,True,2,"cayley,envelope",64,4,RL+Backbone,1,old_model,Old model (rl_train)
best,C:\Users\erich\Documents\AFRL\Algebraic-Connectivity-Optimization-CDC2026\lite_trials_new\runs\old_model\checkpoints\best.pt,ppo,2000,C:\Users\erich\Documents\AFRL\Algebraic-Connectivity-Optimization-CDC2026\lite_trials_new\configs\old_model.yaml,full,12,0.545454545455,2,41,41,0.5454545454545454,5,0.4999999999999997,5.9999999999999964,0.0036433999994187616,0.0036433999994187616,0.005669999998644926,backbone,both,envelope,36,6.0,0.002026599999226164,False,,,True,2,"cayley,envelope",64,4,RL+Backbone,2,old_model,Old model (rl_train)
best,C:\Users\erich\Documents\AFRL\Algebraic-Connectivity-Optimization-CDC2026\lite_trials_new\runs\old_model\checkpoints\best.pt,ppo,2000,C:\Users\erich\Documents\AFRL\Algebraic-Connectivity-Optimization-CDC2026\lite_trials_new\configs\old_model.yaml,full,12,0.654545454545,0,47,47,0.6545454545454545,2,0.5833333333333324,6.9999999999999885,0.004008200001408113,0.004008200001408113,0.005824300002132077,backbone,both,envelope,45,7.0,0.0018161000007239636,False,,,True,2,"cayley,envelope",64,4,RL+Backbone,0,old_model,Old model (rl_train)
best,C:\Users\erich\Documents\AFRL\Algebraic-Connectivity-Optimization-CDC2026\lite_trials_new\runs\old_model\checkpoints\best.pt,ppo,2000,C:\Users\erich\Documents\AFRL\Algebraic-Connectivity-Optimization-CDC2026\lite_trials_new\configs\old_model.yaml,full,12,0.654545454545,1,47,47,0.6545454545454545,2,0.5833333333333324,6.9999999999999885,0.004336900001362665,0.004336900001362665,0.0068428000013227575,backbone,both,envelope,45,7.0,0.002505899999960093,False,,,True,2,"cayley,envelope",64,4,RL+Backbone,1,old_model,Old model (rl_train)
best,C:\Users\erich\Documents\AFRL\Algebraic-Connectivity-Optimization-CDC2026\lite_trials_new\runs\old_model\checkpoints\best.pt,ppo,2000,C:\Users\erich\Documents\AFRL\Algebraic-Connectivity-Optimization-CDC2026\lite_trials_new\configs\old_model.yaml,full,12,0.654545454545,2,47,47,0.6545454545454545,2,0.5833333333333324,6.9999999999999885,0.003912500000296859,0.003912500000296859,0.00571450000279583,backbone,both,envelope,45,7.0,0.0018020000024989713,False,,,True,2,"cayley,envelope",64,4,RL+Backbone,2,old_model,Old model (rl_train)
best,C:\Users\erich\Documents\AFRL\Algebraic-Connectivity-Optimization-CDC2026\lite_trials_new\runs\old_model\checkpoints\best.pt,ppo,2000,C:\Users\erich\Documents\AFRL\Algebraic-Connectivity-Optimization-CDC2026\lite_trials_new\configs\old_model.yaml,full,12,0.763636363636,0,53,53,0.7636363636363637,5,0.6666666666666662,7.999999999999995,0.0036581999993359204,0.0036581999993359204,0.0037561999961326364,backbone,envelope_only,envelope,48,8.0,9.7999996796716e-05,False,,,False,1,envelope,64,4,RL+Backbone,0,old_model,Old model (rl_train)
best,C:\Users\erich\Documents\AFRL\Algebraic-Connectivity-Optimization-CDC2026\lite_trials_new\runs\old_model\checkpoints\best.pt,ppo,2000,C:\Users\erich\Documents\AFRL\Algebraic-Connectivity-Optimization-CDC2026\lite_trials_new\configs\old_model.yaml,full,12,0.763636363636,1,53,53,0.7636363636363637,5,0.6666666666666662,7.999999999999995,0.0035341999973752536,0.0035341999973752536,0.003629999999247957,backbone,envelope_only,envelope,48,8.0,9.580000187270343e-05,False,,,False,1,envelope,64,4,RL+Backbone,1,old_model,Old model (rl_train)
best,C:\Users\erich\Documents\AFRL\Algebraic-Connectivity-Optimization-CDC2026\lite_trials_new\runs\old_model\checkpoints\best.pt,ppo,2000,C:\Users\erich\Documents\AFRL\Algebraic-Connectivity-Optimization-CDC2026\lite_trials_new\configs\old_model.yaml,full,12,0.763636363636,2,53,53,0.7636363636363637,5,0.6666666666666662,7.999999999999995,0.0035678999993251637,0.0035678999993251637,0.003667599998152582,backbone,envelope_only,envelope,48,8.0,9.969999882741831e-05,False,,,False,1,envelope,64,4,RL+Backbone,2,old_model,Old model (rl_train)
best,C:\Users\erich\Documents\AFRL\Algebraic-Connectivity-Optimization-CDC2026\lite_trials_new\runs\old_model\checkpoints\best.pt,ppo,2000,C:\Users\erich\Documents\AFRL\Algebraic-Connectivity-Optimization-CDC2026\lite_trials_new\configs\old_model.yaml,full,12,0.872727272727,0,59,59,0.8727272727272727,5,0.7499999999999994,8.999999999999993,0.003933200001483783,0.003933200001483783,0.0040698000047996175,backbone,envelope_only,envelope,54,9.0,0.00013660000331583433,False,,,False,1,envelope,64,4,RL+Backbone,0,old_model,Old model (rl_train)
best,C:\Users\erich\Documents\AFRL\Algebraic-Connectivity-Optimization-CDC2026\lite_trials_new\runs\old_model\checkpoints\best.pt,ppo,2000,C:\Users\erich\Documents\AFRL\Algebraic-Connectivity-Optimization-CDC2026\lite_trials_new\configs\old_model.yaml,full,12,0.872727272727,1,59,59,0.8727272727272727,5,0.7499999999999994,8.999999999999993,0.003475199999229517,0.003475199999229517,0.0035819000004266854,backbone,envelope_only,envelope,54,9.0,0.0001067000011971686,False,,,False,1,envelope,64,4,RL+Backbone,1,old_model,Old model (rl_train)
best,C:\Users\erich\Documents\AFRL\Algebraic-Connectivity-Optimization-CDC2026\lite_trials_new\runs\old_model\checkpoints\best.pt,ppo,2000,C:\Users\erich\Documents\AFRL\Algebraic-Connectivity-Optimization-CDC2026\lite_trials_new\configs\old_model.yaml,full,12,0.872727272727,2,59,59,0.8727272727272727,5,0.7499999999999994,8.999999999999993,0.004729699998279102,0.004729699998279102,0.0048313000006601214,backbone,envelope_only,envelope,54,9.0,0.0001016000023810193,False,,,False,1,envelope,64,4,RL+Backbone,2,old_model,Old model (rl_train)
best,C:\Users\erich\Documents\AFRL\Algebraic-Connectivity-Optimization-CDC2026\lite_trials_new\runs\old_model\checkpoints\best.pt,ppo,2000,C:\Users\erich\Documents\AFRL\Algebraic-Connectivity-Optimization-CDC2026\lite_trials_new\configs\old_model.yaml,full,12,0.981818181818,0,65,65,0.9818181818181818,5,0.8333333333333345,10.000000000000014,0.003644299998995848,0.003644299998995848,0.0037769000009575393,backbone,envelope_only,envelope,60,10.0,0.0001326000019616913,False,,,False,1,envelope,64,4,RL+Backbone,0,old_model,Old model (rl_train)
best,C:\Users\erich\Documents\AFRL\Algebraic-Connectivity-Optimization-CDC2026\lite_trials_new\runs\old_model\checkpoints\best.pt,ppo,2000,C:\Users\erich\Documents\AFRL\Algebraic-Connectivity-Optimization-CDC2026\lite_trials_new\configs\old_model.yaml,full,12,0.981818181818,1,65,65,0.9818181818181818,5,0.8333333333333345,10.000000000000014,0.0037445999987539835,0.0037445999987539835,0.0038724999976693653,backbone,envelope_only,envelope,60,10.0,0.00012789999891538173,False,,,False,1,envelope,64,4,RL+Backbone,1,old_model,Old model (rl_train)
best,C:\Users\erich\Documents\AFRL\Algebraic-Connectivity-Optimization-CDC2026\lite_trials_new\runs\old_model\checkpoints\best.pt,ppo,2000,C:\Users\erich\Documents\AFRL\Algebraic-Connectivity-Optimization-CDC2026\lite_trials_new\configs\old_model.yaml,full,12,0.981818181818,2,65,65,0.9818181818181818,5,0.8333333333333345,10.000000000000014,0.004073500000231434,0.004073500000231434,0.004194599998299964,backbone,envelope_only,envelope,60,10.0,0.00012109999806853011,False,,,False,1,envelope,64,4,RL+Backbone,2,old_model,Old model (rl_train)
best,C:\Users\erich\Documents\AFRL\Algebraic-Connectivity-Optimization-CDC2026\lite_trials_new\runs\old_model\checkpoints\best.pt,ppo,2000,C:\Users\erich\Documents\AFRL\Algebraic-Connectivity-Optimization-CDC2026\lite_trials_new\configs\old_model.yaml,full,16,0.009523809524,0,16,16,0.009523809523809525,1,0.004275592038820103,0.06840947262112165,0.003243899998778943,0.003243899998778943,0.003243899998778943,path,path,path,15,0.0,0.0,False,,,False,1,path,64,4,RL+Path,0,old_model,Old model (rl_train)
best,C:\Users\erich\Documents\AFRL\Algebraic-Connectivity-Optimization-CDC2026\lite_trials_new\runs\old_model\checkpoints\best.pt,ppo,2000,C:\Users\erich\Documents\AFRL\Algebraic-Connectivity-Optimization-CDC2026\lite_trials_new\configs\old_model.yaml,full,16,0.009523809524,1,16,16,0.009523809523809525,1,0.004275592038820103,0.06840947262112165,0.0009562000013829675,0.0009562000013829675,0.0009562000013829675,path,path,path,15,0.0,0.0,False,,,False,1,path,64,4,RL+Path,1,old_model,Old model (rl_train)
best,C:\Users\erich\Documents\AFRL\Algebraic-Connectivity-Optimization-CDC2026\lite_trials_new\runs\old_model\checkpoints\best.pt,ppo,2000,C:\Users\erich\Documents\AFRL\Algebraic-Connectivity-Optimization-CDC2026\lite_trials_new\configs\old_model.yaml,full,16,0.009523809524,2,16,16,0.009523809523809525,1,0.004275592038820103,0.06840947262112165,0.0008364999994228128,0.0008364999994228128,0.0008364999994228128,path,path,path,15,0.0,0.0,False,,,False,1,path,64,4,RL+Path,2,old_model,Old model (rl_train)
best,C:\Users\erich\Documents\AFRL\Algebraic-Connectivity-Optimization-CDC2026\lite_trials_new\runs\old_model\checkpoints\best.pt,ppo,2000,C:\Users\erich\Documents\AFRL\Algebraic-Connectivity-Optimization-CDC2026\lite_trials_new\configs\old_model.yaml,full,16,0.114285714286,0,27,27,0.11428571428571428,12,0.08711898862450966,1.3939038179921546,0.008739900000364287,0.008739900000364287,0.008739900000364287,path,path,path,15,0.0,0.0,False,,,False,1,path,64,4,RL+Path,0,old_model,Old model (rl_train)
best,C:\Users\erich\Documents\AFRL\Algebraic-Connectivity-Optimization-CDC2026\lite_trials_new\runs\old_model\checkpoints\best.pt,ppo,2000,C:\Users\erich\Documents\AFRL\Algebraic-Connectivity-Optimization-CDC2026\lite_trials_new\configs\old_model.yaml,full,16,0.114285714286,1,27,27,0.11428571428571428,12,0.08711898862450966,1.3939038179921546,0.008623699999589007,0.008623699999589007,0.008623699999589007,path,path,path,15,0.0,0.0,False,,,False,1,path,64,4,RL+Path,1,old_model,Old model (rl_train)
best,C:\Users\erich\Documents\AFRL\Algebraic-Connectivity-Optimization-CDC2026\lite_trials_new\runs\old_model\checkpoints\best.pt,ppo,2000,C:\Users\erich\Documents\AFRL\Algebraic-Connectivity-Optimization-CDC2026\lite_trials_new\configs\old_model.yaml,full,16,0.114285714286,2,27,27,0.11428571428571428,12,0.08711898862450966,1.3939038179921546,0.008546400000341237,0.008546400000341237,0.008546400000341237,path,path,path,15,0.0,0.0,False,,,False,1,path,64,4,RL+Path,2,old_model,Old model (rl_train)
best,C:\Users\erich\Documents\AFRL\Algebraic-Connectivity-Optimization-CDC2026\lite_trials_new\runs\old_model\checkpoints\best.pt,ppo,2000,C:\Users\erich\Documents\AFRL\Algebraic-Connectivity-Optimization-CDC2026\lite_trials_new\configs\old_model.yaml,full,16,0.228571428571,0,39,39,0.22857142857142856,24,0.16041629581405892,2.5666607330249427,0.017027500001859153,0.017027500001859153,0.017027500001859153,path,path,path,15,0.0,0.0,False,,,False,1,path,64,4,RL+Path,0,old_model,Old model (rl_train)
best,C:\Users\erich\Documents\AFRL\Algebraic-Connectivity-Optimization-CDC2026\lite_trials_new\runs\old_model\checkpoints\best.pt,ppo,2000,C:\Users\erich\Documents\AFRL\Algebraic-Connectivity-Optimization-CDC2026\lite_trials_new\configs\old_model.yaml,full,16,0.228571428571,1,39,39,0.22857142857142856,24,0.16041629581405892,2.5666607330249427,0.018248200001835357,0.018248200001835357,0.018248200001835357,path,path,path,15,0.0,0.0,False,,,False,1,path,64,4,RL+Path,1,old_model,Old model (rl_train)
best,C:\Users\erich\Documents\AFRL\Algebraic-Connectivity-Optimization-CDC2026\lite_trials_new\runs\old_model\checkpoints\best.pt,ppo,2000,C:\Users\erich\Documents\AFRL\Algebraic-Connectivity-Optimization-CDC2026\lite_trials_new\configs\old_model.yaml,full,16,0.228571428571,2,39,39,0.22857142857142856,24,0.16041629581405892,2.5666607330249427,0.017046499997377396,0.017046499997377396,0.017046499997377396,path,path,path,15,0.0,0.0,False,,,False,1,path,64,4,RL+Path,2,old_model,Old model (rl_train)
best,C:\Users\erich\Documents\AFRL\Algebraic-Connectivity-Optimization-CDC2026\lite_trials_new\runs\old_model\checkpoints\best.pt,ppo,2000,C:\Users\erich\Documents\AFRL\Algebraic-Connectivity-Optimization-CDC2026\lite_trials_new\configs\old_model.yaml,full,16,0.333333333333,0,50,50,0.3333333333333333,35,0.2806475047106864,4.490360075370982,0.024638799997774186,0.024638799997774186,0.024638799997774186,path,path,path,15,0.0,0.0,False,,,False,1,path,64,4,RL+Path,0,old_model,Old model (rl_train)
best,C:\Users\erich\Documents\AFRL\Algebraic-Connectivity-Optimization-CDC2026\lite_trials_new\runs\old_model\checkpoints\best.pt,ppo,2000,C:\Users\erich\Documents\AFRL\Algebraic-Connectivity-Optimization-CDC2026\lite_trials_new\configs\old_model.yaml,full,16,0.333333333333,1,50,50,0.3333333333333333,35,0.2806475047106864,4.490360075370982,0.03141729999697418,0.03141729999697418,0.03141729999697418,path,path,path,15,0.0,0.0,False,,,False,1,path,64,4,RL+Path,1,old_model,Old model (rl_train)
best,C:\Users\erich\Documents\AFRL\Algebraic-Connectivity-Optimization-CDC2026\lite_trials_new\runs\old_model\checkpoints\best.pt,ppo,2000,C:\Users\erich\Documents\AFRL\Algebraic-Connectivity-Optimization-CDC2026\lite_trials_new\configs\old_model.yaml,full,16,0.333333333333,2,50,50,0.3333333333333333,35,0.2806475047106864,4.490360075370982,0.03422109999883105,0.03422109999883105,0.03422109999883105,path,path,path,15,0.0,0.0,False,,,False,1,path,64,4,RL+Path,2,old_model,Old model (rl_train)
best,C:\Users\erich\Documents\AFRL\Algebraic-Connectivity-Optimization-CDC2026\lite_trials_new\runs\old_model\checkpoints\best.pt,ppo,2000,C:\Users\erich\Documents\AFRL\Algebraic-Connectivity-Optimization-CDC2026\lite_trials_new\configs\old_model.yaml,full,16,0.447619047619,0,62,62,0.44761904761904764,47,0.36842402585682216,5.8947844137091545,0.03350429999773041,0.03350429999773041,0.03350429999773041,path,path,path,15,0.0,0.0,False,,,False,1,path,64,4,RL+Path,0,old_model,Old model (rl_train)
best,C:\Users\erich\Documents\AFRL\Algebraic-Connectivity-Optimization-CDC2026\lite_trials_new\runs\old_model\checkpoints\best.pt,ppo,2000,C:\Users\erich\Documents\AFRL\Algebraic-Connectivity-Optimization-CDC2026\lite_trials_new\configs\old_model.yaml,full,16,0.447619047619,1,62,62,0.44761904761904764,47,0.36842402585682216,5.8947844137091545,0.03439779999825987,0.03439779999825987,0.03439779999825987,path,path,path,15,0.0,0.0,False,,,False,1,path,64,4,RL+Path,1,old_model,Old model (rl_train)
best,C:\Users\erich\Documents\AFRL\Algebraic-Connectivity-Optimization-CDC2026\lite_trials_new\runs\old_model\checkpoints\best.pt,ppo,2000,C:\Users\erich\Documents\AFRL\Algebraic-Connectivity-Optimization-CDC2026\lite_trials_new\configs\old_model.yaml,full,16,0.447619047619,2,62,62,0.44761904761904764,47,0.36842402585682216,5.8947844137091545,0.03618980000101146,0.03618980000101146,0.03618980000101146,path,path,path,15,0.0,0.0,False,,,False,1,path,64,4,RL+Path,2,old_model,Old model (rl_train)
best,C:\Users\erich\Documents\AFRL\Algebraic-Connectivity-Optimization-CDC2026\lite_trials_new\runs\old_model\checkpoints\best.pt,ppo,2000,C:\Users\erich\Documents\AFRL\Algebraic-Connectivity-Optimization-CDC2026\lite_trials_new\configs\old_model.yaml,full,16,0.552380952381,0,73,73,0.5523809523809524,58,0.46543393497061597,7.4469429595298555,0.040459999996528495,0.040459999996528495,0.040459999996528495,path,path,path,15,0.0,0.0,False,,,False,1,path,64,4,RL+Path,0,old_model,Old model (rl_train)
best,C:\Users\erich\Documents\AFRL\Algebraic-Connectivity-Optimization-CDC2026\lite_trials_new\runs\old_model\checkpoints\best.pt,ppo,2000,C:\Users\erich\Documents\AFRL\Algebraic-Connectivity-Optimization-CDC2026\lite_trials_new\configs\old_model.yaml,full,16,0.552380952381,1,73,73,0.5523809523809524,58,0.46543393497061597,7.4469429595298555,0.043089800001325784,0.043089800001325784,0.043089800001325784,path,path,path,15,0.0,0.0,False,,,False,1,path,64,4,RL+Path,1,old_model,Old model (rl_train)
best,C:\Users\erich\Documents\AFRL\Algebraic-Connectivity-Optimization-CDC2026\lite_trials_new\runs\old_model\checkpoints\best.pt,ppo,2000,C:\Users\erich\Documents\AFRL\Algebraic-Connectivity-Optimization-CDC2026\lite_trials_new\configs\old_model.yaml,full,16,0.552380952381,2,73,73,0.5523809523809524,58,0.46543393497061597,7.4469429595298555,0.0425457000019378,0.0425457000019378,0.0425457000019378,path,path,path,15,0.0,0.0,False,,,False,1,path,64,4,RL+Path,2,old_model,Old model (rl_train)
best,C:\Users\erich\Documents\AFRL\Algebraic-Connectivity-Optimization-CDC2026\lite_trials_new\runs\old_model\checkpoints\best.pt,ppo,2000,C:\Users\erich\Documents\AFRL\Algebraic-Connectivity-Optimization-CDC2026\lite_trials_new\configs\old_model.yaml,full,16,0.666666666667,0,85,85,0.6666666666666666,70,0.5625000000000002,9.000000000000004,0.05104040000151144,0.05104040000151144,0.05104040000151144,path,path,path,15,0.0,0.0,False,,,False,1,path,64,4,RL+Path,0,old_model,Old model (rl_train)
best,C:\Users\erich\Documents\AFRL\Algebraic-Connectivity-Optimization-CDC2026\lite_trials_new\runs\old_model\checkpoints\best.pt,ppo,2000,C:\Users\erich\Documents\AFRL\Algebraic-Connectivity-Optimization-CDC2026\lite_trials_new\configs\old_model.yaml,full,16,0.666666666667,1,85,85,0.6666666666666666,70,0.5625000000000002,9.000000000000004,0.05132669999875361,0.05132669999875361,0.05132669999875361,path,path,path,15,0.0,0.0,False,,,False,1,path,64,4,RL+Path,1,old_model,Old model (rl_train)
best,C:\Users\erich\Documents\AFRL\Algebraic-Connectivity-Optimization-CDC2026\lite_trials_new\runs\old_model\checkpoints\best.pt,ppo,2000,C:\Users\erich\Documents\AFRL\Algebraic-Connectivity-Optimization-CDC2026\lite_trials_new\configs\old_model.yaml,full,16,0.666666666667,2,85,85,0.6666666666666666,70,0.5625000000000002,9.000000000000004,0.05256639999788604,0.05256639999788604,0.05256639999788604,path,path,path,15,0.0,0.0,False,,,False,1,path,64,4,RL+Path,2,old_model,Old model (rl_train)
best,C:\Users\erich\Documents\AFRL\Algebraic-Connectivity-Optimization-CDC2026\lite_trials_new\runs\old_model\checkpoints\best.pt,ppo,2000,C:\Users\erich\Documents\AFRL\Algebraic-Connectivity-Optimization-CDC2026\lite_trials_new\configs\old_model.yaml,full,16,0.771428571429,0,96,96,0.7714285714285715,81,0.6685765226417507,10.697224362268011,0.05858379999699537,0.05858379999699537,0.05858379999699537,path,path,path,15,0.0,0.0,False,,,False,1,path,64,4,RL+Path,0,old_model,Old model (rl_train)
best,C:\Users\erich\Documents\AFRL\Algebraic-Connectivity-Optimization-CDC2026\lite_trials_new\runs\old_model\checkpoints\best.pt,ppo,2000,C:\Users\erich\Documents\AFRL\Algebraic-Connectivity-Optimization-CDC2026\lite_trials_new\configs\old_model.yaml,full,16,0.771428571429,1,96,96,0.7714285714285715,81,0.6685765226417507,10.697224362268011,0.0585544999994454,0.0585544999994454,0.0585544999994454,path,path,path,15,0.0,0.0,False,,,False,1,path,64,4,RL+Path,1,old_model,Old model (rl_train)
best,C:\Users\erich\Documents\AFRL\Algebraic-Connectivity-Optimization-CDC2026\lite_trials_new\runs\old_model\checkpoints\best.pt,ppo,2000,C:\Users\erich\Documents\AFRL\Algebraic-Connectivity-Optimization-CDC2026\lite_trials_new\configs\old_model.yaml,full,16,0.771428571429,2,96,96,0.7714285714285715,81,0.6685765226417507,10.697224362268011,0.06202059999850462,0.06202059999850462,0.06202059999850462,path,path,path,15,0.0,0.0,False,,,False,1,path,64,4,RL+Path,2,old_model,Old model (rl_train)
best,C:\Users\erich\Documents\AFRL\Algebraic-Connectivity-Optimization-CDC2026\lite_trials_new\runs\old_model\checkpoints\best.pt,ppo,2000,C:\Users\erich\Documents\AFRL\Algebraic-Connectivity-Optimization-CDC2026\lite_trials_new\configs\old_model.yaml,full,16,0.885714285714,0,108,108,0.8857142857142857,93,0.7500000000000004,12.000000000000007,0.06661460000032093,0.06661460000032093,0.06661460000032093,path,path,path,15,0.0,0.0,False,,,False,1,path,64,4,RL+Path,0,old_model,Old model (rl_train)
best,C:\Users\erich\Documents\AFRL\Algebraic-Connectivity-Optimization-CDC2026\lite_trials_new\runs\old_model\checkpoints\best.pt,ppo,2000,C:\Users\erich\Documents\AFRL\Algebraic-Connectivity-Optimization-CDC2026\lite_trials_new\configs\old_model.yaml,full,16,0.885714285714,1,108,108,0.8857142857142857,93,0.7500000000000004,12.000000000000007,0.06585239999913028,0.06585239999913028,0.06585239999913028,path,path,path,15,0.0,0.0,False,,,False,1,path,64,4,RL+Path,1,old_model,Old model (rl_train)
best,C:\Users\erich\Documents\AFRL\Algebraic-Connectivity-Optimization-CDC2026\lite_trials_new\runs\old_model\checkpoints\best.pt,ppo,2000,C:\Users\erich\Documents\AFRL\Algebraic-Connectivity-Optimization-CDC2026\lite_trials_new\configs\old_model.yaml,full,16,0.885714285714,2,108,108,0.8857142857142857,93,0.7500000000000004,12.000000000000007,0.07243930000186083,0.07243930000186083,0.07243930000186083,path,path,path,15,0.0,0.0,False,,,False,1,path,64,4,RL+Path,2,old_model,Old model (rl_train)
best,C:\Users\erich\Documents\AFRL\Algebraic-Connectivity-Optimization-CDC2026\lite_trials_new\runs\old_model\checkpoints\best.pt,ppo,2000,C:\Users\erich\Documents\AFRL\Algebraic-Connectivity-Optimization-CDC2026\lite_trials_new\configs\old_model.yaml,full,16,0.990476190476,0,119,119,0.9904761904761905,104,0.875,14.0,0.07819629999721656,0.07819629999721656,0.07819629999721656,path,path,path,15,0.0,0.0,False,,,False,1,path,64,4,RL+Path,0,old_model,Old model (rl_train)
best,C:\Users\erich\Documents\AFRL\Algebraic-Connectivity-Optimization-CDC2026\lite_trials_new\runs\old_model\checkpoints\best.pt,ppo,2000,C:\Users\erich\Documents\AFRL\Algebraic-Connectivity-Optimization-CDC2026\lite_trials_new\configs\old_model.yaml,full,16,0.990476190476,1,119,119,0.9904761904761905,104,0.875,14.0,0.07665470000210917,0.07665470000210917,0.07665470000210917,path,path,path,15,0.0,0.0,False,,,False,1,path,64,4,RL+Path,1,old_model,Old model (rl_train)
best,C:\Users\erich\Documents\AFRL\Algebraic-Connectivity-Optimization-CDC2026\lite_trials_new\runs\old_model\checkpoints\best.pt,ppo,2000,C:\Users\erich\Documents\AFRL\Algebraic-Connectivity-Optimization-CDC2026\lite_trials_new\configs\old_model.yaml,full,16,0.990476190476,2,119,119,0.9904761904761905,104,0.875,14.0,0.07512069999938831,0.07512069999938831,0.07512069999938831,path,path,path,15,0.0,0.0,False,,,False,1,path,64,4,RL+Path,2,old_model,Old model (rl_train)
best,C:\Users\erich\Documents\AFRL\Algebraic-Connectivity-Optimization-CDC2026\lite_trials_new\runs\old_model\checkpoints\best.pt,ppo,2000,C:\Users\erich\Documents\AFRL\Algebraic-Connectivity-Optimization-CDC2026\lite_trials_new\configs\old_model.yaml,full,16,0.009523809524,0,16,16,0.009523809523809525,1,0.062499999999999944,0.9999999999999991,0.003229300000384683,0.003229300000384683,0.0036876000012853183,backbone,envelope_only,envelope,15,1.0,0.0004583000009006355,False,,,False,1,envelope,64,4,RL+Backbone,0,old_model,Old model (rl_train)
best,C:\Users\erich\Documents\AFRL\Algebraic-Connectivity-Optimization-CDC2026\lite_trials_new\runs\old_model\checkpoints\best.pt,ppo,2000,C:\Users\erich\Documents\AFRL\Algebraic-Connectivity-Optimization-CDC2026\lite_trials_new\configs\old_model.yaml,full,16,0.009523809524,1,16,16,0.009523809523809525,1,0.062499999999999944,0.9999999999999991,0.0009393000000272878,0.0009393000000272878,0.0010573000035947189,backbone,envelope_only,envelope,15,1.0,0.00011800000356743112,False,,,False,1,envelope,64,4,RL+Backbone,1,old_model,Old model (rl_train)
best,C:\Users\erich\Documents\AFRL\Algebraic-Connectivity-Optimization-CDC2026\lite_trials_new\runs\old_model\checkpoints\best.pt,ppo,2000,C:\Users\erich\Documents\AFRL\Algebraic-Connectivity-Optimization-CDC2026\lite_trials_new\configs\old_model.yaml,full,16,0.009523809524,2,16,16,0.009523809523809525,1,0.062499999999999944,0.9999999999999991,0.0008373000018764287,0.0008373000018764287,0.0009171000019705389,backbone,envelope_only,envelope,15,1.0,7.980000009411015e-05,False,,,False,1,envelope,64,4,RL+Backbone,2,old_model,Old model (rl_train)
best,C:\Users\erich\Documents\AFRL\Algebraic-Connectivity-Optimization-CDC2026\lite_trials_new\runs\old_model\checkpoints\best.pt,ppo,2000,C:\Users\erich\Documents\AFRL\Algebraic-Connectivity-Optimization-CDC2026\lite_trials_new\configs\old_model.yaml,full,16,0.114285714286,0,27,27,0.11428571428571428,3,0.06082859275951898,0.9732574841523037,0.002397100000962382,0.002397100000962382,0.0045702999996137805,backbone,cayley_only,cayley,24,0.7639320225002113,0.0021731999986513983,False,2,,False,1,cayley,64,4,RL+Backbone,0,old_model,Old model (rl_train)
best,C:\Users\erich\Documents\AFRL\Algebraic-Connectivity-Optimization-CDC2026\lite_trials_new\runs\old_model\checkpoints\best.pt,ppo,2000,C:\Users\erich\Documents\AFRL\Algebraic-Connectivity-Optimization-CDC2026\lite_trials_new\configs\old_model.yaml,full,16,0.114285714286,1,27,27,0.11428571428571428,3,0.06082859275951898,0.9732574841523037,0.0022468999995908234,0.0022468999995908234,0.004127299998799572,backbone,cayley_only,cayley,24,0.7639320225002113,0.0018803999992087483,False,2,,False,1,cayley,64,4,RL+Backbone,1,old_model,Old model (rl_train)
best,C:\Users\erich\Documents\AFRL\Algebraic-Connectivity-Optimization-CDC2026\lite_trials_new\runs\old_model\checkpoints\best.pt,ppo,2000,C:\Users\erich\Documents\AFRL\Algebraic-Connectivity-Optimization-CDC2026\lite_trials_new\configs\old_model.yaml,full,16,0.114285714286,2,27,27,0.11428571428571428,3,0.06082859275951898,0.9732574841523037,0.0024908999985200353,0.0024908999985200353,0.00448589999723481,backbone,cayley_only,cayley,24,0.7639320225002113,0.001994999998714775,False,2,,False,1,cayley,64,4,RL+Backbone,2,old_model,Old model (rl_train)
best,C:\Users\erich\Documents\AFRL\Algebraic-Connectivity-Optimization-CDC2026\lite_trials_new\runs\old_model\checkpoints\best.pt,ppo,2000,C:\Users\erich\Documents\AFRL\Algebraic-Connectivity-Optimization-CDC2026\lite_trials_new\configs\old_model.yaml,full,16,0.228571428571,0,39,39,0.22857142857142856,7,0.16657959091060107,2.665273454569617,0.005507599998963997,0.005507599998963997,0.007622399996762397,backbone,cayley_only,cayley,32,1.9999999999999991,0.0021147999977984,False,2,,False,1,cayley,64,4,RL+Backbone,0,old_model,Old model (rl_train)
best,C:\Users\erich\Documents\AFRL\Algebraic-Connectivity-Optimization-CDC2026\lite_trials_new\runs\old_model\checkpoints\best.pt,ppo,2000,C:\Users\erich\Documents\AFRL\Algebraic-Connectivity-Optimization-CDC2026\lite_trials_new\configs\old_model.yaml,full,16,0.228571428571,1,39,39,0.22857142857142856,7,0.16657959091060107,2.665273454569617,0.005905100002564723,0.005905100002564723,0.00795260000450071,backbone,cayley_only,cayley,32,1.9999999999999991,0.002047500001935987,False,2,,False,1,cayley,64,4,RL+Backbone,1,old_model,Old model (rl_train)
best,C:\Users\erich\Documents\AFRL\Algebraic-Connectivity-Optimization-CDC2026\lite_trials_new\runs\old_model\checkpoints\best.pt,ppo,2000,C:\Users\erich\Documents\AFRL\Algebraic-Connectivity-Optimization-CDC2026\lite_trials_new\configs\old_model.yaml,full,16,0.228571428571,2,39,39,0.22857142857142856,7,0.16657959091060107,2.665273454569617,0.005218199999944773,0.005218199999944773,0.007264700001542224,backbone,cayley_only,cayley,32,1.9999999999999991,0.002046500001597451,False,2,,False,1,cayley,64,4,RL+Backbone,2,old_model,Old model (rl_train)
best,C:\Users\erich\Documents\AFRL\Algebraic-Connectivity-Optimization-CDC2026\lite_trials_new\runs\old_model\checkpoints\best.pt,ppo,2000,C:\Users\erich\Documents\AFRL\Algebraic-Connectivity-Optimization-CDC2026\lite_trials_new\configs\old_model.yaml,full,16,0.333333333333,0,50,50,0.3333333333333333,2,0.2595150584360893,4.152240934977429,0.0017426999984309077,0.0017426999984309077,0.0040063999986159615,backbone,cayley_only,cayley,48,4.000000000000001,0.002263700000185054,False,2,,False,1,cayley,64,4,RL+Backbone,0,old_model,Old model (rl_train)
best,C:\Users\erich\Documents\AFRL\Algebraic-Connectivity-Optimization-CDC2026\lite_trials_new\runs\old_model\checkpoints\best.pt,ppo,2000,C:\Users\erich\Documents\AFRL\Algebraic-Connectivity-Optimization-CDC2026\lite_trials_new\configs\old_model.yaml,full,16,0.333333333333,1,50,50,0.3333333333333333,2,0.2595150584360893,4.152240934977429,0.00151940000068862,0.00151940000068862,0.003668199999083299,backbone,cayley_only,cayley,48,4.000000000000001,0.0021487999983946793,False,2,,False,1,cayley,64,4,RL+Backbone,1,old_model,Old model (rl_train)
best,C:\Users\erich\Documents\AFRL\Algebraic-Connectivity-Optimization-CDC2026\lite_trials_new\runs\old_model\checkpoints\best.pt,ppo,2000,C:\Users\erich\Documents\AFRL\Algebraic-Connectivity-Optimization-CDC2026\lite_trials_new\configs\old_model.yaml,full,16,0.333333333333,2,50,50,0.3333333333333333,2,0.25951505843608896,4.152240934977423,0.0015902999984973576,0.0015902999984973576,0.0037068999990879092,backbone,cayley_only,cayley,48,4.000000000000001,0.0021166000005905516,False,2,,False,1,cayley,64,4,RL+Backbone,2,old_model,Old model (rl_train)
best,C:\Users\erich\Documents\AFRL\Algebraic-Connectivity-Optimization-CDC2026\lite_trials_new\runs\old_model\checkpoints\best.pt,ppo,2000,C:\Users\erich\Documents\AFRL\Algebraic-Connectivity-Optimization-CDC2026\lite_trials_new\configs\old_model.yaml,full,16,0.447619047619,0,62,62,0.44761904761904764,6,0.37500000000000006,6.000000000000001,0.0057283000023744535,0.0057283000023744535,0.007779900002788054,backbone,cayley_only,cayley,56,5.999999999999996,0.0020516000004136004,False,2,,False,1,cayley,64,4,RL+Backbone,0,old_model,Old model (rl_train)
best,C:\Users\erich\Documents\AFRL\Algebraic-Connectivity-Optimization-CDC2026\lite_trials_new\runs\old_model\checkpoints\best.pt,ppo,2000,C:\Users\erich\Documents\AFRL\Algebraic-Connectivity-Optimization-CDC2026\lite_trials_new\configs\old_model.yaml,full,16,0.447619047619,1,62,62,0.44761904761904764,6,0.37500000000000006,6.000000000000001,0.0054079000001365785,0.0054079000001365785,0.008385100001760293,backbone,cayley_only,cayley,56,5.999999999999996,0.0029772000016237143,False,2,,False,1,cayley,64,4,RL+Backbone,1,old_model,Old model (rl_train)
best,C:\Users\erich\Documents\AFRL\Algebraic-Connectivity-Optimization-CDC2026\lite_trials_new\runs\old_model\checkpoints\best.pt,ppo,2000,C:\Users\erich\Documents\AFRL\Algebraic-Connectivity-Optimization-CDC2026\lite_trials_new\configs\old_model.yaml,full,16,0.447619047619,2,62,62,0.44761904761904764,6,0.37500000000000006,6.000000000000001,0.004523799998423783,0.004523799998423783,0.006938499995158054,backbone,cayley_only,cayley,56,5.999999999999996,0.002414699996734271,False,2,,False,1,cayley,64,4,RL+Backbone,2,old_model,Old model (rl_train)
best,C:\Users\erich\Documents\AFRL\Algebraic-Connectivity-Optimization-CDC2026\lite_trials_new\runs\old_model\checkpoints\best.pt,ppo,2000,C:\Users\erich\Documents\AFRL\Algebraic-Connectivity-Optimization-CDC2026\lite_trials_new\configs\old_model.yaml,full,16,0.552380952381,0,73,73,0.5523809523809524,1,0.4999999999999999,7.999999999999998,0.007645099998626392,0.007645099998626392,0.007752799996524118,backbone,both,cayley,72,7.999999999999977,0.0018751999996311497,False,2,,True,2,"cayley,envelope",64,4,RL+Backbone,0,old_model,Old model (rl_train)
best,C:\Users\erich\Documents\AFRL\Algebraic-Connectivity-Optimization-CDC2026\lite_trials_new\runs\old_model\checkpoints\best.pt,ppo,2000,C:\Users\erich\Documents\AFRL\Algebraic-Connectivity-Optimization-CDC2026\lite_trials_new\configs\old_model.yaml,full,16,0.552380952381,1,73,73,0.5523809523809524,1,0.4999999999999999,7.999999999999998,0.007842700000765035,0.007842700000765035,0.007968300000356976,backbone,both,cayley,72,7.999999999999977,0.0026861999976972584,False,2,,True,2,"cayley,envelope",64,4,RL+Backbone,1,old_model,Old model (rl_train)
best,C:\Users\erich\Documents\AFRL\Algebraic-Connectivity-Optimization-CDC2026\lite_trials_new\runs\old_model\checkpoints\best.pt,ppo,2000,C:\Users\erich\Documents\AFRL\Algebraic-Connectivity-Optimization-CDC2026\lite_trials_new\configs\old_model.yaml,full,16,0.552380952381,2,73,73,0.5523809523809524,1,0.4999999999999999,7.999999999999998,0.006549900001118658,0.006549900001118658,0.00667780000003404,backbone,both,cayley,72,7.999999999999977,0.002641899998707231,False,2,,True,2,"cayley,envelope",64,4,RL+Backbone,2,old_model,Old model (rl_train)
best,C:\Users\erich\Documents\AFRL\Algebraic-Connectivity-Optimization-CDC2026\lite_trials_new\runs\old_model\checkpoints\best.pt,ppo,2000,C:\Users\erich\Documents\AFRL\Algebraic-Connectivity-Optimization-CDC2026\lite_trials_new\configs\old_model.yaml,full,16,0.666666666667,0,85,85,0.6666666666666666,0,0.6249999999999998,9.999999999999996,0.0009285999985877424,0.0009285999985877424,0.002788199999486096,backbone,both,cayley,85,9.999999999999996,0.002788099998724647,False,3,,True,2,"cayley,envelope",64,4,RL+Backbone,0,old_model,Old model (rl_train)
best,C:\Users\erich\Documents\AFRL\Algebraic-Connectivity-Optimization-CDC2026\lite_trials_new\runs\old_model\checkpoints\best.pt,ppo,2000,C:\Users\erich\Documents\AFRL\Algebraic-Connectivity-Optimization-CDC2026\lite_trials_new\configs\old_model.yaml,full,16,0.666666666667,1,85,85,0.6666666666666666,0,0.6249999999999996,9.999999999999993,0.0008338000006915536,0.0008338000006915536,0.00243390000105137,backbone,both,cayley,85,9.999999999999996,0.0024338000002899207,False,3,,True,2,"cayley,envelope",64,4,RL+Backbone,1,old_model,Old model (rl_train)
best,C:\Users\erich\Documents\AFRL\Algebraic-Connectivity-Optimization-CDC2026\lite_trials_new\runs\old_model\checkpoints\best.pt,ppo,2000,C:\Users\erich\Documents\AFRL\Algebraic-Connectivity-Optimization-CDC2026\lite_trials_new\configs\old_model.yaml,full,16,0.666666666667,2,85,85,0.6666666666666666,1,0.6249999999999998,9.999999999999996,0.0011300000005576294,0.0011300000005576294,0.0037813999988429714,backbone,both,cayley,84,9.999999999999973,0.0029643000016221777,False,3,,True,2,"cayley,envelope",64,4,RL+Backbone,2,old_model,Old model (rl_train)
best,C:\Users\erich\Documents\AFRL\Algebraic-Connectivity-Optimization-CDC2026\lite_trials_new\runs\old_model\checkpoints\best.pt,ppo,2000,C:\Users\erich\Documents\AFRL\Algebraic-Connectivity-Optimization-CDC2026\lite_trials_new\configs\old_model.yaml,full,16,0.771428571429,0,96,96,0.7714285714285715,0,0.7499999999999996,11.999999999999993,2.00001522898674e-07,2.00001522898674e-07,0.00013670000043930486,backbone,envelope_only,envelope,96,12.0,0.00013649999891640618,False,,,False,1,envelope,64,4,RL+Backbone,0,old_model,Old model (rl_train)
best,C:\Users\erich\Documents\AFRL\Algebraic-Connectivity-Optimization-CDC2026\lite_trials_new\runs\old_model\checkpoints\best.pt,ppo,2000,C:\Users\erich\Documents\AFRL\Algebraic-Connectivity-Optimization-CDC2026\lite_trials_new\configs\old_model.yaml,full,16,0.771428571429,1,96,96,0.7714285714285715,0,0.7499999999999996,11.999999999999993,2.00001522898674e-07,2.00001522898674e-07,0.00012790000255336054,backbone,envelope_only,envelope,96,12.0,0.00012770000103046186,False,,,False,1,envelope,64,4,RL+Backbone,1,old_model,Old model (rl_train)
best,C:\Users\erich\Documents\AFRL\Algebraic-Connectivity-Optimization-CDC2026\lite_trials_new\runs\old_model\checkpoints\best.pt,ppo,2000,C:\Users\erich\Documents\AFRL\Algebraic-Connectivity-Optimization-CDC2026\lite_trials_new\configs\old_model.yaml,full,16,0.771428571429,2,96,96,0.7714285714285715,0,0.7499999999999996,11.999999999999993,1.00000761449337e-07,1.00000761449337e-07,0.0001396000006934628,backbone,envelope_only,envelope,96,12.0,0.00013949999993201345,False,,,False,1,envelope,64,4,RL+Backbone,2,old_model,Old model (rl_train)
best,C:\Users\erich\Documents\AFRL\Algebraic-Connectivity-Optimization-CDC2026\lite_trials_new\runs\old_model\checkpoints\best.pt,ppo,2000,C:\Users\erich\Documents\AFRL\Algebraic-Connectivity-Optimization-CDC2026\lite_trials_new\configs\old_model.yaml,full,16,0.885714285714,0,108,108,0.8857142857142857,3,0.8124999999999997,12.999999999999995,0.003281299999798648,0.003281299999798648,0.0034539000007498544,backbone,envelope_only,envelope,105,13.0,0.0001726000009512063,False,,,False,1,envelope,64,4,RL+Backbone,0,old_model,Old model (rl_train)
best,C:\Users\erich\Documents\AFRL\Algebraic-Connectivity-Optimization-CDC2026\lite_trials_new\runs\old_model\checkpoints\best.pt,ppo,2000,C:\Users\erich\Documents\AFRL\Algebraic-Connectivity-Optimization-CDC2026\lite_trials_new\configs\old_model.yaml,full,16,0.885714285714,1,108,108,0.8857142857142857,3,0.8124999999999997,12.999999999999995,0.002217099998233607,0.002217099998233607,0.0023607999974046834,backbone,envelope_only,envelope,105,13.0,0.00014369999917107634,False,,,False,1,envelope,64,4,RL+Backbone,1,old_model,Old model (rl_train)
best,C:\Users\erich\Documents\AFRL\Algebraic-Connectivity-Optimization-CDC2026\lite_trials_new\runs\old_model\checkpoints\best.pt,ppo,2000,C:\Users\erich\Documents\AFRL\Algebraic-Connectivity-Optimization-CDC2026\lite_trials_new\configs\old_model.yaml,full,16,0.885714285714,2,108,108,0.8857142857142857,3,0.8124999999999997,12.999999999999995,0.0028548000009323005,0.0028548000009323005,0.0029849000020476524,backbone,envelope_only,envelope,105,13.0,0.00013010000111535192,False,,,False,1,envelope,64,4,RL+Backbone,2,old_model,Old model (rl_train)
best,C:\Users\erich\Documents\AFRL\Algebraic-Connectivity-Optimization-CDC2026\lite_trials_new\runs\old_model\checkpoints\best.pt,ppo,2000,C:\Users\erich\Documents\AFRL\Algebraic-Connectivity-Optimization-CDC2026\lite_trials_new\configs\old_model.yaml,full,16,0.990476190476,0,119,119,0.9904761904761905,7,0.8750000000000002,14.000000000000004,0.005302300000039395,0.005302300000039395,0.005454399997688597,backbone,envelope_only,envelope,112,14.0,0.00015209999764920212,False,,,False,1,envelope,64,4,RL+Backbone,0,old_model,Old model (rl_train)
best,C:\Users\erich\Documents\AFRL\Algebraic-Connectivity-Optimization-CDC2026\lite_trials_new\runs\old_model\checkpoints\best.pt,ppo,2000,C:\Users\erich\Documents\AFRL\Algebraic-Connectivity-Optimization-CDC2026\lite_trials_new\configs\old_model.yaml,full,16,0.990476190476,1,119,119,0.9904761904761905,7,0.8750000000000002,14.000000000000004,0.005169000000023516,0.005169000000023516,0.005338500002835644,backbone,envelope_only,envelope,112,14.0,0.00016950000281212851,False,,,False,1,envelope,64,4,RL+Backbone,1,old_model,Old model (rl_train)
best,C:\Users\erich\Documents\AFRL\Algebraic-Connectivity-Optimization-CDC2026\lite_trials_new\runs\old_model\checkpoints\best.pt,ppo,2000,C:\Users\erich\Documents\AFRL\Algebraic-Connectivity-Optimization-CDC2026\lite_trials_new\configs\old_model.yaml,full,16,0.990476190476,2,119,119,0.9904761904761905,7,0.8750000000000002,14.000000000000004,0.005427600000984967,0.005427600000984967,0.005578000000241445,backbone,envelope_only,envelope,112,14.0,0.00015039999925647862,False,,,False,1,envelope,64,4,RL+Backbone,2,old_model,Old model (rl_train)
best,C:\Users\erich\Documents\AFRL\Algebraic-Connectivity-Optimization-CDC2026\lite_trials_new\runs\old_model\checkpoints\best.pt,ppo,2000,C:\Users\erich\Documents\AFRL\Algebraic-Connectivity-Optimization-CDC2026\lite_trials_new\configs\old_model.yaml,full,32,0.002150537634,0,32,32,0.002150537634408602,1,0.0008206380230227043,0.02626041673672654,0.003383799998118775,0.003383799998118775,0.003383799998118775,path,path,path,31,0.0,0.0,False,,,False,1,path,64,4,RL+Path,0,old_model,Old model (rl_train)
best,C:\Users\erich\Documents\AFRL\Algebraic-Connectivity-Optimization-CDC2026\lite_trials_new\runs\old_model\checkpoints\best.pt,ppo,2000,C:\Users\erich\Documents\AFRL\Algebraic-Connectivity-Optimization-CDC2026\lite_trials_new\configs\old_model.yaml,full,32,0.002150537634,1,32,32,0.002150537634408602,1,0.0008206380230227043,0.02626041673672654,0.0010375999991083518,0.0010375999991083518,0.0010375999991083518,path,path,path,31,0.0,0.0,False,,,False,1,path,64,4,RL+Path,1,old_model,Old model (rl_train)
best,C:\Users\erich\Documents\AFRL\Algebraic-Connectivity-Optimization-CDC2026\lite_trials_new\runs\old_model\checkpoints\best.pt,ppo,2000,C:\Users\erich\Documents\AFRL\Algebraic-Connectivity-Optimization-CDC2026\lite_trials_new\configs\old_model.yaml,full,32,0.002150537634,2,32,32,0.002150537634408602,1,0.0008206380230227043,0.02626041673672654,0.0013092000008327886,0.0013092000008327886,0.0013092000008327886,path,path,path,31,0.0,0.0,False,,,False,1,path,64,4,RL+Path,2,old_model,Old model (rl_train)
best,C:\Users\erich\Documents\AFRL\Algebraic-Connectivity-Optimization-CDC2026\lite_trials_new\runs\old_model\checkpoints\best.pt,ppo,2000,C:\Users\erich\Documents\AFRL\Algebraic-Connectivity-Optimization-CDC2026\lite_trials_new\configs\old_model.yaml,full,32,0.111827956989,0,83,83,0.11182795698924732,52,0.07711522479165761,2.4676871933330435,0.052267099999880884,0.052267099999880884,0.052267099999880884,path,path,path,31,0.0,0.0,False,,,False,1,path,64,4,RL+Path,0,old_model,Old model (rl_train)
best,C:\Users\erich\Documents\AFRL\Algebraic-Connectivity-Optimization-CDC2026\lite_trials_new\runs\old_model\checkpoints\best.pt,ppo,2000,C:\Users\erich\Documents\AFRL\Algebraic-Connectivity-Optimization-CDC2026\lite_trials_new\configs\old_model.yaml,full,32,0.111827956989,1,83,83,0.11182795698924732,52,0.07711522479165761,2.4676871933330435,0.05152100000123028,0.05152100000123028,0.05152100000123028,path,path,path,31,0.0,0.0,False,,,False,1,path,64,4,RL+Path,1,old_model,Old model (rl_train)
best,C:\Users\erich\Documents\AFRL\Algebraic-Connectivity-Optimization-CDC2026\lite_trials_new\runs\old_model\checkpoints\best.pt,ppo,2000,C:\Users\erich\Documents\AFRL\Algebraic-Connectivity-Optimization-CDC2026\lite_trials_new\configs\old_model.yaml,full,32,0.111827956989,2,83,83,0.11182795698924732,52,0.07711522479165761,2.4676871933330435,0.050790699999197386,0.050790699999197386,0.050790699999197386,path,path,path,31,0.0,0.0,False,,,False,1,path,64,4,RL+Path,2,old_model,Old model (rl_train)
best,C:\Users\erich\Documents\AFRL\Algebraic-Connectivity-Optimization-CDC2026\lite_trials_new\runs\old_model\checkpoints\best.pt,ppo,2000,C:\Users\erich\Documents\AFRL\Algebraic-Connectivity-Optimization-CDC2026\lite_trials_new\configs\old_model.yaml,full,32,0.223655913978,0,135,135,0.22365591397849463,104,0.17253476166842915,5.521112373389733,0.10132529999827966,0.10132529999827966,0.10132529999827966,path,path,path,31,0.0,0.0,False,,,False,1,path,64,4,RL+Path,0,old_model,Old model (rl_train)
best,C:\Users\erich\Documents\AFRL\Algebraic-Connectivity-Optimization-CDC2026\lite_trials_new\runs\old_model\checkpoints\best.pt,ppo,2000,C:\Users\erich\Documents\AFRL\Algebraic-Connectivity-Optimization-CDC2026\lite_trials_new\configs\old_model.yaml,full,32,0.223655913978,1,135,135,0.22365591397849463,104,0.17253476166842915,5.521112373389733,0.10855900000024121,0.10855900000024121,0.10855900000024121,path,path,path,31,0.0,0.0,False,,,False,1,path,64,4,RL+Path,1,old_model,Old model (rl_train)
best,C:\Users\erich\Documents\AFRL\Algebraic-Connectivity-Optimization-CDC2026\lite_trials_new\runs\old_model\checkpoints\best.pt,ppo,2000,C:\Users\erich\Documents\AFRL\Algebraic-Connectivity-Optimization-CDC2026\lite_trials_new\configs\old_model.yaml,full,32,0.223655913978,2,135,135,0.22365591397849463,104,0.17253476166842915,5.521112373389733,0.11187079999945126,0.11187079999945126,0.11187079999945126,path,path,path,31,0.0,0.0,False,,,False,1,path,64,4,RL+Path,2,old_model,Old model (rl_train)
best,C:\Users\erich\Documents\AFRL\Algebraic-Connectivity-Optimization-CDC2026\lite_trials_new\runs\old_model\checkpoints\best.pt,ppo,2000,C:\Users\erich\Documents\AFRL\Algebraic-Connectivity-Optimization-CDC2026\lite_trials_new\configs\old_model.yaml,full,32,0.333333333333,0,186,186,0.3333333333333333,155,0.273463513310523,8.750832425936736,0.1555268000010983,0.1555268000010983,0.1555268000010983,path,path,path,31,0.0,0.0,False,,,False,1,path,64,4,RL+Path,0,old_model,Old model (rl_train)
best,C:\Users\erich\Documents\AFRL\Algebraic-Connectivity-Optimization-CDC2026\lite_trials_new\runs\old_model\checkpoints\best.pt,ppo,2000,C:\Users\erich\Documents\AFRL\Algebraic-Connectivity-Optimization-CDC2026\lite_trials_new\configs\old_model.yaml,full,32,0.333333333333,1,186,186,0.3333333333333333,155,0.273463513310523,8.750832425936736,0.1561245000011695,0.1561245000011695,0.1561245000011695,path,path,path,31,0.0,0.0,False,,,False,1,path,64,4,RL+Path,1,old_model,Old model (rl_train)
best,C:\Users\erich\Documents\AFRL\Algebraic-Connectivity-Optimization-CDC2026\lite_trials_new\runs\old_model\checkpoints\best.pt,ppo,2000,C:\Users\erich\Documents\AFRL\Algebraic-Connectivity-Optimization-CDC2026\lite_trials_new\configs\old_model.yaml,full,32,0.333333333333,2,186,186,0.3333333333333333,155,0.273463513310523,8.750832425936736,0.15539779999744496,0.15539779999744496,0.15539779999744496,path,path,path,31,0.0,0.0,False,,,False,1,path,64,4,RL+Path,2,old_model,Old model (rl_train)
best,C:\Users\erich\Documents\AFRL\Algebraic-Connectivity-Optimization-CDC2026\lite_trials_new\runs\old_model\checkpoints\best.pt,ppo,2000,C:\Users\erich\Documents\AFRL\Algebraic-Connectivity-Optimization-CDC2026\lite_trials_new\configs\old_model.yaml,full,32,0.445161290323,0,238,238,0.44516129032258067,207,0.3728391968996985,11.930854300790353,0.2052975000005972,0.2052975000005972,0.2052975000005972,path,path,path,31,0.0,0.0,False,,,False,1,path,64,4,RL+Path,0,old_model,Old model (rl_train)
best,C:\Users\erich\Documents\AFRL\Algebraic-Connectivity-Optimization-CDC2026\lite_trials_new\runs\old_model\checkpoints\best.pt,ppo,2000,C:\Users\erich\Documents\AFRL\Algebraic-Connectivity-Optimization-CDC2026\lite_trials_new\configs\old_model.yaml,full,32,0.445161290323,1,238,238,0.44516129032258067,207,0.3728391968996985,11.930854300790353,0.20766490000096383,0.20766490000096383,0.20766490000096383,path,path,path,31,0.0,0.0,False,,,False,1,path,64,4,RL+Path,1,old_model,Old model (rl_train)
best,C:\Users\erich\Documents\AFRL\Algebraic-Connectivity-Optimization-CDC2026\lite_trials_new\runs\old_model\checkpoints\best.pt,ppo,2000,C:\Users\erich\Documents\AFRL\Algebraic-Connectivity-Optimization-CDC2026\lite_trials_new\configs\old_model.yaml,full,32,0.445161290323,2,238,238,0.44516129032258067,207,0.3728391968996985,11.930854300790353,0.2055804999981774,0.2055804999981774,0.2055804999981774,path,path,path,31,0.0,0.0,False,,,False,1,path,64,4,RL+Path,2,old_model,Old model (rl_train)
best,C:\Users\erich\Documents\AFRL\Algebraic-Connectivity-Optimization-CDC2026\lite_trials_new\runs\old_model\checkpoints\best.pt,ppo,2000,C:\Users\erich\Documents\AFRL\Algebraic-Connectivity-Optimization-CDC2026\lite_trials_new\configs\old_model.yaml,full,32,0.554838709677,0,289,289,0.5548387096774193,258,0.4818279080279539,15.418493056894524,0.2563711000002513,0.2563711000002513,0.2563711000002513,path,path,path,31,0.0,0.0,False,,,False,1,path,64,4,RL+Path,0,old_model,Old model (rl_train)
best,C:\Users\erich\Documents\AFRL\Algebraic-Connectivity-Optimization-CDC2026\lite_trials_new\runs\old_model\checkpoints\best.pt,ppo,2000,C:\Users\erich\Documents\AFRL\Algebraic-Connectivity-Optimization-CDC2026\lite_trials_new\configs\old_model.yaml,full,32,0.554838709677,1,289,289,0.5548387096774193,258,0.4818279080279539,15.418493056894524,0.2612898999977915,0.2612898999977915,0.2612898999977915,path,path,path,31,0.0,0.0,False,,,False,1,path,64,4,RL+Path,1,old_model,Old model (rl_train)
best,C:\Users\erich\Documents\AFRL\Algebraic-Connectivity-Optimization-CDC2026\lite_trials_new\runs\old_model\checkpoints\best.pt,ppo,2000,C:\Users\erich\Documents\AFRL\Algebraic-Connectivity-Optimization-CDC2026\lite_trials_new\configs\old_model.yaml,full,32,0.554838709677,2,289,289,0.5548387096774193,258,0.4818279080279539,15.418493056894524,0.2574832999998762,0.2574832999998762,0.2574832999998762,path,path,path,31,0.0,0.0,False,,,False,1,path,64,4,RL+Path,2,old_model,Old model (rl_train)
best,C:\Users\erich\Documents\AFRL\Algebraic-Connectivity-Optimization-CDC2026\lite_trials_new\runs\old_model\checkpoints\best.pt,ppo,2000,C:\Users\erich\Documents\AFRL\Algebraic-Connectivity-Optimization-CDC2026\lite_trials_new\configs\old_model.yaml,full,32,0.666666666667,0,341,341,0.6666666666666666,310,0.5925856003899561,18.962739212478596,0.3095331999975315,0.3095331999975315,0.3095331999975315,path,path,path,31,0.0,0.0,False,,,False,1,path,64,4,RL+Path,0,old_model,Old model (rl_train)
best,C:\Users\erich\Documents\AFRL\Algebraic-Connectivity-Optimization-CDC2026\lite_trials_new\runs\old_model\checkpoints\best.pt,ppo,2000,C:\Users\erich\Documents\AFRL\Algebraic-Connectivity-Optimization-CDC2026\lite_trials_new\configs\old_model.yaml,full,32,0.666666666667,1,341,341,0.6666666666666666,310,0.5925856003899561,18.962739212478596,0.3106095000002824,0.3106095000002824,0.3106095000002824,path,path,path,31,0.0,0.0,False,,,False,1,path,64,4,RL+Path,1,old_model,Old model (rl_train)
best,C:\Users\erich\Documents\AFRL\Algebraic-Connectivity-Optimization-CDC2026\lite_trials_new\runs\old_model\checkpoints\best.pt,ppo,2000,C:\Users\erich\Documents\AFRL\Algebraic-Connectivity-Optimization-CDC2026\lite_trials_new\configs\old_model.yaml,full,32,0.666666666667,2,341,341,0.6666666666666666,310,0.5925856003899561,18.962739212478596,0.3090527000022121,0.3090527000022121,0.3090527000022121,path,path,path,31,0.0,0.0,False,,,False,1,path,64,4,RL+Path,2,old_model,Old model (rl_train)
best,C:\Users\erich\Documents\AFRL\Algebraic-Connectivity-Optimization-CDC2026\lite_trials_new\runs\old_model\checkpoints\best.pt,ppo,2000,C:\Users\erich\Documents\AFRL\Algebraic-Connectivity-Optimization-CDC2026\lite_trials_new\configs\old_model.yaml,full,32,0.776344086022,0,392,392,0.7763440860215054,361,0.7014856076553705,22.447539444971856,0.36539499999707914,0.36539499999707914,0.36539499999707914,path,path,path,31,0.0,0.0,False,,,False,1,path,64,4,RL+Path,0,old_model,Old model (rl_train)
best,C:\Users\erich\Documents\AFRL\Algebraic-Connectivity-Optimization-CDC2026\lite_trials_new\runs\old_model\checkpoints\best.pt,ppo,2000,C:\Users\erich\Documents\AFRL\Algebraic-Connectivity-Optimization-CDC2026\lite_trials_new\configs\old_model.yaml,full,32,0.776344086022,1,392,392,0.7763440860215054,361,0.7014856076553705,22.447539444971856,0.3777522000018507,0.3777522000018507,0.3777522000018507,path,path,path,31,0.0,0.0,False,,,False,1,path,64,4,RL+Path,1,old_model,Old model (rl_train)
best,C:\Users\erich\Documents\AFRL\Algebraic-Connectivity-Optimization-CDC2026\lite_trials_new\runs\old_model\checkpoints\best.pt,ppo,2000,C:\Users\erich\Documents\AFRL\Algebraic-Connectivity-Optimization-CDC2026\lite_trials_new\configs\old_model.yaml,full,32,0.776344086022,2,392,392,0.7763440860215054,361,0.7014856076553705,22.447539444971856,0.3653679999988526,0.3653679999988526,0.3653679999988526,path,path,path,31,0.0,0.0,False,,,False,1,path,64,4,RL+Path,2,old_model,Old model (rl_train)
best,C:\Users\erich\Documents\AFRL\Algebraic-Connectivity-Optimization-CDC2026\lite_trials_new\runs\old_model\checkpoints\best.pt,ppo,2000,C:\Users\erich\Documents\AFRL\Algebraic-Connectivity-Optimization-CDC2026\lite_trials_new\configs\old_model.yaml,full,32,0.888172043011,0,444,444,0.8881720430107527,413,0.8161904089711186,26.118093087075795,0.4214241999980004,0.4214241999980004,0.4214241999980004,path,path,path,31,0.0,0.0,False,,,False,1,path,64,4,RL+Path,0,old_model,Old model (rl_train)
best,C:\Users\erich\Documents\AFRL\Algebraic-Connectivity-Optimization-CDC2026\lite_trials_new\runs\old_model\checkpoints\best.pt,ppo,2000,C:\Users\erich\Documents\AFRL\Algebraic-Connectivity-Optimization-CDC2026\lite_trials_new\configs\old_model.yaml,full,32,0.888172043011,1,444,444,0.8881720430107527,413,0.8161904089711186,26.118093087075795,0.4158841999997094,0.4158841999997094,0.4158841999997094,path,path,path,31,0.0,0.0,False,,,False,1,path,64,4,RL+Path,1,old_model,Old model (rl_train)
best,C:\Users\erich\Documents\AFRL\Algebraic-Connectivity-Optimization-CDC2026\lite_trials_new\runs\old_model\checkpoints\best.pt,ppo,2000,C:\Users\erich\Documents\AFRL\Algebraic-Connectivity-Optimization-CDC2026\lite_trials_new\configs\old_model.yaml,full,32,0.888172043011,2,444,444,0.8881720430107527,413,0.8161904089711186,26.118093087075795,0.4390138999988267,0.4390138999988267,0.4390138999988267,path,path,path,31,0.0,0.0,False,,,False,1,path,64,4,RL+Path,2,old_model,Old model (rl_train)
best,C:\Users\erich\Documents\AFRL\Algebraic-Connectivity-Optimization-CDC2026\lite_trials_new\runs\old_model\checkpoints\best.pt,ppo,2000,C:\Users\erich\Documents\AFRL\Algebraic-Connectivity-Optimization-CDC2026\lite_trials_new\configs\old_model.yaml,full,32,0.997849462366,0,495,495,0.9978494623655914,464,0.9374999999999989,29.999999999999964,0.4727740000016638,0.4727740000016638,0.4727740000016638,path,path,path,31,0.0,0.0,False,,,False,1,path,64,4,RL+Path,0,old_model,Old model (rl_train)
best,C:\Users\erich\Documents\AFRL\Algebraic-Connectivity-Optimization-CDC2026\lite_trials_new\runs\old_model\checkpoints\best.pt,ppo,2000,C:\Users\erich\Documents\AFRL\Algebraic-Connectivity-Optimization-CDC2026\lite_trials_new\configs\old_model.yaml,full,32,0.997849462366,1,495,495,0.9978494623655914,464,0.9374999999999989,29.999999999999964,0.469627100002981,0.469627100002981,0.469627100002981,path,path,path,31,0.0,0.0,False,,,False,1,path,64,4,RL+Path,1,old_model,Old model (rl_train)
best,C:\Users\erich\Documents\AFRL\Algebraic-Connectivity-Optimization-CDC2026\lite_trials_new\runs\old_model\checkpoints\best.pt,ppo,2000,C:\Users\erich\Documents\AFRL\Algebraic-Connectivity-Optimization-CDC2026\lite_trials_new\configs\old_model.yaml,full,32,0.997849462366,2,495,495,0.9978494623655914,464,0.9374999999999989,29.999999999999964,0.46962149999671965,0.46962149999671965,0.46962149999671965,path,path,path,31,0.0,0.0,False,,,False,1,path,64,4,RL+Path,2,old_model,Old model (rl_train)
best,C:\Users\erich\Documents\AFRL\Algebraic-Connectivity-Optimization-CDC2026\lite_trials_new\runs\old_model\checkpoints\best.pt,ppo,2000,C:\Users\erich\Documents\AFRL\Algebraic-Connectivity-Optimization-CDC2026\lite_trials_new\configs\old_model.yaml,full,32,0.002150537634,0,32,32,0.002150537634408602,1,0.031249999999999955,0.9999999999999986,0.0030340000012074597,0.0030340000012074597,0.003500399998301873,backbone,envelope_only,envelope,31,1.0,0.00046639999709441327,False,,,False,1,envelope,64,4,RL+Backbone,0,old_model,Old model (rl_train)
best,C:\Users\erich\Documents\AFRL\Algebraic-Connectivity-Optimization-CDC2026\lite_trials_new\runs\old_model\checkpoints\best.pt,ppo,2000,C:\Users\erich\Documents\AFRL\Algebraic-Connectivity-Optimization-CDC2026\lite_trials_new\configs\old_model.yaml,full,32,0.002150537634,1,32,32,0.002150537634408602,1,0.031249999999999955,0.9999999999999986,0.0010168000007979572,0.0010168000007979572,0.0012434000018402003,backbone,envelope_only,envelope,31,1.0,0.0002266000010422431,False,,,False,1,envelope,64,4,RL+Backbone,1,old_model,Old model (rl_train)
best,C:\Users\erich\Documents\AFRL\Algebraic-Connectivity-Optimization-CDC2026\lite_trials_new\runs\old_model\checkpoints\best.pt,ppo,2000,C:\Users\erich\Documents\AFRL\Algebraic-Connectivity-Optimization-CDC2026\lite_trials_new\configs\old_model.yaml,full,32,0.002150537634,2,32,32,0.002150537634408602,1,0.031249999999999955,0.9999999999999986,0.0008527999998477753,0.0008527999998477753,0.000948900000366848,backbone,envelope_only,envelope,31,1.0,9.610000051907264e-05,False,,,False,1,envelope,64,4,RL+Backbone,2,old_model,Old model (rl_train)
best,C:\Users\erich\Documents\AFRL\Algebraic-Connectivity-Optimization-CDC2026\lite_trials_new\runs\old_model\checkpoints\best.pt,ppo,2000,C:\Users\erich\Documents\AFRL\Algebraic-Connectivity-Optimization-CDC2026\lite_trials_new\configs\old_model.yaml,full,32,0.111827956989,0,83,83,0.11182795698924732,3,0.07172997672230763,2.295359255113844,0.0033378999978594948,0.0033378999978594948,0.010910999997577164,backbone,cayley_only,cayley,80,2.202067348068188,0.0075730999997176696,False,2,,False,1,cayley,64,4,RL+Backbone,0,old_model,Old model (rl_train)
best,C:\Users\erich\Documents\AFRL\Algebraic-Connectivity-Optimization-CDC2026\lite_trials_new\runs\old_model\checkpoints\best.pt,ppo,2000,C:\Users\erich\Documents\AFRL\Algebraic-Connectivity-Optimization-CDC2026\lite_trials_new\configs\old_model.yaml,full,32,0.111827956989,1,83,83,0.11182795698924732,3,0.07279790905799882,2.3295330898559623,0.0034415000009175856,0.0034415000009175856,0.01051490000099875,backbone,cayley_only,cayley,80,2.202067348068189,0.007073400000081165,False,2,,False,1,cayley,64,4,RL+Backbone,1,old_model,Old model (rl_train)
best,C:\Users\erich\Documents\AFRL\Algebraic-Connectivity-Optimization-CDC2026\lite_trials_new\runs\old_model\checkpoints\best.pt,ppo,2000,C:\Users\erich\Documents\AFRL\Algebraic-Connectivity-Optimization-CDC2026\lite_trials_new\configs\old_model.yaml,full,32,0.111827956989,2,83,83,0.11182795698924732,3,0.07279790905799885,2.329533089855963,0.0031380000000353903,0.0031380000000353903,0.010368100000050617,backbone,cayley_only,cayley,80,2.202067348068188,0.007230100000015227,False,2,,False,1,cayley,64,4,RL+Backbone,2,old_model,Old model (rl_train)
best,C:\Users\erich\Documents\AFRL\Algebraic-Connectivity-Optimization-CDC2026\lite_trials_new\runs\old_model\checkpoints\best.pt,ppo,2000,C:\Users\erich\Documents\AFRL\Algebraic-Connectivity-Optimization-CDC2026\lite_trials_new\configs\old_model.yaml,full,32,0.223655913978,0,135,135,0.22365591397849463,7,0.1662286726500141,5.319317524800451,0.0069900999988021795,0.0069900999988021795,0.014927599997463403,backbone,cayley_only,cayley,128,5.171572875253809,0.007937499998661224,False,2,,False,1,cayley,64,4,RL+Backbone,0,old_model,Old model (rl_train)
best,C:\Users\erich\Documents\AFRL\Algebraic-Connectivity-Optimization-CDC2026\lite_trials_new\runs\old_model\checkpoints\best.pt,ppo,2000,C:\Users\erich\Documents\AFRL\Algebraic-Connectivity-Optimization-CDC2026\lite_trials_new\configs\old_model.yaml,full,32,0.223655913978,1,135,135,0.22365591397849463,7,0.1666225966617948,5.3319230931774335,0.007588799999211915,0.007588799999211915,0.015380000000732252,backbone,cayley_only,cayley,128,5.171572875253811,0.0077912000015203375,False,2,,False,1,cayley,64,4,RL+Backbone,1,old_model,Old model (rl_train)
best,C:\Users\erich\Documents\AFRL\Algebraic-Connectivity-Optimization-CDC2026\lite_trials_new\runs\old_model\checkpoints\best.pt,ppo,2000,C:\Users\erich\Documents\AFRL\Algebraic-Connectivity-Optimization-CDC2026\lite_trials_new\configs\old_model.yaml,full,32,0.223655913978,2,135,135,0.22365591397849463,7,0.1666134024688025,5.33162887900168,0.007306100000278093,0.007306100000278093,0.017460200000641635,backbone,cayley_only,cayley,128,5.171572875253808,0.010154100000363542,False,2,,False,1,cayley,64,4,RL+Backbone,2,old_model,Old model (rl_train)
best,C:\Users\erich\Documents\AFRL\Algebraic-Connectivity-Optimization-CDC2026\lite_trials_new\runs\old_model\checkpoints\best.pt,ppo,2000,C:\Users\erich\Documents\AFRL\Algebraic-Connectivity-Optimization-CDC2026\lite_trials_new\configs\old_model.yaml,full,32,0.333333333333,0,186,186,0.3333333333333333,10,0.27516340687011653,8.805229019843729,0.009942500000761356,0.009942500000761356,0.017517600001156097,backbone,cayley_only,cayley,176,8.20206734806819,0.007575100000394741,False,2,,False,1,cayley,64,4,RL+Backbone,0,old_model,Old model (rl_train)
best,C:\Users\erich\Documents\AFRL\Algebraic-Connectivity-Optimization-CDC2026\lite_trials_new\runs\old_model\checkpoints\best.pt,ppo,2000,C:\Users\erich\Documents\AFRL\Algebraic-Connectivity-Optimization-CDC2026\lite_trials_new\configs\old_model.yaml,full,32,0.333333333333,1,186,186,0.3333333333333333,10,0.2748712977021984,8.79588152647035,0.01076169999942067,0.01076169999942067,0.01882149999801186,backbone,cayley_only,cayley,176,8.20206734806819,0.008059799998591188,False,2,,False,1,cayley,64,4,RL+Backbone,1,old_model,Old model (rl_train)
best,C:\Users\erich\Documents\AFRL\Algebraic-Connectivity-Optimization-CDC2026\lite_trials_new\runs\old_model\checkpoints\best.pt,ppo,2000,C:\Users\erich\Documents\AFRL\Algebraic-Connectivity-Optimization-CDC2026\lite_trials_new\configs\old_model.yaml,full,32,0.333333333333,2,186,186,0.3333333333333333,10,0.27516340687011664,8.805229019843733,0.011016700002073776,0.011016700002073776,0.019318100003147265,backbone,cayley_only,cayley,176,8.20206734806819,0.008301400001073489,False,2,,False,1,cayley,64,4,RL+Backbone,2,old_model,Old model (rl_train)
best,C:\Users\erich\Documents\AFRL\Algebraic-Connectivity-Optimization-CDC2026\lite_trials_new\runs\old_model\checkpoints\best.pt,ppo,2000,C:\Users\erich\Documents\AFRL\Algebraic-Connectivity-Optimization-CDC2026\lite_trials_new\configs\old_model.yaml,full,32,0.445161290323,0,238,238,0.44516129032258067,14,0.4062499999999999,12.999999999999996,0.014621900001657195,0.014621900001657195,0.01824720000149682,backbone,cayley_only,cayley,224,12.000000000000007,0.0036252999998396263,False,2,,False,1,cayley,64,4,RL+Backbone,0,old_model,Old model (rl_train)
best,C:\Users\erich\Documents\AFRL\Algebraic-Connectivity-Optimization-CDC2026\lite_trials_new\runs\old_model\checkpoints\best.pt,ppo,2000,C:\Users\erich\Documents\AFRL\Algebraic-Connectivity-Optimization-CDC2026\lite_trials_new\configs\old_model.yaml,full,32,0.445161290323,1,238,238,0.44516129032258067,14,0.4062499999999999,12.999999999999996,0.01905819999956293,0.01905819999956293,0.022725499999069143,backbone,cayley_only,cayley,224,12.000000000000007,0.0036672999995062128,False,2,,False,1,cayley,64,4,RL+Backbone,1,old_model,Old model (rl_train)
best,C:\Users\erich\Documents\AFRL\Algebraic-Connectivity-Optimization-CDC2026\lite_trials_new\runs\old_model\checkpoints\best.pt,ppo,2000,C:\Users\erich\Documents\AFRL\Algebraic-Connectivity-Optimization-CDC2026\lite_trials_new\configs\old_model.yaml,full,32,0.445161290323,2,238,238,0.44516129032258067,14,0.4062499999999999,12.999999999999996,0.01863740000044345,0.01863740000044345,0.024466500002745306,backbone,cayley_only,cayley,224,12.000000000000007,0.005829100002301857,False,2,,False,1,cayley,64,4,RL+Backbone,2,old_model,Old model (rl_train)
best,C:\Users\erich\Documents\AFRL\Algebraic-Connectivity-Optimization-CDC2026\lite_trials_new\runs\old_model\checkpoints\best.pt,ppo,2000,C:\Users\erich\Documents\AFRL\Algebraic-Connectivity-Optimization-CDC2026\lite_trials_new\configs\old_model.yaml,full,32,0.554838709677,0,289,289,0.5548387096774193,4,0.5312499999999988,16.99999999999996,0.003704699996887939,0.003704699996887939,0.0039480999985244125,backbone,both,envelope,285,17.0,0.0027441000020189676,False,,,True,2,"cayley,envelope",64,4,RL+Backbone,0,old_model,Old model (rl_train)
best,C:\Users\erich\Documents\AFRL\Algebraic-Connectivity-Optimization-CDC2026\lite_trials_new\runs\old_model\checkpoints\best.pt,ppo,2000,C:\Users\erich\Documents\AFRL\Algebraic-Connectivity-Optimization-CDC2026\lite_trials_new\configs\old_model.yaml,full,32,0.554838709677,1,289,289,0.5548387096774193,4,0.5312499999999988,16.99999999999996,0.003378999997948995,0.003378999997948995,0.004029200001241406,backbone,both,envelope,285,17.0,0.002718800002185162,False,,,True,2,"cayley,envelope",64,4,RL+Backbone,1,old_model,Old model (rl_train)
best,C:\Users\erich\Documents\AFRL\Algebraic-Connectivity-Optimization-CDC2026\lite_trials_new\runs\old_model\checkpoints\best.pt,ppo,2000,C:\Users\erich\Documents\AFRL\Algebraic-Connectivity-Optimization-CDC2026\lite_trials_new\configs\old_model.yaml,full,32,0.554838709677,2,289,289,0.5548387096774193,4,0.5312499999999988,16.99999999999996,0.0037698000014643185,0.0037698000014643185,0.004090599999472033,backbone,both,envelope,285,17.0,0.0026949999992211815,False,,,True,2,"cayley,envelope",64,4,RL+Backbone,2,old_model,Old model (rl_train)
best,C:\Users\erich\Documents\AFRL\Algebraic-Connectivity-Optimization-CDC2026\lite_trials_new\runs\old_model\checkpoints\best.pt,ppo,2000,C:\Users\erich\Documents\AFRL\Algebraic-Connectivity-Optimization-CDC2026\lite_trials_new\configs\old_model.yaml,full,32,0.666666666667,0,341,341,0.6666666666666666,0,0.6562499999999993,20.99999999999998,1.9999788491986692e-07,1.9999788491986692e-07,0.0037179999962972943,backbone,both,envelope,341,21.0,0.0037177999984123744,False,,,True,2,"cayley,envelope",64,4,RL+Backbone,0,old_model,Old model (rl_train)
best,C:\Users\erich\Documents\AFRL\Algebraic-Connectivity-Optimization-CDC2026\lite_trials_new\runs\old_model\checkpoints\best.pt,ppo,2000,C:\Users\erich\Documents\AFRL\Algebraic-Connectivity-Optimization-CDC2026\lite_trials_new\configs\old_model.yaml,full,32,0.666666666667,1,341,341,0.6666666666666666,0,0.6562499999999993,20.99999999999998,1.9999788491986692e-07,1.9999788491986692e-07,0.0035961999965365976,backbone,both,envelope,341,21.0,0.0035959999986516777,False,,,True,2,"cayley,envelope",64,4,RL+Backbone,1,old_model,Old model (rl_train)
best,C:\Users\erich\Documents\AFRL\Algebraic-Connectivity-Optimization-CDC2026\lite_trials_new\runs\old_model\checkpoints\best.pt,ppo,2000,C:\Users\erich\Documents\AFRL\Algebraic-Connectivity-Optimization-CDC2026\lite_trials_new\configs\old_model.yaml,full,32,0.666666666667,2,341,341,0.6666666666666666,0,0.6562499999999998,20.999999999999993,2.00001522898674e-07,2.00001522898674e-07,0.0036534999999275897,backbone,both,cayley,341,20.99999999999999,0.003653299998404691,False,3,,True,2,"cayley,envelope",64,4,RL+Backbone,2,old_model,Old model (rl_train)
best,C:\Users\erich\Documents\AFRL\Algebraic-Connectivity-Optimization-CDC2026\lite_trials_new\runs\old_model\checkpoints\best.pt,ppo,2000,C:\Users\erich\Documents\AFRL\Algebraic-Connectivity-Optimization-CDC2026\lite_trials_new\configs\old_model.yaml,full,32,0.776344086022,0,392,392,0.7763440860215054,8,0.7499999999999991,23.99999999999997,0.010074200003145961,0.010074200003145961,0.010348700001486577,backbone,envelope_only,envelope,384,24.0,0.000274499998340616,False,,,False,1,envelope,64,4,RL+Backbone,0,old_model,Old model (rl_train)
best,C:\Users\erich\Documents\AFRL\Algebraic-Connectivity-Optimization-CDC2026\lite_trials_new\runs\old_model\checkpoints\best.pt,ppo,2000,C:\Users\erich\Documents\AFRL\Algebraic-Connectivity-Optimization-CDC2026\lite_trials_new\configs\old_model.yaml,full,32,0.776344086022,1,392,392,0.7763440860215054,8,0.7499999999999991,23.99999999999997,0.007254799998918315,0.007254799998918315,0.007594099999550963,backbone,envelope_only,envelope,384,24.0,0.0003393000006326474,False,,,False,1,envelope,64,4,RL+Backbone,1,old_model,Old model (rl_train)
best,C:\Users\erich\Documents\AFRL\Algebraic-Connectivity-Optimization-CDC2026\lite_trials_new\runs\old_model\checkpoints\best.pt,ppo,2000,C:\Users\erich\Documents\AFRL\Algebraic-Connectivity-Optimization-CDC2026\lite_trials_new\configs\old_model.yaml,full,32,0.776344086022,2,392,392,0.7763440860215054,8,0.7499999999999991,23.99999999999997,0.007985199998074677,0.007985199998074677,0.008310299999720883,backbone,envelope_only,envelope,384,24.0,0.0003251000016462058,False,,,False,1,envelope,64,4,RL+Backbone,2,old_model,Old model (rl_train)
best,C:\Users\erich\Documents\AFRL\Algebraic-Connectivity-Optimization-CDC2026\lite_trials_new\runs\old_model\checkpoints\best.pt,ppo,2000,C:\Users\erich\Documents\AFRL\Algebraic-Connectivity-Optimization-CDC2026\lite_trials_new\configs\old_model.yaml,full,32,0.888172043011,0,444,444,0.8881720430107527,9,0.8437499999999987,26.999999999999957,0.009403199997905176,0.009403199997905176,0.009817099999054335,backbone,envelope_only,envelope,435,27.0,0.0004139000011491589,False,,,False,1,envelope,64,4,RL+Backbone,0,old_model,Old model (rl_train)
best,C:\Users\erich\Documents\AFRL\Algebraic-Connectivity-Optimization-CDC2026\lite_trials_new\runs\old_model\checkpoints\best.pt,ppo,2000,C:\Users\erich\Documents\AFRL\Algebraic-Connectivity-Optimization-CDC2026\lite_trials_new\configs\old_model.yaml,full,32,0.888172043011,1,444,444,0.8881720430107527,9,0.8437499999999987,26.999999999999957,0.00917459999982384,0.00917459999982384,0.00973629999862169,backbone,envelope_only,envelope,435,27.0,0.0005616999987978488,False,,,False,1,envelope,64,4,RL+Backbone,1,old_model,Old model (rl_train)
best,C:\Users\erich\Documents\AFRL\Algebraic-Connectivity-Optimization-CDC2026\lite_trials_new\runs\old_model\checkpoints\best.pt,ppo,2000,C:\Users\erich\Documents\AFRL\Algebraic-Connectivity-Optimization-CDC2026\lite_trials_new\configs\old_model.yaml,full,32,0.888172043011,2,444,444,0.8881720430107527,9,0.8437499999999987,26.999999999999957,0.008969800001068506,0.008969800001068506,0.009337000003142748,backbone,envelope_only,envelope,435,27.0,0.00036720000207424164,False,,,False,1,envelope,64,4,RL+Backbone,2,old_model,Old model (rl_train)
best,C:\Users\erich\Documents\AFRL\Algebraic-Connectivity-Optimization-CDC2026\lite_trials_new\runs\old_model\checkpoints\best.pt,ppo,2000,C:\Users\erich\Documents\AFRL\Algebraic-Connectivity-Optimization-CDC2026\lite_trials_new\configs\old_model.yaml,full,32,0.997849462366,0,495,495,0.9978494623655914,15,0.9375000000000007,30.00000000000002,0.013889100002415944,0.013889100002415944,0.014576199999282835,backbone,envelope_only,envelope,480,30.0,0.0006870999968668912,False,,,False,1,envelope,64,4,RL+Backbone,0,old_model,Old model (rl_train)
best,C:\Users\erich\Documents\AFRL\Algebraic-Connectivity-Optimization-CDC2026\lite_trials_new\runs\old_model\checkpoints\best.pt,ppo,2000,C:\Users\erich\Documents\AFRL\Algebraic-Connectivity-Optimization-CDC2026\lite_trials_new\configs\old_model.yaml,full,32,0.997849462366,1,495,495,0.9978494623655914,15,0.9375000000000007,30.00000000000002,0.013873199997760821,0.013873199997760821,0.014327299995784415,backbone,envelope_only,envelope,480,30.0,0.0004540999980235938,False,,,False,1,envelope,64,4,RL+Backbone,1,old_model,Old model (rl_train)
best,C:\Users\erich\Documents\AFRL\Algebraic-Connectivity-Optimization-CDC2026\lite_trials_new\runs\old_model\checkpoints\best.pt,ppo,2000,C:\Users\erich\Documents\AFRL\Algebraic-Connectivity-Optimization-CDC2026\lite_trials_new\configs\old_model.yaml,full,32,0.997849462366,2,495,495,0.9978494623655914,15,0.9375000000000007,30.00000000000002,0.013815500002237968,0.013815500002237968,0.014215500003047055,backbone,envelope_only,envelope,480,30.0,0.0004000000008090865,False,,,False,1,envelope,64,4,RL+Backbone,2,old_model,Old model (rl_train)
best,C:\Users\erich\Documents\AFRL\Algebraic-Connectivity-Optimization-CDC2026\lite_trials_new\runs\old_model\checkpoints\best.pt,ppo,2000,C:\Users\erich\Documents\AFRL\Algebraic-Connectivity-Optimization-CDC2026\lite_trials_new\configs\old_model.yaml,full,64,0.00051203277,0,64,64,0.0005120327700972862,1,0.00014251546206754787,0.009120989572323063,0.0035509000008460134,0.0035509000008460134,0.0035509000008460134,path,path,path,63,0.0,0.0,False,,,False,1,path,64,4,RL+Path,0,old_model,Old model (rl_train)
best,C:\Users\erich\Documents\AFRL\Algebraic-Connectivity-Optimization-CDC2026\lite_trials_new\runs\old_model\checkpoints\best.pt,ppo,2000,C:\Users\erich\Documents\AFRL\Algebraic-Connectivity-Optimization-CDC2026\lite_trials_new\configs\old_model.yaml,full,64,0.00051203277,1,64,64,0.0005120327700972862,1,0.00014251546206754787,0.009120989572323063,0.0013928000007581431,0.0013928000007581431,0.0013928000007581431,path,path,path,63,0.0,0.0,False,,,False,1,path,64,4,RL+Path,1,old_model,Old model (rl_train)
best,C:\Users\erich\Documents\AFRL\Algebraic-Connectivity-Optimization-CDC2026\lite_trials_new\runs\old_model\checkpoints\best.pt,ppo,2000,C:\Users\erich\Documents\AFRL\Algebraic-Connectivity-Optimization-CDC2026\lite_trials_new\configs\old_model.yaml,full,64,0.00051203277,2,64,64,0.0005120327700972862,1,0.00014251546206754787,0.009120989572323063,0.0014044999988982454,0.0014044999988982454,0.0014044999988982454,path,path,path,63,0.0,0.0,False,,,False,1,path,64,4,RL+Path,2,old_model,Old model (rl_train)
best,C:\Users\erich\Documents\AFRL\Algebraic-Connectivity-Optimization-CDC2026\lite_trials_new\runs\old_model\checkpoints\best.pt,ppo,2000,C:\Users\erich\Documents\AFRL\Algebraic-Connectivity-Optimization-CDC2026\lite_trials_new\configs\old_model.yaml,full,64,0.111623143881,0,281,281,0.11162314388120839,218,0.07959432808515168,5.094036997449708,0.29759570000169333,0.29759570000169333,0.29759570000169333,path,path,path,63,0.0,0.0,False,,,False,1,path,64,4,RL+Path,0,old_model,Old model (rl_train)
best,C:\Users\erich\Documents\AFRL\Algebraic-Connectivity-Optimization-CDC2026\lite_trials_new\runs\old_model\checkpoints\best.pt,ppo,2000,C:\Users\erich\Documents\AFRL\Algebraic-Connectivity-Optimization-CDC2026\lite_trials_new\configs\old_model.yaml,full,64,0.111623143881,1,281,281,0.11162314388120839,218,0.07959432808515168,5.094036997449708,0.31010280000191415,0.31010280000191415,0.31010280000191415,path,path,path,63,0.0,0.0,False,,,False,1,path,64,4,RL+Path,1,old_model,Old model (rl_train)
best,C:\Users\erich\Documents\AFRL\Algebraic-Connectivity-Optimization-CDC2026\lite_trials_new\runs\old_model\checkpoints\best.pt,ppo,2000,C:\Users\erich\Documents\AFRL\Algebraic-Connectivity-Optimization-CDC2026\lite_trials_new\configs\old_model.yaml,full,64,0.111623143881,2,281,281,0.11162314388120839,218,0.07959432808515168,5.094036997449708,0.3008179000025848,0.3008179000025848,0.3008179000025848,path,path,path,63,0.0,0.0,False,,,False,1,path,64,4,RL+Path,2,old_model,Old model (rl_train)
best,C:\Users\erich\Documents\AFRL\Algebraic-Connectivity-Optimization-CDC2026\lite_trials_new\runs\old_model\checkpoints\best.pt,ppo,2000,C:\Users\erich\Documents\AFRL\Algebraic-Connectivity-Optimization-CDC2026\lite_trials_new\configs\old_model.yaml,full,64,0.222734254992,0,498,498,0.2227342549923195,435,0.17923046278417532,11.47074961818722,0.607590399999026,0.607590399999026,0.607590399999026,path,path,path,63,0.0,0.0,False,,,False,1,path,64,4,RL+Path,0,old_model,Old model (rl_train)
best,C:\Users\erich\Documents\AFRL\Algebraic-Connectivity-Optimization-CDC2026\lite_trials_new\runs\old_model\checkpoints\best.pt,ppo,2000,C:\Users\erich\Documents\AFRL\Algebraic-Connectivity-Optimization-CDC2026\lite_trials_new\configs\old_model.yaml,full,64,0.222734254992,1,498,498,0.2227342549923195,435,0.17923046278417532,11.47074961818722,0.618581599999743,0.618581599999743,0.618581599999743,path,path,path,63,0.0,0.0,False,,,False,1,path,64,4,RL+Path,1,old_model,Old model (rl_train)
best,C:\Users\erich\Documents\AFRL\Algebraic-Connectivity-Optimization-CDC2026\lite_trials_new\runs\old_model\checkpoints\best.pt,ppo,2000,C:\Users\erich\Documents\AFRL\Algebraic-Connectivity-Optimization-CDC2026\lite_trials_new\configs\old_model.yaml,full,64,0.222734254992,2,498,498,0.2227342549923195,435,0.17923046278417532,11.47074961818722,0.6094997000000149,0.6094997000000149,0.6094997000000149,path,path,path,63,0.0,0.0,False,,,False,1,path,64,4,RL+Path,2,old_model,Old model (rl_train)
best,C:\Users\erich\Documents\AFRL\Algebraic-Connectivity-Optimization-CDC2026\lite_trials_new\runs\old_model\checkpoints\best.pt,ppo,2000,C:\Users\erich\Documents\AFRL\Algebraic-Connectivity-Optimization-CDC2026\lite_trials_new\configs\old_model.yaml,full,64,0.333333333333,0,714,714,0.3333333333333333,651,0.28482113965655065,18.22855293801924,0.9488034999994852,0.9488034999994852,0.9488034999994852,path,path,path,63,0.0,0.0,False,,,False,1,path,64,4,RL+Path,0,old_model,Old model (rl_train)
best,C:\Users\erich\Documents\AFRL\Algebraic-Connectivity-Optimization-CDC2026\lite_trials_new\runs\old_model\checkpoints\best.pt,ppo,2000,C:\Users\erich\Documents\AFRL\Algebraic-Connectivity-Optimization-CDC2026\lite_trials_new\configs\old_model.yaml,full,64,0.333333333333,1,714,714,0.3333333333333333,651,0.28482113965655065,18.22855293801924,0.9329996000014944,0.9329996000014944,0.9329996000014944,path,path,path,63,0.0,0.0,False,,,False,1,path,64,4,RL+Path,1,old_model,Old model (rl_train)
best,C:\Users\erich\Documents\AFRL\Algebraic-Connectivity-Optimization-CDC2026\lite_trials_new\runs\old_model\checkpoints\best.pt,ppo,2000,C:\Users\erich\Documents\AFRL\Algebraic-Connectivity-Optimization-CDC2026\lite_trials_new\configs\old_model.yaml,full,64,0.333333333333,2,714,714,0.3333333333333333,651,0.28482113965655065,18.22855293801924,0.9304253000009339,0.9304253000009339,0.9304253000009339,path,path,path,63,0.0,0.0,False,,,False,1,path,64,4,RL+Path,2,old_model,Old model (rl_train)
best,C:\Users\erich\Documents\AFRL\Algebraic-Connectivity-Optimization-CDC2026\lite_trials_new\runs\old_model\checkpoints\best.pt,ppo,2000,C:\Users\erich\Documents\AFRL\Algebraic-Connectivity-Optimization-CDC2026\lite_trials_new\configs\old_model.yaml,full,64,0.444444444444,0,931,931,0.4444444444444444,868,0.38871882613808817,24.878004872837643,1.2624367999997048,1.2624367999997048,1.2624367999997048,path,path,path,63,0.0,0.0,False,,,False,1,path,64,4,RL+Path,0,old_model,Old model (rl_train)
best,C:\Users\erich\Documents\AFRL\Algebraic-Connectivity-Optimization-CDC2026\lite_trials_new\runs\old_model\checkpoints\best.pt,ppo,2000,C:\Users\erich\Documents\AFRL\Algebraic-Connectivity-Optimization-CDC2026\lite_trials_new\configs\old_model.yaml,full,64,0.444444444444,1,931,931,0.4444444444444444,868,0.38871882613808817,24.878004872837643,1.2697647999993933,1.2697647999993933,1.2697647999993933,path,path,path,63,0.0,0.0,False,,,False,1,path,64,4,RL+Path,1,old_model,Old model (rl_train)
best,C:\Users\erich\Documents\AFRL\Algebraic-Connectivity-Optimization-CDC2026\lite_trials_new\runs\old_model\checkpoints\best.pt,ppo,2000,C:\Users\erich\Documents\AFRL\Algebraic-Connectivity-Optimization-CDC2026\lite_trials_new\configs\old_model.yaml,full,64,0.444444444444,2,931,931,0.4444444444444444,868,0.38871882613808817,24.878004872837643,1.2628307000013592,1.2628307000013592,1.2628307000013592,path,path,path,63,0.0,0.0,False,,,False,1,path,64,4,RL+Path,2,old_model,Old model (rl_train)
best,C:\Users\erich\Documents\AFRL\Algebraic-Connectivity-Optimization-CDC2026\lite_trials_new\runs\old_model\checkpoints\best.pt,ppo,2000,C:\Users\erich\Documents\AFRL\Algebraic-Connectivity-Optimization-CDC2026\lite_trials_new\configs\old_model.yaml,full,64,0.555555555556,0,1148,1148,0.5555555555555556,1085,0.49944706364366726,31.964612073194704,1.588291100000788,1.588291100000788,1.588291100000788,path,path,path,63,0.0,0.0,False,,,False,1,path,64,4,RL+Path,0,old_model,Old model (rl_train)
best,C:\Users\erich\Documents\AFRL\Algebraic-Connectivity-Optimization-CDC2026\lite_trials_new\runs\old_model\checkpoints\best.pt,ppo,2000,C:\Users\erich\Documents\AFRL\Algebraic-Connectivity-Optimization-CDC2026\lite_trials_new\configs\old_model.yaml,full,64,0.555555555556,1,1148,1148,0.5555555555555556,1085,0.49944706364366726,31.964612073194704,1.6065005000018573,1.6065005000018573,1.6065005000018573,path,path,path,63,0.0,0.0,False,,,False,1,path,64,4,RL+Path,1,old_model,Old model (rl_train)
best,C:\Users\erich\Documents\AFRL\Algebraic-Connectivity-Optimization-CDC2026\lite_trials_new\runs\old_model\checkpoints\best.pt,ppo,2000,C:\Users\erich\Documents\AFRL\Algebraic-Connectivity-Optimization-CDC2026\lite_trials_new\configs\old_model.yaml,full,64,0.555555555556,2,1148,1148,0.5555555555555556,1085,0.49944706364366726,31.964612073194704,1.6221981000016967,1.6221981000016967,1.6221981000016967,path,path,path,63,0.0,0.0,False,,,False,1,path,64,4,RL+Path,2,old_model,Old model (rl_train)
best,C:\Users\erich\Documents\AFRL\Algebraic-Connectivity-Optimization-CDC2026\lite_trials_new\runs\old_model\checkpoints\best.pt,ppo,2000,C:\Users\erich\Documents\AFRL\Algebraic-Connectivity-Optimization-CDC2026\lite_trials_new\configs\old_model.yaml,full,64,0.666666666667,0,1365,1365,0.6666666666666666,1302,0.6090692376192429,38.98043120763155,1.9571696999992128,1.9571696999992128,1.9571696999992128,path,path,path,63,0.0,0.0,False,,,False,1,path,64,4,RL+Path,0,old_model,Old model (rl_train)
best,C:\Users\erich\Documents\AFRL\Algebraic-Connectivity-Optimization-CDC2026\lite_trials_new\runs\old_model\checkpoints\best.pt,ppo,2000,C:\Users\erich\Documents\AFRL\Algebraic-Connectivity-Optimization-CDC2026\lite_trials_new\configs\old_model.yaml,full,64,0.666666666667,1,1365,1365,0.6666666666666666,1302,0.6090692376192429,38.98043120763155,1.9630564999970375,1.9630564999970375,1.9630564999970375,path,path,path,63,0.0,0.0,False,,,False,1,path,64,4,RL+Path,1,old_model,Old model (rl_train)
best,C:\Users\erich\Documents\AFRL\Algebraic-Connectivity-Optimization-CDC2026\lite_trials_new\runs\old_model\checkpoints\best.pt,ppo,2000,C:\Users\erich\Documents\AFRL\Algebraic-Connectivity-Optimization-CDC2026\lite_trials_new\configs\old_model.yaml,full,64,0.666666666667,2,1365,1365,0.6666666666666666,1302,0.6090692376192429,38.98043120763155,2.011653400000796,2.011653400000796,2.011653400000796,path,path,path,63,0.0,0.0,False,,,False,1,path,64,4,RL+Path,2,old_model,Old model (rl_train)
best,C:\Users\erich\Documents\AFRL\Algebraic-Connectivity-Optimization-CDC2026\lite_trials_new\runs\old_model\checkpoints\best.pt,ppo,2000,C:\Users\erich\Documents\AFRL\Algebraic-Connectivity-Optimization-CDC2026\lite_trials_new\configs\old_model.yaml,full,64,0.777265745008,0,1581,1581,0.7772657450076805,1518,0.7200300881313603,46.08192564040706,2.4253701999987243,2.4253701999987243,2.4253701999987243,path,path,path,63,0.0,0.0,False,,,False,1,path,64,4,RL+Path,0,old_model,Old model (rl_train)
best,C:\Users\erich\Documents\AFRL\Algebraic-Connectivity-Optimization-CDC2026\lite_trials_new\runs\old_model\checkpoints\best.pt,ppo,2000,C:\Users\erich\Documents\AFRL\Algebraic-Connectivity-Optimization-CDC2026\lite_trials_new\configs\old_model.yaml,full,64,0.777265745008,1,1581,1581,0.7772657450076805,1518,0.7200300881313603,46.08192564040706,2.412977399999363,2.412977399999363,2.412977399999363,path,path,path,63,0.0,0.0,False,,,False,1,path,64,4,RL+Path,1,old_model,Old model (rl_train)
best,C:\Users\erich\Documents\AFRL\Algebraic-Connectivity-Optimization-CDC2026\lite_trials_new\runs\old_model\checkpoints\best.pt,ppo,2000,C:\Users\erich\Documents\AFRL\Algebraic-Connectivity-Optimization-CDC2026\lite_trials_new\configs\old_model.yaml,full,64,0.777265745008,2,1581,1581,0.7772657450076805,1518,0.7200300881313603,46.08192564040706,2.4233229999990726,2.4233229999990726,2.4233229999990726,path,path,path,63,0.0,0.0,False,,,False,1,path,64,4,RL+Path,2,old_model,Old model (rl_train)
best,C:\Users\erich\Documents\AFRL\Algebraic-Connectivity-Optimization-CDC2026\lite_trials_new\runs\old_model\checkpoints\best.pt,ppo,2000,C:\Users\erich\Documents\AFRL\Algebraic-Connectivity-Optimization-CDC2026\lite_trials_new\configs\old_model.yaml,full,64,0.888376856119,0,1798,1798,0.8883768561187916,1735,0.8401563335506418,53.770005347241074,2.7802783000006457,2.7802783000006457,2.7802783000006457,path,path,path,63,0.0,0.0,False,,,False,1,path,64,4,RL+Path,0,old_model,Old model (rl_train)
best,C:\Users\erich\Documents\AFRL\Algebraic-Connectivity-Optimization-CDC2026\lite_trials_new\runs\old_model\checkpoints\best.pt,ppo,2000,C:\Users\erich\Documents\AFRL\Algebraic-Connectivity-Optimization-CDC2026\lite_trials_new\configs\old_model.yaml,full,64,0.888376856119,1,1798,1798,0.8883768561187916,1735,0.8401563335506418,53.770005347241074,2.7733336000019335,2.7733336000019335,2.7733336000019335,path,path,path,63,0.0,0.0,False,,,False,1,path,64,4,RL+Path,1,old_model,Old model (rl_train)
best,C:\Users\erich\Documents\AFRL\Algebraic-Connectivity-Optimization-CDC2026\lite_trials_new\runs\old_model\checkpoints\best.pt,ppo,2000,C:\Users\erich\Documents\AFRL\Algebraic-Connectivity-Optimization-CDC2026\lite_trials_new\configs\old_model.yaml,full,64,0.888376856119,2,1798,1798,0.8883768561187916,1735,0.8401563335506418,53.770005347241074,2.7621321999977226,2.7621321999977226,2.7621321999977226,path,path,path,63,0.0,0.0,False,,,False,1,path,64,4,RL+Path,2,old_model,Old model (rl_train)
best,C:\Users\erich\Documents\AFRL\Algebraic-Connectivity-Optimization-CDC2026\lite_trials_new\runs\old_model\checkpoints\best.pt,ppo,2000,C:\Users\erich\Documents\AFRL\Algebraic-Connectivity-Optimization-CDC2026\lite_trials_new\configs\old_model.yaml,full,64,0.99948796723,0,2015,2015,0.9994879672299027,1952,0.9687500000000003,62.00000000000002,3.1793862000013178,3.1793862000013178,3.1793862000013178,path,path,path,63,0.0,0.0,False,,,False,1,path,64,4,RL+Path,0,old_model,Old model (rl_train)
best,C:\Users\erich\Documents\AFRL\Algebraic-Connectivity-Optimization-CDC2026\lite_trials_new\runs\old_model\checkpoints\best.pt,ppo,2000,C:\Users\erich\Documents\AFRL\Algebraic-Connectivity-Optimization-CDC2026\lite_trials_new\configs\old_model.yaml,full,64,0.99948796723,1,2015,2015,0.9994879672299027,1952,0.9687500000000003,62.00000000000002,3.1655412999971304,3.1655412999971304,3.1655412999971304,path,path,path,63,0.0,0.0,False,,,False,1,path,64,4,RL+Path,1,old_model,Old model (rl_train)
best,C:\Users\erich\Documents\AFRL\Algebraic-Connectivity-Optimization-CDC2026\lite_trials_new\runs\old_model\checkpoints\best.pt,ppo,2000,C:\Users\erich\Documents\AFRL\Algebraic-Connectivity-Optimization-CDC2026\lite_trials_new\configs\old_model.yaml,full,64,0.99948796723,2,2015,2015,0.9994879672299027,1952,0.9687500000000003,62.00000000000002,3.2021796999979415,3.2021796999979415,3.2021796999979415,path,path,path,63,0.0,0.0,False,,,False,1,path,64,4,RL+Path,2,old_model,Old model (rl_train)
best,C:\Users\erich\Documents\AFRL\Algebraic-Connectivity-Optimization-CDC2026\lite_trials_new\runs\old_model\checkpoints\best.pt,ppo,2000,C:\Users\erich\Documents\AFRL\Algebraic-Connectivity-Optimization-CDC2026\lite_trials_new\configs\old_model.yaml,full,64,0.00051203277,0,64,64,0.0005120327700972862,1,0.01562499999999996,0.9999999999999974,0.003446700000495184,0.003446700000495184,0.003965399999287911,backbone,envelope_only,envelope,63,1.0,0.0005186999987927265,False,,,False,1,envelope,64,4,RL+Backbone,0,old_model,Old model (rl_train)
best,C:\Users\erich\Documents\AFRL\Algebraic-Connectivity-Optimization-CDC2026\lite_trials_new\runs\old_model\checkpoints\best.pt,ppo,2000,C:\Users\erich\Documents\AFRL\Algebraic-Connectivity-Optimization-CDC2026\lite_trials_new\configs\old_model.yaml,full,64,0.00051203277,1,64,64,0.0005120327700972862,1,0.01562499999999996,0.9999999999999974,0.0012382999993860722,0.0012382999993860722,0.0014050999998289626,backbone,envelope_only,envelope,63,1.0,0.00016680000044289045,False,,,False,1,envelope,64,4,RL+Backbone,1,old_model,Old model (rl_train)
best,C:\Users\erich\Documents\AFRL\Algebraic-Connectivity-Optimization-CDC2026\lite_trials_new\runs\old_model\checkpoints\best.pt,ppo,2000,C:\Users\erich\Documents\AFRL\Algebraic-Connectivity-Optimization-CDC2026\lite_trials_new\configs\old_model.yaml,full,64,0.00051203277,2,64,64,0.0005120327700972862,1,0.01562499999999996,0.9999999999999974,0.0010992999996233266,0.0010992999996233266,0.001241699999809498,backbone,envelope_only,envelope,63,1.0,0.00014240000018617138,False,,,False,1,envelope,64,4,RL+Backbone,2,old_model,Old model (rl_train)
best,C:\Users\erich\Documents\AFRL\Algebraic-Connectivity-Optimization-CDC2026\lite_trials_new\runs\old_model\checkpoints\best.pt,ppo,2000,C:\Users\erich\Documents\AFRL\Algebraic-Connectivity-Optimization-CDC2026\lite_trials_new\configs\old_model.yaml,full,64,0.111623143881,0,281,281,0.11162314388120839,25,0.07950373207467029,5.088238852778899,0.0349833000000217,0.0349833000000217,0.08167060000050697,backbone,cayley_only,cayley,256,4.0000000000000115,0.046687300000485266,False,2,,False,1,cayley,64,4,RL+Backbone,0,old_model,Old model (rl_train)
best,C:\Users\erich\Documents\AFRL\Algebraic-Connectivity-Optimization-CDC2026\lite_trials_new\runs\old_model\checkpoints\best.pt,ppo,2000,C:\Users\erich\Documents\AFRL\Algebraic-Connectivity-Optimization-CDC2026\lite_trials_new\configs\old_model.yaml,full,64,0.111623143881,1,281,281,0.11162314388120839,25,0.07610548971355505,4.870751341667523,0.03413650000220514,0.03413650000220514,0.08221040000353241,backbone,cayley_only,cayley,256,4.000000000000006,0.048073900001327274,False,2,,False,1,cayley,64,4,RL+Backbone,1,old_model,Old model (rl_train)
best,C:\Users\erich\Documents\AFRL\Algebraic-Connectivity-Optimization-CDC2026\lite_trials_new\runs\old_model\checkpoints\best.pt,ppo,2000,C:\Users\erich\Documents\AFRL\Algebraic-Connectivity-Optimization-CDC2026\lite_trials_new\configs\old_model.yaml,full,64,0.111623143881,2,281,281,0.11162314388120839,25,0.07593284888824908,4.859702328847941,0.03705130000162171,0.03705130000162171,0.08535240000128397,backbone,cayley_only,cayley,256,4.000000000000007,0.048301099999662256,False,2,,False,1,cayley,64,4,RL+Backbone,2,old_model,Old model (rl_train)
best,C:\Users\erich\Documents\AFRL\Algebraic-Connectivity-Optimization-CDC2026\lite_trials_new\runs\old_model\checkpoints\best.pt,ppo,2000,C:\Users\erich\Documents\AFRL\Algebraic-Connectivity-Optimization-CDC2026\lite_trials_new\configs\old_model.yaml,full,64,0.222734254992,0,498,498,0.2227342549923195,18,0.1793057118731862,11.475565559883917,0.02667489999657846,0.02667489999657846,0.07584379999389057,backbone,cayley_only,cayley,480,10.876894374382333,0.04916889999731211,False,2,,False,1,cayley,64,4,RL+Backbone,0,old_model,Old model (rl_train)
best,C:\Users\erich\Documents\AFRL\Algebraic-Connectivity-Optimization-CDC2026\lite_trials_new\runs\old_model\checkpoints\best.pt,ppo,2000,C:\Users\erich\Documents\AFRL\Algebraic-Connectivity-Optimization-CDC2026\lite_trials_new\configs\old_model.yaml,full,64,0.222734254992,1,498,498,0.2227342549923195,18,0.17900641255576266,11.45641040356881,0.027051000000938075,0.027051000000938075,0.07572170000275946,backbone,cayley_only,cayley,480,10.913985055087874,0.04867070000182139,False,2,,False,1,cayley,64,4,RL+Backbone,1,old_model,Old model (rl_train)
best,C:\Users\erich\Documents\AFRL\Algebraic-Connectivity-Optimization-CDC2026\lite_trials_new\runs\old_model\checkpoints\best.pt,ppo,2000,C:\Users\erich\Documents\AFRL\Algebraic-Connectivity-Optimization-CDC2026\lite_trials_new\configs\old_model.yaml,full,64,0.222734254992,2,498,498,0.2227342549923195,18,0.179955149262078,11.517129552772992,0.026407299999846146,0.026407299999846146,0.07369309999921825,backbone,cayley_only,cayley,480,10.91398505508789,0.0472857999993721,False,2,,False,1,cayley,64,4,RL+Backbone,2,old_model,Old model (rl_train)
best,C:\Users\erich\Documents\AFRL\Algebraic-Connectivity-Optimization-CDC2026\lite_trials_new\runs\old_model\checkpoints\best.pt,ppo,2000,C:\Users\erich\Documents\AFRL\Algebraic-Connectivity-Optimization-CDC2026\lite_trials_new\configs\old_model.yaml,full,64,0.333333333333,0,714,714,0.3333333333333333,10,0.28714617270832493,18.377355053332796,0.015466499997273786,0.015466499997273786,0.06663319999643136,backbone,cayley_only,cayley,704,17.999999999999986,0.05116669999915757,False,2,,False,1,cayley,64,4,RL+Backbone,0,old_model,Old model (rl_train)
best,C:\Users\erich\Documents\AFRL\Algebraic-Connectivity-Optimization-CDC2026\lite_trials_new\runs\old_model\checkpoints\best.pt,ppo,2000,C:\Users\erich\Documents\AFRL\Algebraic-Connectivity-Optimization-CDC2026\lite_trials_new\configs\old_model.yaml,full,64,0.333333333333,1,714,714,0.3333333333333333,10,0.28958901006041304,18.533696643866435,0.015413099998113466,0.015413099998113466,0.06792549999954645,backbone,cayley_only,cayley,704,18.304481869954838,0.05251240000143298,False,2,,False,1,cayley,64,4,RL+Backbone,1,old_model,Old model (rl_train)
best,C:\Users\erich\Documents\AFRL\Algebraic-Connectivity-Optimization-CDC2026\lite_trials_new\runs\old_model\checkpoints\best.pt,ppo,2000,C:\Users\erich\Documents\AFRL\Algebraic-Connectivity-Optimization-CDC2026\lite_trials_new\configs\old_model.yaml,full,64,0.333333333333,2,714,714,0.3333333333333333,10,0.28962341226347255,18.535898384862243,0.016417300001194235,0.016417300001194235,0.06997640000190586,backbone,cayley_only,cayley,704,18.53589838486222,0.053559100000711624,False,2,,False,1,cayley,64,4,RL+Backbone,2,old_model,Old model (rl_train)
best,C:\Users\erich\Documents\AFRL\Algebraic-Connectivity-Optimization-CDC2026\lite_trials_new\runs\old_model\checkpoints\best.pt,ppo,2000,C:\Users\erich\Documents\AFRL\Algebraic-Connectivity-Optimization-CDC2026\lite_trials_new\configs\old_model.yaml,full,64,0.444444444444,0,931,931,0.4444444444444444,3,0.40793303023981625,26.10771393534824,0.004720199998700991,0.004720199998700991,0.04090449999785051,backbone,cayley_only,cayley,928,26.051183605233266,0.036184299999149516,False,2,,False,1,cayley,64,4,RL+Backbone,0,old_model,Old model (rl_train)
best,C:\Users\erich\Documents\AFRL\Algebraic-Connectivity-Optimization-CDC2026\lite_trials_new\runs\old_model\checkpoints\best.pt,ppo,2000,C:\Users\erich\Documents\AFRL\Algebraic-Connectivity-Optimization-CDC2026\lite_trials_new\configs\old_model.yaml,full,64,0.444444444444,1,931,931,0.4444444444444444,3,0.40793303023981664,26.107713935348265,0.004783800002769567,0.004783800002769567,0.04059690000212868,backbone,cayley_only,cayley,928,26.051183605233266,0.03581309999935911,False,2,,False,1,cayley,64,4,RL+Backbone,1,old_model,Old model (rl_train)
best,C:\Users\erich\Documents\AFRL\Algebraic-Connectivity-Optimization-CDC2026\lite_trials_new\runs\old_model\checkpoints\best.pt,ppo,2000,C:\Users\erich\Documents\AFRL\Algebraic-Connectivity-Optimization-CDC2026\lite_trials_new\configs\old_model.yaml,full,64,0.444444444444,2,931,931,0.4444444444444444,3,0.40793303023981625,26.10771393534824,0.004811300001165364,0.004811300001165364,0.039772399999492336,backbone,cayley_only,cayley,928,26.051183605233266,0.03496109999832697,False,2,,False,1,cayley,64,4,RL+Backbone,2,old_model,Old model (rl_train)
best,C:\Users\erich\Documents\AFRL\Algebraic-Connectivity-Optimization-CDC2026\lite_trials_new\runs\old_model\checkpoints\best.pt,ppo,2000,C:\Users\erich\Documents\AFRL\Algebraic-Connectivity-Optimization-CDC2026\lite_trials_new\configs\old_model.yaml,full,64,0.555555555556,0,1148,1148,0.5555555555555556,8,0.5312499999999978,33.99999999999986,0.04383799999777693,0.04383799999777693,0.04950760000065202,backbone,both,envelope,1140,34.0,0.005669600002875086,False,,,True,2,"cayley,envelope",64,4,RL+Backbone,0,old_model,Old model (rl_train)
best,C:\Users\erich\Documents\AFRL\Algebraic-Connectivity-Optimization-CDC2026\lite_trials_new\runs\old_model\checkpoints\best.pt,ppo,2000,C:\Users\erich\Documents\AFRL\Algebraic-Connectivity-Optimization-CDC2026\lite_trials_new\configs\old_model.yaml,full,64,0.555555555556,1,1148,1148,0.5555555555555556,8,0.5312499999999978,33.99999999999986,0.04348149999714224,0.04348149999714224,0.04989419999765232,backbone,both,envelope,1140,34.0,0.006412700000510085,False,,,True,2,"cayley,envelope",64,4,RL+Backbone,1,old_model,Old model (rl_train)
best,C:\Users\erich\Documents\AFRL\Algebraic-Connectivity-Optimization-CDC2026\lite_trials_new\runs\old_model\checkpoints\best.pt,ppo,2000,C:\Users\erich\Documents\AFRL\Algebraic-Connectivity-Optimization-CDC2026\lite_trials_new\configs\old_model.yaml,full,64,0.555555555556,2,1148,1148,0.5555555555555556,8,0.5312499999999978,33.99999999999986,0.043972700001177145,0.043972700001177145,0.04962110000269604,backbone,both,envelope,1140,34.0,0.005648400001518894,False,,,True,2,"cayley,envelope",64,4,RL+Backbone,2,old_model,Old model (rl_train)
best,C:\Users\erich\Documents\AFRL\Algebraic-Connectivity-Optimization-CDC2026\lite_trials_new\runs\old_model\checkpoints\best.pt,ppo,2000,C:\Users\erich\Documents\AFRL\Algebraic-Connectivity-Optimization-CDC2026\lite_trials_new\configs\old_model.yaml,full,64,0.666666666667,0,1365,1365,0.6666666666666666,1,0.6562499999999987,41.999999999999915,0.002093700000841636,0.002093700000841636,0.009194300000672229,backbone,both,envelope,1364,42.0,0.007100599999830592,False,,,True,2,"cayley,envelope",64,4,RL+Backbone,0,old_model,Old model (rl_train)
best,C:\Users\erich\Documents\AFRL\Algebraic-Connectivity-Optimization-CDC2026\lite_trials_new\runs\old_model\checkpoints\best.pt,ppo,2000,C:\Users\erich\Documents\AFRL\Algebraic-Connectivity-Optimization-CDC2026\lite_trials_new\configs\old_model.yaml,full,64,0.666666666667,1,1365,1365,0.6666666666666666,0,0.656249999999999,41.999999999999936,0.001587499999004649,0.001587499999004649,0.007073900000250433,backbone,both,cayley,1365,41.99999999999992,0.007073799999488983,False,3,,True,2,"cayley,envelope",64,4,RL+Backbone,1,old_model,Old model (rl_train)
best,C:\Users\erich\Documents\AFRL\Algebraic-Connectivity-Optimization-CDC2026\lite_trials_new\runs\old_model\checkpoints\best.pt,ppo,2000,C:\Users\erich\Documents\AFRL\Algebraic-Connectivity-Optimization-CDC2026\lite_trials_new\configs\old_model.yaml,full,64,0.666666666667,2,1365,1365,0.6666666666666666,0,0.656249999999999,41.999999999999936,0.0017442000025766902,0.0017442000025766902,0.006768899998860434,backbone,both,cayley,1365,41.99999999999993,0.006768300001567695,False,3,,True,2,"cayley,envelope",64,4,RL+Backbone,2,old_model,Old model (rl_train)
best,C:\Users\erich\Documents\AFRL\Algebraic-Connectivity-Optimization-CDC2026\lite_trials_new\runs\old_model\checkpoints\best.pt,ppo,2000,C:\Users\erich\Documents\AFRL\Algebraic-Connectivity-Optimization-CDC2026\lite_trials_new\configs\old_model.yaml,full,64,0.777265745008,0,1581,1581,0.7772657450076805,45,0.749999999999999,47.999999999999936,0.0655373999979929,0.0655373999979929,0.06687359999705222,backbone,envelope_only,envelope,1536,48.0,0.0013361999990593176,False,,,False,1,envelope,64,4,RL+Backbone,0,old_model,Old model (rl_train)
best,C:\Users\erich\Documents\AFRL\Algebraic-Connectivity-Optimization-CDC2026\lite_trials_new\runs\old_model\checkpoints\best.pt,ppo,2000,C:\Users\erich\Documents\AFRL\Algebraic-Connectivity-Optimization-CDC2026\lite_trials_new\configs\old_model.yaml,full,64,0.777265745008,1,1581,1581,0.7772657450076805,45,0.749999999999999,47.999999999999936,0.06438999999954831,0.06438999999954831,0.06533699999999953,backbone,envelope_only,envelope,1536,48.0,0.0009470000004512258,False,,,False,1,envelope,64,4,RL+Backbone,1,old_model,Old model (rl_train)
best,C:\Users\erich\Documents\AFRL\Algebraic-Connectivity-Optimization-CDC2026\lite_trials_new\runs\old_model\checkpoints\best.pt,ppo,2000,C:\Users\erich\Documents\AFRL\Algebraic-Connectivity-Optimization-CDC2026\lite_trials_new\configs\old_model.yaml,full,64,0.777265745008,2,1581,1581,0.7772657450076805,45,0.749999999999999,47.999999999999936,0.07133089999842923,0.07133089999842923,0.07223579999845242,backbone,envelope_only,envelope,1536,48.0,0.0009049000000231899,False,,,False,1,envelope,64,4,RL+Backbone,2,old_model,Old model (rl_train)
best,C:\Users\erich\Documents\AFRL\Algebraic-Connectivity-Optimization-CDC2026\lite_trials_new\runs\old_model\checkpoints\best.pt,ppo,2000,C:\Users\erich\Documents\AFRL\Algebraic-Connectivity-Optimization-CDC2026\lite_trials_new\configs\old_model.yaml,full,64,0.888376856119,0,1798,1798,0.8883768561187916,6,0.8749999999999978,55.99999999999986,0.00901510000039707,0.00901510000039707,0.010080299998662667,backbone,envelope_only,envelope,1792,56.0,0.001065199998265598,False,,,False,1,envelope,64,4,RL+Backbone,0,old_model,Old model (rl_train)
best,C:\Users\erich\Documents\AFRL\Algebraic-Connectivity-Optimization-CDC2026\lite_trials_new\runs\old_model\checkpoints\best.pt,ppo,2000,C:\Users\erich\Documents\AFRL\Algebraic-Connectivity-Optimization-CDC2026\lite_trials_new\configs\old_model.yaml,full,64,0.888376856119,1,1798,1798,0.8883768561187916,6,0.8749999999999978,55.99999999999986,0.009637500003009336,0.009637500003009336,0.010800200001540361,backbone,envelope_only,envelope,1792,56.0,0.001162699998531025,False,,,False,1,envelope,64,4,RL+Backbone,1,old_model,Old model (rl_train)
best,C:\Users\erich\Documents\AFRL\Algebraic-Connectivity-Optimization-CDC2026\lite_trials_new\runs\old_model\checkpoints\best.pt,ppo,2000,C:\Users\erich\Documents\AFRL\Algebraic-Connectivity-Optimization-CDC2026\lite_trials_new\configs\old_model.yaml,full,64,0.888376856119,2,1798,1798,0.8883768561187916,6,0.8749999999999978,55.99999999999986,0.008958500002336223,0.008958500002336223,0.010063100002298597,backbone,envelope_only,envelope,1792,56.0,0.0011045999999623746,False,,,False,1,envelope,64,4,RL+Backbone,2,old_model,Old model (rl_train)
best,C:\Users\erich\Documents\AFRL\Algebraic-Connectivity-Optimization-CDC2026\lite_trials_new\runs\old_model\checkpoints\best.pt,ppo,2000,C:\Users\erich\Documents\AFRL\Algebraic-Connectivity-Optimization-CDC2026\lite_trials_new\configs\old_model.yaml,full,64,0.99948796723,0,2015,2015,0.9994879672299027,31,0.9687500000000003,62.00000000000002,0.045901400000730064,0.045901400000730064,0.04720340000130818,backbone,envelope_only,envelope,1984,62.0,0.0013020000005781185,False,,,False,1,envelope,64,4,RL+Backbone,0,old_model,Old model (rl_train)
best,C:\Users\erich\Documents\AFRL\Algebraic-Connectivity-Optimization-CDC2026\lite_trials_new\runs\old_model\checkpoints\best.pt,ppo,2000,C:\Users\erich\Documents\AFRL\Algebraic-Connectivity-Optimization-CDC2026\lite_trials_new\configs\old_model.yaml,full,64,0.99948796723,1,2015,2015,0.9994879672299027,31,0.9687500000000003,62.00000000000002,0.046506200000294484,0.046506200000294484,0.047756800002389355,backbone,envelope_only,envelope,1984,62.0,0.0012506000020948704,False,,,False,1,envelope,64,4,RL+Backbone,1,old_model,Old model (rl_train)
best,C:\Users\erich\Documents\AFRL\Algebraic-Connectivity-Optimization-CDC2026\lite_trials_new\runs\old_model\checkpoints\best.pt,ppo,2000,C:\Users\erich\Documents\AFRL\Algebraic-Connectivity-Optimization-CDC2026\lite_trials_new\configs\old_model.yaml,full,64,0.99948796723,2,2015,2015,0.9994879672299027,31,0.9687500000000003,62.00000000000002,0.043958399997791275,0.043958399997791275,0.04521810000005644,backbone,envelope_only,envelope,1984,62.0,0.0012597000022651628,False,,,False,1,envelope,64,4,RL+Backbone,2,old_model,Old model (rl_train)
