checkpoint_label,checkpoint_path,checkpoint_algo,checkpoint_global_env_steps,config_path,rl_variant,n,rho_target,seed,m_target,m_final,rho_final,episode_len,terminal_lambda2_norm,terminal_lambda2,rl_runtime_sec,runtime_sec,runtime_total_sec,init_mode,init_route_label,init_family,init_edges,init_lambda2,init_build_runtime_sec,init_cache_hit,init_selected_index,init_errors,overlap_post_completion_selection,overlap_candidate_count,overlap_evaluated_families,top_k,dist_cap,method,repeat_idx
best,C:\Users\erich\Documents\AFRL\Algebraic-Connectivity-Optimization-CDC2026\lite_trials\sweep\pmin_only\checkpoints\best.pt,ppo,3000,C:\Users\erich\Documents\AFRL\Algebraic-Connectivity-Optimization-CDC2026\lite_trials\lite_config.yaml,full,12,0.018181818182,0,12,12,0.01818181818181818,1,0.0602880796820738,0.7234569561848856,0.0038122999994811835,0.0038122999994811835,0.0038122999994811835,path,path,path,11,0.0,0.0,False,,,False,1,path,64,4,RL+Path,0
best,C:\Users\erich\Documents\AFRL\Algebraic-Connectivity-Optimization-CDC2026\lite_trials\sweep\pmin_only\checkpoints\best.pt,ppo,3000,C:\Users\erich\Documents\AFRL\Algebraic-Connectivity-Optimization-CDC2026\lite_trials\lite_config.yaml,full,12,0.018181818182,1,12,12,0.01818181818181818,1,0.0602880796820738,0.7234569561848856,0.0009024000000863452,0.0009024000000863452,0.0009024000000863452,path,path,path,11,0.0,0.0,False,,,False,1,path,64,4,RL+Path,1
best,C:\Users\erich\Documents\AFRL\Algebraic-Connectivity-Optimization-CDC2026\lite_trials\sweep\pmin_only\checkpoints\best.pt,ppo,3000,C:\Users\erich\Documents\AFRL\Algebraic-Connectivity-Optimization-CDC2026\lite_trials\lite_config.yaml,full,12,0.018181818182,2,12,12,0.01818181818181818,1,0.0602880796820738,0.7234569561848856,0.00085529999978462,0.00085529999978462,0.00085529999978462,path,path,path,11,0.0,0.0,False,,,False,1,path,64,4,RL+Path,2
best,C:\Users\erich\Documents\AFRL\Algebraic-Connectivity-Optimization-CDC2026\lite_trials\sweep\pmin_only\checkpoints\best.pt,ppo,3000,C:\Users\erich\Documents\AFRL\Algebraic-Connectivity-Optimization-CDC2026\lite_trials\lite_config.yaml,full,12,0.018181818182,3,12,12,0.01818181818181818,1,0.0602880796820738,0.7234569561848856,0.0008977999996204744,0.0008977999996204744,0.0008977999996204744,path,path,path,11,0.0,0.0,False,,,False,1,path,64,4,RL+Path,3
best,C:\Users\erich\Documents\AFRL\Algebraic-Connectivity-Optimization-CDC2026\lite_trials\sweep\pmin_only\checkpoints\best.pt,ppo,3000,C:\Users\erich\Documents\AFRL\Algebraic-Connectivity-Optimization-CDC2026\lite_trials\lite_config.yaml,full,12,0.018181818182,4,12,12,0.01818181818181818,1,0.0602880796820738,0.7234569561848856,0.0008382999994864804,0.0008382999994864804,0.0008382999994864804,path,path,path,11,0.0,0.0,False,,,False,1,path,64,4,RL+Path,4
best,C:\Users\erich\Documents\AFRL\Algebraic-Connectivity-Optimization-CDC2026\lite_trials\sweep\pmin_only\checkpoints\best.pt,ppo,3000,C:\Users\erich\Documents\AFRL\Algebraic-Connectivity-Optimization-CDC2026\lite_trials\lite_config.yaml,full,12,0.090909090909,0,16,16,0.09090909090909091,5,0.22881878969090197,2.7458254762908236,0.004041299999698822,0.004041299999698822,0.004041299999698822,path,path,path,11,0.0,0.0,False,,,False,1,path,64,4,RL+Path,0
best,C:\Users\erich\Documents\AFRL\Algebraic-Connectivity-Optimization-CDC2026\lite_trials\sweep\pmin_only\checkpoints\best.pt,ppo,3000,C:\Users\erich\Documents\AFRL\Algebraic-Connectivity-Optimization-CDC2026\lite_trials\lite_config.yaml,full,12,0.090909090909,1,16,16,0.09090909090909091,5,0.22881878969090197,2.7458254762908236,0.004909199999929115,0.004909199999929115,0.004909199999929115,path,path,path,11,0.0,0.0,False,,,False,1,path,64,4,RL+Path,1
best,C:\Users\erich\Documents\AFRL\Algebraic-Connectivity-Optimization-CDC2026\lite_trials\sweep\pmin_only\checkpoints\best.pt,ppo,3000,C:\Users\erich\Documents\AFRL\Algebraic-Connectivity-Optimization-CDC2026\lite_trials\lite_config.yaml,full,12,0.090909090909,2,16,16,0.09090909090909091,5,0.22881878969090197,2.7458254762908236,0.00493209999967803,0.00493209999967803,0.00493209999967803,path,path,path,11,0.0,0.0,False,,,False,1,path,64,4,RL+Path,2
best,C:\Users\erich\Documents\AFRL\Algebraic-Connectivity-Optimization-CDC2026\lite_trials\sweep\pmin_only\checkpoints\best.pt,ppo,3000,C:\Users\erich\Documents\AFRL\Algebraic-Connectivity-Optimization-CDC2026\lite_trials\lite_config.yaml,full,12,0.090909090909,3,16,16,0.09090909090909091,5,0.22881878969090197,2.7458254762908236,0.005103400000734837,0.005103400000734837,0.005103400000734837,path,path,path,11,0.0,0.0,False,,,False,1,path,64,4,RL+Path,3
best,C:\Users\erich\Documents\AFRL\Algebraic-Connectivity-Optimization-CDC2026\lite_trials\sweep\pmin_only\checkpoints\best.pt,ppo,3000,C:\Users\erich\Documents\AFRL\Algebraic-Connectivity-Optimization-CDC2026\lite_trials\lite_config.yaml,full,12,0.090909090909,4,16,16,0.09090909090909091,5,0.22881878969090197,2.7458254762908236,0.004160200000114855,0.004160200000114855,0.004160200000114855,path,path,path,11,0.0,0.0,False,,,False,1,path,64,4,RL+Path,4
best,C:\Users\erich\Documents\AFRL\Algebraic-Connectivity-Optimization-CDC2026\lite_trials\sweep\pmin_only\checkpoints\best.pt,ppo,3000,C:\Users\erich\Documents\AFRL\Algebraic-Connectivity-Optimization-CDC2026\lite_trials\lite_config.yaml,full,12,0.163636363636,0,20,20,0.16363636363636364,9,0.37358715786588953,4.483045894390674,0.00784990000011021,0.00784990000011021,0.00784990000011021,path,path,path,11,0.0,0.0,False,,,False,1,path,64,4,RL+Path,0
best,C:\Users\erich\Documents\AFRL\Algebraic-Connectivity-Optimization-CDC2026\lite_trials\sweep\pmin_only\checkpoints\best.pt,ppo,3000,C:\Users\erich\Documents\AFRL\Algebraic-Connectivity-Optimization-CDC2026\lite_trials\lite_config.yaml,full,12,0.163636363636,1,20,20,0.16363636363636364,9,0.37358715786588953,4.483045894390674,0.008346300000084739,0.008346300000084739,0.008346300000084739,path,path,path,11,0.0,0.0,False,,,False,1,path,64,4,RL+Path,1
best,C:\Users\erich\Documents\AFRL\Algebraic-Connectivity-Optimization-CDC2026\lite_trials\sweep\pmin_only\checkpoints\best.pt,ppo,3000,C:\Users\erich\Documents\AFRL\Algebraic-Connectivity-Optimization-CDC2026\lite_trials\lite_config.yaml,full,12,0.163636363636,2,20,20,0.16363636363636364,9,0.37358715786588953,4.483045894390674,0.007868700000472018,0.007868700000472018,0.007868700000472018,path,path,path,11,0.0,0.0,False,,,False,1,path,64,4,RL+Path,2
best,C:\Users\erich\Documents\AFRL\Algebraic-Connectivity-Optimization-CDC2026\lite_trials\sweep\pmin_only\checkpoints\best.pt,ppo,3000,C:\Users\erich\Documents\AFRL\Algebraic-Connectivity-Optimization-CDC2026\lite_trials\lite_config.yaml,full,12,0.163636363636,3,20,20,0.16363636363636364,9,0.37358715786588953,4.483045894390674,0.007055500000205939,0.007055500000205939,0.007055500000205939,path,path,path,11,0.0,0.0,False,,,False,1,path,64,4,RL+Path,3
best,C:\Users\erich\Documents\AFRL\Algebraic-Connectivity-Optimization-CDC2026\lite_trials\sweep\pmin_only\checkpoints\best.pt,ppo,3000,C:\Users\erich\Documents\AFRL\Algebraic-Connectivity-Optimization-CDC2026\lite_trials\lite_config.yaml,full,12,0.163636363636,4,20,20,0.16363636363636364,9,0.37358715786588953,4.483045894390674,0.0073139999994964455,0.0073139999994964455,0.0073139999994964455,path,path,path,11,0.0,0.0,False,,,False,1,path,64,4,RL+Path,4
best,C:\Users\erich\Documents\AFRL\Algebraic-Connectivity-Optimization-CDC2026\lite_trials\sweep\pmin_only\checkpoints\best.pt,ppo,3000,C:\Users\erich\Documents\AFRL\Algebraic-Connectivity-Optimization-CDC2026\lite_trials\lite_config.yaml,full,12,0.218181818182,0,23,23,0.21818181818181817,12,0.4713518524667235,5.656222229600682,0.009315799999967567,0.009315799999967567,0.009315799999967567,path,path,path,11,0.0,0.0,False,,,False,1,path,64,4,RL+Path,0
best,C:\Users\erich\Documents\AFRL\Algebraic-Connectivity-Optimization-CDC2026\lite_trials\sweep\pmin_only\checkpoints\best.pt,ppo,3000,C:\Users\erich\Documents\AFRL\Algebraic-Connectivity-Optimization-CDC2026\lite_trials\lite_config.yaml,full,12,0.218181818182,1,23,23,0.21818181818181817,12,0.4713518524667235,5.656222229600682,0.00964060000023892,0.00964060000023892,0.00964060000023892,path,path,path,11,0.0,0.0,False,,,False,1,path,64,4,RL+Path,1
best,C:\Users\erich\Documents\AFRL\Algebraic-Connectivity-Optimization-CDC2026\lite_trials\sweep\pmin_only\checkpoints\best.pt,ppo,3000,C:\Users\erich\Documents\AFRL\Algebraic-Connectivity-Optimization-CDC2026\lite_trials\lite_config.yaml,full,12,0.218181818182,2,23,23,0.21818181818181817,12,0.4713518524667235,5.656222229600682,0.010420800000247255,0.010420800000247255,0.010420800000247255,path,path,path,11,0.0,0.0,False,,,False,1,path,64,4,RL+Path,2
best,C:\Users\erich\Documents\AFRL\Algebraic-Connectivity-Optimization-CDC2026\lite_trials\sweep\pmin_only\checkpoints\best.pt,ppo,3000,C:\Users\erich\Documents\AFRL\Algebraic-Connectivity-Optimization-CDC2026\lite_trials\lite_config.yaml,full,12,0.218181818182,3,23,23,0.21818181818181817,12,0.4713518524667235,5.656222229600682,0.00947730000007141,0.00947730000007141,0.00947730000007141,path,path,path,11,0.0,0.0,False,,,False,1,path,64,4,RL+Path,3
best,C:\Users\erich\Documents\AFRL\Algebraic-Connectivity-Optimization-CDC2026\lite_trials\sweep\pmin_only\checkpoints\best.pt,ppo,3000,C:\Users\erich\Documents\AFRL\Algebraic-Connectivity-Optimization-CDC2026\lite_trials\lite_config.yaml,full,12,0.218181818182,4,23,23,0.21818181818181817,12,0.4713518524667235,5.656222229600682,0.009676099999524013,0.009676099999524013,0.009676099999524013,path,path,path,11,0.0,0.0,False,,,False,1,path,64,4,RL+Path,4
best,C:\Users\erich\Documents\AFRL\Algebraic-Connectivity-Optimization-CDC2026\lite_trials\sweep\pmin_only\checkpoints\best.pt,ppo,3000,C:\Users\erich\Documents\AFRL\Algebraic-Connectivity-Optimization-CDC2026\lite_trials\lite_config.yaml,full,12,0.290909090909,0,27,27,0.2909090909090909,16,0.6026472909894062,7.2317674918728745,0.014212699999916367,0.014212699999916367,0.014212699999916367,path,path,path,11,0.0,0.0,False,,,False,1,path,64,4,RL+Path,0
best,C:\Users\erich\Documents\AFRL\Algebraic-Connectivity-Optimization-CDC2026\lite_trials\sweep\pmin_only\checkpoints\best.pt,ppo,3000,C:\Users\erich\Documents\AFRL\Algebraic-Connectivity-Optimization-CDC2026\lite_trials\lite_config.yaml,full,12,0.290909090909,1,27,27,0.2909090909090909,16,0.6026472909894062,7.2317674918728745,0.01412720000007539,0.01412720000007539,0.01412720000007539,path,path,path,11,0.0,0.0,False,,,False,1,path,64,4,RL+Path,1
best,C:\Users\erich\Documents\AFRL\Algebraic-Connectivity-Optimization-CDC2026\lite_trials\sweep\pmin_only\checkpoints\best.pt,ppo,3000,C:\Users\erich\Documents\AFRL\Algebraic-Connectivity-Optimization-CDC2026\lite_trials\lite_config.yaml,full,12,0.290909090909,2,27,27,0.2909090909090909,16,0.6026472909894062,7.2317674918728745,0.01199350000024424,0.01199350000024424,0.01199350000024424,path,path,path,11,0.0,0.0,False,,,False,1,path,64,4,RL+Path,2
best,C:\Users\erich\Documents\AFRL\Algebraic-Connectivity-Optimization-CDC2026\lite_trials\sweep\pmin_only\checkpoints\best.pt,ppo,3000,C:\Users\erich\Documents\AFRL\Algebraic-Connectivity-Optimization-CDC2026\lite_trials\lite_config.yaml,full,12,0.290909090909,3,27,27,0.2909090909090909,16,0.6026472909894062,7.2317674918728745,0.012027199999465665,0.012027199999465665,0.012027199999465665,path,path,path,11,0.0,0.0,False,,,False,1,path,64,4,RL+Path,3
best,C:\Users\erich\Documents\AFRL\Algebraic-Connectivity-Optimization-CDC2026\lite_trials\sweep\pmin_only\checkpoints\best.pt,ppo,3000,C:\Users\erich\Documents\AFRL\Algebraic-Connectivity-Optimization-CDC2026\lite_trials\lite_config.yaml,full,12,0.290909090909,4,27,27,0.2909090909090909,16,0.6026472909894062,7.2317674918728745,0.011696499999743537,0.011696499999743537,0.011696499999743537,path,path,path,11,0.0,0.0,False,,,False,1,path,64,4,RL+Path,4
best,C:\Users\erich\Documents\AFRL\Algebraic-Connectivity-Optimization-CDC2026\lite_trials\sweep\pmin_only\checkpoints\best.pt,ppo,3000,C:\Users\erich\Documents\AFRL\Algebraic-Connectivity-Optimization-CDC2026\lite_trials\lite_config.yaml,full,12,0.363636363636,0,31,31,0.36363636363636365,20,0.6957381480383263,8.348857776459916,0.01535630000034871,0.01535630000034871,0.01535630000034871,path,path,path,11,0.0,0.0,False,,,False,1,path,64,4,RL+Path,0
best,C:\Users\erich\Documents\AFRL\Algebraic-Connectivity-Optimization-CDC2026\lite_trials\sweep\pmin_only\checkpoints\best.pt,ppo,3000,C:\Users\erich\Documents\AFRL\Algebraic-Connectivity-Optimization-CDC2026\lite_trials\lite_config.yaml,full,12,0.363636363636,1,31,31,0.36363636363636365,20,0.6957381480383263,8.348857776459916,0.01616070000000036,0.01616070000000036,0.01616070000000036,path,path,path,11,0.0,0.0,False,,,False,1,path,64,4,RL+Path,1
best,C:\Users\erich\Documents\AFRL\Algebraic-Connectivity-Optimization-CDC2026\lite_trials\sweep\pmin_only\checkpoints\best.pt,ppo,3000,C:\Users\erich\Documents\AFRL\Algebraic-Connectivity-Optimization-CDC2026\lite_trials\lite_config.yaml,full,12,0.363636363636,2,31,31,0.36363636363636365,20,0.6957381480383263,8.348857776459916,0.015012099999694328,0.015012099999694328,0.015012099999694328,path,path,path,11,0.0,0.0,False,,,False,1,path,64,4,RL+Path,2
best,C:\Users\erich\Documents\AFRL\Algebraic-Connectivity-Optimization-CDC2026\lite_trials\sweep\pmin_only\checkpoints\best.pt,ppo,3000,C:\Users\erich\Documents\AFRL\Algebraic-Connectivity-Optimization-CDC2026\lite_trials\lite_config.yaml,full,12,0.363636363636,3,31,31,0.36363636363636365,20,0.6957381480383263,8.348857776459916,0.015199600000414648,0.015199600000414648,0.015199600000414648,path,path,path,11,0.0,0.0,False,,,False,1,path,64,4,RL+Path,3
best,C:\Users\erich\Documents\AFRL\Algebraic-Connectivity-Optimization-CDC2026\lite_trials\sweep\pmin_only\checkpoints\best.pt,ppo,3000,C:\Users\erich\Documents\AFRL\Algebraic-Connectivity-Optimization-CDC2026\lite_trials\lite_config.yaml,full,12,0.363636363636,4,31,31,0.36363636363636365,20,0.6957381480383263,8.348857776459916,0.01661379999950441,0.01661379999950441,0.01661379999950441,path,path,path,11,0.0,0.0,False,,,False,1,path,64,4,RL+Path,4
best,C:\Users\erich\Documents\AFRL\Algebraic-Connectivity-Optimization-CDC2026\lite_trials\sweep\pmin_only\checkpoints\best.pt,ppo,3000,C:\Users\erich\Documents\AFRL\Algebraic-Connectivity-Optimization-CDC2026\lite_trials\lite_config.yaml,full,12,0.436363636364,0,35,35,0.43636363636363634,24,0.7915406130225929,9.498487356271115,0.019926200000554672,0.019926200000554672,0.019926200000554672,path,path,path,11,0.0,0.0,False,,,False,1,path,64,4,RL+Path,0
best,C:\Users\erich\Documents\AFRL\Algebraic-Connectivity-Optimization-CDC2026\lite_trials\sweep\pmin_only\checkpoints\best.pt,ppo,3000,C:\Users\erich\Documents\AFRL\Algebraic-Connectivity-Optimization-CDC2026\lite_trials\lite_config.yaml,full,12,0.436363636364,1,35,35,0.43636363636363634,24,0.7915406130225929,9.498487356271115,0.021128899999894202,0.021128899999894202,0.021128899999894202,path,path,path,11,0.0,0.0,False,,,False,1,path,64,4,RL+Path,1
best,C:\Users\erich\Documents\AFRL\Algebraic-Connectivity-Optimization-CDC2026\lite_trials\sweep\pmin_only\checkpoints\best.pt,ppo,3000,C:\Users\erich\Documents\AFRL\Algebraic-Connectivity-Optimization-CDC2026\lite_trials\lite_config.yaml,full,12,0.436363636364,2,35,35,0.43636363636363634,24,0.7915406130225929,9.498487356271115,0.023027999999612803,0.023027999999612803,0.023027999999612803,path,path,path,11,0.0,0.0,False,,,False,1,path,64,4,RL+Path,2
best,C:\Users\erich\Documents\AFRL\Algebraic-Connectivity-Optimization-CDC2026\lite_trials\sweep\pmin_only\checkpoints\best.pt,ppo,3000,C:\Users\erich\Documents\AFRL\Algebraic-Connectivity-Optimization-CDC2026\lite_trials\lite_config.yaml,full,12,0.436363636364,3,35,35,0.43636363636363634,24,0.7915406130225929,9.498487356271115,0.022708800000145857,0.022708800000145857,0.022708800000145857,path,path,path,11,0.0,0.0,False,,,False,1,path,64,4,RL+Path,3
best,C:\Users\erich\Documents\AFRL\Algebraic-Connectivity-Optimization-CDC2026\lite_trials\sweep\pmin_only\checkpoints\best.pt,ppo,3000,C:\Users\erich\Documents\AFRL\Algebraic-Connectivity-Optimization-CDC2026\lite_trials\lite_config.yaml,full,12,0.436363636364,4,35,35,0.43636363636363634,24,0.7915406130225929,9.498487356271115,0.022823600000265287,0.022823600000265287,0.022823600000265287,path,path,path,11,0.0,0.0,False,,,False,1,path,64,4,RL+Path,4
best,C:\Users\erich\Documents\AFRL\Algebraic-Connectivity-Optimization-CDC2026\lite_trials\sweep\pmin_only\checkpoints\best.pt,ppo,3000,C:\Users\erich\Documents\AFRL\Algebraic-Connectivity-Optimization-CDC2026\lite_trials\lite_config.yaml,full,12,0.490909090909,0,38,38,0.4909090909090909,27,0.8388276220664772,10.065931464797726,0.025153399999908288,0.025153399999908288,0.025153399999908288,path,path,path,11,0.0,0.0,False,,,False,1,path,64,4,RL+Path,0
best,C:\Users\erich\Documents\AFRL\Algebraic-Connectivity-Optimization-CDC2026\lite_trials\sweep\pmin_only\checkpoints\best.pt,ppo,3000,C:\Users\erich\Documents\AFRL\Algebraic-Connectivity-Optimization-CDC2026\lite_trials\lite_config.yaml,full,12,0.490909090909,1,38,38,0.4909090909090909,27,0.8388276220664772,10.065931464797726,0.026093699999364617,0.026093699999364617,0.026093699999364617,path,path,path,11,0.0,0.0,False,,,False,1,path,64,4,RL+Path,1
best,C:\Users\erich\Documents\AFRL\Algebraic-Connectivity-Optimization-CDC2026\lite_trials\sweep\pmin_only\checkpoints\best.pt,ppo,3000,C:\Users\erich\Documents\AFRL\Algebraic-Connectivity-Optimization-CDC2026\lite_trials\lite_config.yaml,full,12,0.490909090909,2,38,38,0.4909090909090909,27,0.8388276220664772,10.065931464797726,0.025218499999937194,0.025218499999937194,0.025218499999937194,path,path,path,11,0.0,0.0,False,,,False,1,path,64,4,RL+Path,2
best,C:\Users\erich\Documents\AFRL\Algebraic-Connectivity-Optimization-CDC2026\lite_trials\sweep\pmin_only\checkpoints\best.pt,ppo,3000,C:\Users\erich\Documents\AFRL\Algebraic-Connectivity-Optimization-CDC2026\lite_trials\lite_config.yaml,full,12,0.490909090909,3,38,38,0.4909090909090909,27,0.8388276220664772,10.065931464797726,0.02559709999968618,0.02559709999968618,0.02559709999968618,path,path,path,11,0.0,0.0,False,,,False,1,path,64,4,RL+Path,3
best,C:\Users\erich\Documents\AFRL\Algebraic-Connectivity-Optimization-CDC2026\lite_trials\sweep\pmin_only\checkpoints\best.pt,ppo,3000,C:\Users\erich\Documents\AFRL\Algebraic-Connectivity-Optimization-CDC2026\lite_trials\lite_config.yaml,full,12,0.490909090909,4,38,38,0.4909090909090909,27,0.8388276220664772,10.065931464797726,0.0251471000001402,0.0251471000001402,0.0251471000001402,path,path,path,11,0.0,0.0,False,,,False,1,path,64,4,RL+Path,4
best,C:\Users\erich\Documents\AFRL\Algebraic-Connectivity-Optimization-CDC2026\lite_trials\sweep\pmin_only\checkpoints\best.pt,ppo,3000,C:\Users\erich\Documents\AFRL\Algebraic-Connectivity-Optimization-CDC2026\lite_trials\lite_config.yaml,full,12,0.563636363636,0,42,42,0.5636363636363636,31,0.8898419638369718,10.678103566043662,0.03086650000022928,0.03086650000022928,0.03086650000022928,path,path,path,11,0.0,0.0,False,,,False,1,path,64,4,RL+Path,0
best,C:\Users\erich\Documents\AFRL\Algebraic-Connectivity-Optimization-CDC2026\lite_trials\sweep\pmin_only\checkpoints\best.pt,ppo,3000,C:\Users\erich\Documents\AFRL\Algebraic-Connectivity-Optimization-CDC2026\lite_trials\lite_config.yaml,full,12,0.563636363636,1,42,42,0.5636363636363636,31,0.8898419638369718,10.678103566043662,0.029325900000003458,0.029325900000003458,0.029325900000003458,path,path,path,11,0.0,0.0,False,,,False,1,path,64,4,RL+Path,1
best,C:\Users\erich\Documents\AFRL\Algebraic-Connectivity-Optimization-CDC2026\lite_trials\sweep\pmin_only\checkpoints\best.pt,ppo,3000,C:\Users\erich\Documents\AFRL\Algebraic-Connectivity-Optimization-CDC2026\lite_trials\lite_config.yaml,full,12,0.563636363636,2,42,42,0.5636363636363636,31,0.8898419638369718,10.678103566043662,0.028274599999349448,0.028274599999349448,0.028274599999349448,path,path,path,11,0.0,0.0,False,,,False,1,path,64,4,RL+Path,2
best,C:\Users\erich\Documents\AFRL\Algebraic-Connectivity-Optimization-CDC2026\lite_trials\sweep\pmin_only\checkpoints\best.pt,ppo,3000,C:\Users\erich\Documents\AFRL\Algebraic-Connectivity-Optimization-CDC2026\lite_trials\lite_config.yaml,full,12,0.563636363636,3,42,42,0.5636363636363636,31,0.8898419638369718,10.678103566043662,0.02936890000000858,0.02936890000000858,0.02936890000000858,path,path,path,11,0.0,0.0,False,,,False,1,path,64,4,RL+Path,3
best,C:\Users\erich\Documents\AFRL\Algebraic-Connectivity-Optimization-CDC2026\lite_trials\sweep\pmin_only\checkpoints\best.pt,ppo,3000,C:\Users\erich\Documents\AFRL\Algebraic-Connectivity-Optimization-CDC2026\lite_trials\lite_config.yaml,full,12,0.563636363636,4,42,42,0.5636363636363636,31,0.8898419638369718,10.678103566043662,0.029509899999538902,0.029509899999538902,0.029509899999538902,path,path,path,11,0.0,0.0,False,,,False,1,path,64,4,RL+Path,4
best,C:\Users\erich\Documents\AFRL\Algebraic-Connectivity-Optimization-CDC2026\lite_trials\sweep\pmin_only\checkpoints\best.pt,ppo,3000,C:\Users\erich\Documents\AFRL\Algebraic-Connectivity-Optimization-CDC2026\lite_trials\lite_config.yaml,full,12,0.636363636364,0,46,46,0.6363636363636364,35,0.6545837828595625,7.85500539431475,0.03395799999998417,0.03395799999998417,0.03395799999998417,path,path,path,11,0.0,0.0,False,,,False,1,path,64,4,RL+Path,0
best,C:\Users\erich\Documents\AFRL\Algebraic-Connectivity-Optimization-CDC2026\lite_trials\sweep\pmin_only\checkpoints\best.pt,ppo,3000,C:\Users\erich\Documents\AFRL\Algebraic-Connectivity-Optimization-CDC2026\lite_trials\lite_config.yaml,full,12,0.636363636364,1,46,46,0.6363636363636364,35,0.6545837828595625,7.85500539431475,0.033952799999497074,0.033952799999497074,0.033952799999497074,path,path,path,11,0.0,0.0,False,,,False,1,path,64,4,RL+Path,1
best,C:\Users\erich\Documents\AFRL\Algebraic-Connectivity-Optimization-CDC2026\lite_trials\sweep\pmin_only\checkpoints\best.pt,ppo,3000,C:\Users\erich\Documents\AFRL\Algebraic-Connectivity-Optimization-CDC2026\lite_trials\lite_config.yaml,full,12,0.636363636364,2,46,46,0.6363636363636364,35,0.6545837828595625,7.85500539431475,0.03431209999962448,0.03431209999962448,0.03431209999962448,path,path,path,11,0.0,0.0,False,,,False,1,path,64,4,RL+Path,2
best,C:\Users\erich\Documents\AFRL\Algebraic-Connectivity-Optimization-CDC2026\lite_trials\sweep\pmin_only\checkpoints\best.pt,ppo,3000,C:\Users\erich\Documents\AFRL\Algebraic-Connectivity-Optimization-CDC2026\lite_trials\lite_config.yaml,full,12,0.636363636364,3,46,46,0.6363636363636364,35,0.6545837828595625,7.85500539431475,0.03325239999958285,0.03325239999958285,0.03325239999958285,path,path,path,11,0.0,0.0,False,,,False,1,path,64,4,RL+Path,3
best,C:\Users\erich\Documents\AFRL\Algebraic-Connectivity-Optimization-CDC2026\lite_trials\sweep\pmin_only\checkpoints\best.pt,ppo,3000,C:\Users\erich\Documents\AFRL\Algebraic-Connectivity-Optimization-CDC2026\lite_trials\lite_config.yaml,full,12,0.636363636364,4,46,46,0.6363636363636364,35,0.6545837828595625,7.85500539431475,0.03126849999989645,0.03126849999989645,0.03126849999989645,path,path,path,11,0.0,0.0,False,,,False,1,path,64,4,RL+Path,4
best,C:\Users\erich\Documents\AFRL\Algebraic-Connectivity-Optimization-CDC2026\lite_trials\sweep\pmin_only\checkpoints\best.pt,ppo,3000,C:\Users\erich\Documents\AFRL\Algebraic-Connectivity-Optimization-CDC2026\lite_trials\lite_config.yaml,full,12,0.709090909091,0,50,50,0.7090909090909091,39,0.9029456314997049,10.835347577996458,0.037616600000546896,0.037616600000546896,0.037616600000546896,path,path,path,11,0.0,0.0,False,,,False,1,path,64,4,RL+Path,0
best,C:\Users\erich\Documents\AFRL\Algebraic-Connectivity-Optimization-CDC2026\lite_trials\sweep\pmin_only\checkpoints\best.pt,ppo,3000,C:\Users\erich\Documents\AFRL\Algebraic-Connectivity-Optimization-CDC2026\lite_trials\lite_config.yaml,full,12,0.709090909091,1,50,50,0.7090909090909091,39,0.9029456314997049,10.835347577996458,0.03831850000005943,0.03831850000005943,0.03831850000005943,path,path,path,11,0.0,0.0,False,,,False,1,path,64,4,RL+Path,1
best,C:\Users\erich\Documents\AFRL\Algebraic-Connectivity-Optimization-CDC2026\lite_trials\sweep\pmin_only\checkpoints\best.pt,ppo,3000,C:\Users\erich\Documents\AFRL\Algebraic-Connectivity-Optimization-CDC2026\lite_trials\lite_config.yaml,full,12,0.709090909091,2,50,50,0.7090909090909091,39,0.9029456314997049,10.835347577996458,0.03737890000047628,0.03737890000047628,0.03737890000047628,path,path,path,11,0.0,0.0,False,,,False,1,path,64,4,RL+Path,2
best,C:\Users\erich\Documents\AFRL\Algebraic-Connectivity-Optimization-CDC2026\lite_trials\sweep\pmin_only\checkpoints\best.pt,ppo,3000,C:\Users\erich\Documents\AFRL\Algebraic-Connectivity-Optimization-CDC2026\lite_trials\lite_config.yaml,full,12,0.709090909091,3,50,50,0.7090909090909091,39,0.9029456314997049,10.835347577996458,0.0351066000002902,0.0351066000002902,0.0351066000002902,path,path,path,11,0.0,0.0,False,,,False,1,path,64,4,RL+Path,3
best,C:\Users\erich\Documents\AFRL\Algebraic-Connectivity-Optimization-CDC2026\lite_trials\sweep\pmin_only\checkpoints\best.pt,ppo,3000,C:\Users\erich\Documents\AFRL\Algebraic-Connectivity-Optimization-CDC2026\lite_trials\lite_config.yaml,full,12,0.709090909091,4,50,50,0.7090909090909091,39,0.9029456314997049,10.835347577996458,0.03605260000040289,0.03605260000040289,0.03605260000040289,path,path,path,11,0.0,0.0,False,,,False,1,path,64,4,RL+Path,4
best,C:\Users\erich\Documents\AFRL\Algebraic-Connectivity-Optimization-CDC2026\lite_trials\sweep\pmin_only\checkpoints\best.pt,ppo,3000,C:\Users\erich\Documents\AFRL\Algebraic-Connectivity-Optimization-CDC2026\lite_trials\lite_config.yaml,full,12,0.781818181818,0,54,54,0.7818181818181819,43,0.9561998578960135,11.474398294752161,0.042897000000266416,0.042897000000266416,0.042897000000266416,path,path,path,11,0.0,0.0,False,,,False,1,path,64,4,RL+Path,0
best,C:\Users\erich\Documents\AFRL\Algebraic-Connectivity-Optimization-CDC2026\lite_trials\sweep\pmin_only\checkpoints\best.pt,ppo,3000,C:\Users\erich\Documents\AFRL\Algebraic-Connectivity-Optimization-CDC2026\lite_trials\lite_config.yaml,full,12,0.781818181818,1,54,54,0.7818181818181819,43,0.9561998578960135,11.474398294752161,0.04112799999984418,0.04112799999984418,0.04112799999984418,path,path,path,11,0.0,0.0,False,,,False,1,path,64,4,RL+Path,1
best,C:\Users\erich\Documents\AFRL\Algebraic-Connectivity-Optimization-CDC2026\lite_trials\sweep\pmin_only\checkpoints\best.pt,ppo,3000,C:\Users\erich\Documents\AFRL\Algebraic-Connectivity-Optimization-CDC2026\lite_trials\lite_config.yaml,full,12,0.781818181818,2,54,54,0.7818181818181819,43,0.9561998578960135,11.474398294752161,0.04019109999990178,0.04019109999990178,0.04019109999990178,path,path,path,11,0.0,0.0,False,,,False,1,path,64,4,RL+Path,2
best,C:\Users\erich\Documents\AFRL\Algebraic-Connectivity-Optimization-CDC2026\lite_trials\sweep\pmin_only\checkpoints\best.pt,ppo,3000,C:\Users\erich\Documents\AFRL\Algebraic-Connectivity-Optimization-CDC2026\lite_trials\lite_config.yaml,full,12,0.781818181818,3,54,54,0.7818181818181819,43,0.9561998578960135,11.474398294752161,0.04098800000065239,0.04098800000065239,0.04098800000065239,path,path,path,11,0.0,0.0,False,,,False,1,path,64,4,RL+Path,3
best,C:\Users\erich\Documents\AFRL\Algebraic-Connectivity-Optimization-CDC2026\lite_trials\sweep\pmin_only\checkpoints\best.pt,ppo,3000,C:\Users\erich\Documents\AFRL\Algebraic-Connectivity-Optimization-CDC2026\lite_trials\lite_config.yaml,full,12,0.781818181818,4,54,54,0.7818181818181819,43,0.9561998578960135,11.474398294752161,0.0443595999995523,0.0443595999995523,0.0443595999995523,path,path,path,11,0.0,0.0,False,,,False,1,path,64,4,RL+Path,4
best,C:\Users\erich\Documents\AFRL\Algebraic-Connectivity-Optimization-CDC2026\lite_trials\sweep\pmin_only\checkpoints\best.pt,ppo,3000,C:\Users\erich\Documents\AFRL\Algebraic-Connectivity-Optimization-CDC2026\lite_trials\lite_config.yaml,full,12,0.836363636364,0,57,57,0.8363636363636363,46,0.9835170370675147,11.802204444810176,0.045327499999984866,0.045327499999984866,0.045327499999984866,path,path,path,11,0.0,0.0,False,,,False,1,path,64,4,RL+Path,0
best,C:\Users\erich\Documents\AFRL\Algebraic-Connectivity-Optimization-CDC2026\lite_trials\sweep\pmin_only\checkpoints\best.pt,ppo,3000,C:\Users\erich\Documents\AFRL\Algebraic-Connectivity-Optimization-CDC2026\lite_trials\lite_config.yaml,full,12,0.836363636364,1,57,57,0.8363636363636363,46,0.9835170370675147,11.802204444810176,0.04423270000006596,0.04423270000006596,0.04423270000006596,path,path,path,11,0.0,0.0,False,,,False,1,path,64,4,RL+Path,1
best,C:\Users\erich\Documents\AFRL\Algebraic-Connectivity-Optimization-CDC2026\lite_trials\sweep\pmin_only\checkpoints\best.pt,ppo,3000,C:\Users\erich\Documents\AFRL\Algebraic-Connectivity-Optimization-CDC2026\lite_trials\lite_config.yaml,full,12,0.836363636364,2,57,57,0.8363636363636363,46,0.9835170370675147,11.802204444810176,0.04354899999998452,0.04354899999998452,0.04354899999998452,path,path,path,11,0.0,0.0,False,,,False,1,path,64,4,RL+Path,2
best,C:\Users\erich\Documents\AFRL\Algebraic-Connectivity-Optimization-CDC2026\lite_trials\sweep\pmin_only\checkpoints\best.pt,ppo,3000,C:\Users\erich\Documents\AFRL\Algebraic-Connectivity-Optimization-CDC2026\lite_trials\lite_config.yaml,full,12,0.836363636364,3,57,57,0.8363636363636363,46,0.9835170370675147,11.802204444810176,0.042806600000403705,0.042806600000403705,0.042806600000403705,path,path,path,11,0.0,0.0,False,,,False,1,path,64,4,RL+Path,3
best,C:\Users\erich\Documents\AFRL\Algebraic-Connectivity-Optimization-CDC2026\lite_trials\sweep\pmin_only\checkpoints\best.pt,ppo,3000,C:\Users\erich\Documents\AFRL\Algebraic-Connectivity-Optimization-CDC2026\lite_trials\lite_config.yaml,full,12,0.836363636364,4,57,57,0.8363636363636363,46,0.9835170370675147,11.802204444810176,0.04419770000004064,0.04419770000004064,0.04419770000004064,path,path,path,11,0.0,0.0,False,,,False,1,path,64,4,RL+Path,4
best,C:\Users\erich\Documents\AFRL\Algebraic-Connectivity-Optimization-CDC2026\lite_trials\sweep\pmin_only\checkpoints\best.pt,ppo,3000,C:\Users\erich\Documents\AFRL\Algebraic-Connectivity-Optimization-CDC2026\lite_trials\lite_config.yaml,full,12,0.909090909091,0,61,61,0.9090909090909091,50,0.9998553232749482,11.998263879299378,0.04994910000004893,0.04994910000004893,0.04994910000004893,path,path,path,11,0.0,0.0,False,,,False,1,path,64,4,RL+Path,0
best,C:\Users\erich\Documents\AFRL\Algebraic-Connectivity-Optimization-CDC2026\lite_trials\sweep\pmin_only\checkpoints\best.pt,ppo,3000,C:\Users\erich\Documents\AFRL\Algebraic-Connectivity-Optimization-CDC2026\lite_trials\lite_config.yaml,full,12,0.909090909091,1,61,61,0.9090909090909091,50,0.9998553232749482,11.998263879299378,0.04783999999926891,0.04783999999926891,0.04783999999926891,path,path,path,11,0.0,0.0,False,,,False,1,path,64,4,RL+Path,1
best,C:\Users\erich\Documents\AFRL\Algebraic-Connectivity-Optimization-CDC2026\lite_trials\sweep\pmin_only\checkpoints\best.pt,ppo,3000,C:\Users\erich\Documents\AFRL\Algebraic-Connectivity-Optimization-CDC2026\lite_trials\lite_config.yaml,full,12,0.909090909091,2,61,61,0.9090909090909091,50,0.9998553232749482,11.998263879299378,0.04823809999925288,0.04823809999925288,0.04823809999925288,path,path,path,11,0.0,0.0,False,,,False,1,path,64,4,RL+Path,2
best,C:\Users\erich\Documents\AFRL\Algebraic-Connectivity-Optimization-CDC2026\lite_trials\sweep\pmin_only\checkpoints\best.pt,ppo,3000,C:\Users\erich\Documents\AFRL\Algebraic-Connectivity-Optimization-CDC2026\lite_trials\lite_config.yaml,full,12,0.909090909091,3,61,61,0.9090909090909091,50,0.9998553232749482,11.998263879299378,0.048334199999771954,0.048334199999771954,0.048334199999771954,path,path,path,11,0.0,0.0,False,,,False,1,path,64,4,RL+Path,3
best,C:\Users\erich\Documents\AFRL\Algebraic-Connectivity-Optimization-CDC2026\lite_trials\sweep\pmin_only\checkpoints\best.pt,ppo,3000,C:\Users\erich\Documents\AFRL\Algebraic-Connectivity-Optimization-CDC2026\lite_trials\lite_config.yaml,full,12,0.909090909091,4,61,61,0.9090909090909091,50,0.9998553232749482,11.998263879299378,0.04732199999943987,0.04732199999943987,0.04732199999943987,path,path,path,11,0.0,0.0,False,,,False,1,path,64,4,RL+Path,4
best,C:\Users\erich\Documents\AFRL\Algebraic-Connectivity-Optimization-CDC2026\lite_trials\sweep\pmin_only\checkpoints\best.pt,ppo,3000,C:\Users\erich\Documents\AFRL\Algebraic-Connectivity-Optimization-CDC2026\lite_trials\lite_config.yaml,full,12,0.981818181818,0,65,65,0.9818181818181818,54,0.999999160842176,11.999989930106112,0.05750420000003942,0.05750420000003942,0.05750420000003942,path,path,path,11,0.0,0.0,False,,,False,1,path,64,4,RL+Path,0
best,C:\Users\erich\Documents\AFRL\Algebraic-Connectivity-Optimization-CDC2026\lite_trials\sweep\pmin_only\checkpoints\best.pt,ppo,3000,C:\Users\erich\Documents\AFRL\Algebraic-Connectivity-Optimization-CDC2026\lite_trials\lite_config.yaml,full,12,0.981818181818,1,65,65,0.9818181818181818,54,0.999999160842176,11.999989930106112,0.061211899999761954,0.061211899999761954,0.061211899999761954,path,path,path,11,0.0,0.0,False,,,False,1,path,64,4,RL+Path,1
best,C:\Users\erich\Documents\AFRL\Algebraic-Connectivity-Optimization-CDC2026\lite_trials\sweep\pmin_only\checkpoints\best.pt,ppo,3000,C:\Users\erich\Documents\AFRL\Algebraic-Connectivity-Optimization-CDC2026\lite_trials\lite_config.yaml,full,12,0.981818181818,2,65,65,0.9818181818181818,54,0.999999160842176,11.999989930106112,0.05481869999948685,0.05481869999948685,0.05481869999948685,path,path,path,11,0.0,0.0,False,,,False,1,path,64,4,RL+Path,2
best,C:\Users\erich\Documents\AFRL\Algebraic-Connectivity-Optimization-CDC2026\lite_trials\sweep\pmin_only\checkpoints\best.pt,ppo,3000,C:\Users\erich\Documents\AFRL\Algebraic-Connectivity-Optimization-CDC2026\lite_trials\lite_config.yaml,full,12,0.981818181818,3,65,65,0.9818181818181818,54,0.999999160842176,11.999989930106112,0.05312309999953868,0.05312309999953868,0.05312309999953868,path,path,path,11,0.0,0.0,False,,,False,1,path,64,4,RL+Path,3
best,C:\Users\erich\Documents\AFRL\Algebraic-Connectivity-Optimization-CDC2026\lite_trials\sweep\pmin_only\checkpoints\best.pt,ppo,3000,C:\Users\erich\Documents\AFRL\Algebraic-Connectivity-Optimization-CDC2026\lite_trials\lite_config.yaml,full,12,0.981818181818,4,65,65,0.9818181818181818,54,0.999999160842176,11.999989930106112,0.051433699999506644,0.051433699999506644,0.051433699999506644,path,path,path,11,0.0,0.0,False,,,False,1,path,64,4,RL+Path,4
best,C:\Users\erich\Documents\AFRL\Algebraic-Connectivity-Optimization-CDC2026\lite_trials\sweep\pmin_only\checkpoints\best.pt,ppo,3000,C:\Users\erich\Documents\AFRL\Algebraic-Connectivity-Optimization-CDC2026\lite_trials\lite_config.yaml,full,12,0.018181818182,0,12,12,0.01818181818181818,1,0.08333333333333325,0.9999999999999989,0.003446799999437644,0.003446799999437644,0.003930400000172085,backbone,envelope_only,envelope,11,1.0,0.000483600000734441,False,,,False,1,envelope,64,4,RL+Backbone,0
best,C:\Users\erich\Documents\AFRL\Algebraic-Connectivity-Optimization-CDC2026\lite_trials\sweep\pmin_only\checkpoints\best.pt,ppo,3000,C:\Users\erich\Documents\AFRL\Algebraic-Connectivity-Optimization-CDC2026\lite_trials\lite_config.yaml,full,12,0.018181818182,1,12,12,0.01818181818181818,1,0.08333333333333325,0.9999999999999989,0.0010034999995696126,0.0010034999995696126,0.0011119999990114593,backbone,envelope_only,envelope,11,1.0,0.00010849999944184674,False,,,False,1,envelope,64,4,RL+Backbone,1
best,C:\Users\erich\Documents\AFRL\Algebraic-Connectivity-Optimization-CDC2026\lite_trials\sweep\pmin_only\checkpoints\best.pt,ppo,3000,C:\Users\erich\Documents\AFRL\Algebraic-Connectivity-Optimization-CDC2026\lite_trials\lite_config.yaml,full,12,0.018181818182,2,12,12,0.01818181818181818,1,0.08333333333333325,0.9999999999999989,0.0009817000000111875,0.0009817000000111875,0.0010615999999572523,backbone,envelope_only,envelope,11,1.0,7.989999994606478e-05,False,,,False,1,envelope,64,4,RL+Backbone,2
best,C:\Users\erich\Documents\AFRL\Algebraic-Connectivity-Optimization-CDC2026\lite_trials\sweep\pmin_only\checkpoints\best.pt,ppo,3000,C:\Users\erich\Documents\AFRL\Algebraic-Connectivity-Optimization-CDC2026\lite_trials\lite_config.yaml,full,12,0.018181818182,3,12,12,0.01818181818181818,1,0.08333333333333325,0.9999999999999989,0.0008342000000993721,0.0008342000000993721,0.0009074999998119893,backbone,envelope_only,envelope,11,1.0,7.329999971261714e-05,False,,,False,1,envelope,64,4,RL+Backbone,3
best,C:\Users\erich\Documents\AFRL\Algebraic-Connectivity-Optimization-CDC2026\lite_trials\sweep\pmin_only\checkpoints\best.pt,ppo,3000,C:\Users\erich\Documents\AFRL\Algebraic-Connectivity-Optimization-CDC2026\lite_trials\lite_config.yaml,full,12,0.018181818182,4,12,12,0.01818181818181818,1,0.08333333333333325,0.9999999999999989,0.0008856000004016096,0.0008856000004016096,0.0009583000000930042,backbone,envelope_only,envelope,11,1.0,7.269999969139462e-05,False,,,False,1,envelope,64,4,RL+Backbone,4
best,C:\Users\erich\Documents\AFRL\Algebraic-Connectivity-Optimization-CDC2026\lite_trials\sweep\pmin_only\checkpoints\best.pt,ppo,3000,C:\Users\erich\Documents\AFRL\Algebraic-Connectivity-Optimization-CDC2026\lite_trials\lite_config.yaml,full,12,0.090909090909,0,16,16,0.09090909090909091,5,0.17321587633354255,2.0785905160025107,0.004970899999534595,0.004970899999534595,0.006379499999638938,backbone,both,envelope,11,1.0,0.0020614999993995298,False,,,True,2,"cayley,envelope",64,4,RL+Backbone,0
best,C:\Users\erich\Documents\AFRL\Algebraic-Connectivity-Optimization-CDC2026\lite_trials\sweep\pmin_only\checkpoints\best.pt,ppo,3000,C:\Users\erich\Documents\AFRL\Algebraic-Connectivity-Optimization-CDC2026\lite_trials\lite_config.yaml,full,12,0.090909090909,1,16,16,0.09090909090909091,5,0.17321587633354255,2.0785905160025107,0.0044447000000218395,0.0044447000000218395,0.005330300000423449,backbone,both,envelope,11,1.0,0.001846799999839277,False,,,True,2,"cayley,envelope",64,4,RL+Backbone,1
best,C:\Users\erich\Documents\AFRL\Algebraic-Connectivity-Optimization-CDC2026\lite_trials\sweep\pmin_only\checkpoints\best.pt,ppo,3000,C:\Users\erich\Documents\AFRL\Algebraic-Connectivity-Optimization-CDC2026\lite_trials\lite_config.yaml,full,12,0.090909090909,2,16,16,0.09090909090909091,5,0.17321587633354255,2.0785905160025107,0.004087499999513966,0.004087499999513966,0.005147500000020955,backbone,both,envelope,11,1.0,0.0018892999996751314,False,,,True,2,"cayley,envelope",64,4,RL+Backbone,2
best,C:\Users\erich\Documents\AFRL\Algebraic-Connectivity-Optimization-CDC2026\lite_trials\sweep\pmin_only\checkpoints\best.pt,ppo,3000,C:\Users\erich\Documents\AFRL\Algebraic-Connectivity-Optimization-CDC2026\lite_trials\lite_config.yaml,full,12,0.090909090909,3,16,16,0.09090909090909091,5,0.17321587633354255,2.0785905160025107,0.004041700000016135,0.004041700000016135,0.005373500000132481,backbone,both,envelope,11,1.0,0.0017391999999745167,False,,,True,2,"cayley,envelope",64,4,RL+Backbone,3
best,C:\Users\erich\Documents\AFRL\Algebraic-Connectivity-Optimization-CDC2026\lite_trials\sweep\pmin_only\checkpoints\best.pt,ppo,3000,C:\Users\erich\Documents\AFRL\Algebraic-Connectivity-Optimization-CDC2026\lite_trials\lite_config.yaml,full,12,0.090909090909,4,16,16,0.09090909090909091,5,0.17321587633354255,2.0785905160025107,0.0048671000004105736,0.0048671000004105736,0.005207199999858858,backbone,both,envelope,11,1.0,0.0019235999998272746,False,,,True,2,"cayley,envelope",64,4,RL+Backbone,4
best,C:\Users\erich\Documents\AFRL\Algebraic-Connectivity-Optimization-CDC2026\lite_trials\sweep\pmin_only\checkpoints\best.pt,ppo,3000,C:\Users\erich\Documents\AFRL\Algebraic-Connectivity-Optimization-CDC2026\lite_trials\lite_config.yaml,full,12,0.163636363636,0,20,20,0.16363636363636364,2,0.15497127733667182,1.8596553280400618,0.0017388000005666981,0.0017388000005666981,0.0036109000002397806,backbone,cayley_only,cayley,18,1.2679491924311233,0.0018720999996730825,False,2,,False,1,cayley,64,4,RL+Backbone,0
best,C:\Users\erich\Documents\AFRL\Algebraic-Connectivity-Optimization-CDC2026\lite_trials\sweep\pmin_only\checkpoints\best.pt,ppo,3000,C:\Users\erich\Documents\AFRL\Algebraic-Connectivity-Optimization-CDC2026\lite_trials\lite_config.yaml,full,12,0.163636363636,1,20,20,0.16363636363636364,2,0.15497127733667182,1.8596553280400618,0.002174100000047474,0.002174100000047474,0.004006899999694724,backbone,cayley_only,cayley,18,1.2679491924311233,0.00183279999964725,False,2,,False,1,cayley,64,4,RL+Backbone,1
best,C:\Users\erich\Documents\AFRL\Algebraic-Connectivity-Optimization-CDC2026\lite_trials\sweep\pmin_only\checkpoints\best.pt,ppo,3000,C:\Users\erich\Documents\AFRL\Algebraic-Connectivity-Optimization-CDC2026\lite_trials\lite_config.yaml,full,12,0.163636363636,2,20,20,0.16363636363636364,2,0.15497127733667182,1.8596553280400618,0.001775400000042282,0.001775400000042282,0.003676100000120641,backbone,cayley_only,cayley,18,1.2679491924311233,0.0019007000000783592,False,2,,False,1,cayley,64,4,RL+Backbone,2
best,C:\Users\erich\Documents\AFRL\Algebraic-Connectivity-Optimization-CDC2026\lite_trials\sweep\pmin_only\checkpoints\best.pt,ppo,3000,C:\Users\erich\Documents\AFRL\Algebraic-Connectivity-Optimization-CDC2026\lite_trials\lite_config.yaml,full,12,0.163636363636,3,20,20,0.16363636363636364,2,0.15497127733667182,1.8596553280400618,0.0021706999996240484,0.0021706999996240484,0.004602399999384943,backbone,cayley_only,cayley,18,1.2679491924311233,0.0024316999997608946,False,2,,False,1,cayley,64,4,RL+Backbone,3
best,C:\Users\erich\Documents\AFRL\Algebraic-Connectivity-Optimization-CDC2026\lite_trials\sweep\pmin_only\checkpoints\best.pt,ppo,3000,C:\Users\erich\Documents\AFRL\Algebraic-Connectivity-Optimization-CDC2026\lite_trials\lite_config.yaml,full,12,0.163636363636,4,20,20,0.16363636363636364,2,0.15497127733667182,1.8596553280400618,0.0017167000005429145,0.0017167000005429145,0.0037193000007391674,backbone,cayley_only,cayley,18,1.2679491924311233,0.002002600000196253,False,2,,False,1,cayley,64,4,RL+Backbone,4
best,C:\Users\erich\Documents\AFRL\Algebraic-Connectivity-Optimization-CDC2026\lite_trials\sweep\pmin_only\checkpoints\best.pt,ppo,3000,C:\Users\erich\Documents\AFRL\Algebraic-Connectivity-Optimization-CDC2026\lite_trials\lite_config.yaml,full,12,0.218181818182,0,23,23,0.21818181818181817,5,0.18797096462977558,2.255651575557307,0.004206999999951222,0.004206999999951222,0.006157599999824015,backbone,cayley_only,cayley,18,1.2679491924311233,0.001950599999872793,False,2,,False,1,cayley,64,4,RL+Backbone,0
best,C:\Users\erich\Documents\AFRL\Algebraic-Connectivity-Optimization-CDC2026\lite_trials\sweep\pmin_only\checkpoints\best.pt,ppo,3000,C:\Users\erich\Documents\AFRL\Algebraic-Connectivity-Optimization-CDC2026\lite_trials\lite_config.yaml,full,12,0.218181818182,1,23,23,0.21818181818181817,5,0.18797096462977558,2.255651575557307,0.004581200000757235,0.004581200000757235,0.00637520000054792,backbone,cayley_only,cayley,18,1.2679491924311233,0.0017939999997906853,False,2,,False,1,cayley,64,4,RL+Backbone,1
best,C:\Users\erich\Documents\AFRL\Algebraic-Connectivity-Optimization-CDC2026\lite_trials\sweep\pmin_only\checkpoints\best.pt,ppo,3000,C:\Users\erich\Documents\AFRL\Algebraic-Connectivity-Optimization-CDC2026\lite_trials\lite_config.yaml,full,12,0.218181818182,2,23,23,0.21818181818181817,5,0.18797096462977558,2.255651575557307,0.004541599999356549,0.004541599999356549,0.00649029999931372,backbone,cayley_only,cayley,18,1.2679491924311233,0.0019486999999571708,False,2,,False,1,cayley,64,4,RL+Backbone,2
best,C:\Users\erich\Documents\AFRL\Algebraic-Connectivity-Optimization-CDC2026\lite_trials\sweep\pmin_only\checkpoints\best.pt,ppo,3000,C:\Users\erich\Documents\AFRL\Algebraic-Connectivity-Optimization-CDC2026\lite_trials\lite_config.yaml,full,12,0.218181818182,3,23,23,0.21818181818181817,5,0.18797096462977558,2.255651575557307,0.004737100000056671,0.004737100000056671,0.006755000000339351,backbone,cayley_only,cayley,18,1.2679491924311233,0.0020179000002826797,False,2,,False,1,cayley,64,4,RL+Backbone,3
best,C:\Users\erich\Documents\AFRL\Algebraic-Connectivity-Optimization-CDC2026\lite_trials\sweep\pmin_only\checkpoints\best.pt,ppo,3000,C:\Users\erich\Documents\AFRL\Algebraic-Connectivity-Optimization-CDC2026\lite_trials\lite_config.yaml,full,12,0.218181818182,4,23,23,0.21818181818181817,5,0.18797096462977558,2.255651575557307,0.004396399999677669,0.004396399999677669,0.006333999999696971,backbone,cayley_only,cayley,18,1.2679491924311233,0.0019376000000193017,False,2,,False,1,cayley,64,4,RL+Backbone,4
best,C:\Users\erich\Documents\AFRL\Algebraic-Connectivity-Optimization-CDC2026\lite_trials\sweep\pmin_only\checkpoints\best.pt,ppo,3000,C:\Users\erich\Documents\AFRL\Algebraic-Connectivity-Optimization-CDC2026\lite_trials\lite_config.yaml,full,12,0.290909090909,0,27,27,0.2909090909090909,3,0.24082980502993903,2.8899576603592685,0.0026281999998900574,0.0026281999998900574,0.0044889999999213615,backbone,cayley_only,cayley,24,2.267949192431123,0.001860800000031304,False,2,,False,1,cayley,64,4,RL+Backbone,0
best,C:\Users\erich\Documents\AFRL\Algebraic-Connectivity-Optimization-CDC2026\lite_trials\sweep\pmin_only\checkpoints\best.pt,ppo,3000,C:\Users\erich\Documents\AFRL\Algebraic-Connectivity-Optimization-CDC2026\lite_trials\lite_config.yaml,full,12,0.290909090909,1,27,27,0.2909090909090909,3,0.24082980502993903,2.8899576603592685,0.0027491000000736676,0.0027491000000736676,0.004787300000316463,backbone,cayley_only,cayley,24,2.267949192431123,0.002038200000242796,False,2,,False,1,cayley,64,4,RL+Backbone,1
best,C:\Users\erich\Documents\AFRL\Algebraic-Connectivity-Optimization-CDC2026\lite_trials\sweep\pmin_only\checkpoints\best.pt,ppo,3000,C:\Users\erich\Documents\AFRL\Algebraic-Connectivity-Optimization-CDC2026\lite_trials\lite_config.yaml,full,12,0.290909090909,2,27,27,0.2909090909090909,3,0.272968953014379,3.275627436172548,0.0030194000000847154,0.0030194000000847154,0.00505299999986164,backbone,cayley_only,cayley,24,2.267949192431123,0.002033599999776925,False,2,,False,1,cayley,64,4,RL+Backbone,2
best,C:\Users\erich\Documents\AFRL\Algebraic-Connectivity-Optimization-CDC2026\lite_trials\sweep\pmin_only\checkpoints\best.pt,ppo,3000,C:\Users\erich\Documents\AFRL\Algebraic-Connectivity-Optimization-CDC2026\lite_trials\lite_config.yaml,full,12,0.290909090909,3,27,27,0.2909090909090909,3,0.272968953014379,3.275627436172548,0.0026709000003393157,0.0026709000003393157,0.00468410000030417,backbone,cayley_only,cayley,24,2.267949192431123,0.002013199999964854,False,2,,False,1,cayley,64,4,RL+Backbone,3
best,C:\Users\erich\Documents\AFRL\Algebraic-Connectivity-Optimization-CDC2026\lite_trials\sweep\pmin_only\checkpoints\best.pt,ppo,3000,C:\Users\erich\Documents\AFRL\Algebraic-Connectivity-Optimization-CDC2026\lite_trials\lite_config.yaml,full,12,0.290909090909,4,27,27,0.2909090909090909,3,0.24082980502993903,2.8899576603592685,0.0024341999996977393,0.0024341999996977393,0.004357900000286463,backbone,cayley_only,cayley,24,2.267949192431123,0.001923700000588724,False,2,,False,1,cayley,64,4,RL+Backbone,4
best,C:\Users\erich\Documents\AFRL\Algebraic-Connectivity-Optimization-CDC2026\lite_trials\sweep\pmin_only\checkpoints\best.pt,ppo,3000,C:\Users\erich\Documents\AFRL\Algebraic-Connectivity-Optimization-CDC2026\lite_trials\lite_config.yaml,full,12,0.363636363636,0,31,31,0.36363636363636365,1,0.33333333333333287,3.9999999999999947,0.0008620999997219769,0.0008620999997219769,0.002797600000121747,backbone,cayley_only,cayley,30,3.9999999999999987,0.0019355000003997702,False,2,,False,1,cayley,64,4,RL+Backbone,0
best,C:\Users\erich\Documents\AFRL\Algebraic-Connectivity-Optimization-CDC2026\lite_trials\sweep\pmin_only\checkpoints\best.pt,ppo,3000,C:\Users\erich\Documents\AFRL\Algebraic-Connectivity-Optimization-CDC2026\lite_trials\lite_config.yaml,full,12,0.363636363636,1,31,31,0.36363636363636365,1,0.33333333333333304,3.9999999999999964,0.0008623999992778408,0.0008623999992778408,0.0027740999994421145,backbone,cayley_only,cayley,30,3.9999999999999987,0.0019117000001642737,False,2,,False,1,cayley,64,4,RL+Backbone,1
best,C:\Users\erich\Documents\AFRL\Algebraic-Connectivity-Optimization-CDC2026\lite_trials\sweep\pmin_only\checkpoints\best.pt,ppo,3000,C:\Users\erich\Documents\AFRL\Algebraic-Connectivity-Optimization-CDC2026\lite_trials\lite_config.yaml,full,12,0.363636363636,2,31,31,0.36363636363636365,1,0.33333333333333304,3.9999999999999964,0.000846399999318237,0.000846399999318237,0.0027308999988235882,backbone,cayley_only,cayley,30,3.9999999999999987,0.0018844999995053513,False,2,,False,1,cayley,64,4,RL+Backbone,2
best,C:\Users\erich\Documents\AFRL\Algebraic-Connectivity-Optimization-CDC2026\lite_trials\sweep\pmin_only\checkpoints\best.pt,ppo,3000,C:\Users\erich\Documents\AFRL\Algebraic-Connectivity-Optimization-CDC2026\lite_trials\lite_config.yaml,full,12,0.363636363636,3,31,31,0.36363636363636365,1,0.33333333333333304,3.9999999999999964,0.0009268000003430643,0.0009268000003430643,0.0029473000004145433,backbone,cayley_only,cayley,30,3.9999999999999987,0.002020500000071479,False,2,,False,1,cayley,64,4,RL+Backbone,3
best,C:\Users\erich\Documents\AFRL\Algebraic-Connectivity-Optimization-CDC2026\lite_trials\sweep\pmin_only\checkpoints\best.pt,ppo,3000,C:\Users\erich\Documents\AFRL\Algebraic-Connectivity-Optimization-CDC2026\lite_trials\lite_config.yaml,full,12,0.363636363636,4,31,31,0.36363636363636365,1,0.33333333333333304,3.9999999999999964,0.000890600000275299,0.000890600000275299,0.002793000000565371,backbone,cayley_only,cayley,30,3.9999999999999987,0.001902400000290072,False,2,,False,1,cayley,64,4,RL+Backbone,4
best,C:\Users\erich\Documents\AFRL\Algebraic-Connectivity-Optimization-CDC2026\lite_trials\sweep\pmin_only\checkpoints\best.pt,ppo,3000,C:\Users\erich\Documents\AFRL\Algebraic-Connectivity-Optimization-CDC2026\lite_trials\lite_config.yaml,full,12,0.436363636364,0,35,35,0.43636363636363634,5,0.4039715705948435,4.847658847138122,0.003965699999753269,0.003965699999753269,0.005871000000297499,backbone,cayley_only,cayley,30,3.9999999999999987,0.00190530000054423,False,2,,False,1,cayley,64,4,RL+Backbone,0
best,C:\Users\erich\Documents\AFRL\Algebraic-Connectivity-Optimization-CDC2026\lite_trials\sweep\pmin_only\checkpoints\best.pt,ppo,3000,C:\Users\erich\Documents\AFRL\Algebraic-Connectivity-Optimization-CDC2026\lite_trials\lite_config.yaml,full,12,0.436363636364,1,35,35,0.43636363636363634,5,0.4594569968334336,5.513483962001203,0.005246300000180781,0.005246300000180781,0.007511300000260235,backbone,cayley_only,cayley,30,3.9999999999999987,0.0022650000000794535,False,2,,False,1,cayley,64,4,RL+Backbone,1
best,C:\Users\erich\Documents\AFRL\Algebraic-Connectivity-Optimization-CDC2026\lite_trials\sweep\pmin_only\checkpoints\best.pt,ppo,3000,C:\Users\erich\Documents\AFRL\Algebraic-Connectivity-Optimization-CDC2026\lite_trials\lite_config.yaml,full,12,0.436363636364,2,35,35,0.43636363636363634,5,0.4594569968334336,5.513483962001203,0.004243399999722897,0.004243399999722897,0.006219999999302672,backbone,cayley_only,cayley,30,3.9999999999999987,0.0019765999995797756,False,2,,False,1,cayley,64,4,RL+Backbone,2
best,C:\Users\erich\Documents\AFRL\Algebraic-Connectivity-Optimization-CDC2026\lite_trials\sweep\pmin_only\checkpoints\best.pt,ppo,3000,C:\Users\erich\Documents\AFRL\Algebraic-Connectivity-Optimization-CDC2026\lite_trials\lite_config.yaml,full,12,0.436363636364,3,35,35,0.43636363636363634,5,0.4594569968334336,5.513483962001203,0.004154000000198721,0.004154000000198721,0.006279600000198116,backbone,cayley_only,cayley,30,3.9999999999999987,0.0021255999999993946,False,2,,False,1,cayley,64,4,RL+Backbone,3
best,C:\Users\erich\Documents\AFRL\Algebraic-Connectivity-Optimization-CDC2026\lite_trials\sweep\pmin_only\checkpoints\best.pt,ppo,3000,C:\Users\erich\Documents\AFRL\Algebraic-Connectivity-Optimization-CDC2026\lite_trials\lite_config.yaml,full,12,0.436363636364,4,35,35,0.43636363636363634,5,0.4594569968334336,5.513483962001203,0.0041775999998208135,0.0041775999998208135,0.00606199999947421,backbone,cayley_only,cayley,30,3.9999999999999987,0.0018843999996533967,False,2,,False,1,cayley,64,4,RL+Backbone,4
best,C:\Users\erich\Documents\AFRL\Algebraic-Connectivity-Optimization-CDC2026\lite_trials\sweep\pmin_only\checkpoints\best.pt,ppo,3000,C:\Users\erich\Documents\AFRL\Algebraic-Connectivity-Optimization-CDC2026\lite_trials\lite_config.yaml,full,12,0.490909090909,0,38,38,0.4909090909090909,2,0.5680892123886956,6.817070548664347,0.0017024999997374834,0.0017024999997374834,0.0037377999997261213,backbone,cayley_only,cayley,36,5.999999999999995,0.002035299999988638,False,2,,False,1,cayley,64,4,RL+Backbone,0
best,C:\Users\erich\Documents\AFRL\Algebraic-Connectivity-Optimization-CDC2026\lite_trials\sweep\pmin_only\checkpoints\best.pt,ppo,3000,C:\Users\erich\Documents\AFRL\Algebraic-Connectivity-Optimization-CDC2026\lite_trials\lite_config.yaml,full,12,0.490909090909,1,38,38,0.4909090909090909,2,0.5680892123886956,6.817070548664347,0.0017322999992757104,0.0017322999992757104,0.0038872999994055135,backbone,cayley_only,cayley,36,5.999999999999995,0.002155000000129803,False,2,,False,1,cayley,64,4,RL+Backbone,1
best,C:\Users\erich\Documents\AFRL\Algebraic-Connectivity-Optimization-CDC2026\lite_trials\sweep\pmin_only\checkpoints\best.pt,ppo,3000,C:\Users\erich\Documents\AFRL\Algebraic-Connectivity-Optimization-CDC2026\lite_trials\lite_config.yaml,full,12,0.490909090909,2,38,38,0.4909090909090909,2,0.5680892123886956,6.817070548664347,0.0016687000006641028,0.0016687000006641028,0.0036532000003717258,backbone,cayley_only,cayley,36,5.999999999999995,0.001984499999707623,False,2,,False,1,cayley,64,4,RL+Backbone,2
best,C:\Users\erich\Documents\AFRL\Algebraic-Connectivity-Optimization-CDC2026\lite_trials\sweep\pmin_only\checkpoints\best.pt,ppo,3000,C:\Users\erich\Documents\AFRL\Algebraic-Connectivity-Optimization-CDC2026\lite_trials\lite_config.yaml,full,12,0.490909090909,3,38,38,0.4909090909090909,2,0.5680892123886956,6.817070548664347,0.0017975000000660657,0.0017975000000660657,0.0037892000000283588,backbone,cayley_only,cayley,36,5.999999999999995,0.001991699999962293,False,2,,False,1,cayley,64,4,RL+Backbone,3
best,C:\Users\erich\Documents\AFRL\Algebraic-Connectivity-Optimization-CDC2026\lite_trials\sweep\pmin_only\checkpoints\best.pt,ppo,3000,C:\Users\erich\Documents\AFRL\Algebraic-Connectivity-Optimization-CDC2026\lite_trials\lite_config.yaml,full,12,0.490909090909,4,38,38,0.4909090909090909,2,0.5680892123886956,6.817070548664347,0.002057000000604603,0.002057000000604603,0.004466800000955118,backbone,cayley_only,cayley,36,5.999999999999995,0.002409800000350515,False,2,,False,1,cayley,64,4,RL+Backbone,4
best,C:\Users\erich\Documents\AFRL\Algebraic-Connectivity-Optimization-CDC2026\lite_trials\sweep\pmin_only\checkpoints\best.pt,ppo,3000,C:\Users\erich\Documents\AFRL\Algebraic-Connectivity-Optimization-CDC2026\lite_trials\lite_config.yaml,full,12,0.563636363636,0,42,42,0.5636363636363636,6,0.6246128582452436,7.495354298942923,0.006622900000365917,0.006622900000365917,0.006698500000311469,backbone,both,envelope,36,6.0,0.0039249999999810825,False,,,True,2,"cayley,envelope",64,4,RL+Backbone,0
best,C:\Users\erich\Documents\AFRL\Algebraic-Connectivity-Optimization-CDC2026\lite_trials\sweep\pmin_only\checkpoints\best.pt,ppo,3000,C:\Users\erich\Documents\AFRL\Algebraic-Connectivity-Optimization-CDC2026\lite_trials\lite_config.yaml,full,12,0.563636363636,1,42,42,0.5636363636363636,6,0.6246128582452436,7.495354298942923,0.006892800000059651,0.006892800000059651,0.006998700000622193,backbone,both,envelope,36,6.0,0.0047805000003791065,False,,,True,2,"cayley,envelope",64,4,RL+Backbone,1
best,C:\Users\erich\Documents\AFRL\Algebraic-Connectivity-Optimization-CDC2026\lite_trials\sweep\pmin_only\checkpoints\best.pt,ppo,3000,C:\Users\erich\Documents\AFRL\Algebraic-Connectivity-Optimization-CDC2026\lite_trials\lite_config.yaml,full,12,0.563636363636,2,42,42,0.5636363636363636,6,0.6246128582452436,7.495354298942923,0.0059931999994660146,0.0059931999994660146,0.006093299999520241,backbone,both,envelope,36,6.0,0.004623899999387504,False,,,True,2,"cayley,envelope",64,4,RL+Backbone,2
best,C:\Users\erich\Documents\AFRL\Algebraic-Connectivity-Optimization-CDC2026\lite_trials\sweep\pmin_only\checkpoints\best.pt,ppo,3000,C:\Users\erich\Documents\AFRL\Algebraic-Connectivity-Optimization-CDC2026\lite_trials\lite_config.yaml,full,12,0.563636363636,3,42,42,0.5636363636363636,6,0.6246128582452436,7.495354298942923,0.0062479000007442664,0.0062479000007442664,0.006349300000692892,backbone,both,envelope,36,6.0,0.005559500000344997,False,,,True,2,"cayley,envelope",64,4,RL+Backbone,3
best,C:\Users\erich\Documents\AFRL\Algebraic-Connectivity-Optimization-CDC2026\lite_trials\sweep\pmin_only\checkpoints\best.pt,ppo,3000,C:\Users\erich\Documents\AFRL\Algebraic-Connectivity-Optimization-CDC2026\lite_trials\lite_config.yaml,full,12,0.563636363636,4,42,42,0.5636363636363636,6,0.6246128582452436,7.495354298942923,0.006131299999651674,0.006131299999651674,0.006225999999514897,backbone,both,envelope,36,6.0,0.005048500000157219,False,,,True,2,"cayley,envelope",64,4,RL+Backbone,4
best,C:\Users\erich\Documents\AFRL\Algebraic-Connectivity-Optimization-CDC2026\lite_trials\sweep\pmin_only\checkpoints\best.pt,ppo,3000,C:\Users\erich\Documents\AFRL\Algebraic-Connectivity-Optimization-CDC2026\lite_trials\lite_config.yaml,full,12,0.636363636364,0,46,46,0.6363636363636364,1,0.5833333333333329,6.999999999999995,0.003991900000073656,0.003991900000073656,0.009088800000427,backbone,both,envelope,45,7.0,0.005096900000353344,False,,,True,2,"cayley,envelope",64,4,RL+Backbone,0
best,C:\Users\erich\Documents\AFRL\Algebraic-Connectivity-Optimization-CDC2026\lite_trials\sweep\pmin_only\checkpoints\best.pt,ppo,3000,C:\Users\erich\Documents\AFRL\Algebraic-Connectivity-Optimization-CDC2026\lite_trials\lite_config.yaml,full,12,0.636363636364,1,46,46,0.6363636363636364,1,0.5833333333333329,6.999999999999995,0.004056400000081339,0.004056400000081339,0.00900999999976193,backbone,both,envelope,45,7.0,0.004953599999680591,False,,,True,2,"cayley,envelope",64,4,RL+Backbone,1
best,C:\Users\erich\Documents\AFRL\Algebraic-Connectivity-Optimization-CDC2026\lite_trials\sweep\pmin_only\checkpoints\best.pt,ppo,3000,C:\Users\erich\Documents\AFRL\Algebraic-Connectivity-Optimization-CDC2026\lite_trials\lite_config.yaml,full,12,0.636363636364,2,46,46,0.6363636363636364,1,0.5833333333333329,6.999999999999995,0.004077600000528037,0.004077600000528037,0.008897100000467617,backbone,both,envelope,45,7.0,0.0048194999999395804,False,,,True,2,"cayley,envelope",64,4,RL+Backbone,2
best,C:\Users\erich\Documents\AFRL\Algebraic-Connectivity-Optimization-CDC2026\lite_trials\sweep\pmin_only\checkpoints\best.pt,ppo,3000,C:\Users\erich\Documents\AFRL\Algebraic-Connectivity-Optimization-CDC2026\lite_trials\lite_config.yaml,full,12,0.636363636364,3,46,46,0.6363636363636364,1,0.5833333333333329,6.999999999999995,0.004176800000095682,0.004176800000095682,0.008907499999622814,backbone,both,envelope,45,7.0,0.004730699999527133,False,,,True,2,"cayley,envelope",64,4,RL+Backbone,3
best,C:\Users\erich\Documents\AFRL\Algebraic-Connectivity-Optimization-CDC2026\lite_trials\sweep\pmin_only\checkpoints\best.pt,ppo,3000,C:\Users\erich\Documents\AFRL\Algebraic-Connectivity-Optimization-CDC2026\lite_trials\lite_config.yaml,full,12,0.636363636364,4,46,46,0.6363636363636364,1,0.5833333333333329,6.999999999999995,0.0036433000004763016,0.0036433000004763016,0.008632300000499527,backbone,both,envelope,45,7.0,0.004989000000023225,False,,,True,2,"cayley,envelope",64,4,RL+Backbone,4
best,C:\Users\erich\Documents\AFRL\Algebraic-Connectivity-Optimization-CDC2026\lite_trials\sweep\pmin_only\checkpoints\best.pt,ppo,3000,C:\Users\erich\Documents\AFRL\Algebraic-Connectivity-Optimization-CDC2026\lite_trials\lite_config.yaml,full,12,0.709090909091,0,50,50,0.7090909090909091,2,0.7185485205977534,8.62258224717304,0.0019125000007989001,0.0019125000007989001,0.002027200001066376,backbone,both,envelope,48,8.0,0.00011470000026747584,False,,"cayley:No feasible backbone candidate for (n=12, m=50, rho=0.709091, seed=0); errors=['cayley:no_candidate']",True,1,envelope,64,4,RL+Backbone,0
best,C:\Users\erich\Documents\AFRL\Algebraic-Connectivity-Optimization-CDC2026\lite_trials\sweep\pmin_only\checkpoints\best.pt,ppo,3000,C:\Users\erich\Documents\AFRL\Algebraic-Connectivity-Optimization-CDC2026\lite_trials\lite_config.yaml,full,12,0.709090909091,1,50,50,0.7090909090909091,2,0.7185485205977534,8.62258224717304,0.0018028999993475736,0.0018028999993475736,0.0018995999998878688,backbone,both,envelope,48,8.0,9.670000054029515e-05,False,,"cayley:No feasible backbone candidate for (n=12, m=50, rho=0.709091, seed=1); errors=['cayley:no_candidate']",True,1,envelope,64,4,RL+Backbone,1
best,C:\Users\erich\Documents\AFRL\Algebraic-Connectivity-Optimization-CDC2026\lite_trials\sweep\pmin_only\checkpoints\best.pt,ppo,3000,C:\Users\erich\Documents\AFRL\Algebraic-Connectivity-Optimization-CDC2026\lite_trials\lite_config.yaml,full,12,0.709090909091,2,50,50,0.7090909090909091,2,0.7185485205977534,8.62258224717304,0.001916499999424559,0.001916499999424559,0.002024699999310542,backbone,both,envelope,48,8.0,0.00010819999988598283,False,,"cayley:No feasible backbone candidate for (n=12, m=50, rho=0.709091, seed=2); errors=['cayley:no_candidate']",True,1,envelope,64,4,RL+Backbone,2
best,C:\Users\erich\Documents\AFRL\Algebraic-Connectivity-Optimization-CDC2026\lite_trials\sweep\pmin_only\checkpoints\best.pt,ppo,3000,C:\Users\erich\Documents\AFRL\Algebraic-Connectivity-Optimization-CDC2026\lite_trials\lite_config.yaml,full,12,0.709090909091,3,50,50,0.7090909090909091,2,0.7185485205977534,8.62258224717304,0.0023833999994167243,0.0023833999994167243,0.002560799999628216,backbone,both,envelope,48,8.0,0.00017740000021149172,False,,"cayley:No feasible backbone candidate for (n=12, m=50, rho=0.709091, seed=3); errors=['cayley:no_candidate']",True,1,envelope,64,4,RL+Backbone,3
best,C:\Users\erich\Documents\AFRL\Algebraic-Connectivity-Optimization-CDC2026\lite_trials\sweep\pmin_only\checkpoints\best.pt,ppo,3000,C:\Users\erich\Documents\AFRL\Algebraic-Connectivity-Optimization-CDC2026\lite_trials\lite_config.yaml,full,12,0.709090909091,4,50,50,0.7090909090909091,2,0.7185485205977534,8.62258224717304,0.0027505999996719765,0.0027505999996719765,0.0028945999993084115,backbone,both,envelope,48,8.0,0.00014399999963643495,False,,"cayley:No feasible backbone candidate for (n=12, m=50, rho=0.709091, seed=4); errors=['cayley:no_candidate']",True,1,envelope,64,4,RL+Backbone,4
best,C:\Users\erich\Documents\AFRL\Algebraic-Connectivity-Optimization-CDC2026\lite_trials\sweep\pmin_only\checkpoints\best.pt,ppo,3000,C:\Users\erich\Documents\AFRL\Algebraic-Connectivity-Optimization-CDC2026\lite_trials\lite_config.yaml,full,12,0.781818181818,0,54,54,0.7818181818181819,0,0.749999999999999,8.999999999999988,9.999985195463523e-08,9.999985195463523e-08,0.0001861000000644708,backbone,envelope_only,envelope,54,9.0,0.00018600000021251617,False,,,False,1,envelope,64,4,RL+Backbone,0
best,C:\Users\erich\Documents\AFRL\Algebraic-Connectivity-Optimization-CDC2026\lite_trials\sweep\pmin_only\checkpoints\best.pt,ppo,3000,C:\Users\erich\Documents\AFRL\Algebraic-Connectivity-Optimization-CDC2026\lite_trials\lite_config.yaml,full,12,0.781818181818,1,54,54,0.7818181818181819,0,0.749999999999999,8.999999999999988,9.999985195463523e-08,9.999985195463523e-08,0.000137400000312482,backbone,envelope_only,envelope,54,9.0,0.00013730000046052737,False,,,False,1,envelope,64,4,RL+Backbone,1
best,C:\Users\erich\Documents\AFRL\Algebraic-Connectivity-Optimization-CDC2026\lite_trials\sweep\pmin_only\checkpoints\best.pt,ppo,3000,C:\Users\erich\Documents\AFRL\Algebraic-Connectivity-Optimization-CDC2026\lite_trials\lite_config.yaml,full,12,0.781818181818,2,54,54,0.7818181818181819,0,0.749999999999999,8.999999999999988,9.999985195463523e-08,9.999985195463523e-08,0.00012109999988751952,backbone,envelope_only,envelope,54,9.0,0.00012100000003556488,False,,,False,1,envelope,64,4,RL+Backbone,2
best,C:\Users\erich\Documents\AFRL\Algebraic-Connectivity-Optimization-CDC2026\lite_trials\sweep\pmin_only\checkpoints\best.pt,ppo,3000,C:\Users\erich\Documents\AFRL\Algebraic-Connectivity-Optimization-CDC2026\lite_trials\lite_config.yaml,full,12,0.781818181818,3,54,54,0.7818181818181819,0,0.749999999999999,8.999999999999988,9.999985195463523e-08,9.999985195463523e-08,0.00011749999976018444,backbone,envelope_only,envelope,54,9.0,0.0001173999999082298,False,,,False,1,envelope,64,4,RL+Backbone,3
best,C:\Users\erich\Documents\AFRL\Algebraic-Connectivity-Optimization-CDC2026\lite_trials\sweep\pmin_only\checkpoints\best.pt,ppo,3000,C:\Users\erich\Documents\AFRL\Algebraic-Connectivity-Optimization-CDC2026\lite_trials\lite_config.yaml,full,12,0.781818181818,4,54,54,0.7818181818181819,0,0.749999999999999,8.999999999999988,9.999985195463523e-08,9.999985195463523e-08,0.0001266999997824314,backbone,envelope_only,envelope,54,9.0,0.00012659999993047677,False,,,False,1,envelope,64,4,RL+Backbone,4
best,C:\Users\erich\Documents\AFRL\Algebraic-Connectivity-Optimization-CDC2026\lite_trials\sweep\pmin_only\checkpoints\best.pt,ppo,3000,C:\Users\erich\Documents\AFRL\Algebraic-Connectivity-Optimization-CDC2026\lite_trials\lite_config.yaml,full,12,0.836363636364,0,57,57,0.8363636363636363,3,0.7513898046937731,9.016677656325278,0.00393530000019382,0.00393530000019382,0.004110100000616512,backbone,envelope_only,envelope,54,9.0,0.0001748000004226924,False,,,False,1,envelope,64,4,RL+Backbone,0
best,C:\Users\erich\Documents\AFRL\Algebraic-Connectivity-Optimization-CDC2026\lite_trials\sweep\pmin_only\checkpoints\best.pt,ppo,3000,C:\Users\erich\Documents\AFRL\Algebraic-Connectivity-Optimization-CDC2026\lite_trials\lite_config.yaml,full,12,0.836363636364,1,57,57,0.8363636363636363,3,0.7513898046937731,9.016677656325278,0.003281999999671825,0.003281999999671825,0.003390499999113672,backbone,envelope_only,envelope,54,9.0,0.00010849999944184674,False,,,False,1,envelope,64,4,RL+Backbone,1
best,C:\Users\erich\Documents\AFRL\Algebraic-Connectivity-Optimization-CDC2026\lite_trials\sweep\pmin_only\checkpoints\best.pt,ppo,3000,C:\Users\erich\Documents\AFRL\Algebraic-Connectivity-Optimization-CDC2026\lite_trials\lite_config.yaml,full,12,0.836363636364,2,57,57,0.8363636363636363,3,0.7513898046937731,9.016677656325278,0.003077299999858951,0.003077299999858951,0.0032073000002128538,backbone,envelope_only,envelope,54,9.0,0.00013000000035390258,False,,,False,1,envelope,64,4,RL+Backbone,2
best,C:\Users\erich\Documents\AFRL\Algebraic-Connectivity-Optimization-CDC2026\lite_trials\sweep\pmin_only\checkpoints\best.pt,ppo,3000,C:\Users\erich\Documents\AFRL\Algebraic-Connectivity-Optimization-CDC2026\lite_trials\lite_config.yaml,full,12,0.836363636364,3,57,57,0.8363636363636363,3,0.7513898046937731,9.016677656325278,0.0030737999995835708,0.0030737999995835708,0.003204800000276009,backbone,envelope_only,envelope,54,9.0,0.00013100000069243833,False,,,False,1,envelope,64,4,RL+Backbone,3
best,C:\Users\erich\Documents\AFRL\Algebraic-Connectivity-Optimization-CDC2026\lite_trials\sweep\pmin_only\checkpoints\best.pt,ppo,3000,C:\Users\erich\Documents\AFRL\Algebraic-Connectivity-Optimization-CDC2026\lite_trials\lite_config.yaml,full,12,0.836363636364,4,57,57,0.8363636363636363,3,0.7513898046937731,9.016677656325278,0.0035170999999536434,0.0035170999999536434,0.0036637999992308323,backbone,envelope_only,envelope,54,9.0,0.0001466999992771889,False,,,False,1,envelope,64,4,RL+Backbone,4
best,C:\Users\erich\Documents\AFRL\Algebraic-Connectivity-Optimization-CDC2026\lite_trials\sweep\pmin_only\checkpoints\best.pt,ppo,3000,C:\Users\erich\Documents\AFRL\Algebraic-Connectivity-Optimization-CDC2026\lite_trials\lite_config.yaml,full,12,0.909090909091,0,61,61,0.9090909090909091,1,0.8333333333333323,9.999999999999988,0.0015619000005244743,0.0015619000005244743,0.0017645000007178169,backbone,envelope_only,envelope,60,10.0,0.00020260000019334257,False,,,False,1,envelope,64,4,RL+Backbone,0
best,C:\Users\erich\Documents\AFRL\Algebraic-Connectivity-Optimization-CDC2026\lite_trials\sweep\pmin_only\checkpoints\best.pt,ppo,3000,C:\Users\erich\Documents\AFRL\Algebraic-Connectivity-Optimization-CDC2026\lite_trials\lite_config.yaml,full,12,0.909090909091,1,61,61,0.9090909090909091,1,0.8333333333333323,9.999999999999988,0.0011883999995916383,0.0011883999995916383,0.0013506999994206126,backbone,envelope_only,envelope,60,10.0,0.00016229999982897425,False,,,False,1,envelope,64,4,RL+Backbone,1
best,C:\Users\erich\Documents\AFRL\Algebraic-Connectivity-Optimization-CDC2026\lite_trials\sweep\pmin_only\checkpoints\best.pt,ppo,3000,C:\Users\erich\Documents\AFRL\Algebraic-Connectivity-Optimization-CDC2026\lite_trials\lite_config.yaml,full,12,0.909090909091,2,61,61,0.9090909090909091,1,0.8333333333333323,9.999999999999988,0.0012521000007836847,0.0012521000007836847,0.0014066000003367662,backbone,envelope_only,envelope,60,10.0,0.00015449999955308158,False,,,False,1,envelope,64,4,RL+Backbone,2
best,C:\Users\erich\Documents\AFRL\Algebraic-Connectivity-Optimization-CDC2026\lite_trials\sweep\pmin_only\checkpoints\best.pt,ppo,3000,C:\Users\erich\Documents\AFRL\Algebraic-Connectivity-Optimization-CDC2026\lite_trials\lite_config.yaml,full,12,0.909090909091,3,61,61,0.9090909090909091,1,0.8333333333333323,9.999999999999988,0.0008906999992177589,0.0008906999992177589,0.0010074999991047662,backbone,envelope_only,envelope,60,10.0,0.00011679999988700729,False,,,False,1,envelope,64,4,RL+Backbone,3
best,C:\Users\erich\Documents\AFRL\Algebraic-Connectivity-Optimization-CDC2026\lite_trials\sweep\pmin_only\checkpoints\best.pt,ppo,3000,C:\Users\erich\Documents\AFRL\Algebraic-Connectivity-Optimization-CDC2026\lite_trials\lite_config.yaml,full,12,0.909090909091,4,61,61,0.9090909090909091,1,0.8333333333333323,9.999999999999988,0.0009329000004072441,0.0009329000004072441,0.0010428000005049398,backbone,envelope_only,envelope,60,10.0,0.00010990000009769574,False,,,False,1,envelope,64,4,RL+Backbone,4
best,C:\Users\erich\Documents\AFRL\Algebraic-Connectivity-Optimization-CDC2026\lite_trials\sweep\pmin_only\checkpoints\best.pt,ppo,3000,C:\Users\erich\Documents\AFRL\Algebraic-Connectivity-Optimization-CDC2026\lite_trials\lite_config.yaml,full,12,0.981818181818,0,65,65,0.9818181818181818,5,0.8560213947627168,10.2722567371526,0.005293100000017148,0.005293100000017148,0.00541849999990518,backbone,envelope_only,envelope,60,10.0,0.00012539999988803174,False,,,False,1,envelope,64,4,RL+Backbone,0
best,C:\Users\erich\Documents\AFRL\Algebraic-Connectivity-Optimization-CDC2026\lite_trials\sweep\pmin_only\checkpoints\best.pt,ppo,3000,C:\Users\erich\Documents\AFRL\Algebraic-Connectivity-Optimization-CDC2026\lite_trials\lite_config.yaml,full,12,0.981818181818,1,65,65,0.9818181818181818,5,0.8560213947627168,10.2722567371526,0.005218199999944773,0.005218199999944773,0.005375899999307876,backbone,envelope_only,envelope,60,10.0,0.00015769999936310342,False,,,False,1,envelope,64,4,RL+Backbone,1
best,C:\Users\erich\Documents\AFRL\Algebraic-Connectivity-Optimization-CDC2026\lite_trials\sweep\pmin_only\checkpoints\best.pt,ppo,3000,C:\Users\erich\Documents\AFRL\Algebraic-Connectivity-Optimization-CDC2026\lite_trials\lite_config.yaml,full,12,0.981818181818,2,65,65,0.9818181818181818,5,0.8560213947627168,10.2722567371526,0.006762100000742066,0.006762100000742066,0.006898200000250654,backbone,envelope_only,envelope,60,10.0,0.00013609999950858764,False,,,False,1,envelope,64,4,RL+Backbone,2
best,C:\Users\erich\Documents\AFRL\Algebraic-Connectivity-Optimization-CDC2026\lite_trials\sweep\pmin_only\checkpoints\best.pt,ppo,3000,C:\Users\erich\Documents\AFRL\Algebraic-Connectivity-Optimization-CDC2026\lite_trials\lite_config.yaml,full,12,0.981818181818,3,65,65,0.9818181818181818,5,0.8560213947627168,10.2722567371526,0.005372999999963213,0.005372999999963213,0.005631199999697856,backbone,envelope_only,envelope,60,10.0,0.0002581999997346429,False,,,False,1,envelope,64,4,RL+Backbone,3
best,C:\Users\erich\Documents\AFRL\Algebraic-Connectivity-Optimization-CDC2026\lite_trials\sweep\pmin_only\checkpoints\best.pt,ppo,3000,C:\Users\erich\Documents\AFRL\Algebraic-Connectivity-Optimization-CDC2026\lite_trials\lite_config.yaml,full,12,0.981818181818,4,65,65,0.9818181818181818,5,0.8560213947627168,10.2722567371526,0.004727700000330515,0.004727700000330515,0.004910499999823514,backbone,envelope_only,envelope,60,10.0,0.00018279999949299963,False,,,False,1,envelope,64,4,RL+Backbone,4
best,C:\Users\erich\Documents\AFRL\Algebraic-Connectivity-Optimization-CDC2026\lite_trials\sweep\pmin_only\checkpoints\best.pt,ppo,3000,C:\Users\erich\Documents\AFRL\Algebraic-Connectivity-Optimization-CDC2026\lite_trials\lite_config.yaml,full,16,0.009523809524,0,16,16,0.009523809523809525,1,0.03335160995589666,0.5336257592943465,0.003733499999725609,0.003733499999725609,0.003733499999725609,path,path,path,15,0.0,0.0,False,,,False,1,path,64,4,RL+Path,0
best,C:\Users\erich\Documents\AFRL\Algebraic-Connectivity-Optimization-CDC2026\lite_trials\sweep\pmin_only\checkpoints\best.pt,ppo,3000,C:\Users\erich\Documents\AFRL\Algebraic-Connectivity-Optimization-CDC2026\lite_trials\lite_config.yaml,full,16,0.009523809524,1,16,16,0.009523809523809525,1,0.03335160995589666,0.5336257592943465,0.0009706000000733184,0.0009706000000733184,0.0009706000000733184,path,path,path,15,0.0,0.0,False,,,False,1,path,64,4,RL+Path,1
best,C:\Users\erich\Documents\AFRL\Algebraic-Connectivity-Optimization-CDC2026\lite_trials\sweep\pmin_only\checkpoints\best.pt,ppo,3000,C:\Users\erich\Documents\AFRL\Algebraic-Connectivity-Optimization-CDC2026\lite_trials\lite_config.yaml,full,16,0.009523809524,2,16,16,0.009523809523809525,1,0.03335160995589666,0.5336257592943465,0.0008912000002965215,0.0008912000002965215,0.0008912000002965215,path,path,path,15,0.0,0.0,False,,,False,1,path,64,4,RL+Path,2
best,C:\Users\erich\Documents\AFRL\Algebraic-Connectivity-Optimization-CDC2026\lite_trials\sweep\pmin_only\checkpoints\best.pt,ppo,3000,C:\Users\erich\Documents\AFRL\Algebraic-Connectivity-Optimization-CDC2026\lite_trials\lite_config.yaml,full,16,0.009523809524,3,16,16,0.009523809523809525,1,0.03335160995589666,0.5336257592943465,0.0009462999996685539,0.0009462999996685539,0.0009462999996685539,path,path,path,15,0.0,0.0,False,,,False,1,path,64,4,RL+Path,3
best,C:\Users\erich\Documents\AFRL\Algebraic-Connectivity-Optimization-CDC2026\lite_trials\sweep\pmin_only\checkpoints\best.pt,ppo,3000,C:\Users\erich\Documents\AFRL\Algebraic-Connectivity-Optimization-CDC2026\lite_trials\lite_config.yaml,full,16,0.009523809524,4,16,16,0.009523809523809525,1,0.03335160995589666,0.5336257592943465,0.0008889999999155407,0.0008889999999155407,0.0008889999999155407,path,path,path,15,0.0,0.0,False,,,False,1,path,64,4,RL+Path,4
best,C:\Users\erich\Documents\AFRL\Algebraic-Connectivity-Optimization-CDC2026\lite_trials\sweep\pmin_only\checkpoints\best.pt,ppo,3000,C:\Users\erich\Documents\AFRL\Algebraic-Connectivity-Optimization-CDC2026\lite_trials\lite_config.yaml,full,16,0.07619047619,0,23,23,0.0761904761904762,8,0.2125441621938904,3.4007065951022466,0.009351599999718019,0.009351599999718019,0.009351599999718019,path,path,path,15,0.0,0.0,False,,,False,1,path,64,4,RL+Path,0
best,C:\Users\erich\Documents\AFRL\Algebraic-Connectivity-Optimization-CDC2026\lite_trials\sweep\pmin_only\checkpoints\best.pt,ppo,3000,C:\Users\erich\Documents\AFRL\Algebraic-Connectivity-Optimization-CDC2026\lite_trials\lite_config.yaml,full,16,0.07619047619,1,23,23,0.0761904761904762,8,0.2125441621938904,3.4007065951022466,0.007123600000340957,0.007123600000340957,0.007123600000340957,path,path,path,15,0.0,0.0,False,,,False,1,path,64,4,RL+Path,1
best,C:\Users\erich\Documents\AFRL\Algebraic-Connectivity-Optimization-CDC2026\lite_trials\sweep\pmin_only\checkpoints\best.pt,ppo,3000,C:\Users\erich\Documents\AFRL\Algebraic-Connectivity-Optimization-CDC2026\lite_trials\lite_config.yaml,full,16,0.07619047619,2,23,23,0.0761904761904762,8,0.2125441621938904,3.4007065951022466,0.006686900000204332,0.006686900000204332,0.006686900000204332,path,path,path,15,0.0,0.0,False,,,False,1,path,64,4,RL+Path,2
best,C:\Users\erich\Documents\AFRL\Algebraic-Connectivity-Optimization-CDC2026\lite_trials\sweep\pmin_only\checkpoints\best.pt,ppo,3000,C:\Users\erich\Documents\AFRL\Algebraic-Connectivity-Optimization-CDC2026\lite_trials\lite_config.yaml,full,16,0.07619047619,3,23,23,0.0761904761904762,8,0.2125441621938904,3.4007065951022466,0.00619749999987107,0.00619749999987107,0.00619749999987107,path,path,path,15,0.0,0.0,False,,,False,1,path,64,4,RL+Path,3
best,C:\Users\erich\Documents\AFRL\Algebraic-Connectivity-Optimization-CDC2026\lite_trials\sweep\pmin_only\checkpoints\best.pt,ppo,3000,C:\Users\erich\Documents\AFRL\Algebraic-Connectivity-Optimization-CDC2026\lite_trials\lite_config.yaml,full,16,0.07619047619,4,23,23,0.0761904761904762,8,0.2125441621938904,3.4007065951022466,0.007653800000298361,0.007653800000298361,0.007653800000298361,path,path,path,15,0.0,0.0,False,,,False,1,path,64,4,RL+Path,4
best,C:\Users\erich\Documents\AFRL\Algebraic-Connectivity-Optimization-CDC2026\lite_trials\sweep\pmin_only\checkpoints\best.pt,ppo,3000,C:\Users\erich\Documents\AFRL\Algebraic-Connectivity-Optimization-CDC2026\lite_trials\lite_config.yaml,full,16,0.152380952381,0,31,31,0.1523809523809524,16,0.3930559661776605,6.288895458842568,0.01531180000074528,0.01531180000074528,0.01531180000074528,path,path,path,15,0.0,0.0,False,,,False,1,path,64,4,RL+Path,0
best,C:\Users\erich\Documents\AFRL\Algebraic-Connectivity-Optimization-CDC2026\lite_trials\sweep\pmin_only\checkpoints\best.pt,ppo,3000,C:\Users\erich\Documents\AFRL\Algebraic-Connectivity-Optimization-CDC2026\lite_trials\lite_config.yaml,full,16,0.152380952381,1,31,31,0.1523809523809524,16,0.3930559661776605,6.288895458842568,0.014343499999995402,0.014343499999995402,0.014343499999995402,path,path,path,15,0.0,0.0,False,,,False,1,path,64,4,RL+Path,1
best,C:\Users\erich\Documents\AFRL\Algebraic-Connectivity-Optimization-CDC2026\lite_trials\sweep\pmin_only\checkpoints\best.pt,ppo,3000,C:\Users\erich\Documents\AFRL\Algebraic-Connectivity-Optimization-CDC2026\lite_trials\lite_config.yaml,full,16,0.152380952381,2,31,31,0.1523809523809524,16,0.3930559661776605,6.288895458842568,0.012964600000486826,0.012964600000486826,0.012964600000486826,path,path,path,15,0.0,0.0,False,,,False,1,path,64,4,RL+Path,2
best,C:\Users\erich\Documents\AFRL\Algebraic-Connectivity-Optimization-CDC2026\lite_trials\sweep\pmin_only\checkpoints\best.pt,ppo,3000,C:\Users\erich\Documents\AFRL\Algebraic-Connectivity-Optimization-CDC2026\lite_trials\lite_config.yaml,full,16,0.152380952381,3,31,31,0.1523809523809524,16,0.3930559661776605,6.288895458842568,0.012141999999585096,0.012141999999585096,0.012141999999585096,path,path,path,15,0.0,0.0,False,,,False,1,path,64,4,RL+Path,3
best,C:\Users\erich\Documents\AFRL\Algebraic-Connectivity-Optimization-CDC2026\lite_trials\sweep\pmin_only\checkpoints\best.pt,ppo,3000,C:\Users\erich\Documents\AFRL\Algebraic-Connectivity-Optimization-CDC2026\lite_trials\lite_config.yaml,full,16,0.152380952381,4,31,31,0.1523809523809524,16,0.3930559661776605,6.288895458842568,0.01230770000074699,0.01230770000074699,0.01230770000074699,path,path,path,15,0.0,0.0,False,,,False,1,path,64,4,RL+Path,4
best,C:\Users\erich\Documents\AFRL\Algebraic-Connectivity-Optimization-CDC2026\lite_trials\sweep\pmin_only\checkpoints\best.pt,ppo,3000,C:\Users\erich\Documents\AFRL\Algebraic-Connectivity-Optimization-CDC2026\lite_trials\lite_config.yaml,full,16,0.219047619048,0,38,38,0.21904761904761905,23,0.5001149141745216,8.001838626792345,0.0188148999995974,0.0188148999995974,0.0188148999995974,path,path,path,15,0.0,0.0,False,,,False,1,path,64,4,RL+Path,0
best,C:\Users\erich\Documents\AFRL\Algebraic-Connectivity-Optimization-CDC2026\lite_trials\sweep\pmin_only\checkpoints\best.pt,ppo,3000,C:\Users\erich\Documents\AFRL\Algebraic-Connectivity-Optimization-CDC2026\lite_trials\lite_config.yaml,full,16,0.219047619048,1,38,38,0.21904761904761905,23,0.5001149141745216,8.001838626792345,0.02014930000041204,0.02014930000041204,0.02014930000041204,path,path,path,15,0.0,0.0,False,,,False,1,path,64,4,RL+Path,1
best,C:\Users\erich\Documents\AFRL\Algebraic-Connectivity-Optimization-CDC2026\lite_trials\sweep\pmin_only\checkpoints\best.pt,ppo,3000,C:\Users\erich\Documents\AFRL\Algebraic-Connectivity-Optimization-CDC2026\lite_trials\lite_config.yaml,full,16,0.219047619048,2,38,38,0.21904761904761905,23,0.5001149141745216,8.001838626792345,0.019808000000011816,0.019808000000011816,0.019808000000011816,path,path,path,15,0.0,0.0,False,,,False,1,path,64,4,RL+Path,2
best,C:\Users\erich\Documents\AFRL\Algebraic-Connectivity-Optimization-CDC2026\lite_trials\sweep\pmin_only\checkpoints\best.pt,ppo,3000,C:\Users\erich\Documents\AFRL\Algebraic-Connectivity-Optimization-CDC2026\lite_trials\lite_config.yaml,full,16,0.219047619048,3,38,38,0.21904761904761905,23,0.5001149141745216,8.001838626792345,0.01900279999972554,0.01900279999972554,0.01900279999972554,path,path,path,15,0.0,0.0,False,,,False,1,path,64,4,RL+Path,3
best,C:\Users\erich\Documents\AFRL\Algebraic-Connectivity-Optimization-CDC2026\lite_trials\sweep\pmin_only\checkpoints\best.pt,ppo,3000,C:\Users\erich\Documents\AFRL\Algebraic-Connectivity-Optimization-CDC2026\lite_trials\lite_config.yaml,full,16,0.219047619048,4,38,38,0.21904761904761905,23,0.5001149141745216,8.001838626792345,0.01869280000028084,0.01869280000028084,0.01869280000028084,path,path,path,15,0.0,0.0,False,,,False,1,path,64,4,RL+Path,4
best,C:\Users\erich\Documents\AFRL\Algebraic-Connectivity-Optimization-CDC2026\lite_trials\sweep\pmin_only\checkpoints\best.pt,ppo,3000,C:\Users\erich\Documents\AFRL\Algebraic-Connectivity-Optimization-CDC2026\lite_trials\lite_config.yaml,full,16,0.285714285714,0,45,45,0.2857142857142857,30,0.633466147544009,10.135458360704144,0.02543439999953989,0.02543439999953989,0.02543439999953989,path,path,path,15,0.0,0.0,False,,,False,1,path,64,4,RL+Path,0
best,C:\Users\erich\Documents\AFRL\Algebraic-Connectivity-Optimization-CDC2026\lite_trials\sweep\pmin_only\checkpoints\best.pt,ppo,3000,C:\Users\erich\Documents\AFRL\Algebraic-Connectivity-Optimization-CDC2026\lite_trials\lite_config.yaml,full,16,0.285714285714,1,45,45,0.2857142857142857,30,0.633466147544009,10.135458360704144,0.023633800000425254,0.023633800000425254,0.023633800000425254,path,path,path,15,0.0,0.0,False,,,False,1,path,64,4,RL+Path,1
best,C:\Users\erich\Documents\AFRL\Algebraic-Connectivity-Optimization-CDC2026\lite_trials\sweep\pmin_only\checkpoints\best.pt,ppo,3000,C:\Users\erich\Documents\AFRL\Algebraic-Connectivity-Optimization-CDC2026\lite_trials\lite_config.yaml,full,16,0.285714285714,2,45,45,0.2857142857142857,30,0.633466147544009,10.135458360704144,0.026121300000340852,0.026121300000340852,0.026121300000340852,path,path,path,15,0.0,0.0,False,,,False,1,path,64,4,RL+Path,2
best,C:\Users\erich\Documents\AFRL\Algebraic-Connectivity-Optimization-CDC2026\lite_trials\sweep\pmin_only\checkpoints\best.pt,ppo,3000,C:\Users\erich\Documents\AFRL\Algebraic-Connectivity-Optimization-CDC2026\lite_trials\lite_config.yaml,full,16,0.285714285714,3,45,45,0.2857142857142857,30,0.633466147544009,10.135458360704144,0.02376379999986966,0.02376379999986966,0.02376379999986966,path,path,path,15,0.0,0.0,False,,,False,1,path,64,4,RL+Path,3
best,C:\Users\erich\Documents\AFRL\Algebraic-Connectivity-Optimization-CDC2026\lite_trials\sweep\pmin_only\checkpoints\best.pt,ppo,3000,C:\Users\erich\Documents\AFRL\Algebraic-Connectivity-Optimization-CDC2026\lite_trials\lite_config.yaml,full,16,0.285714285714,4,45,45,0.2857142857142857,30,0.633466147544009,10.135458360704144,0.023346800000581425,0.023346800000581425,0.023346800000581425,path,path,path,15,0.0,0.0,False,,,False,1,path,64,4,RL+Path,4
best,C:\Users\erich\Documents\AFRL\Algebraic-Connectivity-Optimization-CDC2026\lite_trials\sweep\pmin_only\checkpoints\best.pt,ppo,3000,C:\Users\erich\Documents\AFRL\Algebraic-Connectivity-Optimization-CDC2026\lite_trials\lite_config.yaml,full,16,0.361904761905,0,53,53,0.3619047619047619,38,0.2501761387045631,4.00281821927301,0.03340250000019296,0.03340250000019296,0.03340250000019296,path,path,path,15,0.0,0.0,False,,,False,1,path,64,4,RL+Path,0
best,C:\Users\erich\Documents\AFRL\Algebraic-Connectivity-Optimization-CDC2026\lite_trials\sweep\pmin_only\checkpoints\best.pt,ppo,3000,C:\Users\erich\Documents\AFRL\Algebraic-Connectivity-Optimization-CDC2026\lite_trials\lite_config.yaml,full,16,0.361904761905,1,53,53,0.3619047619047619,38,0.2501761387045631,4.00281821927301,0.03745160000016767,0.03745160000016767,0.03745160000016767,path,path,path,15,0.0,0.0,False,,,False,1,path,64,4,RL+Path,1
best,C:\Users\erich\Documents\AFRL\Algebraic-Connectivity-Optimization-CDC2026\lite_trials\sweep\pmin_only\checkpoints\best.pt,ppo,3000,C:\Users\erich\Documents\AFRL\Algebraic-Connectivity-Optimization-CDC2026\lite_trials\lite_config.yaml,full,16,0.361904761905,2,53,53,0.3619047619047619,38,0.2501761387045631,4.00281821927301,0.035165600000254926,0.035165600000254926,0.035165600000254926,path,path,path,15,0.0,0.0,False,,,False,1,path,64,4,RL+Path,2
best,C:\Users\erich\Documents\AFRL\Algebraic-Connectivity-Optimization-CDC2026\lite_trials\sweep\pmin_only\checkpoints\best.pt,ppo,3000,C:\Users\erich\Documents\AFRL\Algebraic-Connectivity-Optimization-CDC2026\lite_trials\lite_config.yaml,full,16,0.361904761905,3,53,53,0.3619047619047619,38,0.2501761387045631,4.00281821927301,0.03650709999965329,0.03650709999965329,0.03650709999965329,path,path,path,15,0.0,0.0,False,,,False,1,path,64,4,RL+Path,3
best,C:\Users\erich\Documents\AFRL\Algebraic-Connectivity-Optimization-CDC2026\lite_trials\sweep\pmin_only\checkpoints\best.pt,ppo,3000,C:\Users\erich\Documents\AFRL\Algebraic-Connectivity-Optimization-CDC2026\lite_trials\lite_config.yaml,full,16,0.361904761905,4,53,53,0.3619047619047619,38,0.2501761387045631,4.00281821927301,0.0318929000004573,0.0318929000004573,0.0318929000004573,path,path,path,15,0.0,0.0,False,,,False,1,path,64,4,RL+Path,4
best,C:\Users\erich\Documents\AFRL\Algebraic-Connectivity-Optimization-CDC2026\lite_trials\sweep\pmin_only\checkpoints\best.pt,ppo,3000,C:\Users\erich\Documents\AFRL\Algebraic-Connectivity-Optimization-CDC2026\lite_trials\lite_config.yaml,full,16,0.428571428571,0,60,60,0.42857142857142855,45,0.48837317628034443,7.813970820485511,0.041315899999972316,0.041315899999972316,0.041315899999972316,path,path,path,15,0.0,0.0,False,,,False,1,path,64,4,RL+Path,0
best,C:\Users\erich\Documents\AFRL\Algebraic-Connectivity-Optimization-CDC2026\lite_trials\sweep\pmin_only\checkpoints\best.pt,ppo,3000,C:\Users\erich\Documents\AFRL\Algebraic-Connectivity-Optimization-CDC2026\lite_trials\lite_config.yaml,full,16,0.428571428571,1,60,60,0.42857142857142855,45,0.48837317628034443,7.813970820485511,0.04673900000034337,0.04673900000034337,0.04673900000034337,path,path,path,15,0.0,0.0,False,,,False,1,path,64,4,RL+Path,1
best,C:\Users\erich\Documents\AFRL\Algebraic-Connectivity-Optimization-CDC2026\lite_trials\sweep\pmin_only\checkpoints\best.pt,ppo,3000,C:\Users\erich\Documents\AFRL\Algebraic-Connectivity-Optimization-CDC2026\lite_trials\lite_config.yaml,full,16,0.428571428571,2,60,60,0.42857142857142855,45,0.48837317628034443,7.813970820485511,0.046893099999579135,0.046893099999579135,0.046893099999579135,path,path,path,15,0.0,0.0,False,,,False,1,path,64,4,RL+Path,2
best,C:\Users\erich\Documents\AFRL\Algebraic-Connectivity-Optimization-CDC2026\lite_trials\sweep\pmin_only\checkpoints\best.pt,ppo,3000,C:\Users\erich\Documents\AFRL\Algebraic-Connectivity-Optimization-CDC2026\lite_trials\lite_config.yaml,full,16,0.428571428571,3,60,60,0.42857142857142855,45,0.48837317628034443,7.813970820485511,0.04566290000002482,0.04566290000002482,0.04566290000002482,path,path,path,15,0.0,0.0,False,,,False,1,path,64,4,RL+Path,3
best,C:\Users\erich\Documents\AFRL\Algebraic-Connectivity-Optimization-CDC2026\lite_trials\sweep\pmin_only\checkpoints\best.pt,ppo,3000,C:\Users\erich\Documents\AFRL\Algebraic-Connectivity-Optimization-CDC2026\lite_trials\lite_config.yaml,full,16,0.428571428571,4,60,60,0.42857142857142855,45,0.48837317628034443,7.813970820485511,0.03876559999935125,0.03876559999935125,0.03876559999935125,path,path,path,15,0.0,0.0,False,,,False,1,path,64,4,RL+Path,4
best,C:\Users\erich\Documents\AFRL\Algebraic-Connectivity-Optimization-CDC2026\lite_trials\sweep\pmin_only\checkpoints\best.pt,ppo,3000,C:\Users\erich\Documents\AFRL\Algebraic-Connectivity-Optimization-CDC2026\lite_trials\lite_config.yaml,full,16,0.504761904762,0,68,68,0.5047619047619047,53,0.7211061399622785,11.537698239396455,0.05110179999974207,0.05110179999974207,0.05110179999974207,path,path,path,15,0.0,0.0,False,,,False,1,path,64,4,RL+Path,0
best,C:\Users\erich\Documents\AFRL\Algebraic-Connectivity-Optimization-CDC2026\lite_trials\sweep\pmin_only\checkpoints\best.pt,ppo,3000,C:\Users\erich\Documents\AFRL\Algebraic-Connectivity-Optimization-CDC2026\lite_trials\lite_config.yaml,full,16,0.504761904762,1,68,68,0.5047619047619047,53,0.7211061399622785,11.537698239396455,0.05116420000013022,0.05116420000013022,0.05116420000013022,path,path,path,15,0.0,0.0,False,,,False,1,path,64,4,RL+Path,1
best,C:\Users\erich\Documents\AFRL\Algebraic-Connectivity-Optimization-CDC2026\lite_trials\sweep\pmin_only\checkpoints\best.pt,ppo,3000,C:\Users\erich\Documents\AFRL\Algebraic-Connectivity-Optimization-CDC2026\lite_trials\lite_config.yaml,full,16,0.504761904762,2,68,68,0.5047619047619047,53,0.7211061399622785,11.537698239396455,0.05169650000061665,0.05169650000061665,0.05169650000061665,path,path,path,15,0.0,0.0,False,,,False,1,path,64,4,RL+Path,2
best,C:\Users\erich\Documents\AFRL\Algebraic-Connectivity-Optimization-CDC2026\lite_trials\sweep\pmin_only\checkpoints\best.pt,ppo,3000,C:\Users\erich\Documents\AFRL\Algebraic-Connectivity-Optimization-CDC2026\lite_trials\lite_config.yaml,full,16,0.504761904762,3,68,68,0.5047619047619047,53,0.7211061399622785,11.537698239396455,0.05255089999991469,0.05255089999991469,0.05255089999991469,path,path,path,15,0.0,0.0,False,,,False,1,path,64,4,RL+Path,3
best,C:\Users\erich\Documents\AFRL\Algebraic-Connectivity-Optimization-CDC2026\lite_trials\sweep\pmin_only\checkpoints\best.pt,ppo,3000,C:\Users\erich\Documents\AFRL\Algebraic-Connectivity-Optimization-CDC2026\lite_trials\lite_config.yaml,full,16,0.504761904762,4,68,68,0.5047619047619047,53,0.7211061399622785,11.537698239396455,0.055472800000643474,0.055472800000643474,0.055472800000643474,path,path,path,15,0.0,0.0,False,,,False,1,path,64,4,RL+Path,4
best,C:\Users\erich\Documents\AFRL\Algebraic-Connectivity-Optimization-CDC2026\lite_trials\sweep\pmin_only\checkpoints\best.pt,ppo,3000,C:\Users\erich\Documents\AFRL\Algebraic-Connectivity-Optimization-CDC2026\lite_trials\lite_config.yaml,full,16,0.571428571429,0,75,75,0.5714285714285714,60,0.8711307041242112,13.93809126598738,0.06692039999961708,0.06692039999961708,0.06692039999961708,path,path,path,15,0.0,0.0,False,,,False,1,path,64,4,RL+Path,0
best,C:\Users\erich\Documents\AFRL\Algebraic-Connectivity-Optimization-CDC2026\lite_trials\sweep\pmin_only\checkpoints\best.pt,ppo,3000,C:\Users\erich\Documents\AFRL\Algebraic-Connectivity-Optimization-CDC2026\lite_trials\lite_config.yaml,full,16,0.571428571429,1,75,75,0.5714285714285714,60,0.8711307041242112,13.93809126598738,0.056660899999769754,0.056660899999769754,0.056660899999769754,path,path,path,15,0.0,0.0,False,,,False,1,path,64,4,RL+Path,1
best,C:\Users\erich\Documents\AFRL\Algebraic-Connectivity-Optimization-CDC2026\lite_trials\sweep\pmin_only\checkpoints\best.pt,ppo,3000,C:\Users\erich\Documents\AFRL\Algebraic-Connectivity-Optimization-CDC2026\lite_trials\lite_config.yaml,full,16,0.571428571429,2,75,75,0.5714285714285714,60,0.8711307041242112,13.93809126598738,0.061054499999954714,0.061054499999954714,0.061054499999954714,path,path,path,15,0.0,0.0,False,,,False,1,path,64,4,RL+Path,2
best,C:\Users\erich\Documents\AFRL\Algebraic-Connectivity-Optimization-CDC2026\lite_trials\sweep\pmin_only\checkpoints\best.pt,ppo,3000,C:\Users\erich\Documents\AFRL\Algebraic-Connectivity-Optimization-CDC2026\lite_trials\lite_config.yaml,full,16,0.571428571429,3,75,75,0.5714285714285714,60,0.8711307041242112,13.93809126598738,0.06429619999926217,0.06429619999926217,0.06429619999926217,path,path,path,15,0.0,0.0,False,,,False,1,path,64,4,RL+Path,3
best,C:\Users\erich\Documents\AFRL\Algebraic-Connectivity-Optimization-CDC2026\lite_trials\sweep\pmin_only\checkpoints\best.pt,ppo,3000,C:\Users\erich\Documents\AFRL\Algebraic-Connectivity-Optimization-CDC2026\lite_trials\lite_config.yaml,full,16,0.571428571429,4,75,75,0.5714285714285714,60,0.8711307041242112,13.93809126598738,0.060332199999720615,0.060332199999720615,0.060332199999720615,path,path,path,15,0.0,0.0,False,,,False,1,path,64,4,RL+Path,4
best,C:\Users\erich\Documents\AFRL\Algebraic-Connectivity-Optimization-CDC2026\lite_trials\sweep\pmin_only\checkpoints\best.pt,ppo,3000,C:\Users\erich\Documents\AFRL\Algebraic-Connectivity-Optimization-CDC2026\lite_trials\lite_config.yaml,full,16,0.638095238095,0,82,82,0.638095238095238,67,0.587812307736856,9.404996923789696,0.07045949999974255,0.07045949999974255,0.07045949999974255,path,path,path,15,0.0,0.0,False,,,False,1,path,64,4,RL+Path,0
best,C:\Users\erich\Documents\AFRL\Algebraic-Connectivity-Optimization-CDC2026\lite_trials\sweep\pmin_only\checkpoints\best.pt,ppo,3000,C:\Users\erich\Documents\AFRL\Algebraic-Connectivity-Optimization-CDC2026\lite_trials\lite_config.yaml,full,16,0.638095238095,1,82,82,0.638095238095238,67,0.587812307736856,9.404996923789696,0.06637849999970058,0.06637849999970058,0.06637849999970058,path,path,path,15,0.0,0.0,False,,,False,1,path,64,4,RL+Path,1
best,C:\Users\erich\Documents\AFRL\Algebraic-Connectivity-Optimization-CDC2026\lite_trials\sweep\pmin_only\checkpoints\best.pt,ppo,3000,C:\Users\erich\Documents\AFRL\Algebraic-Connectivity-Optimization-CDC2026\lite_trials\lite_config.yaml,full,16,0.638095238095,2,82,82,0.638095238095238,67,0.587812307736856,9.404996923789696,0.06846870000026684,0.06846870000026684,0.06846870000026684,path,path,path,15,0.0,0.0,False,,,False,1,path,64,4,RL+Path,2
best,C:\Users\erich\Documents\AFRL\Algebraic-Connectivity-Optimization-CDC2026\lite_trials\sweep\pmin_only\checkpoints\best.pt,ppo,3000,C:\Users\erich\Documents\AFRL\Algebraic-Connectivity-Optimization-CDC2026\lite_trials\lite_config.yaml,full,16,0.638095238095,3,82,82,0.638095238095238,67,0.587812307736856,9.404996923789696,0.06813509999938105,0.06813509999938105,0.06813509999938105,path,path,path,15,0.0,0.0,False,,,False,1,path,64,4,RL+Path,3
best,C:\Users\erich\Documents\AFRL\Algebraic-Connectivity-Optimization-CDC2026\lite_trials\sweep\pmin_only\checkpoints\best.pt,ppo,3000,C:\Users\erich\Documents\AFRL\Algebraic-Connectivity-Optimization-CDC2026\lite_trials\lite_config.yaml,full,16,0.638095238095,4,82,82,0.638095238095238,67,0.587812307736856,9.404996923789696,0.06572870000036346,0.06572870000036346,0.06572870000036346,path,path,path,15,0.0,0.0,False,,,False,1,path,64,4,RL+Path,4
best,C:\Users\erich\Documents\AFRL\Algebraic-Connectivity-Optimization-CDC2026\lite_trials\sweep\pmin_only\checkpoints\best.pt,ppo,3000,C:\Users\erich\Documents\AFRL\Algebraic-Connectivity-Optimization-CDC2026\lite_trials\lite_config.yaml,full,16,0.714285714286,0,90,90,0.7142857142857143,75,0.8906133542097198,14.249813667355516,0.0770660999996835,0.0770660999996835,0.0770660999996835,path,path,path,15,0.0,0.0,False,,,False,1,path,64,4,RL+Path,0
best,C:\Users\erich\Documents\AFRL\Algebraic-Connectivity-Optimization-CDC2026\lite_trials\sweep\pmin_only\checkpoints\best.pt,ppo,3000,C:\Users\erich\Documents\AFRL\Algebraic-Connectivity-Optimization-CDC2026\lite_trials\lite_config.yaml,full,16,0.714285714286,1,90,90,0.7142857142857143,75,0.8906133542097198,14.249813667355516,0.07655070000055275,0.07655070000055275,0.07655070000055275,path,path,path,15,0.0,0.0,False,,,False,1,path,64,4,RL+Path,1
best,C:\Users\erich\Documents\AFRL\Algebraic-Connectivity-Optimization-CDC2026\lite_trials\sweep\pmin_only\checkpoints\best.pt,ppo,3000,C:\Users\erich\Documents\AFRL\Algebraic-Connectivity-Optimization-CDC2026\lite_trials\lite_config.yaml,full,16,0.714285714286,2,90,90,0.7142857142857143,75,0.8906133542097198,14.249813667355516,0.07525679999980639,0.07525679999980639,0.07525679999980639,path,path,path,15,0.0,0.0,False,,,False,1,path,64,4,RL+Path,2
best,C:\Users\erich\Documents\AFRL\Algebraic-Connectivity-Optimization-CDC2026\lite_trials\sweep\pmin_only\checkpoints\best.pt,ppo,3000,C:\Users\erich\Documents\AFRL\Algebraic-Connectivity-Optimization-CDC2026\lite_trials\lite_config.yaml,full,16,0.714285714286,3,90,90,0.7142857142857143,75,0.8906133542097198,14.249813667355516,0.07940280000002531,0.07940280000002531,0.07940280000002531,path,path,path,15,0.0,0.0,False,,,False,1,path,64,4,RL+Path,3
best,C:\Users\erich\Documents\AFRL\Algebraic-Connectivity-Optimization-CDC2026\lite_trials\sweep\pmin_only\checkpoints\best.pt,ppo,3000,C:\Users\erich\Documents\AFRL\Algebraic-Connectivity-Optimization-CDC2026\lite_trials\lite_config.yaml,full,16,0.714285714286,4,90,90,0.7142857142857143,75,0.8906133542097198,14.249813667355516,0.07909250000011525,0.07909250000011525,0.07909250000011525,path,path,path,15,0.0,0.0,False,,,False,1,path,64,4,RL+Path,4
best,C:\Users\erich\Documents\AFRL\Algebraic-Connectivity-Optimization-CDC2026\lite_trials\sweep\pmin_only\checkpoints\best.pt,ppo,3000,C:\Users\erich\Documents\AFRL\Algebraic-Connectivity-Optimization-CDC2026\lite_trials\lite_config.yaml,full,16,0.780952380952,0,97,97,0.780952380952381,82,0.9521735392081159,15.234776627329854,0.08683659999951487,0.08683659999951487,0.08683659999951487,path,path,path,15,0.0,0.0,False,,,False,1,path,64,4,RL+Path,0
best,C:\Users\erich\Documents\AFRL\Algebraic-Connectivity-Optimization-CDC2026\lite_trials\sweep\pmin_only\checkpoints\best.pt,ppo,3000,C:\Users\erich\Documents\AFRL\Algebraic-Connectivity-Optimization-CDC2026\lite_trials\lite_config.yaml,full,16,0.780952380952,1,97,97,0.780952380952381,82,0.9521735392081159,15.234776627329854,0.08269560000007914,0.08269560000007914,0.08269560000007914,path,path,path,15,0.0,0.0,False,,,False,1,path,64,4,RL+Path,1
best,C:\Users\erich\Documents\AFRL\Algebraic-Connectivity-Optimization-CDC2026\lite_trials\sweep\pmin_only\checkpoints\best.pt,ppo,3000,C:\Users\erich\Documents\AFRL\Algebraic-Connectivity-Optimization-CDC2026\lite_trials\lite_config.yaml,full,16,0.780952380952,2,97,97,0.780952380952381,82,0.9521735392081159,15.234776627329854,0.08471660000031989,0.08471660000031989,0.08471660000031989,path,path,path,15,0.0,0.0,False,,,False,1,path,64,4,RL+Path,2
best,C:\Users\erich\Documents\AFRL\Algebraic-Connectivity-Optimization-CDC2026\lite_trials\sweep\pmin_only\checkpoints\best.pt,ppo,3000,C:\Users\erich\Documents\AFRL\Algebraic-Connectivity-Optimization-CDC2026\lite_trials\lite_config.yaml,full,16,0.780952380952,3,97,97,0.780952380952381,82,0.9521735392081159,15.234776627329854,0.08820809999997437,0.08820809999997437,0.08820809999997437,path,path,path,15,0.0,0.0,False,,,False,1,path,64,4,RL+Path,3
best,C:\Users\erich\Documents\AFRL\Algebraic-Connectivity-Optimization-CDC2026\lite_trials\sweep\pmin_only\checkpoints\best.pt,ppo,3000,C:\Users\erich\Documents\AFRL\Algebraic-Connectivity-Optimization-CDC2026\lite_trials\lite_config.yaml,full,16,0.780952380952,4,97,97,0.780952380952381,82,0.9521735392081159,15.234776627329854,0.08790099999987433,0.08790099999987433,0.08790099999987433,path,path,path,15,0.0,0.0,False,,,False,1,path,64,4,RL+Path,4
best,C:\Users\erich\Documents\AFRL\Algebraic-Connectivity-Optimization-CDC2026\lite_trials\sweep\pmin_only\checkpoints\best.pt,ppo,3000,C:\Users\erich\Documents\AFRL\Algebraic-Connectivity-Optimization-CDC2026\lite_trials\lite_config.yaml,full,16,0.847619047619,0,104,104,0.8476190476190476,89,0.9854270841452107,15.766833346323372,0.09542989999954443,0.09542989999954443,0.09542989999954443,path,path,path,15,0.0,0.0,False,,,False,1,path,64,4,RL+Path,0
best,C:\Users\erich\Documents\AFRL\Algebraic-Connectivity-Optimization-CDC2026\lite_trials\sweep\pmin_only\checkpoints\best.pt,ppo,3000,C:\Users\erich\Documents\AFRL\Algebraic-Connectivity-Optimization-CDC2026\lite_trials\lite_config.yaml,full,16,0.847619047619,1,104,104,0.8476190476190476,89,0.9854270841452107,15.766833346323372,0.09379350000017439,0.09379350000017439,0.09379350000017439,path,path,path,15,0.0,0.0,False,,,False,1,path,64,4,RL+Path,1
best,C:\Users\erich\Documents\AFRL\Algebraic-Connectivity-Optimization-CDC2026\lite_trials\sweep\pmin_only\checkpoints\best.pt,ppo,3000,C:\Users\erich\Documents\AFRL\Algebraic-Connectivity-Optimization-CDC2026\lite_trials\lite_config.yaml,full,16,0.847619047619,2,104,104,0.8476190476190476,89,0.9854270841452107,15.766833346323372,0.09292769999956363,0.09292769999956363,0.09292769999956363,path,path,path,15,0.0,0.0,False,,,False,1,path,64,4,RL+Path,2
best,C:\Users\erich\Documents\AFRL\Algebraic-Connectivity-Optimization-CDC2026\lite_trials\sweep\pmin_only\checkpoints\best.pt,ppo,3000,C:\Users\erich\Documents\AFRL\Algebraic-Connectivity-Optimization-CDC2026\lite_trials\lite_config.yaml,full,16,0.847619047619,3,104,104,0.8476190476190476,89,0.9854270841452107,15.766833346323372,0.08922469999924942,0.08922469999924942,0.08922469999924942,path,path,path,15,0.0,0.0,False,,,False,1,path,64,4,RL+Path,3
best,C:\Users\erich\Documents\AFRL\Algebraic-Connectivity-Optimization-CDC2026\lite_trials\sweep\pmin_only\checkpoints\best.pt,ppo,3000,C:\Users\erich\Documents\AFRL\Algebraic-Connectivity-Optimization-CDC2026\lite_trials\lite_config.yaml,full,16,0.847619047619,4,104,104,0.8476190476190476,89,0.9854270841452107,15.766833346323372,0.09183779999966646,0.09183779999966646,0.09183779999966646,path,path,path,15,0.0,0.0,False,,,False,1,path,64,4,RL+Path,4
best,C:\Users\erich\Documents\AFRL\Algebraic-Connectivity-Optimization-CDC2026\lite_trials\sweep\pmin_only\checkpoints\best.pt,ppo,3000,C:\Users\erich\Documents\AFRL\Algebraic-Connectivity-Optimization-CDC2026\lite_trials\lite_config.yaml,full,16,0.92380952381,0,112,112,0.9238095238095239,97,0.855686437851566,13.690983005625055,0.09790769999926852,0.09790769999926852,0.09790769999926852,path,path,path,15,0.0,0.0,False,,,False,1,path,64,4,RL+Path,0
best,C:\Users\erich\Documents\AFRL\Algebraic-Connectivity-Optimization-CDC2026\lite_trials\sweep\pmin_only\checkpoints\best.pt,ppo,3000,C:\Users\erich\Documents\AFRL\Algebraic-Connectivity-Optimization-CDC2026\lite_trials\lite_config.yaml,full,16,0.92380952381,1,112,112,0.9238095238095239,97,0.855686437851566,13.690983005625055,0.10017979999975068,0.10017979999975068,0.10017979999975068,path,path,path,15,0.0,0.0,False,,,False,1,path,64,4,RL+Path,1
best,C:\Users\erich\Documents\AFRL\Algebraic-Connectivity-Optimization-CDC2026\lite_trials\sweep\pmin_only\checkpoints\best.pt,ppo,3000,C:\Users\erich\Documents\AFRL\Algebraic-Connectivity-Optimization-CDC2026\lite_trials\lite_config.yaml,full,16,0.92380952381,2,112,112,0.9238095238095239,97,0.855686437851566,13.690983005625055,0.09084280000024592,0.09084280000024592,0.09084280000024592,path,path,path,15,0.0,0.0,False,,,False,1,path,64,4,RL+Path,2
best,C:\Users\erich\Documents\AFRL\Algebraic-Connectivity-Optimization-CDC2026\lite_trials\sweep\pmin_only\checkpoints\best.pt,ppo,3000,C:\Users\erich\Documents\AFRL\Algebraic-Connectivity-Optimization-CDC2026\lite_trials\lite_config.yaml,full,16,0.92380952381,3,112,112,0.9238095238095239,97,0.855686437851566,13.690983005625055,0.098804399999608,0.098804399999608,0.098804399999608,path,path,path,15,0.0,0.0,False,,,False,1,path,64,4,RL+Path,3
best,C:\Users\erich\Documents\AFRL\Algebraic-Connectivity-Optimization-CDC2026\lite_trials\sweep\pmin_only\checkpoints\best.pt,ppo,3000,C:\Users\erich\Documents\AFRL\Algebraic-Connectivity-Optimization-CDC2026\lite_trials\lite_config.yaml,full,16,0.92380952381,4,112,112,0.9238095238095239,97,0.855686437851566,13.690983005625055,0.10602969999945344,0.10602969999945344,0.10602969999945344,path,path,path,15,0.0,0.0,False,,,False,1,path,64,4,RL+Path,4
best,C:\Users\erich\Documents\AFRL\Algebraic-Connectivity-Optimization-CDC2026\lite_trials\sweep\pmin_only\checkpoints\best.pt,ppo,3000,C:\Users\erich\Documents\AFRL\Algebraic-Connectivity-Optimization-CDC2026\lite_trials\lite_config.yaml,full,16,0.990476190476,0,119,119,0.9904761904761905,104,1.0000000000000002,16.000000000000004,0.10721670000020822,0.10721670000020822,0.10721670000020822,path,path,path,15,0.0,0.0,False,,,False,1,path,64,4,RL+Path,0
best,C:\Users\erich\Documents\AFRL\Algebraic-Connectivity-Optimization-CDC2026\lite_trials\sweep\pmin_only\checkpoints\best.pt,ppo,3000,C:\Users\erich\Documents\AFRL\Algebraic-Connectivity-Optimization-CDC2026\lite_trials\lite_config.yaml,full,16,0.990476190476,1,119,119,0.9904761904761905,104,1.0000000000000002,16.000000000000004,0.10657770000034361,0.10657770000034361,0.10657770000034361,path,path,path,15,0.0,0.0,False,,,False,1,path,64,4,RL+Path,1
best,C:\Users\erich\Documents\AFRL\Algebraic-Connectivity-Optimization-CDC2026\lite_trials\sweep\pmin_only\checkpoints\best.pt,ppo,3000,C:\Users\erich\Documents\AFRL\Algebraic-Connectivity-Optimization-CDC2026\lite_trials\lite_config.yaml,full,16,0.990476190476,2,119,119,0.9904761904761905,104,1.0000000000000002,16.000000000000004,0.10648149999997258,0.10648149999997258,0.10648149999997258,path,path,path,15,0.0,0.0,False,,,False,1,path,64,4,RL+Path,2
best,C:\Users\erich\Documents\AFRL\Algebraic-Connectivity-Optimization-CDC2026\lite_trials\sweep\pmin_only\checkpoints\best.pt,ppo,3000,C:\Users\erich\Documents\AFRL\Algebraic-Connectivity-Optimization-CDC2026\lite_trials\lite_config.yaml,full,16,0.990476190476,3,119,119,0.9904761904761905,104,1.0000000000000002,16.000000000000004,0.10501260000000912,0.10501260000000912,0.10501260000000912,path,path,path,15,0.0,0.0,False,,,False,1,path,64,4,RL+Path,3
best,C:\Users\erich\Documents\AFRL\Algebraic-Connectivity-Optimization-CDC2026\lite_trials\sweep\pmin_only\checkpoints\best.pt,ppo,3000,C:\Users\erich\Documents\AFRL\Algebraic-Connectivity-Optimization-CDC2026\lite_trials\lite_config.yaml,full,16,0.990476190476,4,119,119,0.9904761904761905,104,1.0000000000000002,16.000000000000004,0.10179429999971035,0.10179429999971035,0.10179429999971035,path,path,path,15,0.0,0.0,False,,,False,1,path,64,4,RL+Path,4
best,C:\Users\erich\Documents\AFRL\Algebraic-Connectivity-Optimization-CDC2026\lite_trials\sweep\pmin_only\checkpoints\best.pt,ppo,3000,C:\Users\erich\Documents\AFRL\Algebraic-Connectivity-Optimization-CDC2026\lite_trials\lite_config.yaml,full,16,0.009523809524,0,16,16,0.009523809523809525,1,0.06249999999999992,0.9999999999999987,0.003617599999415688,0.003617599999415688,0.004184699999314034,backbone,envelope_only,envelope,15,1.0,0.0005670999998983461,False,,,False,1,envelope,64,4,RL+Backbone,0
best,C:\Users\erich\Documents\AFRL\Algebraic-Connectivity-Optimization-CDC2026\lite_trials\sweep\pmin_only\checkpoints\best.pt,ppo,3000,C:\Users\erich\Documents\AFRL\Algebraic-Connectivity-Optimization-CDC2026\lite_trials\lite_config.yaml,full,16,0.009523809524,1,16,16,0.009523809523809525,1,0.06249999999999992,0.9999999999999987,0.000991799999610521,0.000991799999610521,0.0011099999992438825,backbone,envelope_only,envelope,15,1.0,0.00011819999963336159,False,,,False,1,envelope,64,4,RL+Backbone,1
best,C:\Users\erich\Documents\AFRL\Algebraic-Connectivity-Optimization-CDC2026\lite_trials\sweep\pmin_only\checkpoints\best.pt,ppo,3000,C:\Users\erich\Documents\AFRL\Algebraic-Connectivity-Optimization-CDC2026\lite_trials\lite_config.yaml,full,16,0.009523809524,2,16,16,0.009523809523809525,1,0.06249999999999992,0.9999999999999987,0.0009369999997943523,0.0009369999997943523,0.0010170999994443264,backbone,envelope_only,envelope,15,1.0,8.009999964997405e-05,False,,,False,1,envelope,64,4,RL+Backbone,2
best,C:\Users\erich\Documents\AFRL\Algebraic-Connectivity-Optimization-CDC2026\lite_trials\sweep\pmin_only\checkpoints\best.pt,ppo,3000,C:\Users\erich\Documents\AFRL\Algebraic-Connectivity-Optimization-CDC2026\lite_trials\lite_config.yaml,full,16,0.009523809524,3,16,16,0.009523809523809525,1,0.06249999999999992,0.9999999999999987,0.000901000000339991,0.000901000000339991,0.0010007000009863987,backbone,envelope_only,envelope,15,1.0,9.970000064640772e-05,False,,,False,1,envelope,64,4,RL+Backbone,3
best,C:\Users\erich\Documents\AFRL\Algebraic-Connectivity-Optimization-CDC2026\lite_trials\sweep\pmin_only\checkpoints\best.pt,ppo,3000,C:\Users\erich\Documents\AFRL\Algebraic-Connectivity-Optimization-CDC2026\lite_trials\lite_config.yaml,full,16,0.009523809524,4,16,16,0.009523809523809525,1,0.06249999999999992,0.9999999999999987,0.0010523999999350053,0.0010523999999350053,0.0011316999998598476,backbone,envelope_only,envelope,15,1.0,7.929999992484227e-05,False,,,False,1,envelope,64,4,RL+Backbone,4
best,C:\Users\erich\Documents\AFRL\Algebraic-Connectivity-Optimization-CDC2026\lite_trials\sweep\pmin_only\checkpoints\best.pt,ppo,3000,C:\Users\erich\Documents\AFRL\Algebraic-Connectivity-Optimization-CDC2026\lite_trials\lite_config.yaml,full,16,0.07619047619,0,23,23,0.0761904761904762,8,0.248514058073959,3.976224929183344,0.00838850000036473,0.00838850000036473,0.008467400000881753,backbone,both,envelope,15,1.0,7.890000051702373e-05,False,,"cayley:No feasible backbone candidate for (n=16, m=23, rho=0.076190, seed=0); errors=['cayley:no_candidate']",True,1,envelope,64,4,RL+Backbone,0
best,C:\Users\erich\Documents\AFRL\Algebraic-Connectivity-Optimization-CDC2026\lite_trials\sweep\pmin_only\checkpoints\best.pt,ppo,3000,C:\Users\erich\Documents\AFRL\Algebraic-Connectivity-Optimization-CDC2026\lite_trials\lite_config.yaml,full,16,0.07619047619,1,23,23,0.0761904761904762,8,0.248514058073959,3.976224929183344,0.007725999999820488,0.007725999999820488,0.007843899999897985,backbone,both,envelope,15,1.0,0.00011790000007749768,False,,"cayley:No feasible backbone candidate for (n=16, m=23, rho=0.076190, seed=1); errors=['cayley:no_candidate']",True,1,envelope,64,4,RL+Backbone,1
best,C:\Users\erich\Documents\AFRL\Algebraic-Connectivity-Optimization-CDC2026\lite_trials\sweep\pmin_only\checkpoints\best.pt,ppo,3000,C:\Users\erich\Documents\AFRL\Algebraic-Connectivity-Optimization-CDC2026\lite_trials\lite_config.yaml,full,16,0.07619047619,2,23,23,0.0761904761904762,8,0.248514058073959,3.976224929183344,0.006586199999219389,0.006586199999219389,0.006679899998744077,backbone,both,envelope,15,1.0,9.369999952468788e-05,False,,"cayley:No feasible backbone candidate for (n=16, m=23, rho=0.076190, seed=2); errors=['cayley:no_candidate']",True,1,envelope,64,4,RL+Backbone,2
best,C:\Users\erich\Documents\AFRL\Algebraic-Connectivity-Optimization-CDC2026\lite_trials\sweep\pmin_only\checkpoints\best.pt,ppo,3000,C:\Users\erich\Documents\AFRL\Algebraic-Connectivity-Optimization-CDC2026\lite_trials\lite_config.yaml,full,16,0.07619047619,3,23,23,0.0761904761904762,8,0.248514058073959,3.976224929183344,0.006287199999860604,0.006287199999860604,0.006375099999786471,backbone,both,envelope,15,1.0,8.789999992586672e-05,False,,"cayley:No feasible backbone candidate for (n=16, m=23, rho=0.076190, seed=3); errors=['cayley:no_candidate']",True,1,envelope,64,4,RL+Backbone,3
best,C:\Users\erich\Documents\AFRL\Algebraic-Connectivity-Optimization-CDC2026\lite_trials\sweep\pmin_only\checkpoints\best.pt,ppo,3000,C:\Users\erich\Documents\AFRL\Algebraic-Connectivity-Optimization-CDC2026\lite_trials\lite_config.yaml,full,16,0.07619047619,4,23,23,0.0761904761904762,8,0.248514058073959,3.976224929183344,0.006912499999998545,0.006912499999998545,0.0069897999992463156,backbone,both,envelope,15,1.0,7.729999924777076e-05,False,,"cayley:No feasible backbone candidate for (n=16, m=23, rho=0.076190, seed=4); errors=['cayley:no_candidate']",True,1,envelope,64,4,RL+Backbone,4
best,C:\Users\erich\Documents\AFRL\Algebraic-Connectivity-Optimization-CDC2026\lite_trials\sweep\pmin_only\checkpoints\best.pt,ppo,3000,C:\Users\erich\Documents\AFRL\Algebraic-Connectivity-Optimization-CDC2026\lite_trials\lite_config.yaml,full,16,0.152380952381,0,31,31,0.1523809523809524,7,0.165150449688695,2.64240719501912,0.006131299999651674,0.006131299999651674,0.008376200000384415,backbone,cayley_only,cayley,24,0.7639320225002113,0.0022449000007327413,False,2,,False,1,cayley,64,4,RL+Backbone,0
best,C:\Users\erich\Documents\AFRL\Algebraic-Connectivity-Optimization-CDC2026\lite_trials\sweep\pmin_only\checkpoints\best.pt,ppo,3000,C:\Users\erich\Documents\AFRL\Algebraic-Connectivity-Optimization-CDC2026\lite_trials\lite_config.yaml,full,16,0.152380952381,1,31,31,0.1523809523809524,7,0.165150449688695,2.64240719501912,0.00668500000028871,0.00668500000028871,0.008682900000167137,backbone,cayley_only,cayley,24,0.7639320225002113,0.0019978999998784275,False,2,,False,1,cayley,64,4,RL+Backbone,1
best,C:\Users\erich\Documents\AFRL\Algebraic-Connectivity-Optimization-CDC2026\lite_trials\sweep\pmin_only\checkpoints\best.pt,ppo,3000,C:\Users\erich\Documents\AFRL\Algebraic-Connectivity-Optimization-CDC2026\lite_trials\lite_config.yaml,full,16,0.152380952381,2,31,31,0.1523809523809524,7,0.165150449688695,2.64240719501912,0.015683800000260817,0.015683800000260817,0.017807600000196544,backbone,cayley_only,cayley,24,0.7639320225002113,0.002123799999935727,False,2,,False,1,cayley,64,4,RL+Backbone,2
best,C:\Users\erich\Documents\AFRL\Algebraic-Connectivity-Optimization-CDC2026\lite_trials\sweep\pmin_only\checkpoints\best.pt,ppo,3000,C:\Users\erich\Documents\AFRL\Algebraic-Connectivity-Optimization-CDC2026\lite_trials\lite_config.yaml,full,16,0.152380952381,3,31,31,0.1523809523809524,7,0.165150449688695,2.64240719501912,0.008247799999480776,0.008247799999480776,0.011485099998935766,backbone,cayley_only,cayley,24,0.7639320225002113,0.00323729999945499,False,2,,False,1,cayley,64,4,RL+Backbone,3
best,C:\Users\erich\Documents\AFRL\Algebraic-Connectivity-Optimization-CDC2026\lite_trials\sweep\pmin_only\checkpoints\best.pt,ppo,3000,C:\Users\erich\Documents\AFRL\Algebraic-Connectivity-Optimization-CDC2026\lite_trials\lite_config.yaml,full,16,0.152380952381,4,31,31,0.1523809523809524,7,0.165150449688695,2.64240719501912,0.0074640000002546,0.0074640000002546,0.010526000000027125,backbone,cayley_only,cayley,24,0.7639320225002113,0.0030619999997725245,False,2,,False,1,cayley,64,4,RL+Backbone,4
best,C:\Users\erich\Documents\AFRL\Algebraic-Connectivity-Optimization-CDC2026\lite_trials\sweep\pmin_only\checkpoints\best.pt,ppo,3000,C:\Users\erich\Documents\AFRL\Algebraic-Connectivity-Optimization-CDC2026\lite_trials\lite_config.yaml,full,16,0.219047619048,0,38,38,0.21904761904761905,6,0.27513685571418445,4.402189691426951,0.006367599999975937,0.006367599999975937,0.009325100000751263,backbone,cayley_only,cayley,32,1.9999999999999991,0.002957500000775326,False,2,,False,1,cayley,64,4,RL+Backbone,0
best,C:\Users\erich\Documents\AFRL\Algebraic-Connectivity-Optimization-CDC2026\lite_trials\sweep\pmin_only\checkpoints\best.pt,ppo,3000,C:\Users\erich\Documents\AFRL\Algebraic-Connectivity-Optimization-CDC2026\lite_trials\lite_config.yaml,full,16,0.219047619048,1,38,38,0.21904761904761905,6,0.27513685571418445,4.402189691426951,0.005131299999447947,0.005131299999447947,0.007289299998774368,backbone,cayley_only,cayley,32,1.9999999999999991,0.002157999999326421,False,2,,False,1,cayley,64,4,RL+Backbone,1
best,C:\Users\erich\Documents\AFRL\Algebraic-Connectivity-Optimization-CDC2026\lite_trials\sweep\pmin_only\checkpoints\best.pt,ppo,3000,C:\Users\erich\Documents\AFRL\Algebraic-Connectivity-Optimization-CDC2026\lite_trials\lite_config.yaml,full,16,0.219047619048,2,38,38,0.21904761904761905,6,0.27513685571418445,4.402189691426951,0.005482700000356999,0.005482700000356999,0.007494100000258186,backbone,cayley_only,cayley,32,1.9999999999999991,0.0020113999999011867,False,2,,False,1,cayley,64,4,RL+Backbone,2
best,C:\Users\erich\Documents\AFRL\Algebraic-Connectivity-Optimization-CDC2026\lite_trials\sweep\pmin_only\checkpoints\best.pt,ppo,3000,C:\Users\erich\Documents\AFRL\Algebraic-Connectivity-Optimization-CDC2026\lite_trials\lite_config.yaml,full,16,0.219047619048,3,38,38,0.21904761904761905,6,0.27513685571418445,4.402189691426951,0.0050694000001385575,0.0050694000001385575,0.007091500000569795,backbone,cayley_only,cayley,32,1.9999999999999991,0.0020221000004312373,False,2,,False,1,cayley,64,4,RL+Backbone,3
best,C:\Users\erich\Documents\AFRL\Algebraic-Connectivity-Optimization-CDC2026\lite_trials\sweep\pmin_only\checkpoints\best.pt,ppo,3000,C:\Users\erich\Documents\AFRL\Algebraic-Connectivity-Optimization-CDC2026\lite_trials\lite_config.yaml,full,16,0.219047619048,4,38,38,0.21904761904761905,6,0.27513685571418445,4.402189691426951,0.0056929000002128305,0.0056929000002128305,0.007681299999603652,backbone,cayley_only,cayley,32,1.9999999999999991,0.001988399999390822,False,2,,False,1,cayley,64,4,RL+Backbone,4
best,C:\Users\erich\Documents\AFRL\Algebraic-Connectivity-Optimization-CDC2026\lite_trials\sweep\pmin_only\checkpoints\best.pt,ppo,3000,C:\Users\erich\Documents\AFRL\Algebraic-Connectivity-Optimization-CDC2026\lite_trials\lite_config.yaml,full,16,0.285714285714,0,45,45,0.2857142857142857,5,0.2319466011250105,3.711145618000168,0.0048397999998996966,0.0048397999998996966,0.006980099999054801,backbone,cayley_only,cayley,40,2.7639320225002098,0.002140299999155104,False,2,,False,1,cayley,64,4,RL+Backbone,0
best,C:\Users\erich\Documents\AFRL\Algebraic-Connectivity-Optimization-CDC2026\lite_trials\sweep\pmin_only\checkpoints\best.pt,ppo,3000,C:\Users\erich\Documents\AFRL\Algebraic-Connectivity-Optimization-CDC2026\lite_trials\lite_config.yaml,full,16,0.285714285714,1,45,45,0.2857142857142857,5,0.2319466011250105,3.711145618000168,0.006332799999654526,0.006332799999654526,0.00921569999991334,backbone,cayley_only,cayley,40,2.7639320225002098,0.0028829000002588145,False,2,,False,1,cayley,64,4,RL+Backbone,1
best,C:\Users\erich\Documents\AFRL\Algebraic-Connectivity-Optimization-CDC2026\lite_trials\sweep\pmin_only\checkpoints\best.pt,ppo,3000,C:\Users\erich\Documents\AFRL\Algebraic-Connectivity-Optimization-CDC2026\lite_trials\lite_config.yaml,full,16,0.285714285714,2,45,45,0.2857142857142857,5,0.2319466011250105,3.711145618000168,0.0057928000005631475,0.0057928000005631475,0.008897000000615662,backbone,cayley_only,cayley,40,2.7639320225002098,0.003104200000052515,False,2,,False,1,cayley,64,4,RL+Backbone,2
best,C:\Users\erich\Documents\AFRL\Algebraic-Connectivity-Optimization-CDC2026\lite_trials\sweep\pmin_only\checkpoints\best.pt,ppo,3000,C:\Users\erich\Documents\AFRL\Algebraic-Connectivity-Optimization-CDC2026\lite_trials\lite_config.yaml,full,16,0.285714285714,3,45,45,0.2857142857142857,5,0.2319466011250105,3.711145618000168,0.005631199999697856,0.005631199999697856,0.00859029999901395,backbone,cayley_only,cayley,40,2.7639320225002098,0.002959099999316095,False,2,,False,1,cayley,64,4,RL+Backbone,3
best,C:\Users\erich\Documents\AFRL\Algebraic-Connectivity-Optimization-CDC2026\lite_trials\sweep\pmin_only\checkpoints\best.pt,ppo,3000,C:\Users\erich\Documents\AFRL\Algebraic-Connectivity-Optimization-CDC2026\lite_trials\lite_config.yaml,full,16,0.285714285714,4,45,45,0.2857142857142857,5,0.2319466011250105,3.711145618000168,0.004486800000449875,0.004486800000449875,0.007467999999789754,backbone,cayley_only,cayley,40,2.7639320225002098,0.0029811999993398786,False,2,,False,1,cayley,64,4,RL+Backbone,4
best,C:\Users\erich\Documents\AFRL\Algebraic-Connectivity-Optimization-CDC2026\lite_trials\sweep\pmin_only\checkpoints\best.pt,ppo,3000,C:\Users\erich\Documents\AFRL\Algebraic-Connectivity-Optimization-CDC2026\lite_trials\lite_config.yaml,full,16,0.361904761905,0,53,53,0.3619047619047619,5,0.3281249999999998,5.2499999999999964,0.005439399999886518,0.005439399999886518,0.0076964999998381245,backbone,cayley_only,cayley,48,4.000000000000001,0.002257099999951606,False,2,,False,1,cayley,64,4,RL+Backbone,0
best,C:\Users\erich\Documents\AFRL\Algebraic-Connectivity-Optimization-CDC2026\lite_trials\sweep\pmin_only\checkpoints\best.pt,ppo,3000,C:\Users\erich\Documents\AFRL\Algebraic-Connectivity-Optimization-CDC2026\lite_trials\lite_config.yaml,full,16,0.361904761905,1,53,53,0.3619047619047619,5,0.3281249999999998,5.2499999999999964,0.004414600000018254,0.004414600000018254,0.007023099999969418,backbone,cayley_only,cayley,48,4.000000000000001,0.0026084999999511638,False,2,,False,1,cayley,64,4,RL+Backbone,1
best,C:\Users\erich\Documents\AFRL\Algebraic-Connectivity-Optimization-CDC2026\lite_trials\sweep\pmin_only\checkpoints\best.pt,ppo,3000,C:\Users\erich\Documents\AFRL\Algebraic-Connectivity-Optimization-CDC2026\lite_trials\lite_config.yaml,full,16,0.361904761905,2,53,53,0.3619047619047619,5,0.32812500000000017,5.250000000000003,0.004157700000178011,0.004157700000178011,0.006391899999471207,backbone,cayley_only,cayley,48,4.000000000000001,0.002234199999293196,False,2,,False,1,cayley,64,4,RL+Backbone,2
best,C:\Users\erich\Documents\AFRL\Algebraic-Connectivity-Optimization-CDC2026\lite_trials\sweep\pmin_only\checkpoints\best.pt,ppo,3000,C:\Users\erich\Documents\AFRL\Algebraic-Connectivity-Optimization-CDC2026\lite_trials\lite_config.yaml,full,16,0.361904761905,3,53,53,0.3619047619047619,5,0.3281249999999998,5.2499999999999964,0.005430499999420135,0.005430499999420135,0.007695499999499589,backbone,cayley_only,cayley,48,4.000000000000001,0.0022650000000794535,False,2,,False,1,cayley,64,4,RL+Backbone,3
best,C:\Users\erich\Documents\AFRL\Algebraic-Connectivity-Optimization-CDC2026\lite_trials\sweep\pmin_only\checkpoints\best.pt,ppo,3000,C:\Users\erich\Documents\AFRL\Algebraic-Connectivity-Optimization-CDC2026\lite_trials\lite_config.yaml,full,16,0.361904761905,4,53,53,0.3619047619047619,5,0.3281249999999998,5.2499999999999964,0.005608999999822117,0.005608999999822117,0.008652199999232835,backbone,cayley_only,cayley,48,4.000000000000001,0.0030431999994107173,False,2,,False,1,cayley,64,4,RL+Backbone,4
best,C:\Users\erich\Documents\AFRL\Algebraic-Connectivity-Optimization-CDC2026\lite_trials\sweep\pmin_only\checkpoints\best.pt,ppo,3000,C:\Users\erich\Documents\AFRL\Algebraic-Connectivity-Optimization-CDC2026\lite_trials\lite_config.yaml,full,16,0.428571428571,0,60,60,0.42857142857142855,4,0.4344343765698845,6.950950025118152,0.004569499999888649,0.004569499999888649,0.007595500000206812,backbone,cayley_only,cayley,56,5.999999999999996,0.003026000000318163,False,2,,False,1,cayley,64,4,RL+Backbone,0
best,C:\Users\erich\Documents\AFRL\Algebraic-Connectivity-Optimization-CDC2026\lite_trials\sweep\pmin_only\checkpoints\best.pt,ppo,3000,C:\Users\erich\Documents\AFRL\Algebraic-Connectivity-Optimization-CDC2026\lite_trials\lite_config.yaml,full,16,0.428571428571,1,60,60,0.42857142857142855,4,0.4344343765698845,6.950950025118152,0.004969999999957508,0.004969999999957508,0.008060800000748714,backbone,cayley_only,cayley,56,5.999999999999996,0.003090800000791205,False,2,,False,1,cayley,64,4,RL+Backbone,1
best,C:\Users\erich\Documents\AFRL\Algebraic-Connectivity-Optimization-CDC2026\lite_trials\sweep\pmin_only\checkpoints\best.pt,ppo,3000,C:\Users\erich\Documents\AFRL\Algebraic-Connectivity-Optimization-CDC2026\lite_trials\lite_config.yaml,full,16,0.428571428571,2,60,60,0.42857142857142855,4,0.4344343765698845,6.950950025118152,0.005492700000104378,0.005492700000104378,0.008839399999487796,backbone,cayley_only,cayley,56,5.999999999999996,0.003346699999383418,False,2,,False,1,cayley,64,4,RL+Backbone,2
best,C:\Users\erich\Documents\AFRL\Algebraic-Connectivity-Optimization-CDC2026\lite_trials\sweep\pmin_only\checkpoints\best.pt,ppo,3000,C:\Users\erich\Documents\AFRL\Algebraic-Connectivity-Optimization-CDC2026\lite_trials\lite_config.yaml,full,16,0.428571428571,3,60,60,0.42857142857142855,4,0.4344343765698845,6.950950025118152,0.0037500999997064355,0.0037500999997064355,0.006292799999755516,backbone,cayley_only,cayley,56,5.999999999999996,0.0025427000000490807,False,2,,False,1,cayley,64,4,RL+Backbone,3
best,C:\Users\erich\Documents\AFRL\Algebraic-Connectivity-Optimization-CDC2026\lite_trials\sweep\pmin_only\checkpoints\best.pt,ppo,3000,C:\Users\erich\Documents\AFRL\Algebraic-Connectivity-Optimization-CDC2026\lite_trials\lite_config.yaml,full,16,0.428571428571,4,60,60,0.42857142857142855,4,0.4344343765698845,6.950950025118152,0.0038207999996302533,0.0038207999996302533,0.00601479999932053,backbone,cayley_only,cayley,56,5.999999999999996,0.002193999999690277,False,2,,False,1,cayley,64,4,RL+Backbone,4
best,C:\Users\erich\Documents\AFRL\Algebraic-Connectivity-Optimization-CDC2026\lite_trials\sweep\pmin_only\checkpoints\best.pt,ppo,3000,C:\Users\erich\Documents\AFRL\Algebraic-Connectivity-Optimization-CDC2026\lite_trials\lite_config.yaml,full,16,0.504761904762,0,68,68,0.5047619047619047,4,0.5944709487433212,9.511535179893139,0.00379259999954229,0.00379259999954229,0.006552099998771155,backbone,both,envelope,64,8.0,0.002759499999228865,False,,,True,2,"cayley,envelope",64,4,RL+Backbone,0
best,C:\Users\erich\Documents\AFRL\Algebraic-Connectivity-Optimization-CDC2026\lite_trials\sweep\pmin_only\checkpoints\best.pt,ppo,3000,C:\Users\erich\Documents\AFRL\Algebraic-Connectivity-Optimization-CDC2026\lite_trials\lite_config.yaml,full,16,0.504761904762,1,68,68,0.5047619047619047,4,0.5944709487433212,9.511535179893139,0.004396999999698892,0.004396999999698892,0.007045199999083707,backbone,both,envelope,64,8.0,0.002648199999384815,False,,,True,2,"cayley,envelope",64,4,RL+Backbone,1
best,C:\Users\erich\Documents\AFRL\Algebraic-Connectivity-Optimization-CDC2026\lite_trials\sweep\pmin_only\checkpoints\best.pt,ppo,3000,C:\Users\erich\Documents\AFRL\Algebraic-Connectivity-Optimization-CDC2026\lite_trials\lite_config.yaml,full,16,0.504761904762,2,68,68,0.5047619047619047,4,0.5944709487433212,9.511535179893139,0.004397100000460341,0.004397100000460341,0.007399000000077649,backbone,both,envelope,64,8.0,0.003001899999617308,False,,,True,2,"cayley,envelope",64,4,RL+Backbone,2
best,C:\Users\erich\Documents\AFRL\Algebraic-Connectivity-Optimization-CDC2026\lite_trials\sweep\pmin_only\checkpoints\best.pt,ppo,3000,C:\Users\erich\Documents\AFRL\Algebraic-Connectivity-Optimization-CDC2026\lite_trials\lite_config.yaml,full,16,0.504761904762,3,68,68,0.5047619047619047,4,0.5944709487433212,9.511535179893139,0.004287099999601196,0.004287099999601196,0.007138299999496667,backbone,both,envelope,64,8.0,0.00308969999969122,False,,,True,2,"cayley,envelope",64,4,RL+Backbone,3
best,C:\Users\erich\Documents\AFRL\Algebraic-Connectivity-Optimization-CDC2026\lite_trials\sweep\pmin_only\checkpoints\best.pt,ppo,3000,C:\Users\erich\Documents\AFRL\Algebraic-Connectivity-Optimization-CDC2026\lite_trials\lite_config.yaml,full,16,0.504761904762,4,68,68,0.5047619047619047,4,0.5944709487433212,9.511535179893139,0.004588000000694592,0.004588000000694592,0.0075863000010940596,backbone,both,envelope,64,8.0,0.0029983000003994675,False,,,True,2,"cayley,envelope",64,4,RL+Backbone,4
best,C:\Users\erich\Documents\AFRL\Algebraic-Connectivity-Optimization-CDC2026\lite_trials\sweep\pmin_only\checkpoints\best.pt,ppo,3000,C:\Users\erich\Documents\AFRL\Algebraic-Connectivity-Optimization-CDC2026\lite_trials\lite_config.yaml,full,16,0.571428571429,0,75,75,0.5714285714285714,11,0.6937145222293966,11.099432355670345,0.01272659999995085,0.01272659999995085,0.012836799999604409,backbone,both,envelope,64,8.0,0.004480699999476201,False,,,True,2,"cayley,envelope",64,4,RL+Backbone,0
best,C:\Users\erich\Documents\AFRL\Algebraic-Connectivity-Optimization-CDC2026\lite_trials\sweep\pmin_only\checkpoints\best.pt,ppo,3000,C:\Users\erich\Documents\AFRL\Algebraic-Connectivity-Optimization-CDC2026\lite_trials\lite_config.yaml,full,16,0.571428571429,1,75,75,0.5714285714285714,11,0.6937145222293966,11.099432355670345,0.01209969999945315,0.01209969999945315,0.012234899999384652,backbone,both,envelope,64,8.0,0.005967000000055123,False,,,True,2,"cayley,envelope",64,4,RL+Backbone,1
best,C:\Users\erich\Documents\AFRL\Algebraic-Connectivity-Optimization-CDC2026\lite_trials\sweep\pmin_only\checkpoints\best.pt,ppo,3000,C:\Users\erich\Documents\AFRL\Algebraic-Connectivity-Optimization-CDC2026\lite_trials\lite_config.yaml,full,16,0.571428571429,2,75,75,0.5714285714285714,11,0.6937145222293966,11.099432355670345,0.01284609999947861,0.01284609999947861,0.01299029999972845,backbone,both,envelope,64,8.0,0.005860999999640626,False,,,True,2,"cayley,envelope",64,4,RL+Backbone,2
best,C:\Users\erich\Documents\AFRL\Algebraic-Connectivity-Optimization-CDC2026\lite_trials\sweep\pmin_only\checkpoints\best.pt,ppo,3000,C:\Users\erich\Documents\AFRL\Algebraic-Connectivity-Optimization-CDC2026\lite_trials\lite_config.yaml,full,16,0.571428571429,3,75,75,0.5714285714285714,11,0.6937145222293966,11.099432355670345,0.011797800000749703,0.011797800000749703,0.011927600000490202,backbone,both,envelope,64,8.0,0.006930900000043039,False,,,True,2,"cayley,envelope",64,4,RL+Backbone,3
best,C:\Users\erich\Documents\AFRL\Algebraic-Connectivity-Optimization-CDC2026\lite_trials\sweep\pmin_only\checkpoints\best.pt,ppo,3000,C:\Users\erich\Documents\AFRL\Algebraic-Connectivity-Optimization-CDC2026\lite_trials\lite_config.yaml,full,16,0.571428571429,4,75,75,0.5714285714285714,11,0.6937145222293966,11.099432355670345,0.011624200000369456,0.011624200000369456,0.011761800000385847,backbone,both,envelope,64,8.0,0.005789199999526318,False,,,True,2,"cayley,envelope",64,4,RL+Backbone,4
best,C:\Users\erich\Documents\AFRL\Algebraic-Connectivity-Optimization-CDC2026\lite_trials\sweep\pmin_only\checkpoints\best.pt,ppo,3000,C:\Users\erich\Documents\AFRL\Algebraic-Connectivity-Optimization-CDC2026\lite_trials\lite_config.yaml,full,16,0.638095238095,0,82,82,0.638095238095238,11,0.8127996725365676,13.004794760585082,0.011737100000573264,0.011737100000573264,0.014963700001317193,backbone,both,cayley,71,6.69722436226801,0.003226600000743929,False,3,,True,2,"cayley,envelope",64,4,RL+Backbone,0
best,C:\Users\erich\Documents\AFRL\Algebraic-Connectivity-Optimization-CDC2026\lite_trials\sweep\pmin_only\checkpoints\best.pt,ppo,3000,C:\Users\erich\Documents\AFRL\Algebraic-Connectivity-Optimization-CDC2026\lite_trials\lite_config.yaml,full,16,0.638095238095,1,82,82,0.638095238095238,12,0.7016745787847516,11.226793260556025,0.012805999999727646,0.012805999999727646,0.015952299999298702,backbone,both,cayley,70,6.697224362268007,0.003146299999571056,False,3,,True,2,"cayley,envelope",64,4,RL+Backbone,1
best,C:\Users\erich\Documents\AFRL\Algebraic-Connectivity-Optimization-CDC2026\lite_trials\sweep\pmin_only\checkpoints\best.pt,ppo,3000,C:\Users\erich\Documents\AFRL\Algebraic-Connectivity-Optimization-CDC2026\lite_trials\lite_config.yaml,full,16,0.638095238095,2,82,82,0.638095238095238,12,0.7758883476483189,12.414213562373103,0.010776600000099279,0.010776600000099279,0.013995199999953911,backbone,both,cayley,70,6.58578643762691,0.003218599999854632,False,3,,True,2,"cayley,envelope",64,4,RL+Backbone,2
best,C:\Users\erich\Documents\AFRL\Algebraic-Connectivity-Optimization-CDC2026\lite_trials\sweep\pmin_only\checkpoints\best.pt,ppo,3000,C:\Users\erich\Documents\AFRL\Algebraic-Connectivity-Optimization-CDC2026\lite_trials\lite_config.yaml,full,16,0.638095238095,3,82,82,0.638095238095238,11,0.7208465875660207,11.533545401056331,0.01186630000029254,0.01186630000029254,0.015289100000700273,backbone,both,cayley,71,6.733752496014796,0.003422800000407733,False,3,,True,2,"cayley,envelope",64,4,RL+Backbone,3
best,C:\Users\erich\Documents\AFRL\Algebraic-Connectivity-Optimization-CDC2026\lite_trials\sweep\pmin_only\checkpoints\best.pt,ppo,3000,C:\Users\erich\Documents\AFRL\Algebraic-Connectivity-Optimization-CDC2026\lite_trials\lite_config.yaml,full,16,0.638095238095,4,82,82,0.638095238095238,12,0.7286000981342625,11.6576015701482,0.013239199999588891,0.013239199999588891,0.016475999999784108,backbone,both,cayley,70,6.539495129981236,0.003236800000195217,False,3,,True,2,"cayley,envelope",64,4,RL+Backbone,4
best,C:\Users\erich\Documents\AFRL\Algebraic-Connectivity-Optimization-CDC2026\lite_trials\sweep\pmin_only\checkpoints\best.pt,ppo,3000,C:\Users\erich\Documents\AFRL\Algebraic-Connectivity-Optimization-CDC2026\lite_trials\lite_config.yaml,full,16,0.714285714286,0,90,90,0.7142857142857143,5,0.7578729976000135,12.125967961600216,0.005617599999823142,0.005617599999823142,0.01128919999973732,backbone,both,cayley,85,9.999999999999996,0.005671599999914179,False,3,,True,2,"cayley,envelope",64,4,RL+Backbone,0
best,C:\Users\erich\Documents\AFRL\Algebraic-Connectivity-Optimization-CDC2026\lite_trials\sweep\pmin_only\checkpoints\best.pt,ppo,3000,C:\Users\erich\Documents\AFRL\Algebraic-Connectivity-Optimization-CDC2026\lite_trials\lite_config.yaml,full,16,0.714285714286,1,90,90,0.7142857142857143,5,0.7426047232871059,11.881675572593695,0.005910100000619423,0.005910100000619423,0.012116200001401012,backbone,both,cayley,85,9.999999999999996,0.006206100000781589,False,3,,True,2,"cayley,envelope",64,4,RL+Backbone,1
best,C:\Users\erich\Documents\AFRL\Algebraic-Connectivity-Optimization-CDC2026\lite_trials\sweep\pmin_only\checkpoints\best.pt,ppo,3000,C:\Users\erich\Documents\AFRL\Algebraic-Connectivity-Optimization-CDC2026\lite_trials\lite_config.yaml,full,16,0.714285714286,2,90,90,0.7142857142857143,6,0.7867977281298275,12.58876365007724,0.006795500000407628,0.006795500000407628,0.013063000000329339,backbone,both,cayley,84,9.999999999999973,0.006267499999921711,False,3,,True,2,"cayley,envelope",64,4,RL+Backbone,2
best,C:\Users\erich\Documents\AFRL\Algebraic-Connectivity-Optimization-CDC2026\lite_trials\sweep\pmin_only\checkpoints\best.pt,ppo,3000,C:\Users\erich\Documents\AFRL\Algebraic-Connectivity-Optimization-CDC2026\lite_trials\lite_config.yaml,full,16,0.714285714286,3,90,90,0.7142857142857143,5,0.7493618824646757,11.989790119434812,0.005713999999898078,0.005713999999898078,0.012103900000511203,backbone,both,cayley,85,9.999999999999996,0.006389900000613125,False,3,,True,2,"cayley,envelope",64,4,RL+Backbone,3
best,C:\Users\erich\Documents\AFRL\Algebraic-Connectivity-Optimization-CDC2026\lite_trials\sweep\pmin_only\checkpoints\best.pt,ppo,3000,C:\Users\erich\Documents\AFRL\Algebraic-Connectivity-Optimization-CDC2026\lite_trials\lite_config.yaml,full,16,0.714285714286,4,90,90,0.7142857142857143,6,0.7807121339997625,12.4913941439962,0.0053416000000652275,0.0053416000000652275,0.009797000000617118,backbone,both,cayley,84,9.999999999999988,0.00445540000055189,False,3,,True,2,"cayley,envelope",64,4,RL+Backbone,4
best,C:\Users\erich\Documents\AFRL\Algebraic-Connectivity-Optimization-CDC2026\lite_trials\sweep\pmin_only\checkpoints\best.pt,ppo,3000,C:\Users\erich\Documents\AFRL\Algebraic-Connectivity-Optimization-CDC2026\lite_trials\lite_config.yaml,full,16,0.780952380952,0,97,97,0.780952380952381,1,0.7499999999999996,11.999999999999993,0.0012175000001661829,0.0012175000001661829,0.0013473999997586361,backbone,envelope_only,envelope,96,12.0,0.00012989999959245324,False,,,False,1,envelope,64,4,RL+Backbone,0
best,C:\Users\erich\Documents\AFRL\Algebraic-Connectivity-Optimization-CDC2026\lite_trials\sweep\pmin_only\checkpoints\best.pt,ppo,3000,C:\Users\erich\Documents\AFRL\Algebraic-Connectivity-Optimization-CDC2026\lite_trials\lite_config.yaml,full,16,0.780952380952,1,97,97,0.780952380952381,1,0.7499999999999996,11.999999999999993,0.0010374999992563971,0.0010374999992563971,0.0011842999992950354,backbone,envelope_only,envelope,96,12.0,0.00014680000003863825,False,,,False,1,envelope,64,4,RL+Backbone,1
best,C:\Users\erich\Documents\AFRL\Algebraic-Connectivity-Optimization-CDC2026\lite_trials\sweep\pmin_only\checkpoints\best.pt,ppo,3000,C:\Users\erich\Documents\AFRL\Algebraic-Connectivity-Optimization-CDC2026\lite_trials\lite_config.yaml,full,16,0.780952380952,2,97,97,0.780952380952381,1,0.7499999999999996,11.999999999999993,0.001066299999365583,0.001066299999365583,0.001197499998852436,backbone,envelope_only,envelope,96,12.0,0.0001311999994868529,False,,,False,1,envelope,64,4,RL+Backbone,2
best,C:\Users\erich\Documents\AFRL\Algebraic-Connectivity-Optimization-CDC2026\lite_trials\sweep\pmin_only\checkpoints\best.pt,ppo,3000,C:\Users\erich\Documents\AFRL\Algebraic-Connectivity-Optimization-CDC2026\lite_trials\lite_config.yaml,full,16,0.780952380952,3,97,97,0.780952380952381,1,0.7499999999999996,11.999999999999993,0.0009312000001955312,0.0009312000001955312,0.0010581999995338265,backbone,envelope_only,envelope,96,12.0,0.0001269999993382953,False,,,False,1,envelope,64,4,RL+Backbone,3
best,C:\Users\erich\Documents\AFRL\Algebraic-Connectivity-Optimization-CDC2026\lite_trials\sweep\pmin_only\checkpoints\best.pt,ppo,3000,C:\Users\erich\Documents\AFRL\Algebraic-Connectivity-Optimization-CDC2026\lite_trials\lite_config.yaml,full,16,0.780952380952,4,97,97,0.780952380952381,1,0.7499999999999996,11.999999999999993,0.0009098999998968793,0.0009098999998968793,0.0010462999998708256,backbone,envelope_only,envelope,96,12.0,0.00013639999997394625,False,,,False,1,envelope,64,4,RL+Backbone,4
best,C:\Users\erich\Documents\AFRL\Algebraic-Connectivity-Optimization-CDC2026\lite_trials\sweep\pmin_only\checkpoints\best.pt,ppo,3000,C:\Users\erich\Documents\AFRL\Algebraic-Connectivity-Optimization-CDC2026\lite_trials\lite_config.yaml,full,16,0.847619047619,0,104,104,0.8476190476190476,8,0.8498992560151488,13.598388096242381,0.007687999999689055,0.007687999999689055,0.007847299999411916,backbone,envelope_only,envelope,96,12.0,0.00015929999972286168,False,,,False,1,envelope,64,4,RL+Backbone,0
best,C:\Users\erich\Documents\AFRL\Algebraic-Connectivity-Optimization-CDC2026\lite_trials\sweep\pmin_only\checkpoints\best.pt,ppo,3000,C:\Users\erich\Documents\AFRL\Algebraic-Connectivity-Optimization-CDC2026\lite_trials\lite_config.yaml,full,16,0.847619047619,1,104,104,0.8476190476190476,8,0.8498992560151488,13.598388096242381,0.008746999999857508,0.008746999999857508,0.00914669999929174,backbone,envelope_only,envelope,96,12.0,0.0003996999994342332,False,,,False,1,envelope,64,4,RL+Backbone,1
best,C:\Users\erich\Documents\AFRL\Algebraic-Connectivity-Optimization-CDC2026\lite_trials\sweep\pmin_only\checkpoints\best.pt,ppo,3000,C:\Users\erich\Documents\AFRL\Algebraic-Connectivity-Optimization-CDC2026\lite_trials\lite_config.yaml,full,16,0.847619047619,2,104,104,0.8476190476190476,8,0.8498992560151488,13.598388096242381,0.008790400000179943,0.008790400000179943,0.00899440000011964,backbone,envelope_only,envelope,96,12.0,0.00020399999993969686,False,,,False,1,envelope,64,4,RL+Backbone,2
best,C:\Users\erich\Documents\AFRL\Algebraic-Connectivity-Optimization-CDC2026\lite_trials\sweep\pmin_only\checkpoints\best.pt,ppo,3000,C:\Users\erich\Documents\AFRL\Algebraic-Connectivity-Optimization-CDC2026\lite_trials\lite_config.yaml,full,16,0.847619047619,3,104,104,0.8476190476190476,8,0.8498992560151488,13.598388096242381,0.008771400000114227,0.008771400000114227,0.008992500000204018,backbone,envelope_only,envelope,96,12.0,0.00022110000008979114,False,,,False,1,envelope,64,4,RL+Backbone,3
best,C:\Users\erich\Documents\AFRL\Algebraic-Connectivity-Optimization-CDC2026\lite_trials\sweep\pmin_only\checkpoints\best.pt,ppo,3000,C:\Users\erich\Documents\AFRL\Algebraic-Connectivity-Optimization-CDC2026\lite_trials\lite_config.yaml,full,16,0.847619047619,4,104,104,0.8476190476190476,8,0.8498992560151488,13.598388096242381,0.008792799999355339,0.008792799999355339,0.008978400000160036,backbone,envelope_only,envelope,96,12.0,0.00018560000080469763,False,,,False,1,envelope,64,4,RL+Backbone,4
best,C:\Users\erich\Documents\AFRL\Algebraic-Connectivity-Optimization-CDC2026\lite_trials\sweep\pmin_only\checkpoints\best.pt,ppo,3000,C:\Users\erich\Documents\AFRL\Algebraic-Connectivity-Optimization-CDC2026\lite_trials\lite_config.yaml,full,16,0.92380952381,0,112,112,0.9238095238095239,0,0.8749999999999992,13.999999999999988,1.9999970390927047e-07,1.9999970390927047e-07,0.00020640000002458692,backbone,envelope_only,envelope,112,14.0,0.00020620000032067765,False,,,False,1,envelope,64,4,RL+Backbone,0
best,C:\Users\erich\Documents\AFRL\Algebraic-Connectivity-Optimization-CDC2026\lite_trials\sweep\pmin_only\checkpoints\best.pt,ppo,3000,C:\Users\erich\Documents\AFRL\Algebraic-Connectivity-Optimization-CDC2026\lite_trials\lite_config.yaml,full,16,0.92380952381,1,112,112,0.9238095238095239,0,0.8749999999999992,13.999999999999988,9.999985195463523e-08,9.999985195463523e-08,0.0002131000001099892,backbone,envelope_only,envelope,112,14.0,0.00021300000025803456,False,,,False,1,envelope,64,4,RL+Backbone,1
best,C:\Users\erich\Documents\AFRL\Algebraic-Connectivity-Optimization-CDC2026\lite_trials\sweep\pmin_only\checkpoints\best.pt,ppo,3000,C:\Users\erich\Documents\AFRL\Algebraic-Connectivity-Optimization-CDC2026\lite_trials\lite_config.yaml,full,16,0.92380952381,2,112,112,0.9238095238095239,0,0.8749999999999992,13.999999999999988,9.999985195463523e-08,9.999985195463523e-08,0.0001998999996430939,backbone,envelope_only,envelope,112,14.0,0.00019979999979113927,False,,,False,1,envelope,64,4,RL+Backbone,2
best,C:\Users\erich\Documents\AFRL\Algebraic-Connectivity-Optimization-CDC2026\lite_trials\sweep\pmin_only\checkpoints\best.pt,ppo,3000,C:\Users\erich\Documents\AFRL\Algebraic-Connectivity-Optimization-CDC2026\lite_trials\lite_config.yaml,full,16,0.92380952381,3,112,112,0.9238095238095239,0,0.8749999999999992,13.999999999999988,1.9999970390927047e-07,1.9999970390927047e-07,0.0001872000002549612,backbone,envelope_only,envelope,112,14.0,0.00018700000055105193,False,,,False,1,envelope,64,4,RL+Backbone,3
best,C:\Users\erich\Documents\AFRL\Algebraic-Connectivity-Optimization-CDC2026\lite_trials\sweep\pmin_only\checkpoints\best.pt,ppo,3000,C:\Users\erich\Documents\AFRL\Algebraic-Connectivity-Optimization-CDC2026\lite_trials\lite_config.yaml,full,16,0.92380952381,4,112,112,0.9238095238095239,0,0.8749999999999992,13.999999999999988,1.9999970390927047e-07,1.9999970390927047e-07,0.0001832999996622675,backbone,envelope_only,envelope,112,14.0,0.00018309999995835824,False,,,False,1,envelope,64,4,RL+Backbone,4
best,C:\Users\erich\Documents\AFRL\Algebraic-Connectivity-Optimization-CDC2026\lite_trials\sweep\pmin_only\checkpoints\best.pt,ppo,3000,C:\Users\erich\Documents\AFRL\Algebraic-Connectivity-Optimization-CDC2026\lite_trials\lite_config.yaml,full,16,0.990476190476,0,119,119,0.9904761904761905,7,0.929501640680126,14.872026250882016,0.01028260000020964,0.01028260000020964,0.010523900000407593,backbone,envelope_only,envelope,112,14.0,0.0002413000001979526,False,,,False,1,envelope,64,4,RL+Backbone,0
best,C:\Users\erich\Documents\AFRL\Algebraic-Connectivity-Optimization-CDC2026\lite_trials\sweep\pmin_only\checkpoints\best.pt,ppo,3000,C:\Users\erich\Documents\AFRL\Algebraic-Connectivity-Optimization-CDC2026\lite_trials\lite_config.yaml,full,16,0.990476190476,1,119,119,0.9904761904761905,7,0.929501640680126,14.872026250882016,0.008103199999823119,0.008103199999823119,0.008350600000085251,backbone,envelope_only,envelope,112,14.0,0.0002474000002621324,False,,,False,1,envelope,64,4,RL+Backbone,1
best,C:\Users\erich\Documents\AFRL\Algebraic-Connectivity-Optimization-CDC2026\lite_trials\sweep\pmin_only\checkpoints\best.pt,ppo,3000,C:\Users\erich\Documents\AFRL\Algebraic-Connectivity-Optimization-CDC2026\lite_trials\lite_config.yaml,full,16,0.990476190476,2,119,119,0.9904761904761905,7,0.929501640680126,14.872026250882016,0.007819299999937357,0.007819299999937357,0.00800470000012865,backbone,envelope_only,envelope,112,14.0,0.00018540000019129366,False,,,False,1,envelope,64,4,RL+Backbone,2
best,C:\Users\erich\Documents\AFRL\Algebraic-Connectivity-Optimization-CDC2026\lite_trials\sweep\pmin_only\checkpoints\best.pt,ppo,3000,C:\Users\erich\Documents\AFRL\Algebraic-Connectivity-Optimization-CDC2026\lite_trials\lite_config.yaml,full,16,0.990476190476,3,119,119,0.9904761904761905,7,0.929501640680126,14.872026250882016,0.00823209999998653,0.00823209999998653,0.008442499999546271,backbone,envelope_only,envelope,112,14.0,0.00021039999955974054,False,,,False,1,envelope,64,4,RL+Backbone,3
best,C:\Users\erich\Documents\AFRL\Algebraic-Connectivity-Optimization-CDC2026\lite_trials\sweep\pmin_only\checkpoints\best.pt,ppo,3000,C:\Users\erich\Documents\AFRL\Algebraic-Connectivity-Optimization-CDC2026\lite_trials\lite_config.yaml,full,16,0.990476190476,4,119,119,0.9904761904761905,7,0.929501640680126,14.872026250882016,0.006655400000454392,0.006655400000454392,0.006831900001088798,backbone,envelope_only,envelope,112,14.0,0.0001765000006344053,False,,,False,1,envelope,64,4,RL+Backbone,4
best,C:\Users\erich\Documents\AFRL\Algebraic-Connectivity-Optimization-CDC2026\lite_trials\sweep\pmin_only\checkpoints\best.pt,ppo,3000,C:\Users\erich\Documents\AFRL\Algebraic-Connectivity-Optimization-CDC2026\lite_trials\lite_config.yaml,full,24,0.00395256917,0,24,24,0.003952569169960474,1,0.014542406422833923,0.34901775414801417,0.0036000000000058208,0.0036000000000058208,0.0036000000000058208,path,path,path,23,0.0,0.0,False,,,False,1,path,64,4,RL+Path,0
best,C:\Users\erich\Documents\AFRL\Algebraic-Connectivity-Optimization-CDC2026\lite_trials\sweep\pmin_only\checkpoints\best.pt,ppo,3000,C:\Users\erich\Documents\AFRL\Algebraic-Connectivity-Optimization-CDC2026\lite_trials\lite_config.yaml,full,24,0.00395256917,1,24,24,0.003952569169960474,1,0.014542406422833923,0.34901775414801417,0.0011208000005353824,0.0011208000005353824,0.0011208000005353824,path,path,path,23,0.0,0.0,False,,,False,1,path,64,4,RL+Path,1
best,C:\Users\erich\Documents\AFRL\Algebraic-Connectivity-Optimization-CDC2026\lite_trials\sweep\pmin_only\checkpoints\best.pt,ppo,3000,C:\Users\erich\Documents\AFRL\Algebraic-Connectivity-Optimization-CDC2026\lite_trials\lite_config.yaml,full,24,0.00395256917,2,24,24,0.003952569169960474,1,0.014542406422833923,0.34901775414801417,0.0009463000005780486,0.0009463000005780486,0.0009463000005780486,path,path,path,23,0.0,0.0,False,,,False,1,path,64,4,RL+Path,2
best,C:\Users\erich\Documents\AFRL\Algebraic-Connectivity-Optimization-CDC2026\lite_trials\sweep\pmin_only\checkpoints\best.pt,ppo,3000,C:\Users\erich\Documents\AFRL\Algebraic-Connectivity-Optimization-CDC2026\lite_trials\lite_config.yaml,full,24,0.00395256917,3,24,24,0.003952569169960474,1,0.014542406422833923,0.34901775414801417,0.001010399999358924,0.001010399999358924,0.001010399999358924,path,path,path,23,0.0,0.0,False,,,False,1,path,64,4,RL+Path,3
best,C:\Users\erich\Documents\AFRL\Algebraic-Connectivity-Optimization-CDC2026\lite_trials\sweep\pmin_only\checkpoints\best.pt,ppo,3000,C:\Users\erich\Documents\AFRL\Algebraic-Connectivity-Optimization-CDC2026\lite_trials\lite_config.yaml,full,24,0.00395256917,4,24,24,0.003952569169960474,1,0.014542406422833923,0.34901775414801417,0.0015374999993582605,0.0015374999993582605,0.0015374999993582605,path,path,path,23,0.0,0.0,False,,,False,1,path,64,4,RL+Path,4
best,C:\Users\erich\Documents\AFRL\Algebraic-Connectivity-Optimization-CDC2026\lite_trials\sweep\pmin_only\checkpoints\best.pt,ppo,3000,C:\Users\erich\Documents\AFRL\Algebraic-Connectivity-Optimization-CDC2026\lite_trials\lite_config.yaml,full,24,0.075098814229,0,42,42,0.07509881422924901,19,0.2263052895144563,5.4313269483469515,0.01789589999953023,0.01789589999953023,0.01789589999953023,path,path,path,23,0.0,0.0,False,,,False,1,path,64,4,RL+Path,0
best,C:\Users\erich\Documents\AFRL\Algebraic-Connectivity-Optimization-CDC2026\lite_trials\sweep\pmin_only\checkpoints\best.pt,ppo,3000,C:\Users\erich\Documents\AFRL\Algebraic-Connectivity-Optimization-CDC2026\lite_trials\lite_config.yaml,full,24,0.075098814229,1,42,42,0.07509881422924901,19,0.2263052895144563,5.4313269483469515,0.018434399999932793,0.018434399999932793,0.018434399999932793,path,path,path,23,0.0,0.0,False,,,False,1,path,64,4,RL+Path,1
best,C:\Users\erich\Documents\AFRL\Algebraic-Connectivity-Optimization-CDC2026\lite_trials\sweep\pmin_only\checkpoints\best.pt,ppo,3000,C:\Users\erich\Documents\AFRL\Algebraic-Connectivity-Optimization-CDC2026\lite_trials\lite_config.yaml,full,24,0.075098814229,2,42,42,0.07509881422924901,19,0.2263052895144563,5.4313269483469515,0.01615620000029594,0.01615620000029594,0.01615620000029594,path,path,path,23,0.0,0.0,False,,,False,1,path,64,4,RL+Path,2
best,C:\Users\erich\Documents\AFRL\Algebraic-Connectivity-Optimization-CDC2026\lite_trials\sweep\pmin_only\checkpoints\best.pt,ppo,3000,C:\Users\erich\Documents\AFRL\Algebraic-Connectivity-Optimization-CDC2026\lite_trials\lite_config.yaml,full,24,0.075098814229,3,42,42,0.07509881422924901,19,0.2263052895144563,5.4313269483469515,0.016505200000210607,0.016505200000210607,0.016505200000210607,path,path,path,23,0.0,0.0,False,,,False,1,path,64,4,RL+Path,3
best,C:\Users\erich\Documents\AFRL\Algebraic-Connectivity-Optimization-CDC2026\lite_trials\sweep\pmin_only\checkpoints\best.pt,ppo,3000,C:\Users\erich\Documents\AFRL\Algebraic-Connectivity-Optimization-CDC2026\lite_trials\lite_config.yaml,full,24,0.075098814229,4,42,42,0.07509881422924901,19,0.2263052895144563,5.4313269483469515,0.015675200000259792,0.015675200000259792,0.015675200000259792,path,path,path,23,0.0,0.0,False,,,False,1,path,64,4,RL+Path,4
best,C:\Users\erich\Documents\AFRL\Algebraic-Connectivity-Optimization-CDC2026\lite_trials\sweep\pmin_only\checkpoints\best.pt,ppo,3000,C:\Users\erich\Documents\AFRL\Algebraic-Connectivity-Optimization-CDC2026\lite_trials\lite_config.yaml,full,24,0.146245059289,0,60,60,0.14624505928853754,37,0.07392460595018252,1.7741905428043805,0.03474069999992935,0.03474069999992935,0.03474069999992935,path,path,path,23,0.0,0.0,False,,,False,1,path,64,4,RL+Path,0
best,C:\Users\erich\Documents\AFRL\Algebraic-Connectivity-Optimization-CDC2026\lite_trials\sweep\pmin_only\checkpoints\best.pt,ppo,3000,C:\Users\erich\Documents\AFRL\Algebraic-Connectivity-Optimization-CDC2026\lite_trials\lite_config.yaml,full,24,0.146245059289,1,60,60,0.14624505928853754,37,0.07392460595018252,1.7741905428043805,0.03472620000047755,0.03472620000047755,0.03472620000047755,path,path,path,23,0.0,0.0,False,,,False,1,path,64,4,RL+Path,1
best,C:\Users\erich\Documents\AFRL\Algebraic-Connectivity-Optimization-CDC2026\lite_trials\sweep\pmin_only\checkpoints\best.pt,ppo,3000,C:\Users\erich\Documents\AFRL\Algebraic-Connectivity-Optimization-CDC2026\lite_trials\lite_config.yaml,full,24,0.146245059289,2,60,60,0.14624505928853754,37,0.07392460595018252,1.7741905428043805,0.03238130000045203,0.03238130000045203,0.03238130000045203,path,path,path,23,0.0,0.0,False,,,False,1,path,64,4,RL+Path,2
best,C:\Users\erich\Documents\AFRL\Algebraic-Connectivity-Optimization-CDC2026\lite_trials\sweep\pmin_only\checkpoints\best.pt,ppo,3000,C:\Users\erich\Documents\AFRL\Algebraic-Connectivity-Optimization-CDC2026\lite_trials\lite_config.yaml,full,24,0.146245059289,3,60,60,0.14624505928853754,37,0.07392460595018252,1.7741905428043805,0.03245289999995293,0.03245289999995293,0.03245289999995293,path,path,path,23,0.0,0.0,False,,,False,1,path,64,4,RL+Path,3
best,C:\Users\erich\Documents\AFRL\Algebraic-Connectivity-Optimization-CDC2026\lite_trials\sweep\pmin_only\checkpoints\best.pt,ppo,3000,C:\Users\erich\Documents\AFRL\Algebraic-Connectivity-Optimization-CDC2026\lite_trials\lite_config.yaml,full,24,0.146245059289,4,60,60,0.14624505928853754,37,0.07392460595018252,1.7741905428043805,0.03487889999996696,0.03487889999996696,0.03487889999996696,path,path,path,23,0.0,0.0,False,,,False,1,path,64,4,RL+Path,4
best,C:\Users\erich\Documents\AFRL\Algebraic-Connectivity-Optimization-CDC2026\lite_trials\sweep\pmin_only\checkpoints\best.pt,ppo,3000,C:\Users\erich\Documents\AFRL\Algebraic-Connectivity-Optimization-CDC2026\lite_trials\lite_config.yaml,full,24,0.217391304348,0,78,78,0.21739130434782608,55,0.2863685392444918,6.872844941867803,0.05112419999932172,0.05112419999932172,0.05112419999932172,path,path,path,23,0.0,0.0,False,,,False,1,path,64,4,RL+Path,0
best,C:\Users\erich\Documents\AFRL\Algebraic-Connectivity-Optimization-CDC2026\lite_trials\sweep\pmin_only\checkpoints\best.pt,ppo,3000,C:\Users\erich\Documents\AFRL\Algebraic-Connectivity-Optimization-CDC2026\lite_trials\lite_config.yaml,full,24,0.217391304348,1,78,78,0.21739130434782608,55,0.2863685392444918,6.872844941867803,0.06504510000013397,0.06504510000013397,0.06504510000013397,path,path,path,23,0.0,0.0,False,,,False,1,path,64,4,RL+Path,1
best,C:\Users\erich\Documents\AFRL\Algebraic-Connectivity-Optimization-CDC2026\lite_trials\sweep\pmin_only\checkpoints\best.pt,ppo,3000,C:\Users\erich\Documents\AFRL\Algebraic-Connectivity-Optimization-CDC2026\lite_trials\lite_config.yaml,full,24,0.217391304348,2,78,78,0.21739130434782608,55,0.2863685392444918,6.872844941867803,0.056015799999840965,0.056015799999840965,0.056015799999840965,path,path,path,23,0.0,0.0,False,,,False,1,path,64,4,RL+Path,2
best,C:\Users\erich\Documents\AFRL\Algebraic-Connectivity-Optimization-CDC2026\lite_trials\sweep\pmin_only\checkpoints\best.pt,ppo,3000,C:\Users\erich\Documents\AFRL\Algebraic-Connectivity-Optimization-CDC2026\lite_trials\lite_config.yaml,full,24,0.217391304348,3,78,78,0.21739130434782608,55,0.2863685392444918,6.872844941867803,0.060278699999798846,0.060278699999798846,0.060278699999798846,path,path,path,23,0.0,0.0,False,,,False,1,path,64,4,RL+Path,3
best,C:\Users\erich\Documents\AFRL\Algebraic-Connectivity-Optimization-CDC2026\lite_trials\sweep\pmin_only\checkpoints\best.pt,ppo,3000,C:\Users\erich\Documents\AFRL\Algebraic-Connectivity-Optimization-CDC2026\lite_trials\lite_config.yaml,full,24,0.217391304348,4,78,78,0.21739130434782608,55,0.2863685392444918,6.872844941867803,0.05896819999998115,0.05896819999998115,0.05896819999998115,path,path,path,23,0.0,0.0,False,,,False,1,path,64,4,RL+Path,4
best,C:\Users\erich\Documents\AFRL\Algebraic-Connectivity-Optimization-CDC2026\lite_trials\sweep\pmin_only\checkpoints\best.pt,ppo,3000,C:\Users\erich\Documents\AFRL\Algebraic-Connectivity-Optimization-CDC2026\lite_trials\lite_config.yaml,full,24,0.288537549407,0,96,96,0.2885375494071146,73,0.31377625939042614,7.530630225370228,0.08166760000040085,0.08166760000040085,0.08166760000040085,path,path,path,23,0.0,0.0,False,,,False,1,path,64,4,RL+Path,0
best,C:\Users\erich\Documents\AFRL\Algebraic-Connectivity-Optimization-CDC2026\lite_trials\sweep\pmin_only\checkpoints\best.pt,ppo,3000,C:\Users\erich\Documents\AFRL\Algebraic-Connectivity-Optimization-CDC2026\lite_trials\lite_config.yaml,full,24,0.288537549407,1,96,96,0.2885375494071146,73,0.31377625939042614,7.530630225370228,0.07975199999964389,0.07975199999964389,0.07975199999964389,path,path,path,23,0.0,0.0,False,,,False,1,path,64,4,RL+Path,1
best,C:\Users\erich\Documents\AFRL\Algebraic-Connectivity-Optimization-CDC2026\lite_trials\sweep\pmin_only\checkpoints\best.pt,ppo,3000,C:\Users\erich\Documents\AFRL\Algebraic-Connectivity-Optimization-CDC2026\lite_trials\lite_config.yaml,full,24,0.288537549407,2,96,96,0.2885375494071146,73,0.31377625939042614,7.530630225370228,0.07612040000003617,0.07612040000003617,0.07612040000003617,path,path,path,23,0.0,0.0,False,,,False,1,path,64,4,RL+Path,2
best,C:\Users\erich\Documents\AFRL\Algebraic-Connectivity-Optimization-CDC2026\lite_trials\sweep\pmin_only\checkpoints\best.pt,ppo,3000,C:\Users\erich\Documents\AFRL\Algebraic-Connectivity-Optimization-CDC2026\lite_trials\lite_config.yaml,full,24,0.288537549407,3,96,96,0.2885375494071146,73,0.31377625939042614,7.530630225370228,0.08073740000054386,0.08073740000054386,0.08073740000054386,path,path,path,23,0.0,0.0,False,,,False,1,path,64,4,RL+Path,3
best,C:\Users\erich\Documents\AFRL\Algebraic-Connectivity-Optimization-CDC2026\lite_trials\sweep\pmin_only\checkpoints\best.pt,ppo,3000,C:\Users\erich\Documents\AFRL\Algebraic-Connectivity-Optimization-CDC2026\lite_trials\lite_config.yaml,full,24,0.288537549407,4,96,96,0.2885375494071146,73,0.31377625939042614,7.530630225370228,0.08202510000046459,0.08202510000046459,0.08202510000046459,path,path,path,23,0.0,0.0,False,,,False,1,path,64,4,RL+Path,4
best,C:\Users\erich\Documents\AFRL\Algebraic-Connectivity-Optimization-CDC2026\lite_trials\sweep\pmin_only\checkpoints\best.pt,ppo,3000,C:\Users\erich\Documents\AFRL\Algebraic-Connectivity-Optimization-CDC2026\lite_trials\lite_config.yaml,full,24,0.359683794466,0,114,114,0.35968379446640314,91,0.5922472105720381,14.213933053728915,0.10172460000012506,0.10172460000012506,0.10172460000012506,path,path,path,23,0.0,0.0,False,,,False,1,path,64,4,RL+Path,0
best,C:\Users\erich\Documents\AFRL\Algebraic-Connectivity-Optimization-CDC2026\lite_trials\sweep\pmin_only\checkpoints\best.pt,ppo,3000,C:\Users\erich\Documents\AFRL\Algebraic-Connectivity-Optimization-CDC2026\lite_trials\lite_config.yaml,full,24,0.359683794466,1,114,114,0.35968379446640314,91,0.5922472105720381,14.213933053728915,0.0983646000004228,0.0983646000004228,0.0983646000004228,path,path,path,23,0.0,0.0,False,,,False,1,path,64,4,RL+Path,1
best,C:\Users\erich\Documents\AFRL\Algebraic-Connectivity-Optimization-CDC2026\lite_trials\sweep\pmin_only\checkpoints\best.pt,ppo,3000,C:\Users\erich\Documents\AFRL\Algebraic-Connectivity-Optimization-CDC2026\lite_trials\lite_config.yaml,full,24,0.359683794466,2,114,114,0.35968379446640314,91,0.5922472105720381,14.213933053728915,0.10066580000057002,0.10066580000057002,0.10066580000057002,path,path,path,23,0.0,0.0,False,,,False,1,path,64,4,RL+Path,2
best,C:\Users\erich\Documents\AFRL\Algebraic-Connectivity-Optimization-CDC2026\lite_trials\sweep\pmin_only\checkpoints\best.pt,ppo,3000,C:\Users\erich\Documents\AFRL\Algebraic-Connectivity-Optimization-CDC2026\lite_trials\lite_config.yaml,full,24,0.359683794466,3,114,114,0.35968379446640314,91,0.5922472105720381,14.213933053728915,0.09740349999992759,0.09740349999992759,0.09740349999992759,path,path,path,23,0.0,0.0,False,,,False,1,path,64,4,RL+Path,3
best,C:\Users\erich\Documents\AFRL\Algebraic-Connectivity-Optimization-CDC2026\lite_trials\sweep\pmin_only\checkpoints\best.pt,ppo,3000,C:\Users\erich\Documents\AFRL\Algebraic-Connectivity-Optimization-CDC2026\lite_trials\lite_config.yaml,full,24,0.359683794466,4,114,114,0.35968379446640314,91,0.5922472105720381,14.213933053728915,0.09936470000047848,0.09936470000047848,0.09936470000047848,path,path,path,23,0.0,0.0,False,,,False,1,path,64,4,RL+Path,4
best,C:\Users\erich\Documents\AFRL\Algebraic-Connectivity-Optimization-CDC2026\lite_trials\sweep\pmin_only\checkpoints\best.pt,ppo,3000,C:\Users\erich\Documents\AFRL\Algebraic-Connectivity-Optimization-CDC2026\lite_trials\lite_config.yaml,full,24,0.430830039526,0,132,132,0.4308300395256917,109,0.5226611765636804,12.54386823752833,0.11922489999960817,0.11922489999960817,0.11922489999960817,path,path,path,23,0.0,0.0,False,,,False,1,path,64,4,RL+Path,0
best,C:\Users\erich\Documents\AFRL\Algebraic-Connectivity-Optimization-CDC2026\lite_trials\sweep\pmin_only\checkpoints\best.pt,ppo,3000,C:\Users\erich\Documents\AFRL\Algebraic-Connectivity-Optimization-CDC2026\lite_trials\lite_config.yaml,full,24,0.430830039526,1,132,132,0.4308300395256917,109,0.5226611765636804,12.54386823752833,0.11277470000004541,0.11277470000004541,0.11277470000004541,path,path,path,23,0.0,0.0,False,,,False,1,path,64,4,RL+Path,1
best,C:\Users\erich\Documents\AFRL\Algebraic-Connectivity-Optimization-CDC2026\lite_trials\sweep\pmin_only\checkpoints\best.pt,ppo,3000,C:\Users\erich\Documents\AFRL\Algebraic-Connectivity-Optimization-CDC2026\lite_trials\lite_config.yaml,full,24,0.430830039526,2,132,132,0.4308300395256917,109,0.5226611765636804,12.54386823752833,0.1188722000006237,0.1188722000006237,0.1188722000006237,path,path,path,23,0.0,0.0,False,,,False,1,path,64,4,RL+Path,2
best,C:\Users\erich\Documents\AFRL\Algebraic-Connectivity-Optimization-CDC2026\lite_trials\sweep\pmin_only\checkpoints\best.pt,ppo,3000,C:\Users\erich\Documents\AFRL\Algebraic-Connectivity-Optimization-CDC2026\lite_trials\lite_config.yaml,full,24,0.430830039526,3,132,132,0.4308300395256917,109,0.5226611765636804,12.54386823752833,0.1205218999994031,0.1205218999994031,0.1205218999994031,path,path,path,23,0.0,0.0,False,,,False,1,path,64,4,RL+Path,3
best,C:\Users\erich\Documents\AFRL\Algebraic-Connectivity-Optimization-CDC2026\lite_trials\sweep\pmin_only\checkpoints\best.pt,ppo,3000,C:\Users\erich\Documents\AFRL\Algebraic-Connectivity-Optimization-CDC2026\lite_trials\lite_config.yaml,full,24,0.430830039526,4,132,132,0.4308300395256917,109,0.5226611765636804,12.54386823752833,0.12378929999977117,0.12378929999977117,0.12378929999977117,path,path,path,23,0.0,0.0,False,,,False,1,path,64,4,RL+Path,4
best,C:\Users\erich\Documents\AFRL\Algebraic-Connectivity-Optimization-CDC2026\lite_trials\sweep\pmin_only\checkpoints\best.pt,ppo,3000,C:\Users\erich\Documents\AFRL\Algebraic-Connectivity-Optimization-CDC2026\lite_trials\lite_config.yaml,full,24,0.498023715415,0,149,149,0.4980237154150198,126,0.7240255899458456,17.376614158700296,0.1444792000002053,0.1444792000002053,0.1444792000002053,path,path,path,23,0.0,0.0,False,,,False,1,path,64,4,RL+Path,0
best,C:\Users\erich\Documents\AFRL\Algebraic-Connectivity-Optimization-CDC2026\lite_trials\sweep\pmin_only\checkpoints\best.pt,ppo,3000,C:\Users\erich\Documents\AFRL\Algebraic-Connectivity-Optimization-CDC2026\lite_trials\lite_config.yaml,full,24,0.498023715415,1,149,149,0.4980237154150198,126,0.7240255899458456,17.376614158700296,0.1457884000001286,0.1457884000001286,0.1457884000001286,path,path,path,23,0.0,0.0,False,,,False,1,path,64,4,RL+Path,1
best,C:\Users\erich\Documents\AFRL\Algebraic-Connectivity-Optimization-CDC2026\lite_trials\sweep\pmin_only\checkpoints\best.pt,ppo,3000,C:\Users\erich\Documents\AFRL\Algebraic-Connectivity-Optimization-CDC2026\lite_trials\lite_config.yaml,full,24,0.498023715415,2,149,149,0.4980237154150198,126,0.7240255899458456,17.376614158700296,0.14447109999946406,0.14447109999946406,0.14447109999946406,path,path,path,23,0.0,0.0,False,,,False,1,path,64,4,RL+Path,2
best,C:\Users\erich\Documents\AFRL\Algebraic-Connectivity-Optimization-CDC2026\lite_trials\sweep\pmin_only\checkpoints\best.pt,ppo,3000,C:\Users\erich\Documents\AFRL\Algebraic-Connectivity-Optimization-CDC2026\lite_trials\lite_config.yaml,full,24,0.498023715415,3,149,149,0.4980237154150198,126,0.7240255899458456,17.376614158700296,0.14484149999952933,0.14484149999952933,0.14484149999952933,path,path,path,23,0.0,0.0,False,,,False,1,path,64,4,RL+Path,3
best,C:\Users\erich\Documents\AFRL\Algebraic-Connectivity-Optimization-CDC2026\lite_trials\sweep\pmin_only\checkpoints\best.pt,ppo,3000,C:\Users\erich\Documents\AFRL\Algebraic-Connectivity-Optimization-CDC2026\lite_trials\lite_config.yaml,full,24,0.498023715415,4,149,149,0.4980237154150198,126,0.7240255899458456,17.376614158700296,0.13501830000041082,0.13501830000041082,0.13501830000041082,path,path,path,23,0.0,0.0,False,,,False,1,path,64,4,RL+Path,4
best,C:\Users\erich\Documents\AFRL\Algebraic-Connectivity-Optimization-CDC2026\lite_trials\sweep\pmin_only\checkpoints\best.pt,ppo,3000,C:\Users\erich\Documents\AFRL\Algebraic-Connectivity-Optimization-CDC2026\lite_trials\lite_config.yaml,full,24,0.569169960474,0,167,167,0.5691699604743083,144,0.6763510440124284,16.232425056298283,0.1598478999994768,0.1598478999994768,0.1598478999994768,path,path,path,23,0.0,0.0,False,,,False,1,path,64,4,RL+Path,0
best,C:\Users\erich\Documents\AFRL\Algebraic-Connectivity-Optimization-CDC2026\lite_trials\sweep\pmin_only\checkpoints\best.pt,ppo,3000,C:\Users\erich\Documents\AFRL\Algebraic-Connectivity-Optimization-CDC2026\lite_trials\lite_config.yaml,full,24,0.569169960474,1,167,167,0.5691699604743083,144,0.6763510440124284,16.232425056298283,0.16862319999927422,0.16862319999927422,0.16862319999927422,path,path,path,23,0.0,0.0,False,,,False,1,path,64,4,RL+Path,1
best,C:\Users\erich\Documents\AFRL\Algebraic-Connectivity-Optimization-CDC2026\lite_trials\sweep\pmin_only\checkpoints\best.pt,ppo,3000,C:\Users\erich\Documents\AFRL\Algebraic-Connectivity-Optimization-CDC2026\lite_trials\lite_config.yaml,full,24,0.569169960474,2,167,167,0.5691699604743083,144,0.6763510440124284,16.232425056298283,0.1622949000002336,0.1622949000002336,0.1622949000002336,path,path,path,23,0.0,0.0,False,,,False,1,path,64,4,RL+Path,2
best,C:\Users\erich\Documents\AFRL\Algebraic-Connectivity-Optimization-CDC2026\lite_trials\sweep\pmin_only\checkpoints\best.pt,ppo,3000,C:\Users\erich\Documents\AFRL\Algebraic-Connectivity-Optimization-CDC2026\lite_trials\lite_config.yaml,full,24,0.569169960474,3,167,167,0.5691699604743083,144,0.6763510440124284,16.232425056298283,0.15938550000009855,0.15938550000009855,0.15938550000009855,path,path,path,23,0.0,0.0,False,,,False,1,path,64,4,RL+Path,3
best,C:\Users\erich\Documents\AFRL\Algebraic-Connectivity-Optimization-CDC2026\lite_trials\sweep\pmin_only\checkpoints\best.pt,ppo,3000,C:\Users\erich\Documents\AFRL\Algebraic-Connectivity-Optimization-CDC2026\lite_trials\lite_config.yaml,full,24,0.569169960474,4,167,167,0.5691699604743083,144,0.6763510440124284,16.232425056298283,0.16015669999978854,0.16015669999978854,0.16015669999978854,path,path,path,23,0.0,0.0,False,,,False,1,path,64,4,RL+Path,4
best,C:\Users\erich\Documents\AFRL\Algebraic-Connectivity-Optimization-CDC2026\lite_trials\sweep\pmin_only\checkpoints\best.pt,ppo,3000,C:\Users\erich\Documents\AFRL\Algebraic-Connectivity-Optimization-CDC2026\lite_trials\lite_config.yaml,full,24,0.640316205534,0,185,185,0.6403162055335968,162,0.5360930686749545,12.866233648198909,0.18783929999972315,0.18783929999972315,0.18783929999972315,path,path,path,23,0.0,0.0,False,,,False,1,path,64,4,RL+Path,0
best,C:\Users\erich\Documents\AFRL\Algebraic-Connectivity-Optimization-CDC2026\lite_trials\sweep\pmin_only\checkpoints\best.pt,ppo,3000,C:\Users\erich\Documents\AFRL\Algebraic-Connectivity-Optimization-CDC2026\lite_trials\lite_config.yaml,full,24,0.640316205534,1,185,185,0.6403162055335968,162,0.5360930686749545,12.866233648198909,0.19013140000060957,0.19013140000060957,0.19013140000060957,path,path,path,23,0.0,0.0,False,,,False,1,path,64,4,RL+Path,1
best,C:\Users\erich\Documents\AFRL\Algebraic-Connectivity-Optimization-CDC2026\lite_trials\sweep\pmin_only\checkpoints\best.pt,ppo,3000,C:\Users\erich\Documents\AFRL\Algebraic-Connectivity-Optimization-CDC2026\lite_trials\lite_config.yaml,full,24,0.640316205534,2,185,185,0.6403162055335968,162,0.5360930686749545,12.866233648198909,0.18122249999942142,0.18122249999942142,0.18122249999942142,path,path,path,23,0.0,0.0,False,,,False,1,path,64,4,RL+Path,2
best,C:\Users\erich\Documents\AFRL\Algebraic-Connectivity-Optimization-CDC2026\lite_trials\sweep\pmin_only\checkpoints\best.pt,ppo,3000,C:\Users\erich\Documents\AFRL\Algebraic-Connectivity-Optimization-CDC2026\lite_trials\lite_config.yaml,full,24,0.640316205534,3,185,185,0.6403162055335968,162,0.5360930686749545,12.866233648198909,0.17923340000015742,0.17923340000015742,0.17923340000015742,path,path,path,23,0.0,0.0,False,,,False,1,path,64,4,RL+Path,3
best,C:\Users\erich\Documents\AFRL\Algebraic-Connectivity-Optimization-CDC2026\lite_trials\sweep\pmin_only\checkpoints\best.pt,ppo,3000,C:\Users\erich\Documents\AFRL\Algebraic-Connectivity-Optimization-CDC2026\lite_trials\lite_config.yaml,full,24,0.640316205534,4,185,185,0.6403162055335968,162,0.5360930686749545,12.866233648198909,0.1718380000002071,0.1718380000002071,0.1718380000002071,path,path,path,23,0.0,0.0,False,,,False,1,path,64,4,RL+Path,4
best,C:\Users\erich\Documents\AFRL\Algebraic-Connectivity-Optimization-CDC2026\lite_trials\sweep\pmin_only\checkpoints\best.pt,ppo,3000,C:\Users\erich\Documents\AFRL\Algebraic-Connectivity-Optimization-CDC2026\lite_trials\lite_config.yaml,full,24,0.711462450593,0,203,203,0.7114624505928854,180,0.9276477420914185,22.263545810194046,0.20806850000008126,0.20806850000008126,0.20806850000008126,path,path,path,23,0.0,0.0,False,,,False,1,path,64,4,RL+Path,0
best,C:\Users\erich\Documents\AFRL\Algebraic-Connectivity-Optimization-CDC2026\lite_trials\sweep\pmin_only\checkpoints\best.pt,ppo,3000,C:\Users\erich\Documents\AFRL\Algebraic-Connectivity-Optimization-CDC2026\lite_trials\lite_config.yaml,full,24,0.711462450593,1,203,203,0.7114624505928854,180,0.9276477420914185,22.263545810194046,0.2179439999999886,0.2179439999999886,0.2179439999999886,path,path,path,23,0.0,0.0,False,,,False,1,path,64,4,RL+Path,1
best,C:\Users\erich\Documents\AFRL\Algebraic-Connectivity-Optimization-CDC2026\lite_trials\sweep\pmin_only\checkpoints\best.pt,ppo,3000,C:\Users\erich\Documents\AFRL\Algebraic-Connectivity-Optimization-CDC2026\lite_trials\lite_config.yaml,full,24,0.711462450593,2,203,203,0.7114624505928854,180,0.9276477420914185,22.263545810194046,0.21474829999988287,0.21474829999988287,0.21474829999988287,path,path,path,23,0.0,0.0,False,,,False,1,path,64,4,RL+Path,2
best,C:\Users\erich\Documents\AFRL\Algebraic-Connectivity-Optimization-CDC2026\lite_trials\sweep\pmin_only\checkpoints\best.pt,ppo,3000,C:\Users\erich\Documents\AFRL\Algebraic-Connectivity-Optimization-CDC2026\lite_trials\lite_config.yaml,full,24,0.711462450593,3,203,203,0.7114624505928854,180,0.9276477420914185,22.263545810194046,0.21264369999971677,0.21264369999971677,0.21264369999971677,path,path,path,23,0.0,0.0,False,,,False,1,path,64,4,RL+Path,3
best,C:\Users\erich\Documents\AFRL\Algebraic-Connectivity-Optimization-CDC2026\lite_trials\sweep\pmin_only\checkpoints\best.pt,ppo,3000,C:\Users\erich\Documents\AFRL\Algebraic-Connectivity-Optimization-CDC2026\lite_trials\lite_config.yaml,full,24,0.711462450593,4,203,203,0.7114624505928854,180,0.9276477420914185,22.263545810194046,0.21293340000011085,0.21293340000011085,0.21293340000011085,path,path,path,23,0.0,0.0,False,,,False,1,path,64,4,RL+Path,4
best,C:\Users\erich\Documents\AFRL\Algebraic-Connectivity-Optimization-CDC2026\lite_trials\sweep\pmin_only\checkpoints\best.pt,ppo,3000,C:\Users\erich\Documents\AFRL\Algebraic-Connectivity-Optimization-CDC2026\lite_trials\lite_config.yaml,full,24,0.782608695652,0,221,221,0.782608695652174,198,0.7459918835225036,17.903805204540085,0.2380564000004597,0.2380564000004597,0.2380564000004597,path,path,path,23,0.0,0.0,False,,,False,1,path,64,4,RL+Path,0
best,C:\Users\erich\Documents\AFRL\Algebraic-Connectivity-Optimization-CDC2026\lite_trials\sweep\pmin_only\checkpoints\best.pt,ppo,3000,C:\Users\erich\Documents\AFRL\Algebraic-Connectivity-Optimization-CDC2026\lite_trials\lite_config.yaml,full,24,0.782608695652,1,221,221,0.782608695652174,198,0.7459918835225036,17.903805204540085,0.2360646999995879,0.2360646999995879,0.2360646999995879,path,path,path,23,0.0,0.0,False,,,False,1,path,64,4,RL+Path,1
best,C:\Users\erich\Documents\AFRL\Algebraic-Connectivity-Optimization-CDC2026\lite_trials\sweep\pmin_only\checkpoints\best.pt,ppo,3000,C:\Users\erich\Documents\AFRL\Algebraic-Connectivity-Optimization-CDC2026\lite_trials\lite_config.yaml,full,24,0.782608695652,2,221,221,0.782608695652174,198,0.7459918835225036,17.903805204540085,0.22772169999916514,0.22772169999916514,0.22772169999916514,path,path,path,23,0.0,0.0,False,,,False,1,path,64,4,RL+Path,2
best,C:\Users\erich\Documents\AFRL\Algebraic-Connectivity-Optimization-CDC2026\lite_trials\sweep\pmin_only\checkpoints\best.pt,ppo,3000,C:\Users\erich\Documents\AFRL\Algebraic-Connectivity-Optimization-CDC2026\lite_trials\lite_config.yaml,full,24,0.782608695652,3,221,221,0.782608695652174,198,0.7459918835225036,17.903805204540085,0.2311134999999922,0.2311134999999922,0.2311134999999922,path,path,path,23,0.0,0.0,False,,,False,1,path,64,4,RL+Path,3
best,C:\Users\erich\Documents\AFRL\Algebraic-Connectivity-Optimization-CDC2026\lite_trials\sweep\pmin_only\checkpoints\best.pt,ppo,3000,C:\Users\erich\Documents\AFRL\Algebraic-Connectivity-Optimization-CDC2026\lite_trials\lite_config.yaml,full,24,0.782608695652,4,221,221,0.782608695652174,198,0.7459918835225036,17.903805204540085,0.22602139999980864,0.22602139999980864,0.22602139999980864,path,path,path,23,0.0,0.0,False,,,False,1,path,64,4,RL+Path,4
best,C:\Users\erich\Documents\AFRL\Algebraic-Connectivity-Optimization-CDC2026\lite_trials\sweep\pmin_only\checkpoints\best.pt,ppo,3000,C:\Users\erich\Documents\AFRL\Algebraic-Connectivity-Optimization-CDC2026\lite_trials\lite_config.yaml,full,24,0.853754940711,0,239,239,0.8537549407114624,216,0.9567734778084197,22.962563467402074,0.26090209999983927,0.26090209999983927,0.26090209999983927,path,path,path,23,0.0,0.0,False,,,False,1,path,64,4,RL+Path,0
best,C:\Users\erich\Documents\AFRL\Algebraic-Connectivity-Optimization-CDC2026\lite_trials\sweep\pmin_only\checkpoints\best.pt,ppo,3000,C:\Users\erich\Documents\AFRL\Algebraic-Connectivity-Optimization-CDC2026\lite_trials\lite_config.yaml,full,24,0.853754940711,1,239,239,0.8537549407114624,216,0.9567734778084197,22.962563467402074,0.2561185000004116,0.2561185000004116,0.2561185000004116,path,path,path,23,0.0,0.0,False,,,False,1,path,64,4,RL+Path,1
best,C:\Users\erich\Documents\AFRL\Algebraic-Connectivity-Optimization-CDC2026\lite_trials\sweep\pmin_only\checkpoints\best.pt,ppo,3000,C:\Users\erich\Documents\AFRL\Algebraic-Connectivity-Optimization-CDC2026\lite_trials\lite_config.yaml,full,24,0.853754940711,2,239,239,0.8537549407114624,216,0.9567734778084197,22.962563467402074,0.25407630000063364,0.25407630000063364,0.25407630000063364,path,path,path,23,0.0,0.0,False,,,False,1,path,64,4,RL+Path,2
best,C:\Users\erich\Documents\AFRL\Algebraic-Connectivity-Optimization-CDC2026\lite_trials\sweep\pmin_only\checkpoints\best.pt,ppo,3000,C:\Users\erich\Documents\AFRL\Algebraic-Connectivity-Optimization-CDC2026\lite_trials\lite_config.yaml,full,24,0.853754940711,3,239,239,0.8537549407114624,216,0.9567734778084197,22.962563467402074,0.2557198000004064,0.2557198000004064,0.2557198000004064,path,path,path,23,0.0,0.0,False,,,False,1,path,64,4,RL+Path,3
best,C:\Users\erich\Documents\AFRL\Algebraic-Connectivity-Optimization-CDC2026\lite_trials\sweep\pmin_only\checkpoints\best.pt,ppo,3000,C:\Users\erich\Documents\AFRL\Algebraic-Connectivity-Optimization-CDC2026\lite_trials\lite_config.yaml,full,24,0.853754940711,4,239,239,0.8537549407114624,216,0.9567734778084197,22.962563467402074,0.2552841000006083,0.2552841000006083,0.2552841000006083,path,path,path,23,0.0,0.0,False,,,False,1,path,64,4,RL+Path,4
best,C:\Users\erich\Documents\AFRL\Algebraic-Connectivity-Optimization-CDC2026\lite_trials\sweep\pmin_only\checkpoints\best.pt,ppo,3000,C:\Users\erich\Documents\AFRL\Algebraic-Connectivity-Optimization-CDC2026\lite_trials\lite_config.yaml,full,24,0.924901185771,0,257,257,0.924901185770751,234,0.959720249485918,23.033285987662033,0.28056049999941024,0.28056049999941024,0.28056049999941024,path,path,path,23,0.0,0.0,False,,,False,1,path,64,4,RL+Path,0
best,C:\Users\erich\Documents\AFRL\Algebraic-Connectivity-Optimization-CDC2026\lite_trials\sweep\pmin_only\checkpoints\best.pt,ppo,3000,C:\Users\erich\Documents\AFRL\Algebraic-Connectivity-Optimization-CDC2026\lite_trials\lite_config.yaml,full,24,0.924901185771,1,257,257,0.924901185770751,234,0.959720249485918,23.033285987662033,0.2816441999993913,0.2816441999993913,0.2816441999993913,path,path,path,23,0.0,0.0,False,,,False,1,path,64,4,RL+Path,1
best,C:\Users\erich\Documents\AFRL\Algebraic-Connectivity-Optimization-CDC2026\lite_trials\sweep\pmin_only\checkpoints\best.pt,ppo,3000,C:\Users\erich\Documents\AFRL\Algebraic-Connectivity-Optimization-CDC2026\lite_trials\lite_config.yaml,full,24,0.924901185771,2,257,257,0.924901185770751,234,0.959720249485918,23.033285987662033,0.27895210000042425,0.27895210000042425,0.27895210000042425,path,path,path,23,0.0,0.0,False,,,False,1,path,64,4,RL+Path,2
best,C:\Users\erich\Documents\AFRL\Algebraic-Connectivity-Optimization-CDC2026\lite_trials\sweep\pmin_only\checkpoints\best.pt,ppo,3000,C:\Users\erich\Documents\AFRL\Algebraic-Connectivity-Optimization-CDC2026\lite_trials\lite_config.yaml,full,24,0.924901185771,3,257,257,0.924901185770751,234,0.959720249485918,23.033285987662033,0.2835880000002362,0.2835880000002362,0.2835880000002362,path,path,path,23,0.0,0.0,False,,,False,1,path,64,4,RL+Path,3
best,C:\Users\erich\Documents\AFRL\Algebraic-Connectivity-Optimization-CDC2026\lite_trials\sweep\pmin_only\checkpoints\best.pt,ppo,3000,C:\Users\erich\Documents\AFRL\Algebraic-Connectivity-Optimization-CDC2026\lite_trials\lite_config.yaml,full,24,0.924901185771,4,257,257,0.924901185770751,234,0.959720249485918,23.033285987662033,0.27467390000037994,0.27467390000037994,0.27467390000037994,path,path,path,23,0.0,0.0,False,,,False,1,path,64,4,RL+Path,4
best,C:\Users\erich\Documents\AFRL\Algebraic-Connectivity-Optimization-CDC2026\lite_trials\sweep\pmin_only\checkpoints\best.pt,ppo,3000,C:\Users\erich\Documents\AFRL\Algebraic-Connectivity-Optimization-CDC2026\lite_trials\lite_config.yaml,full,24,0.99604743083,0,275,275,0.9960474308300395,252,0.9999997453081134,23.999993887394723,0.2963675000000876,0.2963675000000876,0.2963675000000876,path,path,path,23,0.0,0.0,False,,,False,1,path,64,4,RL+Path,0
best,C:\Users\erich\Documents\AFRL\Algebraic-Connectivity-Optimization-CDC2026\lite_trials\sweep\pmin_only\checkpoints\best.pt,ppo,3000,C:\Users\erich\Documents\AFRL\Algebraic-Connectivity-Optimization-CDC2026\lite_trials\lite_config.yaml,full,24,0.99604743083,1,275,275,0.9960474308300395,252,0.9999997453081134,23.999993887394723,0.308245999999599,0.308245999999599,0.308245999999599,path,path,path,23,0.0,0.0,False,,,False,1,path,64,4,RL+Path,1
best,C:\Users\erich\Documents\AFRL\Algebraic-Connectivity-Optimization-CDC2026\lite_trials\sweep\pmin_only\checkpoints\best.pt,ppo,3000,C:\Users\erich\Documents\AFRL\Algebraic-Connectivity-Optimization-CDC2026\lite_trials\lite_config.yaml,full,24,0.99604743083,2,275,275,0.9960474308300395,252,0.9999997453081134,23.999993887394723,0.30490910000025906,0.30490910000025906,0.30490910000025906,path,path,path,23,0.0,0.0,False,,,False,1,path,64,4,RL+Path,2
best,C:\Users\erich\Documents\AFRL\Algebraic-Connectivity-Optimization-CDC2026\lite_trials\sweep\pmin_only\checkpoints\best.pt,ppo,3000,C:\Users\erich\Documents\AFRL\Algebraic-Connectivity-Optimization-CDC2026\lite_trials\lite_config.yaml,full,24,0.99604743083,3,275,275,0.9960474308300395,252,0.9999997453081134,23.999993887394723,0.29110430000037013,0.29110430000037013,0.29110430000037013,path,path,path,23,0.0,0.0,False,,,False,1,path,64,4,RL+Path,3
best,C:\Users\erich\Documents\AFRL\Algebraic-Connectivity-Optimization-CDC2026\lite_trials\sweep\pmin_only\checkpoints\best.pt,ppo,3000,C:\Users\erich\Documents\AFRL\Algebraic-Connectivity-Optimization-CDC2026\lite_trials\lite_config.yaml,full,24,0.99604743083,4,275,275,0.9960474308300395,252,0.9999997453081134,23.999993887394723,0.3023905999998533,0.3023905999998533,0.3023905999998533,path,path,path,23,0.0,0.0,False,,,False,1,path,64,4,RL+Path,4
best,C:\Users\erich\Documents\AFRL\Algebraic-Connectivity-Optimization-CDC2026\lite_trials\sweep\pmin_only\checkpoints\best.pt,ppo,3000,C:\Users\erich\Documents\AFRL\Algebraic-Connectivity-Optimization-CDC2026\lite_trials\lite_config.yaml,full,24,0.00395256917,0,24,24,0.003952569169960474,1,0.04166666666666659,0.9999999999999981,0.0032903000001169858,0.0032903000001169858,0.003785500000049069,backbone,envelope_only,envelope,23,1.0,0.0004951999999320833,False,,,False,1,envelope,64,4,RL+Backbone,0
best,C:\Users\erich\Documents\AFRL\Algebraic-Connectivity-Optimization-CDC2026\lite_trials\sweep\pmin_only\checkpoints\best.pt,ppo,3000,C:\Users\erich\Documents\AFRL\Algebraic-Connectivity-Optimization-CDC2026\lite_trials\lite_config.yaml,full,24,0.00395256917,1,24,24,0.003952569169960474,1,0.04166666666666659,0.9999999999999981,0.0014673000005132053,0.0014673000005132053,0.001582300000336545,backbone,envelope_only,envelope,23,1.0,0.00011499999982333975,False,,,False,1,envelope,64,4,RL+Backbone,1
best,C:\Users\erich\Documents\AFRL\Algebraic-Connectivity-Optimization-CDC2026\lite_trials\sweep\pmin_only\checkpoints\best.pt,ppo,3000,C:\Users\erich\Documents\AFRL\Algebraic-Connectivity-Optimization-CDC2026\lite_trials\lite_config.yaml,full,24,0.00395256917,2,24,24,0.003952569169960474,1,0.04166666666666659,0.9999999999999981,0.0009760999992067809,0.0009760999992067809,0.0011041999987355666,backbone,envelope_only,envelope,23,1.0,0.0001280999995287857,False,,,False,1,envelope,64,4,RL+Backbone,2
best,C:\Users\erich\Documents\AFRL\Algebraic-Connectivity-Optimization-CDC2026\lite_trials\sweep\pmin_only\checkpoints\best.pt,ppo,3000,C:\Users\erich\Documents\AFRL\Algebraic-Connectivity-Optimization-CDC2026\lite_trials\lite_config.yaml,full,24,0.00395256917,3,24,24,0.003952569169960474,1,0.04166666666666659,0.9999999999999981,0.0009369999997943523,0.0009369999997943523,0.0010240999999950873,backbone,envelope_only,envelope,23,1.0,8.710000020073494e-05,False,,,False,1,envelope,64,4,RL+Backbone,3
best,C:\Users\erich\Documents\AFRL\Algebraic-Connectivity-Optimization-CDC2026\lite_trials\sweep\pmin_only\checkpoints\best.pt,ppo,3000,C:\Users\erich\Documents\AFRL\Algebraic-Connectivity-Optimization-CDC2026\lite_trials\lite_config.yaml,full,24,0.00395256917,4,24,24,0.003952569169960474,1,0.04166666666666659,0.9999999999999981,0.0010347999996156432,0.0010347999996156432,0.0011368999994374462,backbone,envelope_only,envelope,23,1.0,0.00010209999982180307,False,,,False,1,envelope,64,4,RL+Backbone,4
best,C:\Users\erich\Documents\AFRL\Algebraic-Connectivity-Optimization-CDC2026\lite_trials\sweep\pmin_only\checkpoints\best.pt,ppo,3000,C:\Users\erich\Documents\AFRL\Algebraic-Connectivity-Optimization-CDC2026\lite_trials\lite_config.yaml,full,24,0.075098814229,0,42,42,0.07509881422924901,19,0.1148369756968265,2.756087416723836,0.017658100000517152,0.017658100000517152,0.01779490000080841,backbone,both,envelope,23,1.0,0.004549400000541937,False,,,True,2,"cayley,envelope",64,4,RL+Backbone,0
best,C:\Users\erich\Documents\AFRL\Algebraic-Connectivity-Optimization-CDC2026\lite_trials\sweep\pmin_only\checkpoints\best.pt,ppo,3000,C:\Users\erich\Documents\AFRL\Algebraic-Connectivity-Optimization-CDC2026\lite_trials\lite_config.yaml,full,24,0.075098814229,1,42,42,0.07509881422924901,19,0.1148369756968265,2.756087416723836,0.017824900000050548,0.017824900000050548,0.017923000000337197,backbone,both,envelope,23,1.0,0.004580199999509205,False,,,True,2,"cayley,envelope",64,4,RL+Backbone,1
best,C:\Users\erich\Documents\AFRL\Algebraic-Connectivity-Optimization-CDC2026\lite_trials\sweep\pmin_only\checkpoints\best.pt,ppo,3000,C:\Users\erich\Documents\AFRL\Algebraic-Connectivity-Optimization-CDC2026\lite_trials\lite_config.yaml,full,24,0.075098814229,2,42,42,0.07509881422924901,19,0.1148369756968265,2.756087416723836,0.017575799999576702,0.017575799999576702,0.01767389999986335,backbone,both,envelope,23,1.0,0.004392400000142516,False,,,True,2,"cayley,envelope",64,4,RL+Backbone,2
best,C:\Users\erich\Documents\AFRL\Algebraic-Connectivity-Optimization-CDC2026\lite_trials\sweep\pmin_only\checkpoints\best.pt,ppo,3000,C:\Users\erich\Documents\AFRL\Algebraic-Connectivity-Optimization-CDC2026\lite_trials\lite_config.yaml,full,24,0.075098814229,3,42,42,0.07509881422924901,19,0.1148369756968265,2.756087416723836,0.018992899999830115,0.018992899999830115,0.019110499999442254,backbone,both,envelope,23,1.0,0.004332399999839254,False,,,True,2,"cayley,envelope",64,4,RL+Backbone,3
best,C:\Users\erich\Documents\AFRL\Algebraic-Connectivity-Optimization-CDC2026\lite_trials\sweep\pmin_only\checkpoints\best.pt,ppo,3000,C:\Users\erich\Documents\AFRL\Algebraic-Connectivity-Optimization-CDC2026\lite_trials\lite_config.yaml,full,24,0.075098814229,4,42,42,0.07509881422924901,19,0.1148369756968265,2.756087416723836,0.017250099999728263,0.017250099999728263,0.017360599998937687,backbone,both,envelope,23,1.0,0.004333599999881699,False,,,True,2,"cayley,envelope",64,4,RL+Backbone,4
best,C:\Users\erich\Documents\AFRL\Algebraic-Connectivity-Optimization-CDC2026\lite_trials\sweep\pmin_only\checkpoints\best.pt,ppo,3000,C:\Users\erich\Documents\AFRL\Algebraic-Connectivity-Optimization-CDC2026\lite_trials\lite_config.yaml,full,24,0.146245059289,0,60,60,0.14624505928853754,0,0.12499999999999979,2.999999999999995,1.9999970390927047e-07,1.9999970390927047e-07,0.006783399999221729,backbone,cayley_only,cayley,60,2.9999999999999987,0.006783199999517819,False,2,,False,1,cayley,64,4,RL+Backbone,0
best,C:\Users\erich\Documents\AFRL\Algebraic-Connectivity-Optimization-CDC2026\lite_trials\sweep\pmin_only\checkpoints\best.pt,ppo,3000,C:\Users\erich\Documents\AFRL\Algebraic-Connectivity-Optimization-CDC2026\lite_trials\lite_config.yaml,full,24,0.146245059289,1,60,60,0.14624505928853754,0,0.12499999999999979,2.999999999999995,2.0000061340397224e-07,2.0000061340397224e-07,0.007527100000515929,backbone,cayley_only,cayley,60,2.9999999999999987,0.0075268999999025255,False,2,,False,1,cayley,64,4,RL+Backbone,1
best,C:\Users\erich\Documents\AFRL\Algebraic-Connectivity-Optimization-CDC2026\lite_trials\sweep\pmin_only\checkpoints\best.pt,ppo,3000,C:\Users\erich\Documents\AFRL\Algebraic-Connectivity-Optimization-CDC2026\lite_trials\lite_config.yaml,full,24,0.146245059289,2,60,60,0.14624505928853754,0,0.12499999999999993,2.9999999999999982,1.9999970390927047e-07,1.9999970390927047e-07,0.007288200000402867,backbone,cayley_only,cayley,60,2.999999999999999,0.007288000000698958,False,2,,False,1,cayley,64,4,RL+Backbone,2
best,C:\Users\erich\Documents\AFRL\Algebraic-Connectivity-Optimization-CDC2026\lite_trials\sweep\pmin_only\checkpoints\best.pt,ppo,3000,C:\Users\erich\Documents\AFRL\Algebraic-Connectivity-Optimization-CDC2026\lite_trials\lite_config.yaml,full,24,0.146245059289,3,60,60,0.14624505928853754,0,0.12499999999999989,2.9999999999999973,9.999985195463523e-08,9.999985195463523e-08,0.006512500000098953,backbone,cayley_only,cayley,60,2.9999999999999987,0.006512400000246998,False,2,,False,1,cayley,64,4,RL+Backbone,3
best,C:\Users\erich\Documents\AFRL\Algebraic-Connectivity-Optimization-CDC2026\lite_trials\sweep\pmin_only\checkpoints\best.pt,ppo,3000,C:\Users\erich\Documents\AFRL\Algebraic-Connectivity-Optimization-CDC2026\lite_trials\lite_config.yaml,full,24,0.146245059289,4,60,60,0.14624505928853754,0,0.12499999999999993,2.9999999999999982,1.9999970390927047e-07,1.9999970390927047e-07,0.007552199999736331,backbone,cayley_only,cayley,60,2.999999999999999,0.007552000000032422,False,2,,False,1,cayley,64,4,RL+Backbone,4
best,C:\Users\erich\Documents\AFRL\Algebraic-Connectivity-Optimization-CDC2026\lite_trials\sweep\pmin_only\checkpoints\best.pt,ppo,3000,C:\Users\erich\Documents\AFRL\Algebraic-Connectivity-Optimization-CDC2026\lite_trials\lite_config.yaml,full,24,0.217391304348,0,78,78,0.21739130434782608,6,0.20839071442499665,5.0013771461999195,0.007526099999267899,0.007526099999267899,0.015479399999094312,backbone,cayley_only,cayley,72,3.7639320225002106,0.007953299999826413,False,2,,False,1,cayley,64,4,RL+Backbone,0
best,C:\Users\erich\Documents\AFRL\Algebraic-Connectivity-Optimization-CDC2026\lite_trials\sweep\pmin_only\checkpoints\best.pt,ppo,3000,C:\Users\erich\Documents\AFRL\Algebraic-Connectivity-Optimization-CDC2026\lite_trials\lite_config.yaml,full,24,0.217391304348,1,78,78,0.21739130434782608,6,0.20839071442499665,5.0013771461999195,0.005452500000501459,0.005452500000501459,0.014181400000779831,backbone,cayley_only,cayley,72,3.7639320225002106,0.008728900000278372,False,2,,False,1,cayley,64,4,RL+Backbone,1
best,C:\Users\erich\Documents\AFRL\Algebraic-Connectivity-Optimization-CDC2026\lite_trials\sweep\pmin_only\checkpoints\best.pt,ppo,3000,C:\Users\erich\Documents\AFRL\Algebraic-Connectivity-Optimization-CDC2026\lite_trials\lite_config.yaml,full,24,0.217391304348,2,78,78,0.21739130434782608,6,0.1976761012010171,4.744226428824411,0.0071395000004486064,0.0071395000004486064,0.014546600000358012,backbone,cayley_only,cayley,72,3.7639320225002106,0.007407099999909406,False,2,,False,1,cayley,64,4,RL+Backbone,2
best,C:\Users\erich\Documents\AFRL\Algebraic-Connectivity-Optimization-CDC2026\lite_trials\sweep\pmin_only\checkpoints\best.pt,ppo,3000,C:\Users\erich\Documents\AFRL\Algebraic-Connectivity-Optimization-CDC2026\lite_trials\lite_config.yaml,full,24,0.217391304348,3,78,78,0.21739130434782608,6,0.20797980786004097,4.991515388640983,0.006973999999900116,0.006973999999900116,0.015643599999748403,backbone,cayley_only,cayley,72,3.763932022500211,0.008669599999848288,False,2,,False,1,cayley,64,4,RL+Backbone,3
best,C:\Users\erich\Documents\AFRL\Algebraic-Connectivity-Optimization-CDC2026\lite_trials\sweep\pmin_only\checkpoints\best.pt,ppo,3000,C:\Users\erich\Documents\AFRL\Algebraic-Connectivity-Optimization-CDC2026\lite_trials\lite_config.yaml,full,24,0.217391304348,4,78,78,0.21739130434782608,6,0.20797980786004097,4.991515388640983,0.007322099999328202,0.007322099999328202,0.01576299999942421,backbone,cayley_only,cayley,72,3.763932022500211,0.008440900000096008,False,2,,False,1,cayley,64,4,RL+Backbone,4
best,C:\Users\erich\Documents\AFRL\Algebraic-Connectivity-Optimization-CDC2026\lite_trials\sweep\pmin_only\checkpoints\best.pt,ppo,3000,C:\Users\erich\Documents\AFRL\Algebraic-Connectivity-Optimization-CDC2026\lite_trials\lite_config.yaml,full,24,0.288537549407,0,96,96,0.2885375494071146,0,0.24999999999999975,5.999999999999994,1.9999970390927047e-07,1.9999970390927047e-07,0.009323399999630055,backbone,cayley_only,cayley,96,6.0,0.009323199999926146,False,2,,False,1,cayley,64,4,RL+Backbone,0
best,C:\Users\erich\Documents\AFRL\Algebraic-Connectivity-Optimization-CDC2026\lite_trials\sweep\pmin_only\checkpoints\best.pt,ppo,3000,C:\Users\erich\Documents\AFRL\Algebraic-Connectivity-Optimization-CDC2026\lite_trials\lite_config.yaml,full,24,0.288537549407,1,96,96,0.2885375494071146,0,0.24999999999999975,5.999999999999994,3.9999940781854093e-07,3.9999940781854093e-07,0.00820309999926394,backbone,cayley_only,cayley,96,6.0,0.008202699999856122,False,2,,False,1,cayley,64,4,RL+Backbone,1
best,C:\Users\erich\Documents\AFRL\Algebraic-Connectivity-Optimization-CDC2026\lite_trials\sweep\pmin_only\checkpoints\best.pt,ppo,3000,C:\Users\erich\Documents\AFRL\Algebraic-Connectivity-Optimization-CDC2026\lite_trials\lite_config.yaml,full,24,0.288537549407,2,96,96,0.2885375494071146,0,0.2499999999999999,5.999999999999997,1.9999970390927047e-07,1.9999970390927047e-07,0.006987199999457516,backbone,cayley_only,cayley,96,6.0,0.006986999999753607,False,2,,False,1,cayley,64,4,RL+Backbone,2
best,C:\Users\erich\Documents\AFRL\Algebraic-Connectivity-Optimization-CDC2026\lite_trials\sweep\pmin_only\checkpoints\best.pt,ppo,3000,C:\Users\erich\Documents\AFRL\Algebraic-Connectivity-Optimization-CDC2026\lite_trials\lite_config.yaml,full,24,0.288537549407,3,96,96,0.2885375494071146,0,0.2499999999999999,5.999999999999997,1.9999970390927047e-07,1.9999970390927047e-07,0.00825179999901593,backbone,cayley_only,cayley,96,6.0,0.00825159999931202,False,2,,False,1,cayley,64,4,RL+Backbone,3
best,C:\Users\erich\Documents\AFRL\Algebraic-Connectivity-Optimization-CDC2026\lite_trials\sweep\pmin_only\checkpoints\best.pt,ppo,3000,C:\Users\erich\Documents\AFRL\Algebraic-Connectivity-Optimization-CDC2026\lite_trials\lite_config.yaml,full,24,0.288537549407,4,96,96,0.2885375494071146,0,0.24999999999999975,5.999999999999994,1.9999970390927047e-07,1.9999970390927047e-07,0.007780899999488611,backbone,cayley_only,cayley,96,6.0,0.0077806999997847015,False,2,,False,1,cayley,64,4,RL+Backbone,4
best,C:\Users\erich\Documents\AFRL\Algebraic-Connectivity-Optimization-CDC2026\lite_trials\sweep\pmin_only\checkpoints\best.pt,ppo,3000,C:\Users\erich\Documents\AFRL\Algebraic-Connectivity-Optimization-CDC2026\lite_trials\lite_config.yaml,full,24,0.359683794466,0,114,114,0.35968379446640314,6,0.32790419512474506,7.869700682993882,0.008129999999255233,0.008129999999255233,0.014811299999564653,backbone,cayley_only,cayley,108,6.763932022500214,0.00668130000030942,False,2,,False,1,cayley,64,4,RL+Backbone,0
best,C:\Users\erich\Documents\AFRL\Algebraic-Connectivity-Optimization-CDC2026\lite_trials\sweep\pmin_only\checkpoints\best.pt,ppo,3000,C:\Users\erich\Documents\AFRL\Algebraic-Connectivity-Optimization-CDC2026\lite_trials\lite_config.yaml,full,24,0.359683794466,1,114,114,0.35968379446640314,6,0.32790419512474506,7.869700682993882,0.007261700000526616,0.007261700000526616,0.013849500000105763,backbone,cayley_only,cayley,108,6.763932022500214,0.006587799999579147,False,2,,False,1,cayley,64,4,RL+Backbone,1
best,C:\Users\erich\Documents\AFRL\Algebraic-Connectivity-Optimization-CDC2026\lite_trials\sweep\pmin_only\checkpoints\best.pt,ppo,3000,C:\Users\erich\Documents\AFRL\Algebraic-Connectivity-Optimization-CDC2026\lite_trials\lite_config.yaml,full,24,0.359683794466,2,114,114,0.35968379446640314,6,0.32790419512474506,7.869700682993882,0.007351100000050792,0.007351100000050792,0.012959399999999732,backbone,cayley_only,cayley,108,6.763932022500214,0.00560829999994894,False,2,,False,1,cayley,64,4,RL+Backbone,2
best,C:\Users\erich\Documents\AFRL\Algebraic-Connectivity-Optimization-CDC2026\lite_trials\sweep\pmin_only\checkpoints\best.pt,ppo,3000,C:\Users\erich\Documents\AFRL\Algebraic-Connectivity-Optimization-CDC2026\lite_trials\lite_config.yaml,full,24,0.359683794466,3,114,114,0.35968379446640314,6,0.32790419512474506,7.869700682993882,0.0073204999998779385,0.0073204999998779385,0.013840399999935471,backbone,cayley_only,cayley,108,6.763932022500214,0.0065199000000575325,False,2,,False,1,cayley,64,4,RL+Backbone,3
best,C:\Users\erich\Documents\AFRL\Algebraic-Connectivity-Optimization-CDC2026\lite_trials\sweep\pmin_only\checkpoints\best.pt,ppo,3000,C:\Users\erich\Documents\AFRL\Algebraic-Connectivity-Optimization-CDC2026\lite_trials\lite_config.yaml,full,24,0.359683794466,4,114,114,0.35968379446640314,6,0.32790419512474506,7.869700682993882,0.007195099999989907,0.007195099999989907,0.013670600000295963,backbone,cayley_only,cayley,108,6.763932022500214,0.006475500000306056,False,2,,False,1,cayley,64,4,RL+Backbone,4
best,C:\Users\erich\Documents\AFRL\Algebraic-Connectivity-Optimization-CDC2026\lite_trials\sweep\pmin_only\checkpoints\best.pt,ppo,3000,C:\Users\erich\Documents\AFRL\Algebraic-Connectivity-Optimization-CDC2026\lite_trials\lite_config.yaml,full,24,0.430830039526,0,132,132,0.4308300395256917,0,0.4166666666666665,9.999999999999996,9.999985195463523e-08,9.999985195463523e-08,0.00394609999966633,backbone,cayley_only,cayley,132,9.999999999999995,0.003945999999814376,False,2,,False,1,cayley,64,4,RL+Backbone,0
best,C:\Users\erich\Documents\AFRL\Algebraic-Connectivity-Optimization-CDC2026\lite_trials\sweep\pmin_only\checkpoints\best.pt,ppo,3000,C:\Users\erich\Documents\AFRL\Algebraic-Connectivity-Optimization-CDC2026\lite_trials\lite_config.yaml,full,24,0.430830039526,1,132,132,0.4308300395256917,0,0.4166666666666665,9.999999999999996,9.999985195463523e-08,9.999985195463523e-08,0.003883799999130133,backbone,cayley_only,cayley,132,9.999999999999995,0.0038836999992781784,False,2,,False,1,cayley,64,4,RL+Backbone,1
best,C:\Users\erich\Documents\AFRL\Algebraic-Connectivity-Optimization-CDC2026\lite_trials\sweep\pmin_only\checkpoints\best.pt,ppo,3000,C:\Users\erich\Documents\AFRL\Algebraic-Connectivity-Optimization-CDC2026\lite_trials\lite_config.yaml,full,24,0.430830039526,2,132,132,0.4308300395256917,0,0.4166666666666665,9.999999999999996,9.999985195463523e-08,9.999985195463523e-08,0.003717499999766005,backbone,cayley_only,cayley,132,9.999999999999995,0.0037173999999140506,False,2,,False,1,cayley,64,4,RL+Backbone,2
best,C:\Users\erich\Documents\AFRL\Algebraic-Connectivity-Optimization-CDC2026\lite_trials\sweep\pmin_only\checkpoints\best.pt,ppo,3000,C:\Users\erich\Documents\AFRL\Algebraic-Connectivity-Optimization-CDC2026\lite_trials\lite_config.yaml,full,24,0.430830039526,3,132,132,0.4308300395256917,0,0.4166666666666665,9.999999999999996,9.999985195463523e-08,9.999985195463523e-08,0.0034713999993982725,backbone,cayley_only,cayley,132,9.999999999999995,0.003471299999546318,False,2,,False,1,cayley,64,4,RL+Backbone,3
best,C:\Users\erich\Documents\AFRL\Algebraic-Connectivity-Optimization-CDC2026\lite_trials\sweep\pmin_only\checkpoints\best.pt,ppo,3000,C:\Users\erich\Documents\AFRL\Algebraic-Connectivity-Optimization-CDC2026\lite_trials\lite_config.yaml,full,24,0.430830039526,4,132,132,0.4308300395256917,0,0.4166666666666665,9.999999999999996,2.999995558639057e-07,2.999995558639057e-07,0.0038366999997379025,backbone,cayley_only,cayley,132,9.999999999999995,0.0038364000001820386,False,2,,False,1,cayley,64,4,RL+Backbone,4
best,C:\Users\erich\Documents\AFRL\Algebraic-Connectivity-Optimization-CDC2026\lite_trials\sweep\pmin_only\checkpoints\best.pt,ppo,3000,C:\Users\erich\Documents\AFRL\Algebraic-Connectivity-Optimization-CDC2026\lite_trials\lite_config.yaml,full,24,0.498023715415,0,149,149,0.4980237154150198,5,0.5951891332396722,14.284539197752132,0.006984600000578212,0.006984600000578212,0.009845900000073016,backbone,cayley_only,cayley,144,11.999999999999986,0.002861299999494804,False,2,,False,1,cayley,64,4,RL+Backbone,0
best,C:\Users\erich\Documents\AFRL\Algebraic-Connectivity-Optimization-CDC2026\lite_trials\sweep\pmin_only\checkpoints\best.pt,ppo,3000,C:\Users\erich\Documents\AFRL\Algebraic-Connectivity-Optimization-CDC2026\lite_trials\lite_config.yaml,full,24,0.498023715415,1,149,149,0.4980237154150198,5,0.5951891332396722,14.284539197752132,0.006559000000379456,0.006559000000379456,0.011204600000382925,backbone,cayley_only,cayley,144,11.999999999999986,0.004645600000003469,False,2,,False,1,cayley,64,4,RL+Backbone,1
best,C:\Users\erich\Documents\AFRL\Algebraic-Connectivity-Optimization-CDC2026\lite_trials\sweep\pmin_only\checkpoints\best.pt,ppo,3000,C:\Users\erich\Documents\AFRL\Algebraic-Connectivity-Optimization-CDC2026\lite_trials\lite_config.yaml,full,24,0.498023715415,2,149,149,0.4980237154150198,5,0.5951891332396722,14.284539197752132,0.006481200000052922,0.006481200000052922,0.010177000000112457,backbone,cayley_only,cayley,144,11.999999999999986,0.003695800000059535,False,2,,False,1,cayley,64,4,RL+Backbone,2
best,C:\Users\erich\Documents\AFRL\Algebraic-Connectivity-Optimization-CDC2026\lite_trials\sweep\pmin_only\checkpoints\best.pt,ppo,3000,C:\Users\erich\Documents\AFRL\Algebraic-Connectivity-Optimization-CDC2026\lite_trials\lite_config.yaml,full,24,0.498023715415,3,149,149,0.4980237154150198,5,0.5951891332396722,14.284539197752132,0.006395700000211946,0.006395700000211946,0.010263899999699788,backbone,cayley_only,cayley,144,11.999999999999986,0.0038681999994878424,False,2,,False,1,cayley,64,4,RL+Backbone,3
best,C:\Users\erich\Documents\AFRL\Algebraic-Connectivity-Optimization-CDC2026\lite_trials\sweep\pmin_only\checkpoints\best.pt,ppo,3000,C:\Users\erich\Documents\AFRL\Algebraic-Connectivity-Optimization-CDC2026\lite_trials\lite_config.yaml,full,24,0.498023715415,4,149,149,0.4980237154150198,5,0.5951891332396722,14.284539197752132,0.006253900000046997,0.006253900000046997,0.010141099999600556,backbone,cayley_only,cayley,144,11.999999999999986,0.003887199999553559,False,2,,False,1,cayley,64,4,RL+Backbone,4
best,C:\Users\erich\Documents\AFRL\Algebraic-Connectivity-Optimization-CDC2026\lite_trials\sweep\pmin_only\checkpoints\best.pt,ppo,3000,C:\Users\erich\Documents\AFRL\Algebraic-Connectivity-Optimization-CDC2026\lite_trials\lite_config.yaml,full,24,0.569169960474,0,167,167,0.5691699604743083,11,0.6381913024429718,15.316591258631323,0.015936900000269816,0.015936900000269816,0.021342500001082954,backbone,both,cayley,156,11.999999999999996,0.005405600000813138,False,2,,True,2,"cayley,envelope",64,4,RL+Backbone,0
best,C:\Users\erich\Documents\AFRL\Algebraic-Connectivity-Optimization-CDC2026\lite_trials\sweep\pmin_only\checkpoints\best.pt,ppo,3000,C:\Users\erich\Documents\AFRL\Algebraic-Connectivity-Optimization-CDC2026\lite_trials\lite_config.yaml,full,24,0.569169960474,1,167,167,0.5691699604743083,11,0.6381913024429718,15.316591258631323,0.01332280000042374,0.01332280000042374,0.02012740000100166,backbone,both,cayley,156,11.999999999999996,0.006804600000577921,False,2,,True,2,"cayley,envelope",64,4,RL+Backbone,1
best,C:\Users\erich\Documents\AFRL\Algebraic-Connectivity-Optimization-CDC2026\lite_trials\sweep\pmin_only\checkpoints\best.pt,ppo,3000,C:\Users\erich\Documents\AFRL\Algebraic-Connectivity-Optimization-CDC2026\lite_trials\lite_config.yaml,full,24,0.569169960474,2,167,167,0.5691699604743083,11,0.6381913024429718,15.316591258631323,0.013940699999693607,0.013940699999693607,0.01906700000017736,backbone,both,cayley,156,11.999999999999996,0.005126300000483752,False,2,,True,2,"cayley,envelope",64,4,RL+Backbone,2
best,C:\Users\erich\Documents\AFRL\Algebraic-Connectivity-Optimization-CDC2026\lite_trials\sweep\pmin_only\checkpoints\best.pt,ppo,3000,C:\Users\erich\Documents\AFRL\Algebraic-Connectivity-Optimization-CDC2026\lite_trials\lite_config.yaml,full,24,0.569169960474,3,167,167,0.5691699604743083,11,0.6381913024429718,15.316591258631323,0.01420369999959803,0.01420369999959803,0.021512099999199563,backbone,both,cayley,156,11.999999999999996,0.007308399999601534,False,2,,True,2,"cayley,envelope",64,4,RL+Backbone,3
best,C:\Users\erich\Documents\AFRL\Algebraic-Connectivity-Optimization-CDC2026\lite_trials\sweep\pmin_only\checkpoints\best.pt,ppo,3000,C:\Users\erich\Documents\AFRL\Algebraic-Connectivity-Optimization-CDC2026\lite_trials\lite_config.yaml,full,24,0.569169960474,4,167,167,0.5691699604743083,11,0.6381913024429718,15.316591258631323,0.01412960000016028,0.01412960000016028,0.019289600000774954,backbone,both,cayley,156,11.999999999999996,0.005160000000614673,False,2,,True,2,"cayley,envelope",64,4,RL+Backbone,4
best,C:\Users\erich\Documents\AFRL\Algebraic-Connectivity-Optimization-CDC2026\lite_trials\sweep\pmin_only\checkpoints\best.pt,ppo,3000,C:\Users\erich\Documents\AFRL\Algebraic-Connectivity-Optimization-CDC2026\lite_trials\lite_config.yaml,full,24,0.640316205534,0,185,185,0.6403162055335968,5,0.6420820070826457,15.409968169983497,0.02068200000030629,0.02068200000030629,0.024375400000280933,backbone,both,envelope,180,14.0,0.0036933999999746447,False,,,True,2,"cayley,envelope",64,4,RL+Backbone,0
best,C:\Users\erich\Documents\AFRL\Algebraic-Connectivity-Optimization-CDC2026\lite_trials\sweep\pmin_only\checkpoints\best.pt,ppo,3000,C:\Users\erich\Documents\AFRL\Algebraic-Connectivity-Optimization-CDC2026\lite_trials\lite_config.yaml,full,24,0.640316205534,1,185,185,0.6403162055335968,5,0.6420820070826457,15.409968169983497,0.01993179999954009,0.01993179999954009,0.022655400000076042,backbone,both,envelope,180,14.0,0.002723600000535953,False,,,True,2,"cayley,envelope",64,4,RL+Backbone,1
best,C:\Users\erich\Documents\AFRL\Algebraic-Connectivity-Optimization-CDC2026\lite_trials\sweep\pmin_only\checkpoints\best.pt,ppo,3000,C:\Users\erich\Documents\AFRL\Algebraic-Connectivity-Optimization-CDC2026\lite_trials\lite_config.yaml,full,24,0.640316205534,2,185,185,0.6403162055335968,5,0.6420820070826457,15.409968169983497,0.02230390000022453,0.02230390000022453,0.02599610000015673,backbone,both,envelope,180,14.0,0.0036921999999321997,False,,,True,2,"cayley,envelope",64,4,RL+Backbone,2
best,C:\Users\erich\Documents\AFRL\Algebraic-Connectivity-Optimization-CDC2026\lite_trials\sweep\pmin_only\checkpoints\best.pt,ppo,3000,C:\Users\erich\Documents\AFRL\Algebraic-Connectivity-Optimization-CDC2026\lite_trials\lite_config.yaml,full,24,0.640316205534,3,185,185,0.6403162055335968,5,0.6420820070826457,15.409968169983497,0.022011999999449472,0.022011999999449472,0.02585559999988618,backbone,both,envelope,180,14.0,0.003843600000436709,False,,,True,2,"cayley,envelope",64,4,RL+Backbone,3
best,C:\Users\erich\Documents\AFRL\Algebraic-Connectivity-Optimization-CDC2026\lite_trials\sweep\pmin_only\checkpoints\best.pt,ppo,3000,C:\Users\erich\Documents\AFRL\Algebraic-Connectivity-Optimization-CDC2026\lite_trials\lite_config.yaml,full,24,0.640316205534,4,185,185,0.6403162055335968,5,0.6420820070826457,15.409968169983497,0.021725399999922956,0.021725399999922956,0.025446399999964342,backbone,both,envelope,180,14.0,0.0037210000000413856,False,,,True,2,"cayley,envelope",64,4,RL+Backbone,4
best,C:\Users\erich\Documents\AFRL\Algebraic-Connectivity-Optimization-CDC2026\lite_trials\sweep\pmin_only\checkpoints\best.pt,ppo,3000,C:\Users\erich\Documents\AFRL\Algebraic-Connectivity-Optimization-CDC2026\lite_trials\lite_config.yaml,full,24,0.711462450593,0,203,203,0.7114624505928854,11,0.7699016690537971,18.47764005729113,0.014216300000043702,0.014216300000043702,0.014501200000268,backbone,both,envelope,192,16.0,0.0002849000002242974,False,,"cayley:No feasible backbone candidate for (n=24, m=203, rho=0.711462, seed=0); errors=['cayley:no_candidate']",True,1,envelope,64,4,RL+Backbone,0
best,C:\Users\erich\Documents\AFRL\Algebraic-Connectivity-Optimization-CDC2026\lite_trials\sweep\pmin_only\checkpoints\best.pt,ppo,3000,C:\Users\erich\Documents\AFRL\Algebraic-Connectivity-Optimization-CDC2026\lite_trials\lite_config.yaml,full,24,0.711462450593,1,203,203,0.7114624505928854,11,0.7699016690537971,18.47764005729113,0.01536720000058267,0.01536720000058267,0.01563380000061443,backbone,both,envelope,192,16.0,0.0002666000000317581,False,,"cayley:No feasible backbone candidate for (n=24, m=203, rho=0.711462, seed=1); errors=['cayley:no_candidate']",True,1,envelope,64,4,RL+Backbone,1
best,C:\Users\erich\Documents\AFRL\Algebraic-Connectivity-Optimization-CDC2026\lite_trials\sweep\pmin_only\checkpoints\best.pt,ppo,3000,C:\Users\erich\Documents\AFRL\Algebraic-Connectivity-Optimization-CDC2026\lite_trials\lite_config.yaml,full,24,0.711462450593,2,203,203,0.7114624505928854,11,0.7699016690537971,18.47764005729113,0.012083999999958905,0.012083999999958905,0.012296699999751581,backbone,both,envelope,192,16.0,0.00021269999979267595,False,,"cayley:No feasible backbone candidate for (n=24, m=203, rho=0.711462, seed=2); errors=['cayley:no_candidate']",True,1,envelope,64,4,RL+Backbone,2
best,C:\Users\erich\Documents\AFRL\Algebraic-Connectivity-Optimization-CDC2026\lite_trials\sweep\pmin_only\checkpoints\best.pt,ppo,3000,C:\Users\erich\Documents\AFRL\Algebraic-Connectivity-Optimization-CDC2026\lite_trials\lite_config.yaml,full,24,0.711462450593,3,203,203,0.7114624505928854,11,0.7699016690537971,18.47764005729113,0.014387999999598833,0.014387999999598833,0.014677500000289001,backbone,both,envelope,192,16.0,0.00028950000069016824,False,,"cayley:No feasible backbone candidate for (n=24, m=203, rho=0.711462, seed=3); errors=['cayley:no_candidate']",True,1,envelope,64,4,RL+Backbone,3
best,C:\Users\erich\Documents\AFRL\Algebraic-Connectivity-Optimization-CDC2026\lite_trials\sweep\pmin_only\checkpoints\best.pt,ppo,3000,C:\Users\erich\Documents\AFRL\Algebraic-Connectivity-Optimization-CDC2026\lite_trials\lite_config.yaml,full,24,0.711462450593,4,203,203,0.7114624505928854,11,0.7699016690537971,18.47764005729113,0.016268000000309257,0.016268000000309257,0.016529200000150013,backbone,both,envelope,192,16.0,0.0002611999998407555,False,,"cayley:No feasible backbone candidate for (n=24, m=203, rho=0.711462, seed=4); errors=['cayley:no_candidate']",True,1,envelope,64,4,RL+Backbone,4
best,C:\Users\erich\Documents\AFRL\Algebraic-Connectivity-Optimization-CDC2026\lite_trials\sweep\pmin_only\checkpoints\best.pt,ppo,3000,C:\Users\erich\Documents\AFRL\Algebraic-Connectivity-Optimization-CDC2026\lite_trials\lite_config.yaml,full,24,0.782608695652,0,221,221,0.782608695652174,5,0.82433066421643,19.78393594119432,0.0074489999997240375,0.0074489999997240375,0.007751000000098429,backbone,envelope_only,envelope,216,18.0,0.0003020000003743917,False,,,False,1,envelope,64,4,RL+Backbone,0
best,C:\Users\erich\Documents\AFRL\Algebraic-Connectivity-Optimization-CDC2026\lite_trials\sweep\pmin_only\checkpoints\best.pt,ppo,3000,C:\Users\erich\Documents\AFRL\Algebraic-Connectivity-Optimization-CDC2026\lite_trials\lite_config.yaml,full,24,0.782608695652,1,221,221,0.782608695652174,5,0.82433066421643,19.78393594119432,0.007121999999981199,0.007121999999981199,0.00743860000056884,backbone,envelope_only,envelope,216,18.0,0.00031660000058764126,False,,,False,1,envelope,64,4,RL+Backbone,1
best,C:\Users\erich\Documents\AFRL\Algebraic-Connectivity-Optimization-CDC2026\lite_trials\sweep\pmin_only\checkpoints\best.pt,ppo,3000,C:\Users\erich\Documents\AFRL\Algebraic-Connectivity-Optimization-CDC2026\lite_trials\lite_config.yaml,full,24,0.782608695652,2,221,221,0.782608695652174,5,0.82433066421643,19.78393594119432,0.0068825999996988685,0.0068825999996988685,0.007167300000219257,backbone,envelope_only,envelope,216,18.0,0.00028470000052038813,False,,,False,1,envelope,64,4,RL+Backbone,2
best,C:\Users\erich\Documents\AFRL\Algebraic-Connectivity-Optimization-CDC2026\lite_trials\sweep\pmin_only\checkpoints\best.pt,ppo,3000,C:\Users\erich\Documents\AFRL\Algebraic-Connectivity-Optimization-CDC2026\lite_trials\lite_config.yaml,full,24,0.782608695652,3,221,221,0.782608695652174,5,0.82433066421643,19.78393594119432,0.007328300000153831,0.007328300000153831,0.00760919999993348,backbone,envelope_only,envelope,216,18.0,0.0002808999997796491,False,,,False,1,envelope,64,4,RL+Backbone,3
best,C:\Users\erich\Documents\AFRL\Algebraic-Connectivity-Optimization-CDC2026\lite_trials\sweep\pmin_only\checkpoints\best.pt,ppo,3000,C:\Users\erich\Documents\AFRL\Algebraic-Connectivity-Optimization-CDC2026\lite_trials\lite_config.yaml,full,24,0.782608695652,4,221,221,0.782608695652174,5,0.82433066421643,19.78393594119432,0.006960099999560043,0.006960099999560043,0.007255800000166346,backbone,envelope_only,envelope,216,18.0,0.00029570000060630264,False,,,False,1,envelope,64,4,RL+Backbone,4
best,C:\Users\erich\Documents\AFRL\Algebraic-Connectivity-Optimization-CDC2026\lite_trials\sweep\pmin_only\checkpoints\best.pt,ppo,3000,C:\Users\erich\Documents\AFRL\Algebraic-Connectivity-Optimization-CDC2026\lite_trials\lite_config.yaml,full,24,0.853754940711,0,239,239,0.8537549407114624,9,0.8986185478152763,21.56684514756663,0.011908999999832304,0.011908999999832304,0.012118900000132271,backbone,envelope_only,envelope,230,19.0,0.00020990000029996736,False,,,False,1,envelope,64,4,RL+Backbone,0
best,C:\Users\erich\Documents\AFRL\Algebraic-Connectivity-Optimization-CDC2026\lite_trials\sweep\pmin_only\checkpoints\best.pt,ppo,3000,C:\Users\erich\Documents\AFRL\Algebraic-Connectivity-Optimization-CDC2026\lite_trials\lite_config.yaml,full,24,0.853754940711,1,239,239,0.8537549407114624,9,0.8986185478152763,21.56684514756663,0.013378800000282354,0.013378800000282354,0.01369310000063706,backbone,envelope_only,envelope,230,19.0,0.00031430000035470584,False,,,False,1,envelope,64,4,RL+Backbone,1
best,C:\Users\erich\Documents\AFRL\Algebraic-Connectivity-Optimization-CDC2026\lite_trials\sweep\pmin_only\checkpoints\best.pt,ppo,3000,C:\Users\erich\Documents\AFRL\Algebraic-Connectivity-Optimization-CDC2026\lite_trials\lite_config.yaml,full,24,0.853754940711,2,239,239,0.8537549407114624,9,0.8986185478152763,21.56684514756663,0.012308700000176032,0.012308700000176032,0.012772000000040862,backbone,envelope_only,envelope,230,19.0,0.00046329999986483017,False,,,False,1,envelope,64,4,RL+Backbone,2
best,C:\Users\erich\Documents\AFRL\Algebraic-Connectivity-Optimization-CDC2026\lite_trials\sweep\pmin_only\checkpoints\best.pt,ppo,3000,C:\Users\erich\Documents\AFRL\Algebraic-Connectivity-Optimization-CDC2026\lite_trials\lite_config.yaml,full,24,0.853754940711,3,239,239,0.8537549407114624,9,0.8986185478152763,21.56684514756663,0.012339099999735481,0.012339099999735481,0.012637699999686447,backbone,envelope_only,envelope,230,19.0,0.00029859999995096587,False,,,False,1,envelope,64,4,RL+Backbone,3
best,C:\Users\erich\Documents\AFRL\Algebraic-Connectivity-Optimization-CDC2026\lite_trials\sweep\pmin_only\checkpoints\best.pt,ppo,3000,C:\Users\erich\Documents\AFRL\Algebraic-Connectivity-Optimization-CDC2026\lite_trials\lite_config.yaml,full,24,0.853754940711,4,239,239,0.8537549407114624,9,0.8986185478152763,21.56684514756663,0.012378799999169132,0.012378799999169132,0.012678499999310588,backbone,envelope_only,envelope,230,19.0,0.00029970000014145626,False,,,False,1,envelope,64,4,RL+Backbone,4
best,C:\Users\erich\Documents\AFRL\Algebraic-Connectivity-Optimization-CDC2026\lite_trials\sweep\pmin_only\checkpoints\best.pt,ppo,3000,C:\Users\erich\Documents\AFRL\Algebraic-Connectivity-Optimization-CDC2026\lite_trials\lite_config.yaml,full,24,0.924901185771,0,257,257,0.924901185770751,5,0.9350683730440904,22.44164095305817,0.007080100000166567,0.007080100000166567,0.007412099999783095,backbone,envelope_only,envelope,252,21.0,0.00033199999961652793,False,,,False,1,envelope,64,4,RL+Backbone,0
best,C:\Users\erich\Documents\AFRL\Algebraic-Connectivity-Optimization-CDC2026\lite_trials\sweep\pmin_only\checkpoints\best.pt,ppo,3000,C:\Users\erich\Documents\AFRL\Algebraic-Connectivity-Optimization-CDC2026\lite_trials\lite_config.yaml,full,24,0.924901185771,1,257,257,0.924901185770751,5,0.9350683730440904,22.44164095305817,0.00699700000041048,0.00699700000041048,0.007317900000998634,backbone,envelope_only,envelope,252,21.0,0.0003209000005881535,False,,,False,1,envelope,64,4,RL+Backbone,1
best,C:\Users\erich\Documents\AFRL\Algebraic-Connectivity-Optimization-CDC2026\lite_trials\sweep\pmin_only\checkpoints\best.pt,ppo,3000,C:\Users\erich\Documents\AFRL\Algebraic-Connectivity-Optimization-CDC2026\lite_trials\lite_config.yaml,full,24,0.924901185771,2,257,257,0.924901185770751,5,0.9350683730440904,22.44164095305817,0.007114799999726529,0.007114799999726529,0.00749199999972916,backbone,envelope_only,envelope,252,21.0,0.000377200000002631,False,,,False,1,envelope,64,4,RL+Backbone,2
best,C:\Users\erich\Documents\AFRL\Algebraic-Connectivity-Optimization-CDC2026\lite_trials\sweep\pmin_only\checkpoints\best.pt,ppo,3000,C:\Users\erich\Documents\AFRL\Algebraic-Connectivity-Optimization-CDC2026\lite_trials\lite_config.yaml,full,24,0.924901185771,3,257,257,0.924901185770751,5,0.9350683730440904,22.44164095305817,0.006944300000213843,0.006944300000213843,0.007289200000741403,backbone,envelope_only,envelope,252,21.0,0.0003449000005275593,False,,,False,1,envelope,64,4,RL+Backbone,3
best,C:\Users\erich\Documents\AFRL\Algebraic-Connectivity-Optimization-CDC2026\lite_trials\sweep\pmin_only\checkpoints\best.pt,ppo,3000,C:\Users\erich\Documents\AFRL\Algebraic-Connectivity-Optimization-CDC2026\lite_trials\lite_config.yaml,full,24,0.924901185771,4,257,257,0.924901185770751,5,0.9350683730440904,22.44164095305817,0.005415700000412471,0.005415700000412471,0.005671599999914179,backbone,envelope_only,envelope,252,21.0,0.0002558999995017075,False,,,False,1,envelope,64,4,RL+Backbone,4
best,C:\Users\erich\Documents\AFRL\Algebraic-Connectivity-Optimization-CDC2026\lite_trials\sweep\pmin_only\checkpoints\best.pt,ppo,3000,C:\Users\erich\Documents\AFRL\Algebraic-Connectivity-Optimization-CDC2026\lite_trials\lite_config.yaml,full,24,0.99604743083,0,275,275,0.9960474308300395,11,0.9724460464857182,23.338705115657238,0.01635230000010779,0.01635230000010779,0.016662500000165892,backbone,envelope_only,envelope,264,22.0,0.0003102000000581029,False,,,False,1,envelope,64,4,RL+Backbone,0
best,C:\Users\erich\Documents\AFRL\Algebraic-Connectivity-Optimization-CDC2026\lite_trials\sweep\pmin_only\checkpoints\best.pt,ppo,3000,C:\Users\erich\Documents\AFRL\Algebraic-Connectivity-Optimization-CDC2026\lite_trials\lite_config.yaml,full,24,0.99604743083,1,275,275,0.9960474308300395,11,0.9724460464857182,23.338705115657238,0.016719299999749637,0.016719299999749637,0.017120499999691674,backbone,envelope_only,envelope,264,22.0,0.0004011999999420368,False,,,False,1,envelope,64,4,RL+Backbone,1
best,C:\Users\erich\Documents\AFRL\Algebraic-Connectivity-Optimization-CDC2026\lite_trials\sweep\pmin_only\checkpoints\best.pt,ppo,3000,C:\Users\erich\Documents\AFRL\Algebraic-Connectivity-Optimization-CDC2026\lite_trials\lite_config.yaml,full,24,0.99604743083,2,275,275,0.9960474308300395,11,0.9724460464857182,23.338705115657238,0.015042900000480586,0.015042900000480586,0.015352500000517466,backbone,envelope_only,envelope,264,22.0,0.0003096000000368804,False,,,False,1,envelope,64,4,RL+Backbone,2
best,C:\Users\erich\Documents\AFRL\Algebraic-Connectivity-Optimization-CDC2026\lite_trials\sweep\pmin_only\checkpoints\best.pt,ppo,3000,C:\Users\erich\Documents\AFRL\Algebraic-Connectivity-Optimization-CDC2026\lite_trials\lite_config.yaml,full,24,0.99604743083,3,275,275,0.9960474308300395,11,0.9724460464857182,23.338705115657238,0.015357099999164348,0.015357099999164348,0.015728899998975976,backbone,envelope_only,envelope,264,22.0,0.00037179999981162837,False,,,False,1,envelope,64,4,RL+Backbone,3
best,C:\Users\erich\Documents\AFRL\Algebraic-Connectivity-Optimization-CDC2026\lite_trials\sweep\pmin_only\checkpoints\best.pt,ppo,3000,C:\Users\erich\Documents\AFRL\Algebraic-Connectivity-Optimization-CDC2026\lite_trials\lite_config.yaml,full,24,0.99604743083,4,275,275,0.9960474308300395,11,0.9724460464857182,23.338705115657238,0.014655699999821081,0.014655699999821081,0.015099700000064331,backbone,envelope_only,envelope,264,22.0,0.0004440000002432498,False,,,False,1,envelope,64,4,RL+Backbone,4
best,C:\Users\erich\Documents\AFRL\Algebraic-Connectivity-Optimization-CDC2026\lite_trials\sweep\pmin_only\checkpoints\best.pt,ppo,3000,C:\Users\erich\Documents\AFRL\Algebraic-Connectivity-Optimization-CDC2026\lite_trials\lite_config.yaml,full,32,0.002150537634,0,32,32,0.002150537634408602,1,0.00809464492155096,0.25902863748963073,0.00350949999938166,0.00350949999938166,0.00350949999938166,path,path,path,31,0.0,0.0,False,,,False,1,path,64,4,RL+Path,0
best,C:\Users\erich\Documents\AFRL\Algebraic-Connectivity-Optimization-CDC2026\lite_trials\sweep\pmin_only\checkpoints\best.pt,ppo,3000,C:\Users\erich\Documents\AFRL\Algebraic-Connectivity-Optimization-CDC2026\lite_trials\lite_config.yaml,full,32,0.002150537634,1,32,32,0.002150537634408602,1,0.00809464492155096,0.25902863748963073,0.0010597999998935848,0.0010597999998935848,0.0010597999998935848,path,path,path,31,0.0,0.0,False,,,False,1,path,64,4,RL+Path,1
best,C:\Users\erich\Documents\AFRL\Algebraic-Connectivity-Optimization-CDC2026\lite_trials\sweep\pmin_only\checkpoints\best.pt,ppo,3000,C:\Users\erich\Documents\AFRL\Algebraic-Connectivity-Optimization-CDC2026\lite_trials\lite_config.yaml,full,32,0.002150537634,2,32,32,0.002150537634408602,1,0.00809464492155096,0.25902863748963073,0.0009877000002234126,0.0009877000002234126,0.0009877000002234126,path,path,path,31,0.0,0.0,False,,,False,1,path,64,4,RL+Path,2
best,C:\Users\erich\Documents\AFRL\Algebraic-Connectivity-Optimization-CDC2026\lite_trials\sweep\pmin_only\checkpoints\best.pt,ppo,3000,C:\Users\erich\Documents\AFRL\Algebraic-Connectivity-Optimization-CDC2026\lite_trials\lite_config.yaml,full,32,0.002150537634,3,32,32,0.002150537634408602,1,0.00809464492155096,0.25902863748963073,0.0009687000001576962,0.0009687000001576962,0.0009687000001576962,path,path,path,31,0.0,0.0,False,,,False,1,path,64,4,RL+Path,3
best,C:\Users\erich\Documents\AFRL\Algebraic-Connectivity-Optimization-CDC2026\lite_trials\sweep\pmin_only\checkpoints\best.pt,ppo,3000,C:\Users\erich\Documents\AFRL\Algebraic-Connectivity-Optimization-CDC2026\lite_trials\lite_config.yaml,full,32,0.002150537634,4,32,32,0.002150537634408602,1,0.00809464492155096,0.25902863748963073,0.0009624000003896072,0.0009624000003896072,0.0009624000003896072,path,path,path,31,0.0,0.0,False,,,False,1,path,64,4,RL+Path,4
best,C:\Users\erich\Documents\AFRL\Algebraic-Connectivity-Optimization-CDC2026\lite_trials\sweep\pmin_only\checkpoints\best.pt,ppo,3000,C:\Users\erich\Documents\AFRL\Algebraic-Connectivity-Optimization-CDC2026\lite_trials\lite_config.yaml,full,32,0.07311827957,0,65,65,0.07311827956989247,34,0.016688638400345172,0.5340364288110455,0.033428500000809436,0.033428500000809436,0.033428500000809436,path,path,path,31,0.0,0.0,False,,,False,1,path,64,4,RL+Path,0
best,C:\Users\erich\Documents\AFRL\Algebraic-Connectivity-Optimization-CDC2026\lite_trials\sweep\pmin_only\checkpoints\best.pt,ppo,3000,C:\Users\erich\Documents\AFRL\Algebraic-Connectivity-Optimization-CDC2026\lite_trials\lite_config.yaml,full,32,0.07311827957,1,65,65,0.07311827956989247,34,0.016688638400345172,0.5340364288110455,0.031551300000501215,0.031551300000501215,0.031551300000501215,path,path,path,31,0.0,0.0,False,,,False,1,path,64,4,RL+Path,1
best,C:\Users\erich\Documents\AFRL\Algebraic-Connectivity-Optimization-CDC2026\lite_trials\sweep\pmin_only\checkpoints\best.pt,ppo,3000,C:\Users\erich\Documents\AFRL\Algebraic-Connectivity-Optimization-CDC2026\lite_trials\lite_config.yaml,full,32,0.07311827957,2,65,65,0.07311827956989247,34,0.016688638400345172,0.5340364288110455,0.03508430000056251,0.03508430000056251,0.03508430000056251,path,path,path,31,0.0,0.0,False,,,False,1,path,64,4,RL+Path,2
best,C:\Users\erich\Documents\AFRL\Algebraic-Connectivity-Optimization-CDC2026\lite_trials\sweep\pmin_only\checkpoints\best.pt,ppo,3000,C:\Users\erich\Documents\AFRL\Algebraic-Connectivity-Optimization-CDC2026\lite_trials\lite_config.yaml,full,32,0.07311827957,3,65,65,0.07311827956989247,34,0.016688638400345172,0.5340364288110455,0.032691000000340864,0.032691000000340864,0.032691000000340864,path,path,path,31,0.0,0.0,False,,,False,1,path,64,4,RL+Path,3
best,C:\Users\erich\Documents\AFRL\Algebraic-Connectivity-Optimization-CDC2026\lite_trials\sweep\pmin_only\checkpoints\best.pt,ppo,3000,C:\Users\erich\Documents\AFRL\Algebraic-Connectivity-Optimization-CDC2026\lite_trials\lite_config.yaml,full,32,0.07311827957,4,65,65,0.07311827956989247,34,0.016688638400345172,0.5340364288110455,0.03680230000009033,0.03680230000009033,0.03680230000009033,path,path,path,31,0.0,0.0,False,,,False,1,path,64,4,RL+Path,4
best,C:\Users\erich\Documents\AFRL\Algebraic-Connectivity-Optimization-CDC2026\lite_trials\sweep\pmin_only\checkpoints\best.pt,ppo,3000,C:\Users\erich\Documents\AFRL\Algebraic-Connectivity-Optimization-CDC2026\lite_trials\lite_config.yaml,full,32,0.144086021505,0,98,98,0.14408602150537633,67,0.062396953824186016,1.9967025223739525,0.06887350000033621,0.06887350000033621,0.06887350000033621,path,path,path,31,0.0,0.0,False,,,False,1,path,64,4,RL+Path,0
best,C:\Users\erich\Documents\AFRL\Algebraic-Connectivity-Optimization-CDC2026\lite_trials\sweep\pmin_only\checkpoints\best.pt,ppo,3000,C:\Users\erich\Documents\AFRL\Algebraic-Connectivity-Optimization-CDC2026\lite_trials\lite_config.yaml,full,32,0.144086021505,1,98,98,0.14408602150537633,67,0.062396953824186016,1.9967025223739525,0.0637667999999394,0.0637667999999394,0.0637667999999394,path,path,path,31,0.0,0.0,False,,,False,1,path,64,4,RL+Path,1
best,C:\Users\erich\Documents\AFRL\Algebraic-Connectivity-Optimization-CDC2026\lite_trials\sweep\pmin_only\checkpoints\best.pt,ppo,3000,C:\Users\erich\Documents\AFRL\Algebraic-Connectivity-Optimization-CDC2026\lite_trials\lite_config.yaml,full,32,0.144086021505,2,98,98,0.14408602150537633,67,0.062396953824186016,1.9967025223739525,0.0721110000004046,0.0721110000004046,0.0721110000004046,path,path,path,31,0.0,0.0,False,,,False,1,path,64,4,RL+Path,2
best,C:\Users\erich\Documents\AFRL\Algebraic-Connectivity-Optimization-CDC2026\lite_trials\sweep\pmin_only\checkpoints\best.pt,ppo,3000,C:\Users\erich\Documents\AFRL\Algebraic-Connectivity-Optimization-CDC2026\lite_trials\lite_config.yaml,full,32,0.144086021505,3,98,98,0.14408602150537633,67,0.062396953824186016,1.9967025223739525,0.06979299999966315,0.06979299999966315,0.06979299999966315,path,path,path,31,0.0,0.0,False,,,False,1,path,64,4,RL+Path,3
best,C:\Users\erich\Documents\AFRL\Algebraic-Connectivity-Optimization-CDC2026\lite_trials\sweep\pmin_only\checkpoints\best.pt,ppo,3000,C:\Users\erich\Documents\AFRL\Algebraic-Connectivity-Optimization-CDC2026\lite_trials\lite_config.yaml,full,32,0.144086021505,4,98,98,0.14408602150537633,67,0.062396953824186016,1.9967025223739525,0.07876630000009754,0.07876630000009754,0.07876630000009754,path,path,path,31,0.0,0.0,False,,,False,1,path,64,4,RL+Path,4
best,C:\Users\erich\Documents\AFRL\Algebraic-Connectivity-Optimization-CDC2026\lite_trials\sweep\pmin_only\checkpoints\best.pt,ppo,3000,C:\Users\erich\Documents\AFRL\Algebraic-Connectivity-Optimization-CDC2026\lite_trials\lite_config.yaml,full,32,0.215053763441,0,131,131,0.21505376344086022,100,0.09750869774628064,3.1202783278809805,0.11321790000056353,0.11321790000056353,0.11321790000056353,path,path,path,31,0.0,0.0,False,,,False,1,path,64,4,RL+Path,0
best,C:\Users\erich\Documents\AFRL\Algebraic-Connectivity-Optimization-CDC2026\lite_trials\sweep\pmin_only\checkpoints\best.pt,ppo,3000,C:\Users\erich\Documents\AFRL\Algebraic-Connectivity-Optimization-CDC2026\lite_trials\lite_config.yaml,full,32,0.215053763441,1,131,131,0.21505376344086022,100,0.09750869774628064,3.1202783278809805,0.11209619999954157,0.11209619999954157,0.11209619999954157,path,path,path,31,0.0,0.0,False,,,False,1,path,64,4,RL+Path,1
best,C:\Users\erich\Documents\AFRL\Algebraic-Connectivity-Optimization-CDC2026\lite_trials\sweep\pmin_only\checkpoints\best.pt,ppo,3000,C:\Users\erich\Documents\AFRL\Algebraic-Connectivity-Optimization-CDC2026\lite_trials\lite_config.yaml,full,32,0.215053763441,2,131,131,0.21505376344086022,100,0.09750869774628064,3.1202783278809805,0.11894459999984974,0.11894459999984974,0.11894459999984974,path,path,path,31,0.0,0.0,False,,,False,1,path,64,4,RL+Path,2
best,C:\Users\erich\Documents\AFRL\Algebraic-Connectivity-Optimization-CDC2026\lite_trials\sweep\pmin_only\checkpoints\best.pt,ppo,3000,C:\Users\erich\Documents\AFRL\Algebraic-Connectivity-Optimization-CDC2026\lite_trials\lite_config.yaml,full,32,0.215053763441,3,131,131,0.21505376344086022,100,0.09750869774628064,3.1202783278809805,0.10757949999970151,0.10757949999970151,0.10757949999970151,path,path,path,31,0.0,0.0,False,,,False,1,path,64,4,RL+Path,3
best,C:\Users\erich\Documents\AFRL\Algebraic-Connectivity-Optimization-CDC2026\lite_trials\sweep\pmin_only\checkpoints\best.pt,ppo,3000,C:\Users\erich\Documents\AFRL\Algebraic-Connectivity-Optimization-CDC2026\lite_trials\lite_config.yaml,full,32,0.215053763441,4,131,131,0.21505376344086022,100,0.09750869774628064,3.1202783278809805,0.10811150000063208,0.10811150000063208,0.10811150000063208,path,path,path,31,0.0,0.0,False,,,False,1,path,64,4,RL+Path,4
best,C:\Users\erich\Documents\AFRL\Algebraic-Connectivity-Optimization-CDC2026\lite_trials\sweep\pmin_only\checkpoints\best.pt,ppo,3000,C:\Users\erich\Documents\AFRL\Algebraic-Connectivity-Optimization-CDC2026\lite_trials\lite_config.yaml,full,32,0.286021505376,0,164,164,0.2860215053763441,133,0.24958279304970582,7.986649377590586,0.15852220000033412,0.15852220000033412,0.15852220000033412,path,path,path,31,0.0,0.0,False,,,False,1,path,64,4,RL+Path,0
best,C:\Users\erich\Documents\AFRL\Algebraic-Connectivity-Optimization-CDC2026\lite_trials\sweep\pmin_only\checkpoints\best.pt,ppo,3000,C:\Users\erich\Documents\AFRL\Algebraic-Connectivity-Optimization-CDC2026\lite_trials\lite_config.yaml,full,32,0.286021505376,1,164,164,0.2860215053763441,133,0.24958279304970582,7.986649377590586,0.15394610000021203,0.15394610000021203,0.15394610000021203,path,path,path,31,0.0,0.0,False,,,False,1,path,64,4,RL+Path,1
best,C:\Users\erich\Documents\AFRL\Algebraic-Connectivity-Optimization-CDC2026\lite_trials\sweep\pmin_only\checkpoints\best.pt,ppo,3000,C:\Users\erich\Documents\AFRL\Algebraic-Connectivity-Optimization-CDC2026\lite_trials\lite_config.yaml,full,32,0.286021505376,2,164,164,0.2860215053763441,133,0.24958279304970582,7.986649377590586,0.15666309999960504,0.15666309999960504,0.15666309999960504,path,path,path,31,0.0,0.0,False,,,False,1,path,64,4,RL+Path,2
best,C:\Users\erich\Documents\AFRL\Algebraic-Connectivity-Optimization-CDC2026\lite_trials\sweep\pmin_only\checkpoints\best.pt,ppo,3000,C:\Users\erich\Documents\AFRL\Algebraic-Connectivity-Optimization-CDC2026\lite_trials\lite_config.yaml,full,32,0.286021505376,3,164,164,0.2860215053763441,133,0.24958279304970582,7.986649377590586,0.15514900000016496,0.15514900000016496,0.15514900000016496,path,path,path,31,0.0,0.0,False,,,False,1,path,64,4,RL+Path,3
best,C:\Users\erich\Documents\AFRL\Algebraic-Connectivity-Optimization-CDC2026\lite_trials\sweep\pmin_only\checkpoints\best.pt,ppo,3000,C:\Users\erich\Documents\AFRL\Algebraic-Connectivity-Optimization-CDC2026\lite_trials\lite_config.yaml,full,32,0.286021505376,4,164,164,0.2860215053763441,133,0.24958279304970582,7.986649377590586,0.15673960000003717,0.15673960000003717,0.15673960000003717,path,path,path,31,0.0,0.0,False,,,False,1,path,64,4,RL+Path,4
best,C:\Users\erich\Documents\AFRL\Algebraic-Connectivity-Optimization-CDC2026\lite_trials\sweep\pmin_only\checkpoints\best.pt,ppo,3000,C:\Users\erich\Documents\AFRL\Algebraic-Connectivity-Optimization-CDC2026\lite_trials\lite_config.yaml,full,32,0.356989247312,0,197,197,0.35698924731182796,166,0.2931179476053395,9.379774323370864,0.2021549999999479,0.2021549999999479,0.2021549999999479,path,path,path,31,0.0,0.0,False,,,False,1,path,64,4,RL+Path,0
best,C:\Users\erich\Documents\AFRL\Algebraic-Connectivity-Optimization-CDC2026\lite_trials\sweep\pmin_only\checkpoints\best.pt,ppo,3000,C:\Users\erich\Documents\AFRL\Algebraic-Connectivity-Optimization-CDC2026\lite_trials\lite_config.yaml,full,32,0.356989247312,1,197,197,0.35698924731182796,166,0.2931179476053395,9.379774323370864,0.19660920000023907,0.19660920000023907,0.19660920000023907,path,path,path,31,0.0,0.0,False,,,False,1,path,64,4,RL+Path,1
best,C:\Users\erich\Documents\AFRL\Algebraic-Connectivity-Optimization-CDC2026\lite_trials\sweep\pmin_only\checkpoints\best.pt,ppo,3000,C:\Users\erich\Documents\AFRL\Algebraic-Connectivity-Optimization-CDC2026\lite_trials\lite_config.yaml,full,32,0.356989247312,2,197,197,0.35698924731182796,166,0.2931179476053395,9.379774323370864,0.18763229999967734,0.18763229999967734,0.18763229999967734,path,path,path,31,0.0,0.0,False,,,False,1,path,64,4,RL+Path,2
best,C:\Users\erich\Documents\AFRL\Algebraic-Connectivity-Optimization-CDC2026\lite_trials\sweep\pmin_only\checkpoints\best.pt,ppo,3000,C:\Users\erich\Documents\AFRL\Algebraic-Connectivity-Optimization-CDC2026\lite_trials\lite_config.yaml,full,32,0.356989247312,3,197,197,0.35698924731182796,166,0.2931179476053395,9.379774323370864,0.1979256999993595,0.1979256999993595,0.1979256999993595,path,path,path,31,0.0,0.0,False,,,False,1,path,64,4,RL+Path,3
best,C:\Users\erich\Documents\AFRL\Algebraic-Connectivity-Optimization-CDC2026\lite_trials\sweep\pmin_only\checkpoints\best.pt,ppo,3000,C:\Users\erich\Documents\AFRL\Algebraic-Connectivity-Optimization-CDC2026\lite_trials\lite_config.yaml,full,32,0.356989247312,4,197,197,0.35698924731182796,166,0.2931179476053395,9.379774323370864,0.1941393999995853,0.1941393999995853,0.1941393999995853,path,path,path,31,0.0,0.0,False,,,False,1,path,64,4,RL+Path,4
best,C:\Users\erich\Documents\AFRL\Algebraic-Connectivity-Optimization-CDC2026\lite_trials\sweep\pmin_only\checkpoints\best.pt,ppo,3000,C:\Users\erich\Documents\AFRL\Algebraic-Connectivity-Optimization-CDC2026\lite_trials\lite_config.yaml,full,32,0.427956989247,0,230,230,0.42795698924731185,199,0.34874673752684315,11.159895600858981,0.23894149999978254,0.23894149999978254,0.23894149999978254,path,path,path,31,0.0,0.0,False,,,False,1,path,64,4,RL+Path,0
best,C:\Users\erich\Documents\AFRL\Algebraic-Connectivity-Optimization-CDC2026\lite_trials\sweep\pmin_only\checkpoints\best.pt,ppo,3000,C:\Users\erich\Documents\AFRL\Algebraic-Connectivity-Optimization-CDC2026\lite_trials\lite_config.yaml,full,32,0.427956989247,1,230,230,0.42795698924731185,199,0.34874673752684315,11.159895600858981,0.24878040000021429,0.24878040000021429,0.24878040000021429,path,path,path,31,0.0,0.0,False,,,False,1,path,64,4,RL+Path,1
best,C:\Users\erich\Documents\AFRL\Algebraic-Connectivity-Optimization-CDC2026\lite_trials\sweep\pmin_only\checkpoints\best.pt,ppo,3000,C:\Users\erich\Documents\AFRL\Algebraic-Connectivity-Optimization-CDC2026\lite_trials\lite_config.yaml,full,32,0.427956989247,2,230,230,0.42795698924731185,199,0.34874673752684315,11.159895600858981,0.24113540000053035,0.24113540000053035,0.24113540000053035,path,path,path,31,0.0,0.0,False,,,False,1,path,64,4,RL+Path,2
best,C:\Users\erich\Documents\AFRL\Algebraic-Connectivity-Optimization-CDC2026\lite_trials\sweep\pmin_only\checkpoints\best.pt,ppo,3000,C:\Users\erich\Documents\AFRL\Algebraic-Connectivity-Optimization-CDC2026\lite_trials\lite_config.yaml,full,32,0.427956989247,3,230,230,0.42795698924731185,199,0.34874673752684315,11.159895600858981,0.2429742999993323,0.2429742999993323,0.2429742999993323,path,path,path,31,0.0,0.0,False,,,False,1,path,64,4,RL+Path,3
best,C:\Users\erich\Documents\AFRL\Algebraic-Connectivity-Optimization-CDC2026\lite_trials\sweep\pmin_only\checkpoints\best.pt,ppo,3000,C:\Users\erich\Documents\AFRL\Algebraic-Connectivity-Optimization-CDC2026\lite_trials\lite_config.yaml,full,32,0.427956989247,4,230,230,0.42795698924731185,199,0.34874673752684315,11.159895600858981,0.24028349999935017,0.24028349999935017,0.24028349999935017,path,path,path,31,0.0,0.0,False,,,False,1,path,64,4,RL+Path,4
best,C:\Users\erich\Documents\AFRL\Algebraic-Connectivity-Optimization-CDC2026\lite_trials\sweep\pmin_only\checkpoints\best.pt,ppo,3000,C:\Users\erich\Documents\AFRL\Algebraic-Connectivity-Optimization-CDC2026\lite_trials\lite_config.yaml,full,32,0.501075268817,0,264,264,0.5010752688172043,233,0.4384504010480159,14.03041283353651,0.3005231000006461,0.3005231000006461,0.3005231000006461,path,path,path,31,0.0,0.0,False,,,False,1,path,64,4,RL+Path,0
best,C:\Users\erich\Documents\AFRL\Algebraic-Connectivity-Optimization-CDC2026\lite_trials\sweep\pmin_only\checkpoints\best.pt,ppo,3000,C:\Users\erich\Documents\AFRL\Algebraic-Connectivity-Optimization-CDC2026\lite_trials\lite_config.yaml,full,32,0.501075268817,1,264,264,0.5010752688172043,233,0.4384504010480159,14.03041283353651,0.2945950000002995,0.2945950000002995,0.2945950000002995,path,path,path,31,0.0,0.0,False,,,False,1,path,64,4,RL+Path,1
best,C:\Users\erich\Documents\AFRL\Algebraic-Connectivity-Optimization-CDC2026\lite_trials\sweep\pmin_only\checkpoints\best.pt,ppo,3000,C:\Users\erich\Documents\AFRL\Algebraic-Connectivity-Optimization-CDC2026\lite_trials\lite_config.yaml,full,32,0.501075268817,2,264,264,0.5010752688172043,233,0.4384504010480159,14.03041283353651,0.28460480000012467,0.28460480000012467,0.28460480000012467,path,path,path,31,0.0,0.0,False,,,False,1,path,64,4,RL+Path,2
best,C:\Users\erich\Documents\AFRL\Algebraic-Connectivity-Optimization-CDC2026\lite_trials\sweep\pmin_only\checkpoints\best.pt,ppo,3000,C:\Users\erich\Documents\AFRL\Algebraic-Connectivity-Optimization-CDC2026\lite_trials\lite_config.yaml,full,32,0.501075268817,3,264,264,0.5010752688172043,233,0.4384504010480159,14.03041283353651,0.29983400000037363,0.29983400000037363,0.29983400000037363,path,path,path,31,0.0,0.0,False,,,False,1,path,64,4,RL+Path,3
best,C:\Users\erich\Documents\AFRL\Algebraic-Connectivity-Optimization-CDC2026\lite_trials\sweep\pmin_only\checkpoints\best.pt,ppo,3000,C:\Users\erich\Documents\AFRL\Algebraic-Connectivity-Optimization-CDC2026\lite_trials\lite_config.yaml,full,32,0.501075268817,4,264,264,0.5010752688172043,233,0.4384504010480159,14.03041283353651,0.30369229999996605,0.30369229999996605,0.30369229999996605,path,path,path,31,0.0,0.0,False,,,False,1,path,64,4,RL+Path,4
best,C:\Users\erich\Documents\AFRL\Algebraic-Connectivity-Optimization-CDC2026\lite_trials\sweep\pmin_only\checkpoints\best.pt,ppo,3000,C:\Users\erich\Documents\AFRL\Algebraic-Connectivity-Optimization-CDC2026\lite_trials\lite_config.yaml,full,32,0.572043010753,0,297,297,0.5720430107526882,266,0.5612137475238869,17.95883992076438,0.3341222999997626,0.3341222999997626,0.3341222999997626,path,path,path,31,0.0,0.0,False,,,False,1,path,64,4,RL+Path,0
best,C:\Users\erich\Documents\AFRL\Algebraic-Connectivity-Optimization-CDC2026\lite_trials\sweep\pmin_only\checkpoints\best.pt,ppo,3000,C:\Users\erich\Documents\AFRL\Algebraic-Connectivity-Optimization-CDC2026\lite_trials\lite_config.yaml,full,32,0.572043010753,1,297,297,0.5720430107526882,266,0.5612137475238869,17.95883992076438,0.33784170000035374,0.33784170000035374,0.33784170000035374,path,path,path,31,0.0,0.0,False,,,False,1,path,64,4,RL+Path,1
best,C:\Users\erich\Documents\AFRL\Algebraic-Connectivity-Optimization-CDC2026\lite_trials\sweep\pmin_only\checkpoints\best.pt,ppo,3000,C:\Users\erich\Documents\AFRL\Algebraic-Connectivity-Optimization-CDC2026\lite_trials\lite_config.yaml,full,32,0.572043010753,2,297,297,0.5720430107526882,266,0.5612137475238869,17.95883992076438,0.3393253000003824,0.3393253000003824,0.3393253000003824,path,path,path,31,0.0,0.0,False,,,False,1,path,64,4,RL+Path,2
best,C:\Users\erich\Documents\AFRL\Algebraic-Connectivity-Optimization-CDC2026\lite_trials\sweep\pmin_only\checkpoints\best.pt,ppo,3000,C:\Users\erich\Documents\AFRL\Algebraic-Connectivity-Optimization-CDC2026\lite_trials\lite_config.yaml,full,32,0.572043010753,3,297,297,0.5720430107526882,266,0.5612137475238869,17.95883992076438,0.34032359999946493,0.34032359999946493,0.34032359999946493,path,path,path,31,0.0,0.0,False,,,False,1,path,64,4,RL+Path,3
best,C:\Users\erich\Documents\AFRL\Algebraic-Connectivity-Optimization-CDC2026\lite_trials\sweep\pmin_only\checkpoints\best.pt,ppo,3000,C:\Users\erich\Documents\AFRL\Algebraic-Connectivity-Optimization-CDC2026\lite_trials\lite_config.yaml,full,32,0.572043010753,4,297,297,0.5720430107526882,266,0.5612137475238869,17.95883992076438,0.33151749999979074,0.33151749999979074,0.33151749999979074,path,path,path,31,0.0,0.0,False,,,False,1,path,64,4,RL+Path,4
best,C:\Users\erich\Documents\AFRL\Algebraic-Connectivity-Optimization-CDC2026\lite_trials\sweep\pmin_only\checkpoints\best.pt,ppo,3000,C:\Users\erich\Documents\AFRL\Algebraic-Connectivity-Optimization-CDC2026\lite_trials\lite_config.yaml,full,32,0.643010752688,0,330,330,0.6430107526881721,299,0.6935296280462113,22.192948097478762,0.3856667000000016,0.3856667000000016,0.3856667000000016,path,path,path,31,0.0,0.0,False,,,False,1,path,64,4,RL+Path,0
best,C:\Users\erich\Documents\AFRL\Algebraic-Connectivity-Optimization-CDC2026\lite_trials\sweep\pmin_only\checkpoints\best.pt,ppo,3000,C:\Users\erich\Documents\AFRL\Algebraic-Connectivity-Optimization-CDC2026\lite_trials\lite_config.yaml,full,32,0.643010752688,1,330,330,0.6430107526881721,299,0.6935296280462113,22.192948097478762,0.39432920000035665,0.39432920000035665,0.39432920000035665,path,path,path,31,0.0,0.0,False,,,False,1,path,64,4,RL+Path,1
best,C:\Users\erich\Documents\AFRL\Algebraic-Connectivity-Optimization-CDC2026\lite_trials\sweep\pmin_only\checkpoints\best.pt,ppo,3000,C:\Users\erich\Documents\AFRL\Algebraic-Connectivity-Optimization-CDC2026\lite_trials\lite_config.yaml,full,32,0.643010752688,2,330,330,0.6430107526881721,299,0.6935296280462113,22.192948097478762,0.3834815999998682,0.3834815999998682,0.3834815999998682,path,path,path,31,0.0,0.0,False,,,False,1,path,64,4,RL+Path,2
best,C:\Users\erich\Documents\AFRL\Algebraic-Connectivity-Optimization-CDC2026\lite_trials\sweep\pmin_only\checkpoints\best.pt,ppo,3000,C:\Users\erich\Documents\AFRL\Algebraic-Connectivity-Optimization-CDC2026\lite_trials\lite_config.yaml,full,32,0.643010752688,3,330,330,0.6430107526881721,299,0.6935296280462113,22.192948097478762,0.3913862999997946,0.3913862999997946,0.3913862999997946,path,path,path,31,0.0,0.0,False,,,False,1,path,64,4,RL+Path,3
best,C:\Users\erich\Documents\AFRL\Algebraic-Connectivity-Optimization-CDC2026\lite_trials\sweep\pmin_only\checkpoints\best.pt,ppo,3000,C:\Users\erich\Documents\AFRL\Algebraic-Connectivity-Optimization-CDC2026\lite_trials\lite_config.yaml,full,32,0.643010752688,4,330,330,0.6430107526881721,299,0.6935296280462113,22.192948097478762,0.3943322999994052,0.3943322999994052,0.3943322999994052,path,path,path,31,0.0,0.0,False,,,False,1,path,64,4,RL+Path,4
best,C:\Users\erich\Documents\AFRL\Algebraic-Connectivity-Optimization-CDC2026\lite_trials\sweep\pmin_only\checkpoints\best.pt,ppo,3000,C:\Users\erich\Documents\AFRL\Algebraic-Connectivity-Optimization-CDC2026\lite_trials\lite_config.yaml,full,32,0.713978494624,0,363,363,0.7139784946236559,332,0.8004057565474235,25.612984209517553,0.4424428000002081,0.4424428000002081,0.4424428000002081,path,path,path,31,0.0,0.0,False,,,False,1,path,64,4,RL+Path,0
best,C:\Users\erich\Documents\AFRL\Algebraic-Connectivity-Optimization-CDC2026\lite_trials\sweep\pmin_only\checkpoints\best.pt,ppo,3000,C:\Users\erich\Documents\AFRL\Algebraic-Connectivity-Optimization-CDC2026\lite_trials\lite_config.yaml,full,32,0.713978494624,1,363,363,0.7139784946236559,332,0.8004057565474235,25.612984209517553,0.4197759999997288,0.4197759999997288,0.4197759999997288,path,path,path,31,0.0,0.0,False,,,False,1,path,64,4,RL+Path,1
best,C:\Users\erich\Documents\AFRL\Algebraic-Connectivity-Optimization-CDC2026\lite_trials\sweep\pmin_only\checkpoints\best.pt,ppo,3000,C:\Users\erich\Documents\AFRL\Algebraic-Connectivity-Optimization-CDC2026\lite_trials\lite_config.yaml,full,32,0.713978494624,2,363,363,0.7139784946236559,332,0.8004057565474235,25.612984209517553,0.43374729999959527,0.43374729999959527,0.43374729999959527,path,path,path,31,0.0,0.0,False,,,False,1,path,64,4,RL+Path,2
best,C:\Users\erich\Documents\AFRL\Algebraic-Connectivity-Optimization-CDC2026\lite_trials\sweep\pmin_only\checkpoints\best.pt,ppo,3000,C:\Users\erich\Documents\AFRL\Algebraic-Connectivity-Optimization-CDC2026\lite_trials\lite_config.yaml,full,32,0.713978494624,3,363,363,0.7139784946236559,332,0.8004057565474235,25.612984209517553,0.4405560000004698,0.4405560000004698,0.4405560000004698,path,path,path,31,0.0,0.0,False,,,False,1,path,64,4,RL+Path,3
best,C:\Users\erich\Documents\AFRL\Algebraic-Connectivity-Optimization-CDC2026\lite_trials\sweep\pmin_only\checkpoints\best.pt,ppo,3000,C:\Users\erich\Documents\AFRL\Algebraic-Connectivity-Optimization-CDC2026\lite_trials\lite_config.yaml,full,32,0.713978494624,4,363,363,0.7139784946236559,332,0.8004057565474235,25.612984209517553,0.4346818000003623,0.4346818000003623,0.4346818000003623,path,path,path,31,0.0,0.0,False,,,False,1,path,64,4,RL+Path,4
best,C:\Users\erich\Documents\AFRL\Algebraic-Connectivity-Optimization-CDC2026\lite_trials\sweep\pmin_only\checkpoints\best.pt,ppo,3000,C:\Users\erich\Documents\AFRL\Algebraic-Connectivity-Optimization-CDC2026\lite_trials\lite_config.yaml,full,32,0.784946236559,0,396,396,0.7849462365591398,365,0.8194527324723009,26.22248743911363,0.4833104999997886,0.4833104999997886,0.4833104999997886,path,path,path,31,0.0,0.0,False,,,False,1,path,64,4,RL+Path,0
best,C:\Users\erich\Documents\AFRL\Algebraic-Connectivity-Optimization-CDC2026\lite_trials\sweep\pmin_only\checkpoints\best.pt,ppo,3000,C:\Users\erich\Documents\AFRL\Algebraic-Connectivity-Optimization-CDC2026\lite_trials\lite_config.yaml,full,32,0.784946236559,1,396,396,0.7849462365591398,365,0.8194527324723009,26.22248743911363,0.5038469999999506,0.5038469999999506,0.5038469999999506,path,path,path,31,0.0,0.0,False,,,False,1,path,64,4,RL+Path,1
best,C:\Users\erich\Documents\AFRL\Algebraic-Connectivity-Optimization-CDC2026\lite_trials\sweep\pmin_only\checkpoints\best.pt,ppo,3000,C:\Users\erich\Documents\AFRL\Algebraic-Connectivity-Optimization-CDC2026\lite_trials\lite_config.yaml,full,32,0.784946236559,2,396,396,0.7849462365591398,365,0.8194527324723009,26.22248743911363,0.48879459999989194,0.48879459999989194,0.48879459999989194,path,path,path,31,0.0,0.0,False,,,False,1,path,64,4,RL+Path,2
best,C:\Users\erich\Documents\AFRL\Algebraic-Connectivity-Optimization-CDC2026\lite_trials\sweep\pmin_only\checkpoints\best.pt,ppo,3000,C:\Users\erich\Documents\AFRL\Algebraic-Connectivity-Optimization-CDC2026\lite_trials\lite_config.yaml,full,32,0.784946236559,3,396,396,0.7849462365591398,365,0.8194527324723009,26.22248743911363,0.4968730999999025,0.4968730999999025,0.4968730999999025,path,path,path,31,0.0,0.0,False,,,False,1,path,64,4,RL+Path,3
best,C:\Users\erich\Documents\AFRL\Algebraic-Connectivity-Optimization-CDC2026\lite_trials\sweep\pmin_only\checkpoints\best.pt,ppo,3000,C:\Users\erich\Documents\AFRL\Algebraic-Connectivity-Optimization-CDC2026\lite_trials\lite_config.yaml,full,32,0.784946236559,4,396,396,0.7849462365591398,365,0.8194527324723009,26.22248743911363,0.4991394999997283,0.4991394999997283,0.4991394999997283,path,path,path,31,0.0,0.0,False,,,False,1,path,64,4,RL+Path,4
best,C:\Users\erich\Documents\AFRL\Algebraic-Connectivity-Optimization-CDC2026\lite_trials\sweep\pmin_only\checkpoints\best.pt,ppo,3000,C:\Users\erich\Documents\AFRL\Algebraic-Connectivity-Optimization-CDC2026\lite_trials\lite_config.yaml,full,32,0.855913978495,0,429,429,0.8559139784946237,398,0.9018336899534003,28.85867807850881,0.530519799999638,0.530519799999638,0.530519799999638,path,path,path,31,0.0,0.0,False,,,False,1,path,64,4,RL+Path,0
best,C:\Users\erich\Documents\AFRL\Algebraic-Connectivity-Optimization-CDC2026\lite_trials\sweep\pmin_only\checkpoints\best.pt,ppo,3000,C:\Users\erich\Documents\AFRL\Algebraic-Connectivity-Optimization-CDC2026\lite_trials\lite_config.yaml,full,32,0.855913978495,1,429,429,0.8559139784946237,398,0.9018336899534003,28.85867807850881,0.5360874000007243,0.5360874000007243,0.5360874000007243,path,path,path,31,0.0,0.0,False,,,False,1,path,64,4,RL+Path,1
best,C:\Users\erich\Documents\AFRL\Algebraic-Connectivity-Optimization-CDC2026\lite_trials\sweep\pmin_only\checkpoints\best.pt,ppo,3000,C:\Users\erich\Documents\AFRL\Algebraic-Connectivity-Optimization-CDC2026\lite_trials\lite_config.yaml,full,32,0.855913978495,2,429,429,0.8559139784946237,398,0.9018336899534003,28.85867807850881,0.552287299999989,0.552287299999989,0.552287299999989,path,path,path,31,0.0,0.0,False,,,False,1,path,64,4,RL+Path,2
best,C:\Users\erich\Documents\AFRL\Algebraic-Connectivity-Optimization-CDC2026\lite_trials\sweep\pmin_only\checkpoints\best.pt,ppo,3000,C:\Users\erich\Documents\AFRL\Algebraic-Connectivity-Optimization-CDC2026\lite_trials\lite_config.yaml,full,32,0.855913978495,3,429,429,0.8559139784946237,398,0.9018336899534003,28.85867807850881,0.53674779999983,0.53674779999983,0.53674779999983,path,path,path,31,0.0,0.0,False,,,False,1,path,64,4,RL+Path,3
best,C:\Users\erich\Documents\AFRL\Algebraic-Connectivity-Optimization-CDC2026\lite_trials\sweep\pmin_only\checkpoints\best.pt,ppo,3000,C:\Users\erich\Documents\AFRL\Algebraic-Connectivity-Optimization-CDC2026\lite_trials\lite_config.yaml,full,32,0.855913978495,4,429,429,0.8559139784946237,398,0.9018336899534003,28.85867807850881,0.5541356999992786,0.5541356999992786,0.5541356999992786,path,path,path,31,0.0,0.0,False,,,False,1,path,64,4,RL+Path,4
best,C:\Users\erich\Documents\AFRL\Algebraic-Connectivity-Optimization-CDC2026\lite_trials\sweep\pmin_only\checkpoints\best.pt,ppo,3000,C:\Users\erich\Documents\AFRL\Algebraic-Connectivity-Optimization-CDC2026\lite_trials\lite_config.yaml,full,32,0.92688172043,0,462,462,0.9268817204301075,431,0.9524245500366008,30.477585601171224,0.5945282000002408,0.5945282000002408,0.5945282000002408,path,path,path,31,0.0,0.0,False,,,False,1,path,64,4,RL+Path,0
best,C:\Users\erich\Documents\AFRL\Algebraic-Connectivity-Optimization-CDC2026\lite_trials\sweep\pmin_only\checkpoints\best.pt,ppo,3000,C:\Users\erich\Documents\AFRL\Algebraic-Connectivity-Optimization-CDC2026\lite_trials\lite_config.yaml,full,32,0.92688172043,1,462,462,0.9268817204301075,431,0.9524245500366008,30.477585601171224,0.6081846000006408,0.6081846000006408,0.6081846000006408,path,path,path,31,0.0,0.0,False,,,False,1,path,64,4,RL+Path,1
best,C:\Users\erich\Documents\AFRL\Algebraic-Connectivity-Optimization-CDC2026\lite_trials\sweep\pmin_only\checkpoints\best.pt,ppo,3000,C:\Users\erich\Documents\AFRL\Algebraic-Connectivity-Optimization-CDC2026\lite_trials\lite_config.yaml,full,32,0.92688172043,2,462,462,0.9268817204301075,431,0.9524245500366008,30.477585601171224,0.5905336999994688,0.5905336999994688,0.5905336999994688,path,path,path,31,0.0,0.0,False,,,False,1,path,64,4,RL+Path,2
best,C:\Users\erich\Documents\AFRL\Algebraic-Connectivity-Optimization-CDC2026\lite_trials\sweep\pmin_only\checkpoints\best.pt,ppo,3000,C:\Users\erich\Documents\AFRL\Algebraic-Connectivity-Optimization-CDC2026\lite_trials\lite_config.yaml,full,32,0.92688172043,3,462,462,0.9268817204301075,431,0.9524245500366008,30.477585601171224,0.6008542999998099,0.6008542999998099,0.6008542999998099,path,path,path,31,0.0,0.0,False,,,False,1,path,64,4,RL+Path,3
best,C:\Users\erich\Documents\AFRL\Algebraic-Connectivity-Optimization-CDC2026\lite_trials\sweep\pmin_only\checkpoints\best.pt,ppo,3000,C:\Users\erich\Documents\AFRL\Algebraic-Connectivity-Optimization-CDC2026\lite_trials\lite_config.yaml,full,32,0.92688172043,4,462,462,0.9268817204301075,431,0.9524245500366008,30.477585601171224,0.5941235000000233,0.5941235000000233,0.5941235000000233,path,path,path,31,0.0,0.0,False,,,False,1,path,64,4,RL+Path,4
best,C:\Users\erich\Documents\AFRL\Algebraic-Connectivity-Optimization-CDC2026\lite_trials\sweep\pmin_only\checkpoints\best.pt,ppo,3000,C:\Users\erich\Documents\AFRL\Algebraic-Connectivity-Optimization-CDC2026\lite_trials\lite_config.yaml,full,32,0.997849462366,0,495,495,0.9978494623655914,464,1.0000000000000007,32.00000000000002,0.6314502999994147,0.6314502999994147,0.6314502999994147,path,path,path,31,0.0,0.0,False,,,False,1,path,64,4,RL+Path,0
best,C:\Users\erich\Documents\AFRL\Algebraic-Connectivity-Optimization-CDC2026\lite_trials\sweep\pmin_only\checkpoints\best.pt,ppo,3000,C:\Users\erich\Documents\AFRL\Algebraic-Connectivity-Optimization-CDC2026\lite_trials\lite_config.yaml,full,32,0.997849462366,1,495,495,0.9978494623655914,464,1.0000000000000007,32.00000000000002,0.6469274000000951,0.6469274000000951,0.6469274000000951,path,path,path,31,0.0,0.0,False,,,False,1,path,64,4,RL+Path,1
best,C:\Users\erich\Documents\AFRL\Algebraic-Connectivity-Optimization-CDC2026\lite_trials\sweep\pmin_only\checkpoints\best.pt,ppo,3000,C:\Users\erich\Documents\AFRL\Algebraic-Connectivity-Optimization-CDC2026\lite_trials\lite_config.yaml,full,32,0.997849462366,2,495,495,0.9978494623655914,464,1.0000000000000007,32.00000000000002,0.6508172000003469,0.6508172000003469,0.6508172000003469,path,path,path,31,0.0,0.0,False,,,False,1,path,64,4,RL+Path,2
best,C:\Users\erich\Documents\AFRL\Algebraic-Connectivity-Optimization-CDC2026\lite_trials\sweep\pmin_only\checkpoints\best.pt,ppo,3000,C:\Users\erich\Documents\AFRL\Algebraic-Connectivity-Optimization-CDC2026\lite_trials\lite_config.yaml,full,32,0.997849462366,3,495,495,0.9978494623655914,464,1.0000000000000007,32.00000000000002,0.6311292999998841,0.6311292999998841,0.6311292999998841,path,path,path,31,0.0,0.0,False,,,False,1,path,64,4,RL+Path,3
best,C:\Users\erich\Documents\AFRL\Algebraic-Connectivity-Optimization-CDC2026\lite_trials\sweep\pmin_only\checkpoints\best.pt,ppo,3000,C:\Users\erich\Documents\AFRL\Algebraic-Connectivity-Optimization-CDC2026\lite_trials\lite_config.yaml,full,32,0.997849462366,4,495,495,0.9978494623655914,464,1.0000000000000007,32.00000000000002,0.6783713000004354,0.6783713000004354,0.6783713000004354,path,path,path,31,0.0,0.0,False,,,False,1,path,64,4,RL+Path,4
best,C:\Users\erich\Documents\AFRL\Algebraic-Connectivity-Optimization-CDC2026\lite_trials\sweep\pmin_only\checkpoints\best.pt,ppo,3000,C:\Users\erich\Documents\AFRL\Algebraic-Connectivity-Optimization-CDC2026\lite_trials\lite_config.yaml,full,32,0.002150537634,0,32,32,0.002150537634408602,1,0.03124999999999995,0.9999999999999984,0.0038860000004206086,0.0038860000004206086,0.004372700000203622,backbone,envelope_only,envelope,31,1.0,0.0004866999997830135,False,,,False,1,envelope,64,4,RL+Backbone,0
best,C:\Users\erich\Documents\AFRL\Algebraic-Connectivity-Optimization-CDC2026\lite_trials\sweep\pmin_only\checkpoints\best.pt,ppo,3000,C:\Users\erich\Documents\AFRL\Algebraic-Connectivity-Optimization-CDC2026\lite_trials\lite_config.yaml,full,32,0.002150537634,1,32,32,0.002150537634408602,1,0.03124999999999995,0.9999999999999984,0.0010702999998102314,0.0010702999998102314,0.0012311999998928513,backbone,envelope_only,envelope,31,1.0,0.00016090000008261995,False,,,False,1,envelope,64,4,RL+Backbone,1
best,C:\Users\erich\Documents\AFRL\Algebraic-Connectivity-Optimization-CDC2026\lite_trials\sweep\pmin_only\checkpoints\best.pt,ppo,3000,C:\Users\erich\Documents\AFRL\Algebraic-Connectivity-Optimization-CDC2026\lite_trials\lite_config.yaml,full,32,0.002150537634,2,32,32,0.002150537634408602,1,0.03124999999999995,0.9999999999999984,0.000978400000349211,0.000978400000349211,0.0010787000010168413,backbone,envelope_only,envelope,31,1.0,0.00010030000066763023,False,,,False,1,envelope,64,4,RL+Backbone,2
best,C:\Users\erich\Documents\AFRL\Algebraic-Connectivity-Optimization-CDC2026\lite_trials\sweep\pmin_only\checkpoints\best.pt,ppo,3000,C:\Users\erich\Documents\AFRL\Algebraic-Connectivity-Optimization-CDC2026\lite_trials\lite_config.yaml,full,32,0.002150537634,3,32,32,0.002150537634408602,1,0.03124999999999995,0.9999999999999984,0.0009918000005200156,0.0009918000005200156,0.0010862000008273753,backbone,envelope_only,envelope,31,1.0,9.440000030735973e-05,False,,,False,1,envelope,64,4,RL+Backbone,3
best,C:\Users\erich\Documents\AFRL\Algebraic-Connectivity-Optimization-CDC2026\lite_trials\sweep\pmin_only\checkpoints\best.pt,ppo,3000,C:\Users\erich\Documents\AFRL\Algebraic-Connectivity-Optimization-CDC2026\lite_trials\lite_config.yaml,full,32,0.002150537634,4,32,32,0.002150537634408602,1,0.03124999999999995,0.9999999999999984,0.0009657000000515836,0.0009657000000515836,0.0010806999998749234,backbone,envelope_only,envelope,31,1.0,0.00011499999982333975,False,,,False,1,envelope,64,4,RL+Backbone,4
best,C:\Users\erich\Documents\AFRL\Algebraic-Connectivity-Optimization-CDC2026\lite_trials\sweep\pmin_only\checkpoints\best.pt,ppo,3000,C:\Users\erich\Documents\AFRL\Algebraic-Connectivity-Optimization-CDC2026\lite_trials\lite_config.yaml,full,32,0.07311827957,0,65,65,0.07311827956989247,5,0.19042987576295878,6.093756024414681,0.0048076000002765795,0.0048076000002765795,0.011071300000367046,backbone,both,envelope,60,2.0,0.00864129999990837,False,,,True,2,"cayley,envelope",64,4,RL+Backbone,0
best,C:\Users\erich\Documents\AFRL\Algebraic-Connectivity-Optimization-CDC2026\lite_trials\sweep\pmin_only\checkpoints\best.pt,ppo,3000,C:\Users\erich\Documents\AFRL\Algebraic-Connectivity-Optimization-CDC2026\lite_trials\lite_config.yaml,full,32,0.07311827957,1,65,65,0.07311827956989247,5,0.19042987576295878,6.093756024414681,0.0045964000000822125,0.0045964000000822125,0.007382300000244868,backbone,both,envelope,60,2.0,0.006325199999992037,False,,,True,2,"cayley,envelope",64,4,RL+Backbone,1
best,C:\Users\erich\Documents\AFRL\Algebraic-Connectivity-Optimization-CDC2026\lite_trials\sweep\pmin_only\checkpoints\best.pt,ppo,3000,C:\Users\erich\Documents\AFRL\Algebraic-Connectivity-Optimization-CDC2026\lite_trials\lite_config.yaml,full,32,0.07311827957,2,65,65,0.07311827956989247,5,0.19042987576295878,6.093756024414681,0.0049563999991733,0.0049563999991733,0.007395700001325167,backbone,both,envelope,60,2.0,0.006203100000675477,False,,,True,2,"cayley,envelope",64,4,RL+Backbone,2
best,C:\Users\erich\Documents\AFRL\Algebraic-Connectivity-Optimization-CDC2026\lite_trials\sweep\pmin_only\checkpoints\best.pt,ppo,3000,C:\Users\erich\Documents\AFRL\Algebraic-Connectivity-Optimization-CDC2026\lite_trials\lite_config.yaml,full,32,0.07311827957,3,65,65,0.07311827956989247,5,0.19042987576295878,6.093756024414681,0.005003999999644293,0.005003999999644293,0.007722700000158511,backbone,both,envelope,60,2.0,0.006612099999983911,False,,,True,2,"cayley,envelope",64,4,RL+Backbone,3
best,C:\Users\erich\Documents\AFRL\Algebraic-Connectivity-Optimization-CDC2026\lite_trials\sweep\pmin_only\checkpoints\best.pt,ppo,3000,C:\Users\erich\Documents\AFRL\Algebraic-Connectivity-Optimization-CDC2026\lite_trials\lite_config.yaml,full,32,0.07311827957,4,65,65,0.07311827956989247,5,0.19042987576295878,6.093756024414681,0.005054900000686757,0.005054900000686757,0.00736979999965115,backbone,both,envelope,60,2.0,0.006214699999873119,False,,,True,2,"cayley,envelope",64,4,RL+Backbone,4
best,C:\Users\erich\Documents\AFRL\Algebraic-Connectivity-Optimization-CDC2026\lite_trials\sweep\pmin_only\checkpoints\best.pt,ppo,3000,C:\Users\erich\Documents\AFRL\Algebraic-Connectivity-Optimization-CDC2026\lite_trials\lite_config.yaml,full,32,0.144086021505,0,98,98,0.14408602150537633,2,0.11199256162955348,3.5837619721457115,0.0024814999997033738,0.0024814999997033738,0.01051129999996192,backbone,cayley_only,cayley,96,3.386874070247247,0.008029800000258547,False,2,,False,1,cayley,64,4,RL+Backbone,0
best,C:\Users\erich\Documents\AFRL\Algebraic-Connectivity-Optimization-CDC2026\lite_trials\sweep\pmin_only\checkpoints\best.pt,ppo,3000,C:\Users\erich\Documents\AFRL\Algebraic-Connectivity-Optimization-CDC2026\lite_trials\lite_config.yaml,full,32,0.144086021505,1,98,98,0.14408602150537633,2,0.119913736002489,3.837239552079648,0.002766499999779626,0.002766499999779626,0.012215499999911117,backbone,cayley_only,cayley,96,3.3868740702472473,0.009449000000131491,False,2,,False,1,cayley,64,4,RL+Backbone,1
best,C:\Users\erich\Documents\AFRL\Algebraic-Connectivity-Optimization-CDC2026\lite_trials\sweep\pmin_only\checkpoints\best.pt,ppo,3000,C:\Users\erich\Documents\AFRL\Algebraic-Connectivity-Optimization-CDC2026\lite_trials\lite_config.yaml,full,32,0.144086021505,2,98,98,0.14408602150537633,2,0.11199256162955348,3.5837619721457115,0.00238190000072791,0.00238190000072791,0.010767500000838481,backbone,cayley_only,cayley,96,3.386874070247247,0.008385600000110571,False,2,,False,1,cayley,64,4,RL+Backbone,2
best,C:\Users\erich\Documents\AFRL\Algebraic-Connectivity-Optimization-CDC2026\lite_trials\sweep\pmin_only\checkpoints\best.pt,ppo,3000,C:\Users\erich\Documents\AFRL\Algebraic-Connectivity-Optimization-CDC2026\lite_trials\lite_config.yaml,full,32,0.144086021505,3,98,98,0.14408602150537633,2,0.11199256162955348,3.5837619721457115,0.0024278999999296502,0.0024278999999296502,0.010562699999354663,backbone,cayley_only,cayley,96,3.386874070247247,0.008134799999425013,False,2,,False,1,cayley,64,4,RL+Backbone,3
best,C:\Users\erich\Documents\AFRL\Algebraic-Connectivity-Optimization-CDC2026\lite_trials\sweep\pmin_only\checkpoints\best.pt,ppo,3000,C:\Users\erich\Documents\AFRL\Algebraic-Connectivity-Optimization-CDC2026\lite_trials\lite_config.yaml,full,32,0.144086021505,4,98,98,0.14408602150537633,2,0.11376313851137979,3.640420432364153,0.0024585000001025037,0.0024585000001025037,0.010401200000160316,backbone,cayley_only,cayley,96,3.3868740702472473,0.007942700000057812,False,2,,False,1,cayley,64,4,RL+Backbone,4
best,C:\Users\erich\Documents\AFRL\Algebraic-Connectivity-Optimization-CDC2026\lite_trials\sweep\pmin_only\checkpoints\best.pt,ppo,3000,C:\Users\erich\Documents\AFRL\Algebraic-Connectivity-Optimization-CDC2026\lite_trials\lite_config.yaml,full,32,0.215053763441,0,131,131,0.21505376344086022,3,0.17408191916608048,5.5706214133145755,0.003506399999423593,0.003506399999423593,0.01217469999937748,backbone,cayley_only,cayley,128,5.171572875253809,0.008668299999953888,False,2,,False,1,cayley,64,4,RL+Backbone,0
best,C:\Users\erich\Documents\AFRL\Algebraic-Connectivity-Optimization-CDC2026\lite_trials\sweep\pmin_only\checkpoints\best.pt,ppo,3000,C:\Users\erich\Documents\AFRL\Algebraic-Connectivity-Optimization-CDC2026\lite_trials\lite_config.yaml,full,32,0.215053763441,1,131,131,0.21505376344086022,3,0.1724913843571011,5.519724299427235,0.004018999999971129,0.004018999999971129,0.012135300000409188,backbone,cayley_only,cayley,128,5.171572875253811,0.00811630000043806,False,2,,False,1,cayley,64,4,RL+Backbone,1
best,C:\Users\erich\Documents\AFRL\Algebraic-Connectivity-Optimization-CDC2026\lite_trials\sweep\pmin_only\checkpoints\best.pt,ppo,3000,C:\Users\erich\Documents\AFRL\Algebraic-Connectivity-Optimization-CDC2026\lite_trials\lite_config.yaml,full,32,0.215053763441,2,131,131,0.21505376344086022,3,0.19028767216654463,6.089205509329428,0.003151599999910104,0.003151599999910104,0.013216199999078526,backbone,cayley_only,cayley,128,5.171572875253808,0.010064599999168422,False,2,,False,1,cayley,64,4,RL+Backbone,2
best,C:\Users\erich\Documents\AFRL\Algebraic-Connectivity-Optimization-CDC2026\lite_trials\sweep\pmin_only\checkpoints\best.pt,ppo,3000,C:\Users\erich\Documents\AFRL\Algebraic-Connectivity-Optimization-CDC2026\lite_trials\lite_config.yaml,full,32,0.215053763441,3,131,131,0.21505376344086022,3,0.1831864761358007,5.861967236345622,0.0034236999999848194,0.0034236999999848194,0.012062999999216117,backbone,cayley_only,cayley,128,5.171572875253809,0.008639299999231298,False,2,,False,1,cayley,64,4,RL+Backbone,3
best,C:\Users\erich\Documents\AFRL\Algebraic-Connectivity-Optimization-CDC2026\lite_trials\sweep\pmin_only\checkpoints\best.pt,ppo,3000,C:\Users\erich\Documents\AFRL\Algebraic-Connectivity-Optimization-CDC2026\lite_trials\lite_config.yaml,full,32,0.215053763441,4,131,131,0.21505376344086022,3,0.18437894580772135,5.900126265847083,0.0032959000000118976,0.0032959000000118976,0.011429799999859824,backbone,cayley_only,cayley,128,5.17157287525381,0.008133899999847927,False,2,,False,1,cayley,64,4,RL+Backbone,4
best,C:\Users\erich\Documents\AFRL\Algebraic-Connectivity-Optimization-CDC2026\lite_trials\sweep\pmin_only\checkpoints\best.pt,ppo,3000,C:\Users\erich\Documents\AFRL\Algebraic-Connectivity-Optimization-CDC2026\lite_trials\lite_config.yaml,full,32,0.286021505376,0,164,164,0.2860215053763441,4,0.26522244588996846,8.48711826847899,0.0044369999995979015,0.0044369999995979015,0.012809899999410845,backbone,cayley_only,cayley,160,7.386874070247248,0.008372899999812944,False,2,,False,1,cayley,64,4,RL+Backbone,0
best,C:\Users\erich\Documents\AFRL\Algebraic-Connectivity-Optimization-CDC2026\lite_trials\sweep\pmin_only\checkpoints\best.pt,ppo,3000,C:\Users\erich\Documents\AFRL\Algebraic-Connectivity-Optimization-CDC2026\lite_trials\lite_config.yaml,full,32,0.286021505376,1,164,164,0.2860215053763441,4,0.2644514633040261,8.462446825728835,0.005230200000369223,0.005230200000369223,0.014925899999980174,backbone,cayley_only,cayley,160,7.386874070247249,0.009695699999610952,False,2,,False,1,cayley,64,4,RL+Backbone,1
best,C:\Users\erich\Documents\AFRL\Algebraic-Connectivity-Optimization-CDC2026\lite_trials\sweep\pmin_only\checkpoints\best.pt,ppo,3000,C:\Users\erich\Documents\AFRL\Algebraic-Connectivity-Optimization-CDC2026\lite_trials\lite_config.yaml,full,32,0.286021505376,2,164,164,0.2860215053763441,4,0.2644514633040261,8.462446825728835,0.005792700000711193,0.005792700000711193,0.01724570000078529,backbone,cayley_only,cayley,160,7.386874070247249,0.011453000000074098,False,2,,False,1,cayley,64,4,RL+Backbone,2
best,C:\Users\erich\Documents\AFRL\Algebraic-Connectivity-Optimization-CDC2026\lite_trials\sweep\pmin_only\checkpoints\best.pt,ppo,3000,C:\Users\erich\Documents\AFRL\Algebraic-Connectivity-Optimization-CDC2026\lite_trials\lite_config.yaml,full,32,0.286021505376,3,164,164,0.2860215053763441,4,0.2639162644534358,8.445320462509946,0.004422299999532697,0.004422299999532697,0.014989099999183964,backbone,cayley_only,cayley,160,7.386874070247247,0.010566799999651266,False,2,,False,1,cayley,64,4,RL+Backbone,3
best,C:\Users\erich\Documents\AFRL\Algebraic-Connectivity-Optimization-CDC2026\lite_trials\sweep\pmin_only\checkpoints\best.pt,ppo,3000,C:\Users\erich\Documents\AFRL\Algebraic-Connectivity-Optimization-CDC2026\lite_trials\lite_config.yaml,full,32,0.286021505376,4,164,164,0.2860215053763441,4,0.26522244588996846,8.48711826847899,0.005794499999865366,0.005794499999865366,0.016883899999811547,backbone,cayley_only,cayley,160,7.386874070247248,0.011089399999946181,False,2,,False,1,cayley,64,4,RL+Backbone,4
best,C:\Users\erich\Documents\AFRL\Algebraic-Connectivity-Optimization-CDC2026\lite_trials\sweep\pmin_only\checkpoints\best.pt,ppo,3000,C:\Users\erich\Documents\AFRL\Algebraic-Connectivity-Optimization-CDC2026\lite_trials\lite_config.yaml,full,32,0.356989247312,0,197,197,0.35698924731182796,5,0.29845344553802566,9.550510257216821,0.006439000000682427,0.006439000000682427,0.014835500001026958,backbone,cayley_only,cayley,192,9.550510257216825,0.008396500000344531,False,2,,False,1,cayley,64,4,RL+Backbone,0
best,C:\Users\erich\Documents\AFRL\Algebraic-Connectivity-Optimization-CDC2026\lite_trials\sweep\pmin_only\checkpoints\best.pt,ppo,3000,C:\Users\erich\Documents\AFRL\Algebraic-Connectivity-Optimization-CDC2026\lite_trials\lite_config.yaml,full,32,0.356989247312,1,197,197,0.35698924731182796,5,0.29845344553802566,9.550510257216821,0.006101799999669311,0.006101799999669311,0.013369699999202567,backbone,cayley_only,cayley,192,9.550510257216825,0.007267899999533256,False,2,,False,1,cayley,64,4,RL+Backbone,1
best,C:\Users\erich\Documents\AFRL\Algebraic-Connectivity-Optimization-CDC2026\lite_trials\sweep\pmin_only\checkpoints\best.pt,ppo,3000,C:\Users\erich\Documents\AFRL\Algebraic-Connectivity-Optimization-CDC2026\lite_trials\lite_config.yaml,full,32,0.356989247312,2,197,197,0.35698924731182796,5,0.29845344553802566,9.550510257216821,0.00671760000022914,0.00671760000022914,0.013680000000931614,backbone,cayley_only,cayley,192,9.550510257216825,0.006962400000702473,False,2,,False,1,cayley,64,4,RL+Backbone,2
best,C:\Users\erich\Documents\AFRL\Algebraic-Connectivity-Optimization-CDC2026\lite_trials\sweep\pmin_only\checkpoints\best.pt,ppo,3000,C:\Users\erich\Documents\AFRL\Algebraic-Connectivity-Optimization-CDC2026\lite_trials\lite_config.yaml,full,32,0.356989247312,3,197,197,0.35698924731182796,5,0.29845344553802566,9.550510257216821,0.005601699999715493,0.005601699999715493,0.01429530000041268,backbone,cayley_only,cayley,192,9.550510257216825,0.008693600000697188,False,2,,False,1,cayley,64,4,RL+Backbone,3
best,C:\Users\erich\Documents\AFRL\Algebraic-Connectivity-Optimization-CDC2026\lite_trials\sweep\pmin_only\checkpoints\best.pt,ppo,3000,C:\Users\erich\Documents\AFRL\Algebraic-Connectivity-Optimization-CDC2026\lite_trials\lite_config.yaml,full,32,0.356989247312,4,197,197,0.35698924731182796,5,0.32949394979113933,10.543806393316459,0.006668400000307884,0.006668400000307884,0.01411389999975654,backbone,cayley_only,cayley,192,9.550510257216823,0.007445499999448657,False,2,,False,1,cayley,64,4,RL+Backbone,4
best,C:\Users\erich\Documents\AFRL\Algebraic-Connectivity-Optimization-CDC2026\lite_trials\sweep\pmin_only\checkpoints\best.pt,ppo,3000,C:\Users\erich\Documents\AFRL\Algebraic-Connectivity-Optimization-CDC2026\lite_trials\lite_config.yaml,full,32,0.427956989247,0,230,230,0.42795698924731185,6,0.39843750000000094,12.75000000000003,0.006424299999707728,0.006424299999707728,0.010330299999623094,backbone,cayley_only,cayley,224,12.000000000000007,0.003905999999915366,False,2,,False,1,cayley,64,4,RL+Backbone,0
best,C:\Users\erich\Documents\AFRL\Algebraic-Connectivity-Optimization-CDC2026\lite_trials\sweep\pmin_only\checkpoints\best.pt,ppo,3000,C:\Users\erich\Documents\AFRL\Algebraic-Connectivity-Optimization-CDC2026\lite_trials\lite_config.yaml,full,32,0.427956989247,1,230,230,0.42795698924731185,6,0.39843750000000094,12.75000000000003,0.009834899999987101,0.009834899999987101,0.015250200000082259,backbone,cayley_only,cayley,224,12.000000000000007,0.005415300000095158,False,2,,False,1,cayley,64,4,RL+Backbone,1
best,C:\Users\erich\Documents\AFRL\Algebraic-Connectivity-Optimization-CDC2026\lite_trials\sweep\pmin_only\checkpoints\best.pt,ppo,3000,C:\Users\erich\Documents\AFRL\Algebraic-Connectivity-Optimization-CDC2026\lite_trials\lite_config.yaml,full,32,0.427956989247,2,230,230,0.42795698924731185,6,0.39843750000000094,12.75000000000003,0.00943230000029871,0.00943230000029871,0.013544899999942572,backbone,cayley_only,cayley,224,12.000000000000007,0.004112599999643862,False,2,,False,1,cayley,64,4,RL+Backbone,2
best,C:\Users\erich\Documents\AFRL\Algebraic-Connectivity-Optimization-CDC2026\lite_trials\sweep\pmin_only\checkpoints\best.pt,ppo,3000,C:\Users\erich\Documents\AFRL\Algebraic-Connectivity-Optimization-CDC2026\lite_trials\lite_config.yaml,full,32,0.427956989247,3,230,230,0.42795698924731185,6,0.39843750000000094,12.75000000000003,0.0087162999998327,0.0087162999998327,0.014357999999447202,backbone,cayley_only,cayley,224,12.000000000000007,0.005641699999614502,False,2,,False,1,cayley,64,4,RL+Backbone,3
best,C:\Users\erich\Documents\AFRL\Algebraic-Connectivity-Optimization-CDC2026\lite_trials\sweep\pmin_only\checkpoints\best.pt,ppo,3000,C:\Users\erich\Documents\AFRL\Algebraic-Connectivity-Optimization-CDC2026\lite_trials\lite_config.yaml,full,32,0.427956989247,4,230,230,0.42795698924731185,6,0.39843750000000094,12.75000000000003,0.008607300000221585,0.008607300000221585,0.013810899999953108,backbone,cayley_only,cayley,224,12.000000000000007,0.005203599999731523,False,2,,False,1,cayley,64,4,RL+Backbone,4
best,C:\Users\erich\Documents\AFRL\Algebraic-Connectivity-Optimization-CDC2026\lite_trials\sweep\pmin_only\checkpoints\best.pt,ppo,3000,C:\Users\erich\Documents\AFRL\Algebraic-Connectivity-Optimization-CDC2026\lite_trials\lite_config.yaml,full,32,0.501075268817,0,264,264,0.5010752688172043,8,0.6274989529814865,20.079966495407568,0.01223059999938414,0.01223059999938414,0.027157599999554805,backbone,both,envelope,256,16.0,0.014927000000170665,False,,,True,2,"cayley,envelope",64,4,RL+Backbone,0
best,C:\Users\erich\Documents\AFRL\Algebraic-Connectivity-Optimization-CDC2026\lite_trials\sweep\pmin_only\checkpoints\best.pt,ppo,3000,C:\Users\erich\Documents\AFRL\Algebraic-Connectivity-Optimization-CDC2026\lite_trials\lite_config.yaml,full,32,0.501075268817,1,264,264,0.5010752688172043,8,0.6274989529814865,20.079966495407568,0.01268419999996695,0.01268419999996695,0.025826299999607727,backbone,both,envelope,256,16.0,0.014101099999606959,False,,,True,2,"cayley,envelope",64,4,RL+Backbone,1
best,C:\Users\erich\Documents\AFRL\Algebraic-Connectivity-Optimization-CDC2026\lite_trials\sweep\pmin_only\checkpoints\best.pt,ppo,3000,C:\Users\erich\Documents\AFRL\Algebraic-Connectivity-Optimization-CDC2026\lite_trials\lite_config.yaml,full,32,0.501075268817,2,264,264,0.5010752688172043,8,0.6274989529814865,20.079966495407568,0.013073999999505759,0.013073999999505759,0.028100699999413337,backbone,both,envelope,256,16.0,0.015026699999907578,False,,,True,2,"cayley,envelope",64,4,RL+Backbone,2
best,C:\Users\erich\Documents\AFRL\Algebraic-Connectivity-Optimization-CDC2026\lite_trials\sweep\pmin_only\checkpoints\best.pt,ppo,3000,C:\Users\erich\Documents\AFRL\Algebraic-Connectivity-Optimization-CDC2026\lite_trials\lite_config.yaml,full,32,0.501075268817,3,264,264,0.5010752688172043,8,0.6274989529814865,20.079966495407568,0.012810299999728159,0.012810299999728159,0.02784369999972114,backbone,both,envelope,256,16.0,0.01503339999999298,False,,,True,2,"cayley,envelope",64,4,RL+Backbone,3
best,C:\Users\erich\Documents\AFRL\Algebraic-Connectivity-Optimization-CDC2026\lite_trials\sweep\pmin_only\checkpoints\best.pt,ppo,3000,C:\Users\erich\Documents\AFRL\Algebraic-Connectivity-Optimization-CDC2026\lite_trials\lite_config.yaml,full,32,0.501075268817,4,264,264,0.5010752688172043,8,0.6274989529814865,20.079966495407568,0.012112399999750778,0.012112399999750778,0.02686459999949875,backbone,both,envelope,256,16.0,0.014752199999747972,False,,,True,2,"cayley,envelope",64,4,RL+Backbone,4
best,C:\Users\erich\Documents\AFRL\Algebraic-Connectivity-Optimization-CDC2026\lite_trials\sweep\pmin_only\checkpoints\best.pt,ppo,3000,C:\Users\erich\Documents\AFRL\Algebraic-Connectivity-Optimization-CDC2026\lite_trials\lite_config.yaml,full,32,0.572043010753,0,297,297,0.5720430107526882,12,0.5782575791470708,18.504242532706265,0.01905369999985851,0.01905369999985851,0.02679919999991398,backbone,both,envelope,285,17.0,0.010161100000004808,False,,,True,2,"cayley,envelope",64,4,RL+Backbone,0
best,C:\Users\erich\Documents\AFRL\Algebraic-Connectivity-Optimization-CDC2026\lite_trials\sweep\pmin_only\checkpoints\best.pt,ppo,3000,C:\Users\erich\Documents\AFRL\Algebraic-Connectivity-Optimization-CDC2026\lite_trials\lite_config.yaml,full,32,0.572043010753,1,297,297,0.5720430107526882,12,0.5782575791470708,18.504242532706265,0.01951310000004014,0.01951310000004014,0.023215500000333122,backbone,both,envelope,285,17.0,0.010131800000635849,False,,,True,2,"cayley,envelope",64,4,RL+Backbone,1
best,C:\Users\erich\Documents\AFRL\Algebraic-Connectivity-Optimization-CDC2026\lite_trials\sweep\pmin_only\checkpoints\best.pt,ppo,3000,C:\Users\erich\Documents\AFRL\Algebraic-Connectivity-Optimization-CDC2026\lite_trials\lite_config.yaml,full,32,0.572043010753,2,297,297,0.5720430107526882,12,0.5782575791470708,18.504242532706265,0.013475700000526558,0.013475700000526558,0.021627199999784352,backbone,both,envelope,285,17.0,0.010194700000283774,False,,,True,2,"cayley,envelope",64,4,RL+Backbone,2
best,C:\Users\erich\Documents\AFRL\Algebraic-Connectivity-Optimization-CDC2026\lite_trials\sweep\pmin_only\checkpoints\best.pt,ppo,3000,C:\Users\erich\Documents\AFRL\Algebraic-Connectivity-Optimization-CDC2026\lite_trials\lite_config.yaml,full,32,0.572043010753,3,297,297,0.5720430107526882,12,0.5782575791470708,18.504242532706265,0.018045599999823025,0.018045599999823025,0.024210600000515115,backbone,both,envelope,285,17.0,0.009985600000618433,False,,,True,2,"cayley,envelope",64,4,RL+Backbone,3
best,C:\Users\erich\Documents\AFRL\Algebraic-Connectivity-Optimization-CDC2026\lite_trials\sweep\pmin_only\checkpoints\best.pt,ppo,3000,C:\Users\erich\Documents\AFRL\Algebraic-Connectivity-Optimization-CDC2026\lite_trials\lite_config.yaml,full,32,0.572043010753,4,297,297,0.5720430107526882,12,0.5782575791470708,18.504242532706265,0.01761869999972987,0.01761869999972987,0.020676700000876735,backbone,both,envelope,285,17.0,0.009245500000361062,False,,,True,2,"cayley,envelope",64,4,RL+Backbone,4
best,C:\Users\erich\Documents\AFRL\Algebraic-Connectivity-Optimization-CDC2026\lite_trials\sweep\pmin_only\checkpoints\best.pt,ppo,3000,C:\Users\erich\Documents\AFRL\Algebraic-Connectivity-Optimization-CDC2026\lite_trials\lite_config.yaml,full,32,0.643010752688,0,330,330,0.6430107526881721,20,0.721877757545173,23.100088241445537,0.028888499999993655,0.028888499999993655,0.0343313000003036,backbone,both,cayley,310,17.999999999999968,0.005442800000309944,False,3,,True,2,"cayley,envelope",64,4,RL+Backbone,0
best,C:\Users\erich\Documents\AFRL\Algebraic-Connectivity-Optimization-CDC2026\lite_trials\sweep\pmin_only\checkpoints\best.pt,ppo,3000,C:\Users\erich\Documents\AFRL\Algebraic-Connectivity-Optimization-CDC2026\lite_trials\lite_config.yaml,full,32,0.643010752688,1,330,330,0.6430107526881721,20,0.7030826769909355,22.498645663709937,0.030718899999556015,0.030718899999556015,0.03605379999953584,backbone,both,cayley,310,17.999999999999993,0.005334899999979825,False,3,,True,2,"cayley,envelope",64,4,RL+Backbone,1
best,C:\Users\erich\Documents\AFRL\Algebraic-Connectivity-Optimization-CDC2026\lite_trials\sweep\pmin_only\checkpoints\best.pt,ppo,3000,C:\Users\erich\Documents\AFRL\Algebraic-Connectivity-Optimization-CDC2026\lite_trials\lite_config.yaml,full,32,0.643010752688,2,330,330,0.6430107526881721,20,0.7172574247506073,22.952237592019433,0.029274200000145356,0.029274200000145356,0.03481810000084806,backbone,both,cayley,310,17.999999999999986,0.005543900000702706,False,3,,True,2,"cayley,envelope",64,4,RL+Backbone,2
best,C:\Users\erich\Documents\AFRL\Algebraic-Connectivity-Optimization-CDC2026\lite_trials\sweep\pmin_only\checkpoints\best.pt,ppo,3000,C:\Users\erich\Documents\AFRL\Algebraic-Connectivity-Optimization-CDC2026\lite_trials\lite_config.yaml,full,32,0.643010752688,3,330,330,0.6430107526881721,20,0.7140398057869463,22.84927378518228,0.030784899999162008,0.030784899999162008,0.03470139999899402,backbone,both,cayley,310,17.99999999999998,0.003916499999832013,False,3,,True,2,"cayley,envelope",64,4,RL+Backbone,3
best,C:\Users\erich\Documents\AFRL\Algebraic-Connectivity-Optimization-CDC2026\lite_trials\sweep\pmin_only\checkpoints\best.pt,ppo,3000,C:\Users\erich\Documents\AFRL\Algebraic-Connectivity-Optimization-CDC2026\lite_trials\lite_config.yaml,full,32,0.643010752688,4,330,330,0.6430107526881721,20,0.7172322081464001,22.951430660684803,0.03152609999960987,0.03152609999960987,0.036939499999789405,backbone,both,cayley,310,17.99999999999999,0.005413400000179536,False,3,,True,2,"cayley,envelope",64,4,RL+Backbone,4
best,C:\Users\erich\Documents\AFRL\Algebraic-Connectivity-Optimization-CDC2026\lite_trials\sweep\pmin_only\checkpoints\best.pt,ppo,3000,C:\Users\erich\Documents\AFRL\Algebraic-Connectivity-Optimization-CDC2026\lite_trials\lite_config.yaml,full,32,0.713978494624,0,363,363,0.7139784946236559,11,0.7286142906140793,23.31565729965054,0.017155300000013085,0.017155300000013085,0.020764699999745062,backbone,both,cayley,352,20.152240934977424,0.003609399999731977,False,4,,True,2,"cayley,envelope",64,4,RL+Backbone,0
best,C:\Users\erich\Documents\AFRL\Algebraic-Connectivity-Optimization-CDC2026\lite_trials\sweep\pmin_only\checkpoints\best.pt,ppo,3000,C:\Users\erich\Documents\AFRL\Algebraic-Connectivity-Optimization-CDC2026\lite_trials\lite_config.yaml,full,32,0.713978494624,1,363,363,0.7139784946236559,11,0.7286142906140793,23.31565729965054,0.01474670000061451,0.01474670000061451,0.020279500000469852,backbone,both,cayley,352,20.152240934977424,0.005532799999855342,False,4,,True,2,"cayley,envelope",64,4,RL+Backbone,1
best,C:\Users\erich\Documents\AFRL\Algebraic-Connectivity-Optimization-CDC2026\lite_trials\sweep\pmin_only\checkpoints\best.pt,ppo,3000,C:\Users\erich\Documents\AFRL\Algebraic-Connectivity-Optimization-CDC2026\lite_trials\lite_config.yaml,full,32,0.713978494624,2,363,363,0.7139784946236559,11,0.7286142906140793,23.31565729965054,0.014615199999752804,0.014615199999752804,0.0195529999991777,backbone,both,cayley,352,20.152240934977424,0.004937799999424897,False,4,,True,2,"cayley,envelope",64,4,RL+Backbone,2
best,C:\Users\erich\Documents\AFRL\Algebraic-Connectivity-Optimization-CDC2026\lite_trials\sweep\pmin_only\checkpoints\best.pt,ppo,3000,C:\Users\erich\Documents\AFRL\Algebraic-Connectivity-Optimization-CDC2026\lite_trials\lite_config.yaml,full,32,0.713978494624,3,363,363,0.7139784946236559,11,0.7286142906140793,23.31565729965054,0.018049400000563764,0.018049400000563764,0.023313900000175636,backbone,both,cayley,352,20.152240934977424,0.005264499999611871,False,4,,True,2,"cayley,envelope",64,4,RL+Backbone,3
best,C:\Users\erich\Documents\AFRL\Algebraic-Connectivity-Optimization-CDC2026\lite_trials\sweep\pmin_only\checkpoints\best.pt,ppo,3000,C:\Users\erich\Documents\AFRL\Algebraic-Connectivity-Optimization-CDC2026\lite_trials\lite_config.yaml,full,32,0.713978494624,4,363,363,0.7139784946236559,11,0.7286142906140793,23.31565729965054,0.017348200000014913,0.017348200000014913,0.020867399999588088,backbone,both,cayley,352,20.152240934977424,0.003519199999573175,False,4,,True,2,"cayley,envelope",64,4,RL+Backbone,4
best,C:\Users\erich\Documents\AFRL\Algebraic-Connectivity-Optimization-CDC2026\lite_trials\sweep\pmin_only\checkpoints\best.pt,ppo,3000,C:\Users\erich\Documents\AFRL\Algebraic-Connectivity-Optimization-CDC2026\lite_trials\lite_config.yaml,full,32,0.784946236559,0,396,396,0.7849462365591398,12,0.8463252537264027,27.082408119244885,0.019602000000304542,0.019602000000304542,0.020048899999892456,backbone,envelope_only,envelope,384,24.0,0.00044689999958791304,False,,,False,1,envelope,64,4,RL+Backbone,0
best,C:\Users\erich\Documents\AFRL\Algebraic-Connectivity-Optimization-CDC2026\lite_trials\sweep\pmin_only\checkpoints\best.pt,ppo,3000,C:\Users\erich\Documents\AFRL\Algebraic-Connectivity-Optimization-CDC2026\lite_trials\lite_config.yaml,full,32,0.784946236559,1,396,396,0.7849462365591398,12,0.8463252537264027,27.082408119244885,0.01861520000056771,0.01861520000056771,0.01906340000095952,backbone,envelope_only,envelope,384,24.0,0.0004482000003918074,False,,,False,1,envelope,64,4,RL+Backbone,1
best,C:\Users\erich\Documents\AFRL\Algebraic-Connectivity-Optimization-CDC2026\lite_trials\sweep\pmin_only\checkpoints\best.pt,ppo,3000,C:\Users\erich\Documents\AFRL\Algebraic-Connectivity-Optimization-CDC2026\lite_trials\lite_config.yaml,full,32,0.784946236559,2,396,396,0.7849462365591398,12,0.8463252537264027,27.082408119244885,0.01992770000015298,0.01992770000015298,0.020390900000165857,backbone,envelope_only,envelope,384,24.0,0.00046320000001287553,False,,,False,1,envelope,64,4,RL+Backbone,2
best,C:\Users\erich\Documents\AFRL\Algebraic-Connectivity-Optimization-CDC2026\lite_trials\sweep\pmin_only\checkpoints\best.pt,ppo,3000,C:\Users\erich\Documents\AFRL\Algebraic-Connectivity-Optimization-CDC2026\lite_trials\lite_config.yaml,full,32,0.784946236559,3,396,396,0.7849462365591398,12,0.8463252537264027,27.082408119244885,0.020124200000282144,0.020124200000282144,0.020578300000124727,backbone,envelope_only,envelope,384,24.0,0.0004540999998425832,False,,,False,1,envelope,64,4,RL+Backbone,3
best,C:\Users\erich\Documents\AFRL\Algebraic-Connectivity-Optimization-CDC2026\lite_trials\sweep\pmin_only\checkpoints\best.pt,ppo,3000,C:\Users\erich\Documents\AFRL\Algebraic-Connectivity-Optimization-CDC2026\lite_trials\lite_config.yaml,full,32,0.784946236559,4,396,396,0.7849462365591398,12,0.8463252537264027,27.082408119244885,0.01996580000013637,0.01996580000013637,0.020425200000318,backbone,envelope_only,envelope,384,24.0,0.0004594000001816312,False,,,False,1,envelope,64,4,RL+Backbone,4
best,C:\Users\erich\Documents\AFRL\Algebraic-Connectivity-Optimization-CDC2026\lite_trials\sweep\pmin_only\checkpoints\best.pt,ppo,3000,C:\Users\erich\Documents\AFRL\Algebraic-Connectivity-Optimization-CDC2026\lite_trials\lite_config.yaml,full,32,0.855913978495,0,429,429,0.8559139784946237,9,0.8990810538347398,28.770593722711673,0.01487399999950867,0.01487399999950867,0.015316199999688251,backbone,envelope_only,envelope,420,26.0,0.0004422000001795823,False,,,False,1,envelope,64,4,RL+Backbone,0
best,C:\Users\erich\Documents\AFRL\Algebraic-Connectivity-Optimization-CDC2026\lite_trials\sweep\pmin_only\checkpoints\best.pt,ppo,3000,C:\Users\erich\Documents\AFRL\Algebraic-Connectivity-Optimization-CDC2026\lite_trials\lite_config.yaml,full,32,0.855913978495,1,429,429,0.8559139784946237,9,0.8990810538347398,28.770593722711673,0.01275080000050366,0.01275080000050366,0.013345800000934105,backbone,envelope_only,envelope,420,26.0,0.0005950000004304457,False,,,False,1,envelope,64,4,RL+Backbone,1
best,C:\Users\erich\Documents\AFRL\Algebraic-Connectivity-Optimization-CDC2026\lite_trials\sweep\pmin_only\checkpoints\best.pt,ppo,3000,C:\Users\erich\Documents\AFRL\Algebraic-Connectivity-Optimization-CDC2026\lite_trials\lite_config.yaml,full,32,0.855913978495,2,429,429,0.8559139784946237,9,0.8990810538347398,28.770593722711673,0.014850499999738531,0.014850499999738531,0.015241999999489053,backbone,envelope_only,envelope,420,26.0,0.00039149999975052197,False,,,False,1,envelope,64,4,RL+Backbone,2
best,C:\Users\erich\Documents\AFRL\Algebraic-Connectivity-Optimization-CDC2026\lite_trials\sweep\pmin_only\checkpoints\best.pt,ppo,3000,C:\Users\erich\Documents\AFRL\Algebraic-Connectivity-Optimization-CDC2026\lite_trials\lite_config.yaml,full,32,0.855913978495,3,429,429,0.8559139784946237,9,0.8990810538347398,28.770593722711673,0.015529999999671418,0.015529999999671418,0.01601570000002539,backbone,envelope_only,envelope,420,26.0,0.00048570000035397243,False,,,False,1,envelope,64,4,RL+Backbone,3
best,C:\Users\erich\Documents\AFRL\Algebraic-Connectivity-Optimization-CDC2026\lite_trials\sweep\pmin_only\checkpoints\best.pt,ppo,3000,C:\Users\erich\Documents\AFRL\Algebraic-Connectivity-Optimization-CDC2026\lite_trials\lite_config.yaml,full,32,0.855913978495,4,429,429,0.8559139784946237,9,0.8990810538347398,28.770593722711673,0.015689599999859638,0.015689599999859638,0.0161908999998559,backbone,envelope_only,envelope,420,26.0,0.0005012999999962631,False,,,False,1,envelope,64,4,RL+Backbone,4
best,C:\Users\erich\Documents\AFRL\Algebraic-Connectivity-Optimization-CDC2026\lite_trials\sweep\pmin_only\checkpoints\best.pt,ppo,3000,C:\Users\erich\Documents\AFRL\Algebraic-Connectivity-Optimization-CDC2026\lite_trials\lite_config.yaml,full,32,0.92688172043,0,462,462,0.9268817204301075,14,0.9429827803965973,30.175448972691115,0.027002099999663187,0.027002099999663187,0.02759189999960654,backbone,envelope_only,envelope,448,28.0,0.0005897999999433523,False,,,False,1,envelope,64,4,RL+Backbone,0
best,C:\Users\erich\Documents\AFRL\Algebraic-Connectivity-Optimization-CDC2026\lite_trials\sweep\pmin_only\checkpoints\best.pt,ppo,3000,C:\Users\erich\Documents\AFRL\Algebraic-Connectivity-Optimization-CDC2026\lite_trials\lite_config.yaml,full,32,0.92688172043,1,462,462,0.9268817204301075,14,0.9429827803965973,30.175448972691115,0.026065099999868835,0.026065099999868835,0.026646100000107253,backbone,envelope_only,envelope,448,28.0,0.0005810000002384186,False,,,False,1,envelope,64,4,RL+Backbone,1
best,C:\Users\erich\Documents\AFRL\Algebraic-Connectivity-Optimization-CDC2026\lite_trials\sweep\pmin_only\checkpoints\best.pt,ppo,3000,C:\Users\erich\Documents\AFRL\Algebraic-Connectivity-Optimization-CDC2026\lite_trials\lite_config.yaml,full,32,0.92688172043,2,462,462,0.9268817204301075,14,0.9429827803965973,30.175448972691115,0.022098899999946298,0.022098899999946298,0.022633999999925436,backbone,envelope_only,envelope,448,28.0,0.0005350999999791384,False,,,False,1,envelope,64,4,RL+Backbone,2
best,C:\Users\erich\Documents\AFRL\Algebraic-Connectivity-Optimization-CDC2026\lite_trials\sweep\pmin_only\checkpoints\best.pt,ppo,3000,C:\Users\erich\Documents\AFRL\Algebraic-Connectivity-Optimization-CDC2026\lite_trials\lite_config.yaml,full,32,0.92688172043,3,462,462,0.9268817204301075,14,0.9429827803965973,30.175448972691115,0.023237000000335684,0.023237000000335684,0.02375690000008035,backbone,envelope_only,envelope,448,28.0,0.0005198999997446663,False,,,False,1,envelope,64,4,RL+Backbone,3
best,C:\Users\erich\Documents\AFRL\Algebraic-Connectivity-Optimization-CDC2026\lite_trials\sweep\pmin_only\checkpoints\best.pt,ppo,3000,C:\Users\erich\Documents\AFRL\Algebraic-Connectivity-Optimization-CDC2026\lite_trials\lite_config.yaml,full,32,0.92688172043,4,462,462,0.9268817204301075,14,0.9429827803965973,30.175448972691115,0.024587800000517746,0.024587800000517746,0.025162100000670762,backbone,envelope_only,envelope,448,28.0,0.0005743000001530163,False,,,False,1,envelope,64,4,RL+Backbone,4
best,C:\Users\erich\Documents\AFRL\Algebraic-Connectivity-Optimization-CDC2026\lite_trials\sweep\pmin_only\checkpoints\best.pt,ppo,3000,C:\Users\erich\Documents\AFRL\Algebraic-Connectivity-Optimization-CDC2026\lite_trials\lite_config.yaml,full,32,0.997849462366,0,495,495,0.9978494623655914,15,0.9469720408970738,30.30310530870636,0.02398650000031921,0.02398650000031921,0.024469800000588293,backbone,envelope_only,envelope,480,30.0,0.0004833000002690824,False,,,False,1,envelope,64,4,RL+Backbone,0
best,C:\Users\erich\Documents\AFRL\Algebraic-Connectivity-Optimization-CDC2026\lite_trials\sweep\pmin_only\checkpoints\best.pt,ppo,3000,C:\Users\erich\Documents\AFRL\Algebraic-Connectivity-Optimization-CDC2026\lite_trials\lite_config.yaml,full,32,0.997849462366,1,495,495,0.9978494623655914,15,0.9469720408970738,30.30310530870636,0.021800900000016554,0.021800900000016554,0.022228099999665574,backbone,envelope_only,envelope,480,30.0,0.00042719999964901945,False,,,False,1,envelope,64,4,RL+Backbone,1
best,C:\Users\erich\Documents\AFRL\Algebraic-Connectivity-Optimization-CDC2026\lite_trials\sweep\pmin_only\checkpoints\best.pt,ppo,3000,C:\Users\erich\Documents\AFRL\Algebraic-Connectivity-Optimization-CDC2026\lite_trials\lite_config.yaml,full,32,0.997849462366,2,495,495,0.9978494623655914,15,0.9469720408970738,30.30310530870636,0.0196762999994462,0.0196762999994462,0.020276499999454245,backbone,envelope_only,envelope,480,30.0,0.0006002000000080443,False,,,False,1,envelope,64,4,RL+Backbone,2
best,C:\Users\erich\Documents\AFRL\Algebraic-Connectivity-Optimization-CDC2026\lite_trials\sweep\pmin_only\checkpoints\best.pt,ppo,3000,C:\Users\erich\Documents\AFRL\Algebraic-Connectivity-Optimization-CDC2026\lite_trials\lite_config.yaml,full,32,0.997849462366,3,495,495,0.9978494623655914,15,0.9469720408970738,30.30310530870636,0.025462599999627855,0.025462599999627855,0.02604429999973945,backbone,envelope_only,envelope,480,30.0,0.0005817000001115957,False,,,False,1,envelope,64,4,RL+Backbone,3
best,C:\Users\erich\Documents\AFRL\Algebraic-Connectivity-Optimization-CDC2026\lite_trials\sweep\pmin_only\checkpoints\best.pt,ppo,3000,C:\Users\erich\Documents\AFRL\Algebraic-Connectivity-Optimization-CDC2026\lite_trials\lite_config.yaml,full,32,0.997849462366,4,495,495,0.9978494623655914,15,0.9469720408970738,30.30310530870636,0.025256300000364718,0.025256300000364718,0.025774300001103256,backbone,envelope_only,envelope,480,30.0,0.0005180000007385388,False,,,False,1,envelope,64,4,RL+Backbone,4
best,C:\Users\erich\Documents\AFRL\Algebraic-Connectivity-Optimization-CDC2026\lite_trials\sweep\pmin_only\checkpoints\best.pt,ppo,3000,C:\Users\erich\Documents\AFRL\Algebraic-Connectivity-Optimization-CDC2026\lite_trials\lite_config.yaml,full,48,0.00092506938,0,48,48,0.0009250693802035153,1,0.003557716606791888,0.1707703971260106,0.0037822000003870926,0.0037822000003870926,0.0037822000003870926,path,path,path,47,0.0,0.0,False,,,False,1,path,64,4,RL+Path,0
best,C:\Users\erich\Documents\AFRL\Algebraic-Connectivity-Optimization-CDC2026\lite_trials\sweep\pmin_only\checkpoints\best.pt,ppo,3000,C:\Users\erich\Documents\AFRL\Algebraic-Connectivity-Optimization-CDC2026\lite_trials\lite_config.yaml,full,48,0.00092506938,1,48,48,0.0009250693802035153,1,0.003557716606791888,0.1707703971260106,0.0012110999996366445,0.0012110999996366445,0.0012110999996366445,path,path,path,47,0.0,0.0,False,,,False,1,path,64,4,RL+Path,1
best,C:\Users\erich\Documents\AFRL\Algebraic-Connectivity-Optimization-CDC2026\lite_trials\sweep\pmin_only\checkpoints\best.pt,ppo,3000,C:\Users\erich\Documents\AFRL\Algebraic-Connectivity-Optimization-CDC2026\lite_trials\lite_config.yaml,full,48,0.00092506938,2,48,48,0.0009250693802035153,1,0.003557716606791888,0.1707703971260106,0.0015131999998629908,0.0015131999998629908,0.0015131999998629908,path,path,path,47,0.0,0.0,False,,,False,1,path,64,4,RL+Path,2
best,C:\Users\erich\Documents\AFRL\Algebraic-Connectivity-Optimization-CDC2026\lite_trials\sweep\pmin_only\checkpoints\best.pt,ppo,3000,C:\Users\erich\Documents\AFRL\Algebraic-Connectivity-Optimization-CDC2026\lite_trials\lite_config.yaml,full,48,0.00092506938,3,48,48,0.0009250693802035153,1,0.003557716606791888,0.1707703971260106,0.0014547000000675325,0.0014547000000675325,0.0014547000000675325,path,path,path,47,0.0,0.0,False,,,False,1,path,64,4,RL+Path,3
best,C:\Users\erich\Documents\AFRL\Algebraic-Connectivity-Optimization-CDC2026\lite_trials\sweep\pmin_only\checkpoints\best.pt,ppo,3000,C:\Users\erich\Documents\AFRL\Algebraic-Connectivity-Optimization-CDC2026\lite_trials\lite_config.yaml,full,48,0.00092506938,4,48,48,0.0009250693802035153,1,0.003557716606791888,0.1707703971260106,0.0018175999994127778,0.0018175999994127778,0.0018175999994127778,path,path,path,47,0.0,0.0,False,,,False,1,path,64,4,RL+Path,4
best,C:\Users\erich\Documents\AFRL\Algebraic-Connectivity-Optimization-CDC2026\lite_trials\sweep\pmin_only\checkpoints\best.pt,ppo,3000,C:\Users\erich\Documents\AFRL\Algebraic-Connectivity-Optimization-CDC2026\lite_trials\lite_config.yaml,full,48,0.072155411656,0,125,125,0.07215541165587419,78,0.07804821734892779,3.746314432748534,0.09111250000023574,0.09111250000023574,0.09111250000023574,path,path,path,47,0.0,0.0,False,,,False,1,path,64,4,RL+Path,0
best,C:\Users\erich\Documents\AFRL\Algebraic-Connectivity-Optimization-CDC2026\lite_trials\sweep\pmin_only\checkpoints\best.pt,ppo,3000,C:\Users\erich\Documents\AFRL\Algebraic-Connectivity-Optimization-CDC2026\lite_trials\lite_config.yaml,full,48,0.072155411656,1,125,125,0.07215541165587419,78,0.07804821734892779,3.746314432748534,0.08771150000029593,0.08771150000029593,0.08771150000029593,path,path,path,47,0.0,0.0,False,,,False,1,path,64,4,RL+Path,1
best,C:\Users\erich\Documents\AFRL\Algebraic-Connectivity-Optimization-CDC2026\lite_trials\sweep\pmin_only\checkpoints\best.pt,ppo,3000,C:\Users\erich\Documents\AFRL\Algebraic-Connectivity-Optimization-CDC2026\lite_trials\lite_config.yaml,full,48,0.072155411656,2,125,125,0.07215541165587419,78,0.07804821734892779,3.746314432748534,0.08846189999985654,0.08846189999985654,0.08846189999985654,path,path,path,47,0.0,0.0,False,,,False,1,path,64,4,RL+Path,2
best,C:\Users\erich\Documents\AFRL\Algebraic-Connectivity-Optimization-CDC2026\lite_trials\sweep\pmin_only\checkpoints\best.pt,ppo,3000,C:\Users\erich\Documents\AFRL\Algebraic-Connectivity-Optimization-CDC2026\lite_trials\lite_config.yaml,full,48,0.072155411656,3,125,125,0.07215541165587419,78,0.07804821734892779,3.746314432748534,0.08191759999954229,0.08191759999954229,0.08191759999954229,path,path,path,47,0.0,0.0,False,,,False,1,path,64,4,RL+Path,3
best,C:\Users\erich\Documents\AFRL\Algebraic-Connectivity-Optimization-CDC2026\lite_trials\sweep\pmin_only\checkpoints\best.pt,ppo,3000,C:\Users\erich\Documents\AFRL\Algebraic-Connectivity-Optimization-CDC2026\lite_trials\lite_config.yaml,full,48,0.072155411656,4,125,125,0.07215541165587419,78,0.07804821734892779,3.746314432748534,0.10472799999934068,0.10472799999934068,0.10472799999934068,path,path,path,47,0.0,0.0,False,,,False,1,path,64,4,RL+Path,4
best,C:\Users\erich\Documents\AFRL\Algebraic-Connectivity-Optimization-CDC2026\lite_trials\sweep\pmin_only\checkpoints\best.pt,ppo,3000,C:\Users\erich\Documents\AFRL\Algebraic-Connectivity-Optimization-CDC2026\lite_trials\lite_config.yaml,full,48,0.143385753932,0,202,202,0.14338575393154487,155,0.2896942740016811,13.905325152080692,0.193005400000402,0.193005400000402,0.193005400000402,path,path,path,47,0.0,0.0,False,,,False,1,path,64,4,RL+Path,0
best,C:\Users\erich\Documents\AFRL\Algebraic-Connectivity-Optimization-CDC2026\lite_trials\sweep\pmin_only\checkpoints\best.pt,ppo,3000,C:\Users\erich\Documents\AFRL\Algebraic-Connectivity-Optimization-CDC2026\lite_trials\lite_config.yaml,full,48,0.143385753932,1,202,202,0.14338575393154487,155,0.2896942740016811,13.905325152080692,0.20236300000033225,0.20236300000033225,0.20236300000033225,path,path,path,47,0.0,0.0,False,,,False,1,path,64,4,RL+Path,1
best,C:\Users\erich\Documents\AFRL\Algebraic-Connectivity-Optimization-CDC2026\lite_trials\sweep\pmin_only\checkpoints\best.pt,ppo,3000,C:\Users\erich\Documents\AFRL\Algebraic-Connectivity-Optimization-CDC2026\lite_trials\lite_config.yaml,full,48,0.143385753932,2,202,202,0.14338575393154487,155,0.2896942740016811,13.905325152080692,0.21087299999999232,0.21087299999999232,0.21087299999999232,path,path,path,47,0.0,0.0,False,,,False,1,path,64,4,RL+Path,2
best,C:\Users\erich\Documents\AFRL\Algebraic-Connectivity-Optimization-CDC2026\lite_trials\sweep\pmin_only\checkpoints\best.pt,ppo,3000,C:\Users\erich\Documents\AFRL\Algebraic-Connectivity-Optimization-CDC2026\lite_trials\lite_config.yaml,full,48,0.143385753932,3,202,202,0.14338575393154487,155,0.2896942740016811,13.905325152080692,0.20136580000053073,0.20136580000053073,0.20136580000053073,path,path,path,47,0.0,0.0,False,,,False,1,path,64,4,RL+Path,3
best,C:\Users\erich\Documents\AFRL\Algebraic-Connectivity-Optimization-CDC2026\lite_trials\sweep\pmin_only\checkpoints\best.pt,ppo,3000,C:\Users\erich\Documents\AFRL\Algebraic-Connectivity-Optimization-CDC2026\lite_trials\lite_config.yaml,full,48,0.143385753932,4,202,202,0.14338575393154487,155,0.2896942740016811,13.905325152080692,0.2042711000003692,0.2042711000003692,0.2042711000003692,path,path,path,47,0.0,0.0,False,,,False,1,path,64,4,RL+Path,4
best,C:\Users\erich\Documents\AFRL\Algebraic-Connectivity-Optimization-CDC2026\lite_trials\sweep\pmin_only\checkpoints\best.pt,ppo,3000,C:\Users\erich\Documents\AFRL\Algebraic-Connectivity-Optimization-CDC2026\lite_trials\lite_config.yaml,full,48,0.214616096207,0,279,279,0.21461609620721553,232,0.1642930840030056,7.886068032144269,0.3081310999996276,0.3081310999996276,0.3081310999996276,path,path,path,47,0.0,0.0,False,,,False,1,path,64,4,RL+Path,0
best,C:\Users\erich\Documents\AFRL\Algebraic-Connectivity-Optimization-CDC2026\lite_trials\sweep\pmin_only\checkpoints\best.pt,ppo,3000,C:\Users\erich\Documents\AFRL\Algebraic-Connectivity-Optimization-CDC2026\lite_trials\lite_config.yaml,full,48,0.214616096207,1,279,279,0.21461609620721553,232,0.1642930840030056,7.886068032144269,0.3313402000003407,0.3313402000003407,0.3313402000003407,path,path,path,47,0.0,0.0,False,,,False,1,path,64,4,RL+Path,1
best,C:\Users\erich\Documents\AFRL\Algebraic-Connectivity-Optimization-CDC2026\lite_trials\sweep\pmin_only\checkpoints\best.pt,ppo,3000,C:\Users\erich\Documents\AFRL\Algebraic-Connectivity-Optimization-CDC2026\lite_trials\lite_config.yaml,full,48,0.214616096207,2,279,279,0.21461609620721553,232,0.1642930840030056,7.886068032144269,0.3246750999996948,0.3246750999996948,0.3246750999996948,path,path,path,47,0.0,0.0,False,,,False,1,path,64,4,RL+Path,2
best,C:\Users\erich\Documents\AFRL\Algebraic-Connectivity-Optimization-CDC2026\lite_trials\sweep\pmin_only\checkpoints\best.pt,ppo,3000,C:\Users\erich\Documents\AFRL\Algebraic-Connectivity-Optimization-CDC2026\lite_trials\lite_config.yaml,full,48,0.214616096207,3,279,279,0.21461609620721553,232,0.1642930840030056,7.886068032144269,0.30840360000001965,0.30840360000001965,0.30840360000001965,path,path,path,47,0.0,0.0,False,,,False,1,path,64,4,RL+Path,3
best,C:\Users\erich\Documents\AFRL\Algebraic-Connectivity-Optimization-CDC2026\lite_trials\sweep\pmin_only\checkpoints\best.pt,ppo,3000,C:\Users\erich\Documents\AFRL\Algebraic-Connectivity-Optimization-CDC2026\lite_trials\lite_config.yaml,full,48,0.214616096207,4,279,279,0.21461609620721553,232,0.1642930840030056,7.886068032144269,0.3196705000000293,0.3196705000000293,0.3196705000000293,path,path,path,47,0.0,0.0,False,,,False,1,path,64,4,RL+Path,4
best,C:\Users\erich\Documents\AFRL\Algebraic-Connectivity-Optimization-CDC2026\lite_trials\sweep\pmin_only\checkpoints\best.pt,ppo,3000,C:\Users\erich\Documents\AFRL\Algebraic-Connectivity-Optimization-CDC2026\lite_trials\lite_config.yaml,full,48,0.285846438483,0,356,356,0.2858464384828862,309,0.2488500151583283,11.944800727599759,0.4270831999992879,0.4270831999992879,0.4270831999992879,path,path,path,47,0.0,0.0,False,,,False,1,path,64,4,RL+Path,0
best,C:\Users\erich\Documents\AFRL\Algebraic-Connectivity-Optimization-CDC2026\lite_trials\sweep\pmin_only\checkpoints\best.pt,ppo,3000,C:\Users\erich\Documents\AFRL\Algebraic-Connectivity-Optimization-CDC2026\lite_trials\lite_config.yaml,full,48,0.285846438483,1,356,356,0.2858464384828862,309,0.2488500151583283,11.944800727599759,0.4455639000007068,0.4455639000007068,0.4455639000007068,path,path,path,47,0.0,0.0,False,,,False,1,path,64,4,RL+Path,1
best,C:\Users\erich\Documents\AFRL\Algebraic-Connectivity-Optimization-CDC2026\lite_trials\sweep\pmin_only\checkpoints\best.pt,ppo,3000,C:\Users\erich\Documents\AFRL\Algebraic-Connectivity-Optimization-CDC2026\lite_trials\lite_config.yaml,full,48,0.285846438483,2,356,356,0.2858464384828862,309,0.2488500151583283,11.944800727599759,0.4307403000002523,0.4307403000002523,0.4307403000002523,path,path,path,47,0.0,0.0,False,,,False,1,path,64,4,RL+Path,2
best,C:\Users\erich\Documents\AFRL\Algebraic-Connectivity-Optimization-CDC2026\lite_trials\sweep\pmin_only\checkpoints\best.pt,ppo,3000,C:\Users\erich\Documents\AFRL\Algebraic-Connectivity-Optimization-CDC2026\lite_trials\lite_config.yaml,full,48,0.285846438483,3,356,356,0.2858464384828862,309,0.2488500151583283,11.944800727599759,0.43788540000059584,0.43788540000059584,0.43788540000059584,path,path,path,47,0.0,0.0,False,,,False,1,path,64,4,RL+Path,3
best,C:\Users\erich\Documents\AFRL\Algebraic-Connectivity-Optimization-CDC2026\lite_trials\sweep\pmin_only\checkpoints\best.pt,ppo,3000,C:\Users\erich\Documents\AFRL\Algebraic-Connectivity-Optimization-CDC2026\lite_trials\lite_config.yaml,full,48,0.285846438483,4,356,356,0.2858464384828862,309,0.2488500151583283,11.944800727599759,0.45178279999981896,0.45178279999981896,0.45178279999981896,path,path,path,47,0.0,0.0,False,,,False,1,path,64,4,RL+Path,4
best,C:\Users\erich\Documents\AFRL\Algebraic-Connectivity-Optimization-CDC2026\lite_trials\sweep\pmin_only\checkpoints\best.pt,ppo,3000,C:\Users\erich\Documents\AFRL\Algebraic-Connectivity-Optimization-CDC2026\lite_trials\lite_config.yaml,full,48,0.357076780759,0,433,433,0.35707678075855687,386,0.2512606185671881,12.060509691225029,0.5859539000002769,0.5859539000002769,0.5859539000002769,path,path,path,47,0.0,0.0,False,,,False,1,path,64,4,RL+Path,0
best,C:\Users\erich\Documents\AFRL\Algebraic-Connectivity-Optimization-CDC2026\lite_trials\sweep\pmin_only\checkpoints\best.pt,ppo,3000,C:\Users\erich\Documents\AFRL\Algebraic-Connectivity-Optimization-CDC2026\lite_trials\lite_config.yaml,full,48,0.357076780759,1,433,433,0.35707678075855687,386,0.2512606185671881,12.060509691225029,0.5864061000002039,0.5864061000002039,0.5864061000002039,path,path,path,47,0.0,0.0,False,,,False,1,path,64,4,RL+Path,1
best,C:\Users\erich\Documents\AFRL\Algebraic-Connectivity-Optimization-CDC2026\lite_trials\sweep\pmin_only\checkpoints\best.pt,ppo,3000,C:\Users\erich\Documents\AFRL\Algebraic-Connectivity-Optimization-CDC2026\lite_trials\lite_config.yaml,full,48,0.357076780759,2,433,433,0.35707678075855687,386,0.2512606185671881,12.060509691225029,0.6026461000001291,0.6026461000001291,0.6026461000001291,path,path,path,47,0.0,0.0,False,,,False,1,path,64,4,RL+Path,2
best,C:\Users\erich\Documents\AFRL\Algebraic-Connectivity-Optimization-CDC2026\lite_trials\sweep\pmin_only\checkpoints\best.pt,ppo,3000,C:\Users\erich\Documents\AFRL\Algebraic-Connectivity-Optimization-CDC2026\lite_trials\lite_config.yaml,full,48,0.357076780759,3,433,433,0.35707678075855687,386,0.2512606185671881,12.060509691225029,0.6028224000001501,0.6028224000001501,0.6028224000001501,path,path,path,47,0.0,0.0,False,,,False,1,path,64,4,RL+Path,3
best,C:\Users\erich\Documents\AFRL\Algebraic-Connectivity-Optimization-CDC2026\lite_trials\sweep\pmin_only\checkpoints\best.pt,ppo,3000,C:\Users\erich\Documents\AFRL\Algebraic-Connectivity-Optimization-CDC2026\lite_trials\lite_config.yaml,full,48,0.357076780759,4,433,433,0.35707678075855687,386,0.2512606185671881,12.060509691225029,0.5774817000001349,0.5774817000001349,0.5774817000001349,path,path,path,47,0.0,0.0,False,,,False,1,path,64,4,RL+Path,4
best,C:\Users\erich\Documents\AFRL\Algebraic-Connectivity-Optimization-CDC2026\lite_trials\sweep\pmin_only\checkpoints\best.pt,ppo,3000,C:\Users\erich\Documents\AFRL\Algebraic-Connectivity-Optimization-CDC2026\lite_trials\lite_config.yaml,full,48,0.428307123034,0,510,510,0.4283071230342276,463,0.4110400784038765,19.729923763386072,0.7270213000001604,0.7270213000001604,0.7270213000001604,path,path,path,47,0.0,0.0,False,,,False,1,path,64,4,RL+Path,0
best,C:\Users\erich\Documents\AFRL\Algebraic-Connectivity-Optimization-CDC2026\lite_trials\sweep\pmin_only\checkpoints\best.pt,ppo,3000,C:\Users\erich\Documents\AFRL\Algebraic-Connectivity-Optimization-CDC2026\lite_trials\lite_config.yaml,full,48,0.428307123034,1,510,510,0.4283071230342276,463,0.4110400784038765,19.729923763386072,0.7466251999994711,0.7466251999994711,0.7466251999994711,path,path,path,47,0.0,0.0,False,,,False,1,path,64,4,RL+Path,1
best,C:\Users\erich\Documents\AFRL\Algebraic-Connectivity-Optimization-CDC2026\lite_trials\sweep\pmin_only\checkpoints\best.pt,ppo,3000,C:\Users\erich\Documents\AFRL\Algebraic-Connectivity-Optimization-CDC2026\lite_trials\lite_config.yaml,full,48,0.428307123034,2,510,510,0.4283071230342276,463,0.4110400784038765,19.729923763386072,0.7522107000004326,0.7522107000004326,0.7522107000004326,path,path,path,47,0.0,0.0,False,,,False,1,path,64,4,RL+Path,2
best,C:\Users\erich\Documents\AFRL\Algebraic-Connectivity-Optimization-CDC2026\lite_trials\sweep\pmin_only\checkpoints\best.pt,ppo,3000,C:\Users\erich\Documents\AFRL\Algebraic-Connectivity-Optimization-CDC2026\lite_trials\lite_config.yaml,full,48,0.428307123034,3,510,510,0.4283071230342276,463,0.4110400784038765,19.729923763386072,0.7301080999995975,0.7301080999995975,0.7301080999995975,path,path,path,47,0.0,0.0,False,,,False,1,path,64,4,RL+Path,3
best,C:\Users\erich\Documents\AFRL\Algebraic-Connectivity-Optimization-CDC2026\lite_trials\sweep\pmin_only\checkpoints\best.pt,ppo,3000,C:\Users\erich\Documents\AFRL\Algebraic-Connectivity-Optimization-CDC2026\lite_trials\lite_config.yaml,full,48,0.428307123034,4,510,510,0.4283071230342276,463,0.4110400784038765,19.729923763386072,0.8854306000002907,0.8854306000002907,0.8854306000002907,path,path,path,47,0.0,0.0,False,,,False,1,path,64,4,RL+Path,4
best,C:\Users\erich\Documents\AFRL\Algebraic-Connectivity-Optimization-CDC2026\lite_trials\sweep\pmin_only\checkpoints\best.pt,ppo,3000,C:\Users\erich\Documents\AFRL\Algebraic-Connectivity-Optimization-CDC2026\lite_trials\lite_config.yaml,full,48,0.50046253469,0,588,588,0.5004625346901017,541,0.5146196164951414,24.70174159176679,0.9415610000005472,0.9415610000005472,0.9415610000005472,path,path,path,47,0.0,0.0,False,,,False,1,path,64,4,RL+Path,0
best,C:\Users\erich\Documents\AFRL\Algebraic-Connectivity-Optimization-CDC2026\lite_trials\sweep\pmin_only\checkpoints\best.pt,ppo,3000,C:\Users\erich\Documents\AFRL\Algebraic-Connectivity-Optimization-CDC2026\lite_trials\lite_config.yaml,full,48,0.50046253469,1,588,588,0.5004625346901017,541,0.5146196164951414,24.70174159176679,0.9976375000005646,0.9976375000005646,0.9976375000005646,path,path,path,47,0.0,0.0,False,,,False,1,path,64,4,RL+Path,1
best,C:\Users\erich\Documents\AFRL\Algebraic-Connectivity-Optimization-CDC2026\lite_trials\sweep\pmin_only\checkpoints\best.pt,ppo,3000,C:\Users\erich\Documents\AFRL\Algebraic-Connectivity-Optimization-CDC2026\lite_trials\lite_config.yaml,full,48,0.50046253469,2,588,588,0.5004625346901017,541,0.5146196164951414,24.70174159176679,0.908087699999669,0.908087699999669,0.908087699999669,path,path,path,47,0.0,0.0,False,,,False,1,path,64,4,RL+Path,2
best,C:\Users\erich\Documents\AFRL\Algebraic-Connectivity-Optimization-CDC2026\lite_trials\sweep\pmin_only\checkpoints\best.pt,ppo,3000,C:\Users\erich\Documents\AFRL\Algebraic-Connectivity-Optimization-CDC2026\lite_trials\lite_config.yaml,full,48,0.50046253469,3,588,588,0.5004625346901017,541,0.5146196164951414,24.70174159176679,0.8662286999997377,0.8662286999997377,0.8662286999997377,path,path,path,47,0.0,0.0,False,,,False,1,path,64,4,RL+Path,3
best,C:\Users\erich\Documents\AFRL\Algebraic-Connectivity-Optimization-CDC2026\lite_trials\sweep\pmin_only\checkpoints\best.pt,ppo,3000,C:\Users\erich\Documents\AFRL\Algebraic-Connectivity-Optimization-CDC2026\lite_trials\lite_config.yaml,full,48,0.50046253469,4,588,588,0.5004625346901017,541,0.5146196164951414,24.70174159176679,0.8783555999998498,0.8783555999998498,0.8783555999998498,path,path,path,47,0.0,0.0,False,,,False,1,path,64,4,RL+Path,4
best,C:\Users\erich\Documents\AFRL\Algebraic-Connectivity-Optimization-CDC2026\lite_trials\sweep\pmin_only\checkpoints\best.pt,ppo,3000,C:\Users\erich\Documents\AFRL\Algebraic-Connectivity-Optimization-CDC2026\lite_trials\lite_config.yaml,full,48,0.571692876966,0,665,665,0.5716928769657724,618,0.5181589713036779,24.87163062257654,1.0505614999992758,1.0505614999992758,1.0505614999992758,path,path,path,47,0.0,0.0,False,,,False,1,path,64,4,RL+Path,0
best,C:\Users\erich\Documents\AFRL\Algebraic-Connectivity-Optimization-CDC2026\lite_trials\sweep\pmin_only\checkpoints\best.pt,ppo,3000,C:\Users\erich\Documents\AFRL\Algebraic-Connectivity-Optimization-CDC2026\lite_trials\lite_config.yaml,full,48,0.571692876966,1,665,665,0.5716928769657724,618,0.5181589713036779,24.87163062257654,1.0506372000008923,1.0506372000008923,1.0506372000008923,path,path,path,47,0.0,0.0,False,,,False,1,path,64,4,RL+Path,1
best,C:\Users\erich\Documents\AFRL\Algebraic-Connectivity-Optimization-CDC2026\lite_trials\sweep\pmin_only\checkpoints\best.pt,ppo,3000,C:\Users\erich\Documents\AFRL\Algebraic-Connectivity-Optimization-CDC2026\lite_trials\lite_config.yaml,full,48,0.571692876966,2,665,665,0.5716928769657724,618,0.5181589713036779,24.87163062257654,1.020348200000626,1.020348200000626,1.020348200000626,path,path,path,47,0.0,0.0,False,,,False,1,path,64,4,RL+Path,2
best,C:\Users\erich\Documents\AFRL\Algebraic-Connectivity-Optimization-CDC2026\lite_trials\sweep\pmin_only\checkpoints\best.pt,ppo,3000,C:\Users\erich\Documents\AFRL\Algebraic-Connectivity-Optimization-CDC2026\lite_trials\lite_config.yaml,full,48,0.571692876966,3,665,665,0.5716928769657724,618,0.5181589713036779,24.87163062257654,1.0158816000002844,1.0158816000002844,1.0158816000002844,path,path,path,47,0.0,0.0,False,,,False,1,path,64,4,RL+Path,3
best,C:\Users\erich\Documents\AFRL\Algebraic-Connectivity-Optimization-CDC2026\lite_trials\sweep\pmin_only\checkpoints\best.pt,ppo,3000,C:\Users\erich\Documents\AFRL\Algebraic-Connectivity-Optimization-CDC2026\lite_trials\lite_config.yaml,full,48,0.571692876966,4,665,665,0.5716928769657724,618,0.5181589713036779,24.87163062257654,1.0077508000003945,1.0077508000003945,1.0077508000003945,path,path,path,47,0.0,0.0,False,,,False,1,path,64,4,RL+Path,4
best,C:\Users\erich\Documents\AFRL\Algebraic-Connectivity-Optimization-CDC2026\lite_trials\sweep\pmin_only\checkpoints\best.pt,ppo,3000,C:\Users\erich\Documents\AFRL\Algebraic-Connectivity-Optimization-CDC2026\lite_trials\lite_config.yaml,full,48,0.642923219241,0,742,742,0.6429232192414431,695,0.6547804244438771,31.4294603733061,1.2112612999999328,1.2112612999999328,1.2112612999999328,path,path,path,47,0.0,0.0,False,,,False,1,path,64,4,RL+Path,0
best,C:\Users\erich\Documents\AFRL\Algebraic-Connectivity-Optimization-CDC2026\lite_trials\sweep\pmin_only\checkpoints\best.pt,ppo,3000,C:\Users\erich\Documents\AFRL\Algebraic-Connectivity-Optimization-CDC2026\lite_trials\lite_config.yaml,full,48,0.642923219241,1,742,742,0.6429232192414431,695,0.6547804244438771,31.4294603733061,1.1707527999997183,1.1707527999997183,1.1707527999997183,path,path,path,47,0.0,0.0,False,,,False,1,path,64,4,RL+Path,1
best,C:\Users\erich\Documents\AFRL\Algebraic-Connectivity-Optimization-CDC2026\lite_trials\sweep\pmin_only\checkpoints\best.pt,ppo,3000,C:\Users\erich\Documents\AFRL\Algebraic-Connectivity-Optimization-CDC2026\lite_trials\lite_config.yaml,full,48,0.642923219241,2,742,742,0.6429232192414431,695,0.6547804244438771,31.4294603733061,1.1904794000001857,1.1904794000001857,1.1904794000001857,path,path,path,47,0.0,0.0,False,,,False,1,path,64,4,RL+Path,2
best,C:\Users\erich\Documents\AFRL\Algebraic-Connectivity-Optimization-CDC2026\lite_trials\sweep\pmin_only\checkpoints\best.pt,ppo,3000,C:\Users\erich\Documents\AFRL\Algebraic-Connectivity-Optimization-CDC2026\lite_trials\lite_config.yaml,full,48,0.642923219241,3,742,742,0.6429232192414431,695,0.6547804244438771,31.4294603733061,1.172137799999291,1.172137799999291,1.172137799999291,path,path,path,47,0.0,0.0,False,,,False,1,path,64,4,RL+Path,3
best,C:\Users\erich\Documents\AFRL\Algebraic-Connectivity-Optimization-CDC2026\lite_trials\sweep\pmin_only\checkpoints\best.pt,ppo,3000,C:\Users\erich\Documents\AFRL\Algebraic-Connectivity-Optimization-CDC2026\lite_trials\lite_config.yaml,full,48,0.642923219241,4,742,742,0.6429232192414431,695,0.6547804244438771,31.4294603733061,1.187655800000357,1.187655800000357,1.187655800000357,path,path,path,47,0.0,0.0,False,,,False,1,path,64,4,RL+Path,4
best,C:\Users\erich\Documents\AFRL\Algebraic-Connectivity-Optimization-CDC2026\lite_trials\sweep\pmin_only\checkpoints\best.pt,ppo,3000,C:\Users\erich\Documents\AFRL\Algebraic-Connectivity-Optimization-CDC2026\lite_trials\lite_config.yaml,full,48,0.714153561517,0,819,819,0.7141535615171137,772,0.6419082200185321,30.81159456088954,1.3680484999995315,1.3680484999995315,1.3680484999995315,path,path,path,47,0.0,0.0,False,,,False,1,path,64,4,RL+Path,0
best,C:\Users\erich\Documents\AFRL\Algebraic-Connectivity-Optimization-CDC2026\lite_trials\sweep\pmin_only\checkpoints\best.pt,ppo,3000,C:\Users\erich\Documents\AFRL\Algebraic-Connectivity-Optimization-CDC2026\lite_trials\lite_config.yaml,full,48,0.714153561517,1,819,819,0.7141535615171137,772,0.6419082200185321,30.81159456088954,1.3752093000002787,1.3752093000002787,1.3752093000002787,path,path,path,47,0.0,0.0,False,,,False,1,path,64,4,RL+Path,1
best,C:\Users\erich\Documents\AFRL\Algebraic-Connectivity-Optimization-CDC2026\lite_trials\sweep\pmin_only\checkpoints\best.pt,ppo,3000,C:\Users\erich\Documents\AFRL\Algebraic-Connectivity-Optimization-CDC2026\lite_trials\lite_config.yaml,full,48,0.714153561517,2,819,819,0.7141535615171137,772,0.6419082200185321,30.81159456088954,1.3378278000000137,1.3378278000000137,1.3378278000000137,path,path,path,47,0.0,0.0,False,,,False,1,path,64,4,RL+Path,2
best,C:\Users\erich\Documents\AFRL\Algebraic-Connectivity-Optimization-CDC2026\lite_trials\sweep\pmin_only\checkpoints\best.pt,ppo,3000,C:\Users\erich\Documents\AFRL\Algebraic-Connectivity-Optimization-CDC2026\lite_trials\lite_config.yaml,full,48,0.714153561517,3,819,819,0.7141535615171137,772,0.6419082200185321,30.81159456088954,1.3197583000001032,1.3197583000001032,1.3197583000001032,path,path,path,47,0.0,0.0,False,,,False,1,path,64,4,RL+Path,3
best,C:\Users\erich\Documents\AFRL\Algebraic-Connectivity-Optimization-CDC2026\lite_trials\sweep\pmin_only\checkpoints\best.pt,ppo,3000,C:\Users\erich\Documents\AFRL\Algebraic-Connectivity-Optimization-CDC2026\lite_trials\lite_config.yaml,full,48,0.714153561517,4,819,819,0.7141535615171137,772,0.6419082200185321,30.81159456088954,1.3678882000003796,1.3678882000003796,1.3678882000003796,path,path,path,47,0.0,0.0,False,,,False,1,path,64,4,RL+Path,4
best,C:\Users\erich\Documents\AFRL\Algebraic-Connectivity-Optimization-CDC2026\lite_trials\sweep\pmin_only\checkpoints\best.pt,ppo,3000,C:\Users\erich\Documents\AFRL\Algebraic-Connectivity-Optimization-CDC2026\lite_trials\lite_config.yaml,full,48,0.785383903793,0,896,896,0.7853839037927844,849,0.861167577065398,41.336043699139104,1.5287050000006275,1.5287050000006275,1.5287050000006275,path,path,path,47,0.0,0.0,False,,,False,1,path,64,4,RL+Path,0
best,C:\Users\erich\Documents\AFRL\Algebraic-Connectivity-Optimization-CDC2026\lite_trials\sweep\pmin_only\checkpoints\best.pt,ppo,3000,C:\Users\erich\Documents\AFRL\Algebraic-Connectivity-Optimization-CDC2026\lite_trials\lite_config.yaml,full,48,0.785383903793,1,896,896,0.7853839037927844,849,0.861167577065398,41.336043699139104,1.5113218999995297,1.5113218999995297,1.5113218999995297,path,path,path,47,0.0,0.0,False,,,False,1,path,64,4,RL+Path,1
best,C:\Users\erich\Documents\AFRL\Algebraic-Connectivity-Optimization-CDC2026\lite_trials\sweep\pmin_only\checkpoints\best.pt,ppo,3000,C:\Users\erich\Documents\AFRL\Algebraic-Connectivity-Optimization-CDC2026\lite_trials\lite_config.yaml,full,48,0.785383903793,2,896,896,0.7853839037927844,849,0.861167577065398,41.336043699139104,1.5500779000003604,1.5500779000003604,1.5500779000003604,path,path,path,47,0.0,0.0,False,,,False,1,path,64,4,RL+Path,2
best,C:\Users\erich\Documents\AFRL\Algebraic-Connectivity-Optimization-CDC2026\lite_trials\sweep\pmin_only\checkpoints\best.pt,ppo,3000,C:\Users\erich\Documents\AFRL\Algebraic-Connectivity-Optimization-CDC2026\lite_trials\lite_config.yaml,full,48,0.785383903793,3,896,896,0.7853839037927844,849,0.861167577065398,41.336043699139104,1.5424732999999833,1.5424732999999833,1.5424732999999833,path,path,path,47,0.0,0.0,False,,,False,1,path,64,4,RL+Path,3
best,C:\Users\erich\Documents\AFRL\Algebraic-Connectivity-Optimization-CDC2026\lite_trials\sweep\pmin_only\checkpoints\best.pt,ppo,3000,C:\Users\erich\Documents\AFRL\Algebraic-Connectivity-Optimization-CDC2026\lite_trials\lite_config.yaml,full,48,0.785383903793,4,896,896,0.7853839037927844,849,0.861167577065398,41.336043699139104,1.5686656000007133,1.5686656000007133,1.5686656000007133,path,path,path,47,0.0,0.0,False,,,False,1,path,64,4,RL+Path,4
best,C:\Users\erich\Documents\AFRL\Algebraic-Connectivity-Optimization-CDC2026\lite_trials\sweep\pmin_only\checkpoints\best.pt,ppo,3000,C:\Users\erich\Documents\AFRL\Algebraic-Connectivity-Optimization-CDC2026\lite_trials\lite_config.yaml,full,48,0.856614246068,0,973,973,0.8566142460684552,926,0.9196803327862817,44.14465597374152,1.7116809000008288,1.7116809000008288,1.7116809000008288,path,path,path,47,0.0,0.0,False,,,False,1,path,64,4,RL+Path,0
best,C:\Users\erich\Documents\AFRL\Algebraic-Connectivity-Optimization-CDC2026\lite_trials\sweep\pmin_only\checkpoints\best.pt,ppo,3000,C:\Users\erich\Documents\AFRL\Algebraic-Connectivity-Optimization-CDC2026\lite_trials\lite_config.yaml,full,48,0.856614246068,1,973,973,0.8566142460684552,926,0.9196803327862817,44.14465597374152,1.7893487000001187,1.7893487000001187,1.7893487000001187,path,path,path,47,0.0,0.0,False,,,False,1,path,64,4,RL+Path,1
best,C:\Users\erich\Documents\AFRL\Algebraic-Connectivity-Optimization-CDC2026\lite_trials\sweep\pmin_only\checkpoints\best.pt,ppo,3000,C:\Users\erich\Documents\AFRL\Algebraic-Connectivity-Optimization-CDC2026\lite_trials\lite_config.yaml,full,48,0.856614246068,2,973,973,0.8566142460684552,926,0.9196803327862817,44.14465597374152,1.710417100000086,1.710417100000086,1.710417100000086,path,path,path,47,0.0,0.0,False,,,False,1,path,64,4,RL+Path,2
best,C:\Users\erich\Documents\AFRL\Algebraic-Connectivity-Optimization-CDC2026\lite_trials\sweep\pmin_only\checkpoints\best.pt,ppo,3000,C:\Users\erich\Documents\AFRL\Algebraic-Connectivity-Optimization-CDC2026\lite_trials\lite_config.yaml,full,48,0.856614246068,3,973,973,0.8566142460684552,926,0.9196803327862817,44.14465597374152,1.697939600000609,1.697939600000609,1.697939600000609,path,path,path,47,0.0,0.0,False,,,False,1,path,64,4,RL+Path,3
best,C:\Users\erich\Documents\AFRL\Algebraic-Connectivity-Optimization-CDC2026\lite_trials\sweep\pmin_only\checkpoints\best.pt,ppo,3000,C:\Users\erich\Documents\AFRL\Algebraic-Connectivity-Optimization-CDC2026\lite_trials\lite_config.yaml,full,48,0.856614246068,4,973,973,0.8566142460684552,926,0.9196803327862817,44.14465597374152,1.712311000000227,1.712311000000227,1.712311000000227,path,path,path,47,0.0,0.0,False,,,False,1,path,64,4,RL+Path,4
best,C:\Users\erich\Documents\AFRL\Algebraic-Connectivity-Optimization-CDC2026\lite_trials\sweep\pmin_only\checkpoints\best.pt,ppo,3000,C:\Users\erich\Documents\AFRL\Algebraic-Connectivity-Optimization-CDC2026\lite_trials\lite_config.yaml,full,48,0.927844588344,0,1050,1050,0.9278445883441259,1003,0.9357112907980415,44.91414195830599,1.9211224000000584,1.9211224000000584,1.9211224000000584,path,path,path,47,0.0,0.0,False,,,False,1,path,64,4,RL+Path,0
best,C:\Users\erich\Documents\AFRL\Algebraic-Connectivity-Optimization-CDC2026\lite_trials\sweep\pmin_only\checkpoints\best.pt,ppo,3000,C:\Users\erich\Documents\AFRL\Algebraic-Connectivity-Optimization-CDC2026\lite_trials\lite_config.yaml,full,48,0.927844588344,1,1050,1050,0.9278445883441259,1003,0.9357112907980415,44.91414195830599,1.9282241999999314,1.9282241999999314,1.9282241999999314,path,path,path,47,0.0,0.0,False,,,False,1,path,64,4,RL+Path,1
best,C:\Users\erich\Documents\AFRL\Algebraic-Connectivity-Optimization-CDC2026\lite_trials\sweep\pmin_only\checkpoints\best.pt,ppo,3000,C:\Users\erich\Documents\AFRL\Algebraic-Connectivity-Optimization-CDC2026\lite_trials\lite_config.yaml,full,48,0.927844588344,2,1050,1050,0.9278445883441259,1003,0.9357112907980415,44.91414195830599,1.993362299999717,1.993362299999717,1.993362299999717,path,path,path,47,0.0,0.0,False,,,False,1,path,64,4,RL+Path,2
best,C:\Users\erich\Documents\AFRL\Algebraic-Connectivity-Optimization-CDC2026\lite_trials\sweep\pmin_only\checkpoints\best.pt,ppo,3000,C:\Users\erich\Documents\AFRL\Algebraic-Connectivity-Optimization-CDC2026\lite_trials\lite_config.yaml,full,48,0.927844588344,3,1050,1050,0.9278445883441259,1003,0.9357112907980415,44.91414195830599,2.053432800000337,2.053432800000337,2.053432800000337,path,path,path,47,0.0,0.0,False,,,False,1,path,64,4,RL+Path,3
best,C:\Users\erich\Documents\AFRL\Algebraic-Connectivity-Optimization-CDC2026\lite_trials\sweep\pmin_only\checkpoints\best.pt,ppo,3000,C:\Users\erich\Documents\AFRL\Algebraic-Connectivity-Optimization-CDC2026\lite_trials\lite_config.yaml,full,48,0.927844588344,4,1050,1050,0.9278445883441259,1003,0.9357112907980415,44.91414195830599,1.9666326999995363,1.9666326999995363,1.9666326999995363,path,path,path,47,0.0,0.0,False,,,False,1,path,64,4,RL+Path,4
best,C:\Users\erich\Documents\AFRL\Algebraic-Connectivity-Optimization-CDC2026\lite_trials\sweep\pmin_only\checkpoints\best.pt,ppo,3000,C:\Users\erich\Documents\AFRL\Algebraic-Connectivity-Optimization-CDC2026\lite_trials\lite_config.yaml,full,48,0.99907493062,0,1127,1127,0.9990749306197965,1080,1.0000000000000002,48.000000000000014,2.164171799999167,2.164171799999167,2.164171799999167,path,path,path,47,0.0,0.0,False,,,False,1,path,64,4,RL+Path,0
best,C:\Users\erich\Documents\AFRL\Algebraic-Connectivity-Optimization-CDC2026\lite_trials\sweep\pmin_only\checkpoints\best.pt,ppo,3000,C:\Users\erich\Documents\AFRL\Algebraic-Connectivity-Optimization-CDC2026\lite_trials\lite_config.yaml,full,48,0.99907493062,1,1127,1127,0.9990749306197965,1080,1.0000000000000002,48.000000000000014,2.1492968000002293,2.1492968000002293,2.1492968000002293,path,path,path,47,0.0,0.0,False,,,False,1,path,64,4,RL+Path,1
best,C:\Users\erich\Documents\AFRL\Algebraic-Connectivity-Optimization-CDC2026\lite_trials\sweep\pmin_only\checkpoints\best.pt,ppo,3000,C:\Users\erich\Documents\AFRL\Algebraic-Connectivity-Optimization-CDC2026\lite_trials\lite_config.yaml,full,48,0.99907493062,2,1127,1127,0.9990749306197965,1080,1.0000000000000002,48.000000000000014,2.0938481000002866,2.0938481000002866,2.0938481000002866,path,path,path,47,0.0,0.0,False,,,False,1,path,64,4,RL+Path,2
best,C:\Users\erich\Documents\AFRL\Algebraic-Connectivity-Optimization-CDC2026\lite_trials\sweep\pmin_only\checkpoints\best.pt,ppo,3000,C:\Users\erich\Documents\AFRL\Algebraic-Connectivity-Optimization-CDC2026\lite_trials\lite_config.yaml,full,48,0.99907493062,3,1127,1127,0.9990749306197965,1080,1.0000000000000002,48.000000000000014,2.191000100000565,2.191000100000565,2.191000100000565,path,path,path,47,0.0,0.0,False,,,False,1,path,64,4,RL+Path,3
best,C:\Users\erich\Documents\AFRL\Algebraic-Connectivity-Optimization-CDC2026\lite_trials\sweep\pmin_only\checkpoints\best.pt,ppo,3000,C:\Users\erich\Documents\AFRL\Algebraic-Connectivity-Optimization-CDC2026\lite_trials\lite_config.yaml,full,48,0.99907493062,4,1127,1127,0.9990749306197965,1080,1.0000000000000002,48.000000000000014,2.103465099999994,2.103465099999994,2.103465099999994,path,path,path,47,0.0,0.0,False,,,False,1,path,64,4,RL+Path,4
best,C:\Users\erich\Documents\AFRL\Algebraic-Connectivity-Optimization-CDC2026\lite_trials\sweep\pmin_only\checkpoints\best.pt,ppo,3000,C:\Users\erich\Documents\AFRL\Algebraic-Connectivity-Optimization-CDC2026\lite_trials\lite_config.yaml,full,48,0.00092506938,0,48,48,0.0009250693802035153,1,0.020833333333333277,0.9999999999999973,0.0037423000003400375,0.0037423000003400375,0.00425210000048537,backbone,envelope_only,envelope,47,1.0,0.0005098000001453329,False,,,False,1,envelope,64,4,RL+Backbone,0
best,C:\Users\erich\Documents\AFRL\Algebraic-Connectivity-Optimization-CDC2026\lite_trials\sweep\pmin_only\checkpoints\best.pt,ppo,3000,C:\Users\erich\Documents\AFRL\Algebraic-Connectivity-Optimization-CDC2026\lite_trials\lite_config.yaml,full,48,0.00092506938,1,48,48,0.0009250693802035153,1,0.020833333333333277,0.9999999999999973,0.0015636000007361872,0.0015636000007361872,0.0017331000008198316,backbone,envelope_only,envelope,47,1.0,0.0001695000000836444,False,,,False,1,envelope,64,4,RL+Backbone,1
best,C:\Users\erich\Documents\AFRL\Algebraic-Connectivity-Optimization-CDC2026\lite_trials\sweep\pmin_only\checkpoints\best.pt,ppo,3000,C:\Users\erich\Documents\AFRL\Algebraic-Connectivity-Optimization-CDC2026\lite_trials\lite_config.yaml,full,48,0.00092506938,2,48,48,0.0009250693802035153,1,0.020833333333333277,0.9999999999999973,0.0012311999998928513,0.0012311999998928513,0.0013501000003088848,backbone,envelope_only,envelope,47,1.0,0.00011890000041603344,False,,,False,1,envelope,64,4,RL+Backbone,2
best,C:\Users\erich\Documents\AFRL\Algebraic-Connectivity-Optimization-CDC2026\lite_trials\sweep\pmin_only\checkpoints\best.pt,ppo,3000,C:\Users\erich\Documents\AFRL\Algebraic-Connectivity-Optimization-CDC2026\lite_trials\lite_config.yaml,full,48,0.00092506938,3,48,48,0.0009250693802035153,1,0.020833333333333277,0.9999999999999973,0.0013172999997550505,0.0013172999997550505,0.0014348999993671896,backbone,envelope_only,envelope,47,1.0,0.00011759999961213907,False,,,False,1,envelope,64,4,RL+Backbone,3
best,C:\Users\erich\Documents\AFRL\Algebraic-Connectivity-Optimization-CDC2026\lite_trials\sweep\pmin_only\checkpoints\best.pt,ppo,3000,C:\Users\erich\Documents\AFRL\Algebraic-Connectivity-Optimization-CDC2026\lite_trials\lite_config.yaml,full,48,0.00092506938,4,48,48,0.0009250693802035153,1,0.020833333333333277,0.9999999999999973,0.0014152000003377907,0.0014152000003377907,0.0015348000006270013,backbone,envelope_only,envelope,47,1.0,0.00011960000028921058,False,,,False,1,envelope,64,4,RL+Backbone,4
best,C:\Users\erich\Documents\AFRL\Algebraic-Connectivity-Optimization-CDC2026\lite_trials\sweep\pmin_only\checkpoints\best.pt,ppo,3000,C:\Users\erich\Documents\AFRL\Algebraic-Connectivity-Optimization-CDC2026\lite_trials\lite_config.yaml,full,48,0.072155411656,0,125,125,0.07215541165587419,5,0.07625170159058983,3.660081676348312,0.044375399999807996,0.044375399999807996,0.044586099999833095,backbone,both,cayley,120,2.7639320225002084,0.03134260000024369,False,2,,True,2,"cayley,envelope",64,4,RL+Backbone,0
best,C:\Users\erich\Documents\AFRL\Algebraic-Connectivity-Optimization-CDC2026\lite_trials\sweep\pmin_only\checkpoints\best.pt,ppo,3000,C:\Users\erich\Documents\AFRL\Algebraic-Connectivity-Optimization-CDC2026\lite_trials\lite_config.yaml,full,48,0.072155411656,1,125,125,0.07215541165587419,5,0.07175163355308285,3.444078410547977,0.045240999999805354,0.045240999999805354,0.04539260000001377,backbone,both,cayley,120,2.7639320225002075,0.03495010000006005,False,2,,True,2,"cayley,envelope",64,4,RL+Backbone,1
best,C:\Users\erich\Documents\AFRL\Algebraic-Connectivity-Optimization-CDC2026\lite_trials\sweep\pmin_only\checkpoints\best.pt,ppo,3000,C:\Users\erich\Documents\AFRL\Algebraic-Connectivity-Optimization-CDC2026\lite_trials\lite_config.yaml,full,48,0.072155411656,2,125,125,0.07215541165587419,5,0.07444400329804994,3.573312158306397,0.049698300000272866,0.049698300000272866,0.04996410000057949,backbone,both,cayley,120,2.7639320225002053,0.03482090000034077,False,2,,True,2,"cayley,envelope",64,4,RL+Backbone,2
best,C:\Users\erich\Documents\AFRL\Algebraic-Connectivity-Optimization-CDC2026\lite_trials\sweep\pmin_only\checkpoints\best.pt,ppo,3000,C:\Users\erich\Documents\AFRL\Algebraic-Connectivity-Optimization-CDC2026\lite_trials\lite_config.yaml,full,48,0.072155411656,3,125,125,0.07215541165587419,5,0.06500938439045965,3.120450450742063,0.041344999999637366,0.041344999999637366,0.04247289999966597,backbone,both,cayley,120,2.405380411781164,0.03491959999973915,False,2,,True,2,"cayley,envelope",64,4,RL+Backbone,3
best,C:\Users\erich\Documents\AFRL\Algebraic-Connectivity-Optimization-CDC2026\lite_trials\sweep\pmin_only\checkpoints\best.pt,ppo,3000,C:\Users\erich\Documents\AFRL\Algebraic-Connectivity-Optimization-CDC2026\lite_trials\lite_config.yaml,full,48,0.072155411656,4,125,125,0.07215541165587419,5,0.0662094307294114,3.1780526750117475,0.04452730000048177,0.04452730000048177,0.04473500000040076,backbone,both,cayley,120,2.4053804117811626,0.033562999999958265,False,2,,True,2,"cayley,envelope",64,4,RL+Backbone,4
best,C:\Users\erich\Documents\AFRL\Algebraic-Connectivity-Optimization-CDC2026\lite_trials\sweep\pmin_only\checkpoints\best.pt,ppo,3000,C:\Users\erich\Documents\AFRL\Algebraic-Connectivity-Optimization-CDC2026\lite_trials\lite_config.yaml,full,48,0.143385753932,0,202,202,0.14338575393154487,10,0.13008314735448598,6.2439910730153265,0.015426899999511079,0.015426899999511079,0.05563830000028247,backbone,cayley_only,cayley,192,5.039032761414107,0.04021140000077139,False,2,,False,1,cayley,64,4,RL+Backbone,0
best,C:\Users\erich\Documents\AFRL\Algebraic-Connectivity-Optimization-CDC2026\lite_trials\sweep\pmin_only\checkpoints\best.pt,ppo,3000,C:\Users\erich\Documents\AFRL\Algebraic-Connectivity-Optimization-CDC2026\lite_trials\lite_config.yaml,full,48,0.143385753932,1,202,202,0.14338575393154487,10,0.14507096238436337,6.963406194449442,0.015957800000251154,0.015957800000251154,0.0531780000001163,backbone,cayley_only,cayley,192,5.028733077499398,0.037220199999865144,False,2,,False,1,cayley,64,4,RL+Backbone,1
best,C:\Users\erich\Documents\AFRL\Algebraic-Connectivity-Optimization-CDC2026\lite_trials\sweep\pmin_only\checkpoints\best.pt,ppo,3000,C:\Users\erich\Documents\AFRL\Algebraic-Connectivity-Optimization-CDC2026\lite_trials\lite_config.yaml,full,48,0.143385753932,2,202,202,0.14338575393154487,10,0.12760416666666693,6.125000000000012,0.015547099999821512,0.015547099999821512,0.05225129999962519,backbone,cayley_only,cayley,192,4.999999999999999,0.03670419999980368,False,2,,False,1,cayley,64,4,RL+Backbone,2
best,C:\Users\erich\Documents\AFRL\Algebraic-Connectivity-Optimization-CDC2026\lite_trials\sweep\pmin_only\checkpoints\best.pt,ppo,3000,C:\Users\erich\Documents\AFRL\Algebraic-Connectivity-Optimization-CDC2026\lite_trials\lite_config.yaml,full,48,0.143385753932,3,202,202,0.14338575393154487,10,0.1276041666666668,6.125000000000006,0.016077100000075006,0.016077100000075006,0.05137939999985974,backbone,cayley_only,cayley,192,4.999999999999999,0.035302299999784736,False,2,,False,1,cayley,64,4,RL+Backbone,3
best,C:\Users\erich\Documents\AFRL\Algebraic-Connectivity-Optimization-CDC2026\lite_trials\sweep\pmin_only\checkpoints\best.pt,ppo,3000,C:\Users\erich\Documents\AFRL\Algebraic-Connectivity-Optimization-CDC2026\lite_trials\lite_config.yaml,full,48,0.143385753932,4,202,202,0.14338575393154487,10,0.1321389657558375,6.3426703562802,0.016112799999973504,0.016112799999973504,0.052678199999718345,backbone,cayley_only,cayley,192,5.039032761414109,0.03656539999974484,False,2,,False,1,cayley,64,4,RL+Backbone,4
best,C:\Users\erich\Documents\AFRL\Algebraic-Connectivity-Optimization-CDC2026\lite_trials\sweep\pmin_only\checkpoints\best.pt,ppo,3000,C:\Users\erich\Documents\AFRL\Algebraic-Connectivity-Optimization-CDC2026\lite_trials\lite_config.yaml,full,48,0.214616096207,0,279,279,0.21461609620721553,15,0.20365957219993183,9.775659465596728,0.02512419999948179,0.02512419999948179,0.06369629999971949,backbone,cayley_only,cayley,264,7.7186394608365605,0.0385721000002377,False,2,,False,1,cayley,64,4,RL+Backbone,0
best,C:\Users\erich\Documents\AFRL\Algebraic-Connectivity-Optimization-CDC2026\lite_trials\sweep\pmin_only\checkpoints\best.pt,ppo,3000,C:\Users\erich\Documents\AFRL\Algebraic-Connectivity-Optimization-CDC2026\lite_trials\lite_config.yaml,full,48,0.214616096207,1,279,279,0.21461609620721553,15,0.2122866649385652,10.18975991705113,0.02194069999950443,0.02194069999950443,0.05960309999954916,backbone,cayley_only,cayley,264,7.925997764674983,0.03766240000004473,False,2,,False,1,cayley,64,4,RL+Backbone,1
best,C:\Users\erich\Documents\AFRL\Algebraic-Connectivity-Optimization-CDC2026\lite_trials\sweep\pmin_only\checkpoints\best.pt,ppo,3000,C:\Users\erich\Documents\AFRL\Algebraic-Connectivity-Optimization-CDC2026\lite_trials\lite_config.yaml,full,48,0.214616096207,2,279,279,0.21461609620721553,15,0.2063569272961523,9.90513251021531,0.02494609999939712,0.02494609999939712,0.06306629999926372,backbone,cayley_only,cayley,264,7.837722339831611,0.0381201999998666,False,2,,False,1,cayley,64,4,RL+Backbone,2
best,C:\Users\erich\Documents\AFRL\Algebraic-Connectivity-Optimization-CDC2026\lite_trials\sweep\pmin_only\checkpoints\best.pt,ppo,3000,C:\Users\erich\Documents\AFRL\Algebraic-Connectivity-Optimization-CDC2026\lite_trials\lite_config.yaml,full,48,0.214616096207,3,279,279,0.21461609620721553,15,0.21504456612705605,10.322139174098691,0.019890099999429367,0.019890099999429367,0.05748559999938152,backbone,cayley_only,cayley,264,7.9999999999999964,0.03759549999995215,False,2,,False,1,cayley,64,4,RL+Backbone,3
best,C:\Users\erich\Documents\AFRL\Algebraic-Connectivity-Optimization-CDC2026\lite_trials\sweep\pmin_only\checkpoints\best.pt,ppo,3000,C:\Users\erich\Documents\AFRL\Algebraic-Connectivity-Optimization-CDC2026\lite_trials\lite_config.yaml,full,48,0.214616096207,4,279,279,0.21461609620721553,15,0.1974683984753486,9.478483126816734,0.02044720000048983,0.02044720000048983,0.05790979999983392,backbone,cayley_only,cayley,264,7.85702128904587,0.03746259999934409,False,2,,False,1,cayley,64,4,RL+Backbone,4
best,C:\Users\erich\Documents\AFRL\Algebraic-Connectivity-Optimization-CDC2026\lite_trials\sweep\pmin_only\checkpoints\best.pt,ppo,3000,C:\Users\erich\Documents\AFRL\Algebraic-Connectivity-Optimization-CDC2026\lite_trials\lite_config.yaml,full,48,0.285846438483,0,356,356,0.2858464384828862,20,0.28310676844405813,13.58912488531479,0.032466800000293006,0.032466800000293006,0.07041710000066814,backbone,cayley_only,cayley,336,10.999999999999998,0.03795030000037514,False,2,,False,1,cayley,64,4,RL+Backbone,0
best,C:\Users\erich\Documents\AFRL\Algebraic-Connectivity-Optimization-CDC2026\lite_trials\sweep\pmin_only\checkpoints\best.pt,ppo,3000,C:\Users\erich\Documents\AFRL\Algebraic-Connectivity-Optimization-CDC2026\lite_trials\lite_config.yaml,full,48,0.285846438483,1,356,356,0.2858464384828862,20,0.2791988740422333,13.401545954027199,0.0324467000000368,0.0324467000000368,0.07085709999955725,backbone,cayley_only,cayley,336,10.999999999999995,0.03841039999952045,False,2,,False,1,cayley,64,4,RL+Backbone,1
best,C:\Users\erich\Documents\AFRL\Algebraic-Connectivity-Optimization-CDC2026\lite_trials\sweep\pmin_only\checkpoints\best.pt,ppo,3000,C:\Users\erich\Documents\AFRL\Algebraic-Connectivity-Optimization-CDC2026\lite_trials\lite_config.yaml,full,48,0.285846438483,2,356,356,0.2858464384828862,20,0.2726023326133144,13.08491196543909,0.03245969999989029,0.03245969999989029,0.066947600000276,backbone,cayley_only,cayley,336,10.765173634468493,0.03448790000038571,False,2,,False,1,cayley,64,4,RL+Backbone,2
best,C:\Users\erich\Documents\AFRL\Algebraic-Connectivity-Optimization-CDC2026\lite_trials\sweep\pmin_only\checkpoints\best.pt,ppo,3000,C:\Users\erich\Documents\AFRL\Algebraic-Connectivity-Optimization-CDC2026\lite_trials\lite_config.yaml,full,48,0.285846438483,3,356,356,0.2858464384828862,20,0.2517361111111112,12.08333333333334,0.03417780000017956,0.03417780000017956,0.07324240000070859,backbone,cayley_only,cayley,336,11.0,0.039064600000529026,False,2,,False,1,cayley,64,4,RL+Backbone,3
best,C:\Users\erich\Documents\AFRL\Algebraic-Connectivity-Optimization-CDC2026\lite_trials\sweep\pmin_only\checkpoints\best.pt,ppo,3000,C:\Users\erich\Documents\AFRL\Algebraic-Connectivity-Optimization-CDC2026\lite_trials\lite_config.yaml,full,48,0.285846438483,4,356,356,0.2858464384828862,20,0.27207887003692605,13.05978576177245,0.030720300000211864,0.030720300000211864,0.06773689999954513,backbone,cayley_only,cayley,336,10.880376495862219,0.037016599999333266,False,2,,False,1,cayley,64,4,RL+Backbone,4
best,C:\Users\erich\Documents\AFRL\Algebraic-Connectivity-Optimization-CDC2026\lite_trials\sweep\pmin_only\checkpoints\best.pt,ppo,3000,C:\Users\erich\Documents\AFRL\Algebraic-Connectivity-Optimization-CDC2026\lite_trials\lite_config.yaml,full,48,0.357076780759,0,433,433,0.35707678075855687,1,0.3193072963136245,15.326750223053974,0.0022795999993832083,0.0022795999993832083,0.04291649999868241,backbone,cayley_only,cayley,432,15.326750223053972,0.0406368999992992,False,2,,False,1,cayley,64,4,RL+Backbone,0
best,C:\Users\erich\Documents\AFRL\Algebraic-Connectivity-Optimization-CDC2026\lite_trials\sweep\pmin_only\checkpoints\best.pt,ppo,3000,C:\Users\erich\Documents\AFRL\Algebraic-Connectivity-Optimization-CDC2026\lite_trials\lite_config.yaml,full,48,0.357076780759,1,433,433,0.35707678075855687,1,0.3193072963136245,15.326750223053974,0.002165199999581091,0.002165199999581091,0.04210479999983363,backbone,cayley_only,cayley,432,15.326750223053978,0.03993960000025254,False,2,,False,1,cayley,64,4,RL+Backbone,1
best,C:\Users\erich\Documents\AFRL\Algebraic-Connectivity-Optimization-CDC2026\lite_trials\sweep\pmin_only\checkpoints\best.pt,ppo,3000,C:\Users\erich\Documents\AFRL\Algebraic-Connectivity-Optimization-CDC2026\lite_trials\lite_config.yaml,full,48,0.357076780759,2,433,433,0.35707678075855687,1,0.3160744349011207,15.171572875253794,0.002295100000083039,0.002295100000083039,0.045059300000502844,backbone,cayley_only,cayley,432,15.171572875253807,0.042764200000419805,False,2,,False,1,cayley,64,4,RL+Backbone,2
best,C:\Users\erich\Documents\AFRL\Algebraic-Connectivity-Optimization-CDC2026\lite_trials\sweep\pmin_only\checkpoints\best.pt,ppo,3000,C:\Users\erich\Documents\AFRL\Algebraic-Connectivity-Optimization-CDC2026\lite_trials\lite_config.yaml,full,48,0.357076780759,3,433,433,0.35707678075855687,1,0.3193072963136244,15.326750223053972,0.002410799999779556,0.002410799999779556,0.04336399999920104,backbone,cayley_only,cayley,432,15.326750223053978,0.040953199999421486,False,2,,False,1,cayley,64,4,RL+Backbone,3
best,C:\Users\erich\Documents\AFRL\Algebraic-Connectivity-Optimization-CDC2026\lite_trials\sweep\pmin_only\checkpoints\best.pt,ppo,3000,C:\Users\erich\Documents\AFRL\Algebraic-Connectivity-Optimization-CDC2026\lite_trials\lite_config.yaml,full,48,0.357076780759,4,433,433,0.35707678075855687,1,0.31930729631362437,15.32675022305397,0.002244799999971292,0.002244799999971292,0.04197130000011384,backbone,cayley_only,cayley,432,15.326750223053972,0.03972650000014255,False,2,,False,1,cayley,64,4,RL+Backbone,4
best,C:\Users\erich\Documents\AFRL\Algebraic-Connectivity-Optimization-CDC2026\lite_trials\sweep\pmin_only\checkpoints\best.pt,ppo,3000,C:\Users\erich\Documents\AFRL\Algebraic-Connectivity-Optimization-CDC2026\lite_trials\lite_config.yaml,full,48,0.428307123034,0,510,510,0.4283071230342276,6,0.40721264227793136,19.546206829340704,0.012699699999757286,0.012699699999757286,0.051143999999112566,backbone,cayley_only,cayley,504,18.460415438938252,0.03844429999935528,False,2,,False,1,cayley,64,4,RL+Backbone,0
best,C:\Users\erich\Documents\AFRL\Algebraic-Connectivity-Optimization-CDC2026\lite_trials\sweep\pmin_only\checkpoints\best.pt,ppo,3000,C:\Users\erich\Documents\AFRL\Algebraic-Connectivity-Optimization-CDC2026\lite_trials\lite_config.yaml,full,48,0.428307123034,1,510,510,0.4283071230342276,6,0.40518533564625964,19.448896111020463,0.012511399999311834,0.012511399999311834,0.04753649999929621,backbone,cayley_only,cayley,504,18.460415438938256,0.03502509999998438,False,2,,False,1,cayley,64,4,RL+Backbone,1
best,C:\Users\erich\Documents\AFRL\Algebraic-Connectivity-Optimization-CDC2026\lite_trials\sweep\pmin_only\checkpoints\best.pt,ppo,3000,C:\Users\erich\Documents\AFRL\Algebraic-Connectivity-Optimization-CDC2026\lite_trials\lite_config.yaml,full,48,0.428307123034,2,510,510,0.4283071230342276,6,0.4037579521734505,19.380381704325625,0.012512400000559865,0.012512400000559865,0.047454600000492064,backbone,cayley_only,cayley,504,18.460415438938256,0.0349421999999322,False,2,,False,1,cayley,64,4,RL+Backbone,2
best,C:\Users\erich\Documents\AFRL\Algebraic-Connectivity-Optimization-CDC2026\lite_trials\sweep\pmin_only\checkpoints\best.pt,ppo,3000,C:\Users\erich\Documents\AFRL\Algebraic-Connectivity-Optimization-CDC2026\lite_trials\lite_config.yaml,full,48,0.428307123034,3,510,510,0.4283071230342276,6,0.40391009784114007,19.387684696374723,0.013093600000502192,0.013093600000502192,0.05068470000060188,backbone,cayley_only,cayley,504,18.460415438938252,0.037591100000099686,False,2,,False,1,cayley,64,4,RL+Backbone,3
best,C:\Users\erich\Documents\AFRL\Algebraic-Connectivity-Optimization-CDC2026\lite_trials\sweep\pmin_only\checkpoints\best.pt,ppo,3000,C:\Users\erich\Documents\AFRL\Algebraic-Connectivity-Optimization-CDC2026\lite_trials\lite_config.yaml,full,48,0.428307123034,4,510,510,0.4283071230342276,6,0.40391009784114007,19.387684696374723,0.010061900000437163,0.010061900000437163,0.04959490000055666,backbone,cayley_only,cayley,504,18.460415438938252,0.0395330000001195,False,2,,False,1,cayley,64,4,RL+Backbone,4
best,C:\Users\erich\Documents\AFRL\Algebraic-Connectivity-Optimization-CDC2026\lite_trials\sweep\pmin_only\checkpoints\best.pt,ppo,3000,C:\Users\erich\Documents\AFRL\Algebraic-Connectivity-Optimization-CDC2026\lite_trials\lite_config.yaml,full,48,0.50046253469,0,588,588,0.5004625346901017,12,0.5067346499155411,24.32326319594597,0.025751600000148755,0.025751600000148755,0.028143500000624044,backbone,both,envelope,576,24.0,0.004954699999871082,False,,,True,2,"cayley,envelope",64,4,RL+Backbone,0
best,C:\Users\erich\Documents\AFRL\Algebraic-Connectivity-Optimization-CDC2026\lite_trials\sweep\pmin_only\checkpoints\best.pt,ppo,3000,C:\Users\erich\Documents\AFRL\Algebraic-Connectivity-Optimization-CDC2026\lite_trials\lite_config.yaml,full,48,0.50046253469,1,588,588,0.5004625346901017,12,0.5067346499155411,24.32326319594597,0.02598400000078982,0.02598400000078982,0.02813330000026326,backbone,both,envelope,576,24.0,0.006388600000718725,False,,,True,2,"cayley,envelope",64,4,RL+Backbone,1
best,C:\Users\erich\Documents\AFRL\Algebraic-Connectivity-Optimization-CDC2026\lite_trials\sweep\pmin_only\checkpoints\best.pt,ppo,3000,C:\Users\erich\Documents\AFRL\Algebraic-Connectivity-Optimization-CDC2026\lite_trials\lite_config.yaml,full,48,0.50046253469,2,588,588,0.5004625346901017,12,0.5067346499155411,24.32326319594597,0.025160500000311004,0.025160500000311004,0.03113279999979568,backbone,both,envelope,576,24.0,0.006523399999423418,False,,,True,2,"cayley,envelope",64,4,RL+Backbone,2
best,C:\Users\erich\Documents\AFRL\Algebraic-Connectivity-Optimization-CDC2026\lite_trials\sweep\pmin_only\checkpoints\best.pt,ppo,3000,C:\Users\erich\Documents\AFRL\Algebraic-Connectivity-Optimization-CDC2026\lite_trials\lite_config.yaml,full,48,0.50046253469,3,588,588,0.5004625346901017,12,0.5067346499155411,24.32326319594597,0.024337199999536097,0.024337199999536097,0.03081549999933486,backbone,both,envelope,576,24.0,0.0064782999997987645,False,,,True,2,"cayley,envelope",64,4,RL+Backbone,3
best,C:\Users\erich\Documents\AFRL\Algebraic-Connectivity-Optimization-CDC2026\lite_trials\sweep\pmin_only\checkpoints\best.pt,ppo,3000,C:\Users\erich\Documents\AFRL\Algebraic-Connectivity-Optimization-CDC2026\lite_trials\lite_config.yaml,full,48,0.50046253469,4,588,588,0.5004625346901017,12,0.5067346499155411,24.32326319594597,0.026111399999535934,0.026111399999535934,0.030082000001129927,backbone,both,envelope,576,24.0,0.00484870000036608,False,,,True,2,"cayley,envelope",64,4,RL+Backbone,4
best,C:\Users\erich\Documents\AFRL\Algebraic-Connectivity-Optimization-CDC2026\lite_trials\sweep\pmin_only\checkpoints\best.pt,ppo,3000,C:\Users\erich\Documents\AFRL\Algebraic-Connectivity-Optimization-CDC2026\lite_trials\lite_config.yaml,full,48,0.571692876966,0,665,665,0.5716928769657724,17,0.5746297669801593,27.58222881504765,0.03541040000072826,0.03541040000072826,0.07125270000142336,backbone,both,cayley,648,24.267949192431107,0.035842300000695104,False,2,,True,2,"cayley,envelope",64,4,RL+Backbone,0
best,C:\Users\erich\Documents\AFRL\Algebraic-Connectivity-Optimization-CDC2026\lite_trials\sweep\pmin_only\checkpoints\best.pt,ppo,3000,C:\Users\erich\Documents\AFRL\Algebraic-Connectivity-Optimization-CDC2026\lite_trials\lite_config.yaml,full,48,0.571692876966,1,665,665,0.5716928769657724,17,0.5746297669801593,27.58222881504765,0.03296200000022509,0.03296200000022509,0.06781630000023142,backbone,both,cayley,648,24.267949192431107,0.03485430000000633,False,2,,True,2,"cayley,envelope",64,4,RL+Backbone,1
best,C:\Users\erich\Documents\AFRL\Algebraic-Connectivity-Optimization-CDC2026\lite_trials\sweep\pmin_only\checkpoints\best.pt,ppo,3000,C:\Users\erich\Documents\AFRL\Algebraic-Connectivity-Optimization-CDC2026\lite_trials\lite_config.yaml,full,48,0.571692876966,2,665,665,0.5716928769657724,17,0.5746297669801593,27.58222881504765,0.028999399999520392,0.028999399999520392,0.06520269999964512,backbone,both,cayley,648,24.267949192431107,0.03620330000012473,False,2,,True,2,"cayley,envelope",64,4,RL+Backbone,2
best,C:\Users\erich\Documents\AFRL\Algebraic-Connectivity-Optimization-CDC2026\lite_trials\sweep\pmin_only\checkpoints\best.pt,ppo,3000,C:\Users\erich\Documents\AFRL\Algebraic-Connectivity-Optimization-CDC2026\lite_trials\lite_config.yaml,full,48,0.571692876966,3,665,665,0.5716928769657724,17,0.5746297669801593,27.58222881504765,0.03518889999941166,0.03518889999941166,0.06974189999982627,backbone,both,cayley,648,24.267949192431107,0.03455300000041461,False,2,,True,2,"cayley,envelope",64,4,RL+Backbone,3
best,C:\Users\erich\Documents\AFRL\Algebraic-Connectivity-Optimization-CDC2026\lite_trials\sweep\pmin_only\checkpoints\best.pt,ppo,3000,C:\Users\erich\Documents\AFRL\Algebraic-Connectivity-Optimization-CDC2026\lite_trials\lite_config.yaml,full,48,0.571692876966,4,665,665,0.5716928769657724,17,0.5746297669801593,27.58222881504765,0.037513899999794376,0.037513899999794376,0.07235699999910139,backbone,both,cayley,648,24.267949192431107,0.034843099999307015,False,2,,True,2,"cayley,envelope",64,4,RL+Backbone,4
best,C:\Users\erich\Documents\AFRL\Algebraic-Connectivity-Optimization-CDC2026\lite_trials\sweep\pmin_only\checkpoints\best.pt,ppo,3000,C:\Users\erich\Documents\AFRL\Algebraic-Connectivity-Optimization-CDC2026\lite_trials\lite_config.yaml,full,48,0.642923219241,0,742,742,0.6429232192414431,22,0.6423397855670924,30.832309707220432,0.05012650000026042,0.05012650000026042,0.05699880000065605,backbone,both,cayley,720,28.999999999999947,0.006872300000395626,False,3,,True,2,"cayley,envelope",64,4,RL+Backbone,0
best,C:\Users\erich\Documents\AFRL\Algebraic-Connectivity-Optimization-CDC2026\lite_trials\sweep\pmin_only\checkpoints\best.pt,ppo,3000,C:\Users\erich\Documents\AFRL\Algebraic-Connectivity-Optimization-CDC2026\lite_trials\lite_config.yaml,full,48,0.642923219241,1,742,742,0.6429232192414431,22,0.6423397855670924,30.832309707220432,0.05039359999955195,0.05039359999955195,0.05712939999921218,backbone,both,cayley,720,28.999999999999947,0.00673579999966023,False,3,,True,2,"cayley,envelope",64,4,RL+Backbone,1
best,C:\Users\erich\Documents\AFRL\Algebraic-Connectivity-Optimization-CDC2026\lite_trials\sweep\pmin_only\checkpoints\best.pt,ppo,3000,C:\Users\erich\Documents\AFRL\Algebraic-Connectivity-Optimization-CDC2026\lite_trials\lite_config.yaml,full,48,0.642923219241,2,742,742,0.6429232192414431,22,0.6423397855670924,30.832309707220432,0.051987699999699544,0.051987699999699544,0.05881680000038614,backbone,both,cayley,720,28.999999999999947,0.006829100000686594,False,3,,True,2,"cayley,envelope",64,4,RL+Backbone,2
best,C:\Users\erich\Documents\AFRL\Algebraic-Connectivity-Optimization-CDC2026\lite_trials\sweep\pmin_only\checkpoints\best.pt,ppo,3000,C:\Users\erich\Documents\AFRL\Algebraic-Connectivity-Optimization-CDC2026\lite_trials\lite_config.yaml,full,48,0.642923219241,3,742,742,0.6429232192414431,22,0.6423397855670924,30.832309707220432,0.048039799999969546,0.048039799999969546,0.05523240000002261,backbone,both,cayley,720,28.999999999999947,0.007192600000053062,False,3,,True,2,"cayley,envelope",64,4,RL+Backbone,3
best,C:\Users\erich\Documents\AFRL\Algebraic-Connectivity-Optimization-CDC2026\lite_trials\sweep\pmin_only\checkpoints\best.pt,ppo,3000,C:\Users\erich\Documents\AFRL\Algebraic-Connectivity-Optimization-CDC2026\lite_trials\lite_config.yaml,full,48,0.642923219241,4,742,742,0.6429232192414431,22,0.6423397855670924,30.832309707220432,0.04585359999964567,0.04585359999964567,0.05182939999940572,backbone,both,cayley,720,28.999999999999947,0.005975799999760056,False,3,,True,2,"cayley,envelope",64,4,RL+Backbone,4
best,C:\Users\erich\Documents\AFRL\Algebraic-Connectivity-Optimization-CDC2026\lite_trials\sweep\pmin_only\checkpoints\best.pt,ppo,3000,C:\Users\erich\Documents\AFRL\Algebraic-Connectivity-Optimization-CDC2026\lite_trials\lite_config.yaml,full,48,0.714153561517,0,819,819,0.7141535615171137,9,0.7204000102713654,34.57920049302554,0.022812499999417923,0.022812499999417923,0.023740499999803433,backbone,both,envelope,810,33.0,0.005537799999729032,False,,,True,2,"cayley,envelope",64,4,RL+Backbone,0
best,C:\Users\erich\Documents\AFRL\Algebraic-Connectivity-Optimization-CDC2026\lite_trials\sweep\pmin_only\checkpoints\best.pt,ppo,3000,C:\Users\erich\Documents\AFRL\Algebraic-Connectivity-Optimization-CDC2026\lite_trials\lite_config.yaml,full,48,0.714153561517,1,819,819,0.7141535615171137,9,0.7204000102713654,34.57920049302554,0.022086299999500625,0.022086299999500625,0.02296459999979561,backbone,both,envelope,810,33.0,0.0070538999998461804,False,,,True,2,"cayley,envelope",64,4,RL+Backbone,1
best,C:\Users\erich\Documents\AFRL\Algebraic-Connectivity-Optimization-CDC2026\lite_trials\sweep\pmin_only\checkpoints\best.pt,ppo,3000,C:\Users\erich\Documents\AFRL\Algebraic-Connectivity-Optimization-CDC2026\lite_trials\lite_config.yaml,full,48,0.714153561517,2,819,819,0.7141535615171137,9,0.7204000102713654,34.57920049302554,0.02357800000027055,0.02357800000027055,0.024231399999735004,backbone,both,envelope,810,33.0,0.007467600000381935,False,,,True,2,"cayley,envelope",64,4,RL+Backbone,2
best,C:\Users\erich\Documents\AFRL\Algebraic-Connectivity-Optimization-CDC2026\lite_trials\sweep\pmin_only\checkpoints\best.pt,ppo,3000,C:\Users\erich\Documents\AFRL\Algebraic-Connectivity-Optimization-CDC2026\lite_trials\lite_config.yaml,full,48,0.714153561517,3,819,819,0.7141535615171137,9,0.7204000102713654,34.57920049302554,0.021493700000064564,0.021493700000064564,0.022081899999648158,backbone,both,envelope,810,33.0,0.0066948000003321795,False,,,True,2,"cayley,envelope",64,4,RL+Backbone,3
best,C:\Users\erich\Documents\AFRL\Algebraic-Connectivity-Optimization-CDC2026\lite_trials\sweep\pmin_only\checkpoints\best.pt,ppo,3000,C:\Users\erich\Documents\AFRL\Algebraic-Connectivity-Optimization-CDC2026\lite_trials\lite_config.yaml,full,48,0.714153561517,4,819,819,0.7141535615171137,9,0.7204000102713654,34.57920049302554,0.019705900000190013,0.019705900000190013,0.020293999999921652,backbone,both,envelope,810,33.0,0.007433300000229792,False,,,True,2,"cayley,envelope",64,4,RL+Backbone,4
best,C:\Users\erich\Documents\AFRL\Algebraic-Connectivity-Optimization-CDC2026\lite_trials\sweep\pmin_only\checkpoints\best.pt,ppo,3000,C:\Users\erich\Documents\AFRL\Algebraic-Connectivity-Optimization-CDC2026\lite_trials\lite_config.yaml,full,48,0.785383903793,0,896,896,0.7853839037927844,32,0.7499999999999988,35.99999999999994,0.08036919999995007,0.08036919999995007,0.08121639999990293,backbone,envelope_only,envelope,864,36.0,0.0008471999999528634,False,,,False,1,envelope,64,4,RL+Backbone,0
best,C:\Users\erich\Documents\AFRL\Algebraic-Connectivity-Optimization-CDC2026\lite_trials\sweep\pmin_only\checkpoints\best.pt,ppo,3000,C:\Users\erich\Documents\AFRL\Algebraic-Connectivity-Optimization-CDC2026\lite_trials\lite_config.yaml,full,48,0.785383903793,1,896,896,0.7853839037927844,32,0.7499999999999988,35.99999999999994,0.08049710000068444,0.08049710000068444,0.08135290000063833,backbone,envelope_only,envelope,864,36.0,0.0008557999999538879,False,,,False,1,envelope,64,4,RL+Backbone,1
best,C:\Users\erich\Documents\AFRL\Algebraic-Connectivity-Optimization-CDC2026\lite_trials\sweep\pmin_only\checkpoints\best.pt,ppo,3000,C:\Users\erich\Documents\AFRL\Algebraic-Connectivity-Optimization-CDC2026\lite_trials\lite_config.yaml,full,48,0.785383903793,2,896,896,0.7853839037927844,32,0.7499999999999988,35.99999999999994,0.0791177000000971,0.0791177000000971,0.07996360000015557,backbone,envelope_only,envelope,864,36.0,0.0008459000000584638,False,,,False,1,envelope,64,4,RL+Backbone,2
best,C:\Users\erich\Documents\AFRL\Algebraic-Connectivity-Optimization-CDC2026\lite_trials\sweep\pmin_only\checkpoints\best.pt,ppo,3000,C:\Users\erich\Documents\AFRL\Algebraic-Connectivity-Optimization-CDC2026\lite_trials\lite_config.yaml,full,48,0.785383903793,3,896,896,0.7853839037927844,32,0.7499999999999988,35.99999999999994,0.0812023999997109,0.0812023999997109,0.08185319999938656,backbone,envelope_only,envelope,864,36.0,0.0006507999996756553,False,,,False,1,envelope,64,4,RL+Backbone,3
best,C:\Users\erich\Documents\AFRL\Algebraic-Connectivity-Optimization-CDC2026\lite_trials\sweep\pmin_only\checkpoints\best.pt,ppo,3000,C:\Users\erich\Documents\AFRL\Algebraic-Connectivity-Optimization-CDC2026\lite_trials\lite_config.yaml,full,48,0.785383903793,4,896,896,0.7853839037927844,32,0.7499999999999988,35.99999999999994,0.06570960000044579,0.06570960000044579,0.06661780000013096,backbone,envelope_only,envelope,864,36.0,0.0009081999996851664,False,,,False,1,envelope,64,4,RL+Backbone,4
best,C:\Users\erich\Documents\AFRL\Algebraic-Connectivity-Optimization-CDC2026\lite_trials\sweep\pmin_only\checkpoints\best.pt,ppo,3000,C:\Users\erich\Documents\AFRL\Algebraic-Connectivity-Optimization-CDC2026\lite_trials\lite_config.yaml,full,48,0.856614246068,0,973,973,0.8566142460684552,13,0.8662257447596414,41.57883574846279,0.036014900000736816,0.036014900000736816,0.03704540000035195,backbone,envelope_only,envelope,960,40.0,0.001030499999615131,False,,,False,1,envelope,64,4,RL+Backbone,0
best,C:\Users\erich\Documents\AFRL\Algebraic-Connectivity-Optimization-CDC2026\lite_trials\sweep\pmin_only\checkpoints\best.pt,ppo,3000,C:\Users\erich\Documents\AFRL\Algebraic-Connectivity-Optimization-CDC2026\lite_trials\lite_config.yaml,full,48,0.856614246068,1,973,973,0.8566142460684552,13,0.8662257447596414,41.57883574846279,0.035292600000502716,0.035292600000502716,0.03594320000047446,backbone,envelope_only,envelope,960,40.0,0.000650599999971746,False,,,False,1,envelope,64,4,RL+Backbone,1
best,C:\Users\erich\Documents\AFRL\Algebraic-Connectivity-Optimization-CDC2026\lite_trials\sweep\pmin_only\checkpoints\best.pt,ppo,3000,C:\Users\erich\Documents\AFRL\Algebraic-Connectivity-Optimization-CDC2026\lite_trials\lite_config.yaml,full,48,0.856614246068,2,973,973,0.8566142460684552,13,0.8662257447596414,41.57883574846279,0.034670099999857484,0.034670099999857484,0.0355890000000727,backbone,envelope_only,envelope,960,40.0,0.000918900000215217,False,,,False,1,envelope,64,4,RL+Backbone,2
best,C:\Users\erich\Documents\AFRL\Algebraic-Connectivity-Optimization-CDC2026\lite_trials\sweep\pmin_only\checkpoints\best.pt,ppo,3000,C:\Users\erich\Documents\AFRL\Algebraic-Connectivity-Optimization-CDC2026\lite_trials\lite_config.yaml,full,48,0.856614246068,3,973,973,0.8566142460684552,13,0.8662257447596414,41.57883574846279,0.034372100000837236,0.034372100000837236,0.03531560000101308,backbone,envelope_only,envelope,960,40.0,0.0009435000001758453,False,,,False,1,envelope,64,4,RL+Backbone,3
best,C:\Users\erich\Documents\AFRL\Algebraic-Connectivity-Optimization-CDC2026\lite_trials\sweep\pmin_only\checkpoints\best.pt,ppo,3000,C:\Users\erich\Documents\AFRL\Algebraic-Connectivity-Optimization-CDC2026\lite_trials\lite_config.yaml,full,48,0.856614246068,4,973,973,0.8566142460684552,13,0.8662257447596414,41.57883574846279,0.029066200000670506,0.029066200000670506,0.029981500000758388,backbone,envelope_only,envelope,960,40.0,0.0009153000000878819,False,,,False,1,envelope,64,4,RL+Backbone,4
best,C:\Users\erich\Documents\AFRL\Algebraic-Connectivity-Optimization-CDC2026\lite_trials\sweep\pmin_only\checkpoints\best.pt,ppo,3000,C:\Users\erich\Documents\AFRL\Algebraic-Connectivity-Optimization-CDC2026\lite_trials\lite_config.yaml,full,48,0.927844588344,0,1050,1050,0.9278445883441259,15,0.9394764202943203,45.09486817412738,0.03866210000069259,0.03866210000069259,0.03969340000094235,backbone,envelope_only,envelope,1035,43.0,0.0010313000002497574,False,,,False,1,envelope,64,4,RL+Backbone,0
best,C:\Users\erich\Documents\AFRL\Algebraic-Connectivity-Optimization-CDC2026\lite_trials\sweep\pmin_only\checkpoints\best.pt,ppo,3000,C:\Users\erich\Documents\AFRL\Algebraic-Connectivity-Optimization-CDC2026\lite_trials\lite_config.yaml,full,48,0.927844588344,1,1050,1050,0.9278445883441259,15,0.9394764202943203,45.09486817412738,0.04423360000055254,0.04423360000055254,0.044971900000746245,backbone,envelope_only,envelope,1035,43.0,0.0007383000001937035,False,,,False,1,envelope,64,4,RL+Backbone,1
best,C:\Users\erich\Documents\AFRL\Algebraic-Connectivity-Optimization-CDC2026\lite_trials\sweep\pmin_only\checkpoints\best.pt,ppo,3000,C:\Users\erich\Documents\AFRL\Algebraic-Connectivity-Optimization-CDC2026\lite_trials\lite_config.yaml,full,48,0.927844588344,2,1050,1050,0.9278445883441259,15,0.9394764202943203,45.09486817412738,0.03826519999984157,0.03826519999984157,0.03926989999945363,backbone,envelope_only,envelope,1035,43.0,0.0010046999996120576,False,,,False,1,envelope,64,4,RL+Backbone,2
best,C:\Users\erich\Documents\AFRL\Algebraic-Connectivity-Optimization-CDC2026\lite_trials\sweep\pmin_only\checkpoints\best.pt,ppo,3000,C:\Users\erich\Documents\AFRL\Algebraic-Connectivity-Optimization-CDC2026\lite_trials\lite_config.yaml,full,48,0.927844588344,3,1050,1050,0.9278445883441259,15,0.9394764202943203,45.09486817412738,0.04104910000023665,0.04104910000023665,0.041889500000252156,backbone,envelope_only,envelope,1035,43.0,0.0008404000000155065,False,,,False,1,envelope,64,4,RL+Backbone,3
best,C:\Users\erich\Documents\AFRL\Algebraic-Connectivity-Optimization-CDC2026\lite_trials\sweep\pmin_only\checkpoints\best.pt,ppo,3000,C:\Users\erich\Documents\AFRL\Algebraic-Connectivity-Optimization-CDC2026\lite_trials\lite_config.yaml,full,48,0.927844588344,4,1050,1050,0.9278445883441259,15,0.9394764202943203,45.09486817412738,0.042725399999653746,0.042725399999653746,0.043747499999881256,backbone,envelope_only,envelope,1035,43.0,0.0010221000002275105,False,,,False,1,envelope,64,4,RL+Backbone,4
best,C:\Users\erich\Documents\AFRL\Algebraic-Connectivity-Optimization-CDC2026\lite_trials\sweep\pmin_only\checkpoints\best.pt,ppo,3000,C:\Users\erich\Documents\AFRL\Algebraic-Connectivity-Optimization-CDC2026\lite_trials\lite_config.yaml,full,48,0.99907493062,0,1127,1127,0.9990749306197965,23,0.9960784846433014,47.81176726287847,0.06847790000028908,0.06847790000028908,0.06929659999968862,backbone,envelope_only,envelope,1104,46.0,0.0008186999993995414,False,,,False,1,envelope,64,4,RL+Backbone,0
best,C:\Users\erich\Documents\AFRL\Algebraic-Connectivity-Optimization-CDC2026\lite_trials\sweep\pmin_only\checkpoints\best.pt,ppo,3000,C:\Users\erich\Documents\AFRL\Algebraic-Connectivity-Optimization-CDC2026\lite_trials\lite_config.yaml,full,48,0.99907493062,1,1127,1127,0.9990749306197965,23,0.9960784846433014,47.81176726287847,0.0657322999995813,0.0657322999995813,0.06694419999985257,backbone,envelope_only,envelope,1104,46.0,0.001211900000271271,False,,,False,1,envelope,64,4,RL+Backbone,1
best,C:\Users\erich\Documents\AFRL\Algebraic-Connectivity-Optimization-CDC2026\lite_trials\sweep\pmin_only\checkpoints\best.pt,ppo,3000,C:\Users\erich\Documents\AFRL\Algebraic-Connectivity-Optimization-CDC2026\lite_trials\lite_config.yaml,full,48,0.99907493062,2,1127,1127,0.9990749306197965,23,0.9960784846433014,47.81176726287847,0.058438800000658375,0.058438800000658375,0.05957280000075116,backbone,envelope_only,envelope,1104,46.0,0.001134000000092783,False,,,False,1,envelope,64,4,RL+Backbone,2
best,C:\Users\erich\Documents\AFRL\Algebraic-Connectivity-Optimization-CDC2026\lite_trials\sweep\pmin_only\checkpoints\best.pt,ppo,3000,C:\Users\erich\Documents\AFRL\Algebraic-Connectivity-Optimization-CDC2026\lite_trials\lite_config.yaml,full,48,0.99907493062,3,1127,1127,0.9990749306197965,23,0.9960784846433014,47.81176726287847,0.05170619999989867,0.05170619999989867,0.05258299999968585,backbone,envelope_only,envelope,1104,46.0,0.0008767999997871812,False,,,False,1,envelope,64,4,RL+Backbone,3
best,C:\Users\erich\Documents\AFRL\Algebraic-Connectivity-Optimization-CDC2026\lite_trials\sweep\pmin_only\checkpoints\best.pt,ppo,3000,C:\Users\erich\Documents\AFRL\Algebraic-Connectivity-Optimization-CDC2026\lite_trials\lite_config.yaml,full,48,0.99907493062,4,1127,1127,0.9990749306197965,23,0.9960784846433014,47.81176726287847,0.05939029999990453,0.05939029999990453,0.06054319999930158,backbone,envelope_only,envelope,1104,46.0,0.0011528999993970501,False,,,False,1,envelope,64,4,RL+Backbone,4
best,C:\Users\erich\Documents\AFRL\Algebraic-Connectivity-Optimization-CDC2026\lite_trials\sweep\pmin_only\checkpoints\best.pt,ppo,3000,C:\Users\erich\Documents\AFRL\Algebraic-Connectivity-Optimization-CDC2026\lite_trials\lite_config.yaml,full,91,0.00024968789,0,91,91,0.00024968789013732833,1,0.0009788748921518895,0.08907761518582194,0.004680100000769016,0.004680100000769016,0.004680100000769016,path,path,path,90,0.0,0.0,False,,,False,1,path,64,4,RL+Path,0
best,C:\Users\erich\Documents\AFRL\Algebraic-Connectivity-Optimization-CDC2026\lite_trials\sweep\pmin_only\checkpoints\best.pt,ppo,3000,C:\Users\erich\Documents\AFRL\Algebraic-Connectivity-Optimization-CDC2026\lite_trials\lite_config.yaml,full,91,0.00024968789,1,91,91,0.00024968789013732833,1,0.0009788748921518895,0.08907761518582194,0.0020959000003131223,0.0020959000003131223,0.0020959000003131223,path,path,path,90,0.0,0.0,False,,,False,1,path,64,4,RL+Path,1
best,C:\Users\erich\Documents\AFRL\Algebraic-Connectivity-Optimization-CDC2026\lite_trials\sweep\pmin_only\checkpoints\best.pt,ppo,3000,C:\Users\erich\Documents\AFRL\Algebraic-Connectivity-Optimization-CDC2026\lite_trials\lite_config.yaml,full,91,0.00024968789,2,91,91,0.00024968789013732833,1,0.0009788748921518895,0.08907761518582194,0.002199300000029325,0.002199300000029325,0.002199300000029325,path,path,path,90,0.0,0.0,False,,,False,1,path,64,4,RL+Path,2
best,C:\Users\erich\Documents\AFRL\Algebraic-Connectivity-Optimization-CDC2026\lite_trials\sweep\pmin_only\checkpoints\best.pt,ppo,3000,C:\Users\erich\Documents\AFRL\Algebraic-Connectivity-Optimization-CDC2026\lite_trials\lite_config.yaml,full,91,0.00024968789,3,91,91,0.00024968789013732833,1,0.0009788748921518895,0.08907761518582194,0.0018676999998206156,0.0018676999998206156,0.0018676999998206156,path,path,path,90,0.0,0.0,False,,,False,1,path,64,4,RL+Path,3
best,C:\Users\erich\Documents\AFRL\Algebraic-Connectivity-Optimization-CDC2026\lite_trials\sweep\pmin_only\checkpoints\best.pt,ppo,3000,C:\Users\erich\Documents\AFRL\Algebraic-Connectivity-Optimization-CDC2026\lite_trials\lite_config.yaml,full,91,0.00024968789,4,91,91,0.00024968789013732833,1,0.0009788748921518895,0.08907761518582194,0.0019001000000571366,0.0019001000000571366,0.0019001000000571366,path,path,path,90,0.0,0.0,False,,,False,1,path,64,4,RL+Path,4
best,C:\Users\erich\Documents\AFRL\Algebraic-Connectivity-Optimization-CDC2026\lite_trials\sweep\pmin_only\checkpoints\best.pt,ppo,3000,C:\Users\erich\Documents\AFRL\Algebraic-Connectivity-Optimization-CDC2026\lite_trials\lite_config.yaml,full,91,0.071660424469,0,377,377,0.07166042446941323,287,0.16611144449610182,15.116141449145266,0.5354247000004762,0.5354247000004762,0.5354247000004762,path,path,path,90,0.0,0.0,False,,,False,1,path,64,4,RL+Path,0
best,C:\Users\erich\Documents\AFRL\Algebraic-Connectivity-Optimization-CDC2026\lite_trials\sweep\pmin_only\checkpoints\best.pt,ppo,3000,C:\Users\erich\Documents\AFRL\Algebraic-Connectivity-Optimization-CDC2026\lite_trials\lite_config.yaml,full,91,0.071660424469,1,377,377,0.07166042446941323,287,0.16611144449610182,15.116141449145266,0.5619470999999976,0.5619470999999976,0.5619470999999976,path,path,path,90,0.0,0.0,False,,,False,1,path,64,4,RL+Path,1
best,C:\Users\erich\Documents\AFRL\Algebraic-Connectivity-Optimization-CDC2026\lite_trials\sweep\pmin_only\checkpoints\best.pt,ppo,3000,C:\Users\erich\Documents\AFRL\Algebraic-Connectivity-Optimization-CDC2026\lite_trials\lite_config.yaml,full,91,0.071660424469,2,377,377,0.07166042446941323,287,0.16611144449610182,15.116141449145266,0.607042999999976,0.607042999999976,0.607042999999976,path,path,path,90,0.0,0.0,False,,,False,1,path,64,4,RL+Path,2
best,C:\Users\erich\Documents\AFRL\Algebraic-Connectivity-Optimization-CDC2026\lite_trials\sweep\pmin_only\checkpoints\best.pt,ppo,3000,C:\Users\erich\Documents\AFRL\Algebraic-Connectivity-Optimization-CDC2026\lite_trials\lite_config.yaml,full,91,0.071660424469,3,377,377,0.07166042446941323,287,0.16611144449610182,15.116141449145266,0.5453027000003203,0.5453027000003203,0.5453027000003203,path,path,path,90,0.0,0.0,False,,,False,1,path,64,4,RL+Path,3
best,C:\Users\erich\Documents\AFRL\Algebraic-Connectivity-Optimization-CDC2026\lite_trials\sweep\pmin_only\checkpoints\best.pt,ppo,3000,C:\Users\erich\Documents\AFRL\Algebraic-Connectivity-Optimization-CDC2026\lite_trials\lite_config.yaml,full,91,0.071660424469,4,377,377,0.07166042446941323,287,0.16611144449610182,15.116141449145266,0.5885818999995536,0.5885818999995536,0.5885818999995536,path,path,path,90,0.0,0.0,False,,,False,1,path,64,4,RL+Path,4
best,C:\Users\erich\Documents\AFRL\Algebraic-Connectivity-Optimization-CDC2026\lite_trials\sweep\pmin_only\checkpoints\best.pt,ppo,3000,C:\Users\erich\Documents\AFRL\Algebraic-Connectivity-Optimization-CDC2026\lite_trials\lite_config.yaml,full,91,0.143071161049,0,663,663,0.14307116104868914,573,0.09627794194639168,8.761292717121643,1.2176165999999284,1.2176165999999284,1.2176165999999284,path,path,path,90,0.0,0.0,False,,,False,1,path,64,4,RL+Path,0
best,C:\Users\erich\Documents\AFRL\Algebraic-Connectivity-Optimization-CDC2026\lite_trials\sweep\pmin_only\checkpoints\best.pt,ppo,3000,C:\Users\erich\Documents\AFRL\Algebraic-Connectivity-Optimization-CDC2026\lite_trials\lite_config.yaml,full,91,0.143071161049,1,663,663,0.14307116104868914,573,0.09627794194639168,8.761292717121643,1.196082700000261,1.196082700000261,1.196082700000261,path,path,path,90,0.0,0.0,False,,,False,1,path,64,4,RL+Path,1
best,C:\Users\erich\Documents\AFRL\Algebraic-Connectivity-Optimization-CDC2026\lite_trials\sweep\pmin_only\checkpoints\best.pt,ppo,3000,C:\Users\erich\Documents\AFRL\Algebraic-Connectivity-Optimization-CDC2026\lite_trials\lite_config.yaml,full,91,0.143071161049,2,663,663,0.14307116104868914,573,0.09627794194639168,8.761292717121643,1.1705578999999489,1.1705578999999489,1.1705578999999489,path,path,path,90,0.0,0.0,False,,,False,1,path,64,4,RL+Path,2
best,C:\Users\erich\Documents\AFRL\Algebraic-Connectivity-Optimization-CDC2026\lite_trials\sweep\pmin_only\checkpoints\best.pt,ppo,3000,C:\Users\erich\Documents\AFRL\Algebraic-Connectivity-Optimization-CDC2026\lite_trials\lite_config.yaml,full,91,0.143071161049,3,663,663,0.14307116104868914,573,0.09627794194639168,8.761292717121643,1.1489683999998306,1.1489683999998306,1.1489683999998306,path,path,path,90,0.0,0.0,False,,,False,1,path,64,4,RL+Path,3
best,C:\Users\erich\Documents\AFRL\Algebraic-Connectivity-Optimization-CDC2026\lite_trials\sweep\pmin_only\checkpoints\best.pt,ppo,3000,C:\Users\erich\Documents\AFRL\Algebraic-Connectivity-Optimization-CDC2026\lite_trials\lite_config.yaml,full,91,0.143071161049,4,663,663,0.14307116104868914,573,0.09627794194639168,8.761292717121643,1.2043248999998468,1.2043248999998468,1.2043248999998468,path,path,path,90,0.0,0.0,False,,,False,1,path,64,4,RL+Path,4
best,C:\Users\erich\Documents\AFRL\Algebraic-Connectivity-Optimization-CDC2026\lite_trials\sweep\pmin_only\checkpoints\best.pt,ppo,3000,C:\Users\erich\Documents\AFRL\Algebraic-Connectivity-Optimization-CDC2026\lite_trials\lite_config.yaml,full,91,0.214481897628,0,949,949,0.21448189762796505,859,0.16103075309631226,14.653798531764416,1.9470091000002867,1.9470091000002867,1.9470091000002867,path,path,path,90,0.0,0.0,False,,,False,1,path,64,4,RL+Path,0
best,C:\Users\erich\Documents\AFRL\Algebraic-Connectivity-Optimization-CDC2026\lite_trials\sweep\pmin_only\checkpoints\best.pt,ppo,3000,C:\Users\erich\Documents\AFRL\Algebraic-Connectivity-Optimization-CDC2026\lite_trials\lite_config.yaml,full,91,0.214481897628,1,949,949,0.21448189762796505,859,0.16103075309631226,14.653798531764416,1.9756678000003376,1.9756678000003376,1.9756678000003376,path,path,path,90,0.0,0.0,False,,,False,1,path,64,4,RL+Path,1
best,C:\Users\erich\Documents\AFRL\Algebraic-Connectivity-Optimization-CDC2026\lite_trials\sweep\pmin_only\checkpoints\best.pt,ppo,3000,C:\Users\erich\Documents\AFRL\Algebraic-Connectivity-Optimization-CDC2026\lite_trials\lite_config.yaml,full,91,0.214481897628,2,949,949,0.21448189762796505,859,0.16103075309631226,14.653798531764416,1.9359625000006417,1.9359625000006417,1.9359625000006417,path,path,path,90,0.0,0.0,False,,,False,1,path,64,4,RL+Path,2
best,C:\Users\erich\Documents\AFRL\Algebraic-Connectivity-Optimization-CDC2026\lite_trials\sweep\pmin_only\checkpoints\best.pt,ppo,3000,C:\Users\erich\Documents\AFRL\Algebraic-Connectivity-Optimization-CDC2026\lite_trials\lite_config.yaml,full,91,0.214481897628,3,949,949,0.21448189762796505,859,0.16103075309631226,14.653798531764416,1.9383715000003576,1.9383715000003576,1.9383715000003576,path,path,path,90,0.0,0.0,False,,,False,1,path,64,4,RL+Path,3
best,C:\Users\erich\Documents\AFRL\Algebraic-Connectivity-Optimization-CDC2026\lite_trials\sweep\pmin_only\checkpoints\best.pt,ppo,3000,C:\Users\erich\Documents\AFRL\Algebraic-Connectivity-Optimization-CDC2026\lite_trials\lite_config.yaml,full,91,0.214481897628,4,949,949,0.21448189762796505,859,0.16103075309631226,14.653798531764416,1.997062499999629,1.997062499999629,1.997062499999629,path,path,path,90,0.0,0.0,False,,,False,1,path,64,4,RL+Path,4
best,C:\Users\erich\Documents\AFRL\Algebraic-Connectivity-Optimization-CDC2026\lite_trials\sweep\pmin_only\checkpoints\best.pt,ppo,3000,C:\Users\erich\Documents\AFRL\Algebraic-Connectivity-Optimization-CDC2026\lite_trials\lite_config.yaml,full,91,0.285892634207,0,1235,1235,0.2858926342072409,1145,0.31554023354393346,28.714161252497945,2.843113599999924,2.843113599999924,2.843113599999924,path,path,path,90,0.0,0.0,False,,,False,1,path,64,4,RL+Path,0
best,C:\Users\erich\Documents\AFRL\Algebraic-Connectivity-Optimization-CDC2026\lite_trials\sweep\pmin_only\checkpoints\best.pt,ppo,3000,C:\Users\erich\Documents\AFRL\Algebraic-Connectivity-Optimization-CDC2026\lite_trials\lite_config.yaml,full,91,0.285892634207,1,1235,1235,0.2858926342072409,1145,0.31554023354393346,28.714161252497945,2.8122264999992694,2.8122264999992694,2.8122264999992694,path,path,path,90,0.0,0.0,False,,,False,1,path,64,4,RL+Path,1
best,C:\Users\erich\Documents\AFRL\Algebraic-Connectivity-Optimization-CDC2026\lite_trials\sweep\pmin_only\checkpoints\best.pt,ppo,3000,C:\Users\erich\Documents\AFRL\Algebraic-Connectivity-Optimization-CDC2026\lite_trials\lite_config.yaml,full,91,0.285892634207,2,1235,1235,0.2858926342072409,1145,0.31554023354393346,28.714161252497945,2.8838143000002674,2.8838143000002674,2.8838143000002674,path,path,path,90,0.0,0.0,False,,,False,1,path,64,4,RL+Path,2
best,C:\Users\erich\Documents\AFRL\Algebraic-Connectivity-Optimization-CDC2026\lite_trials\sweep\pmin_only\checkpoints\best.pt,ppo,3000,C:\Users\erich\Documents\AFRL\Algebraic-Connectivity-Optimization-CDC2026\lite_trials\lite_config.yaml,full,91,0.285892634207,3,1235,1235,0.2858926342072409,1145,0.31554023354393346,28.714161252497945,2.8504509000003964,2.8504509000003964,2.8504509000003964,path,path,path,90,0.0,0.0,False,,,False,1,path,64,4,RL+Path,3
best,C:\Users\erich\Documents\AFRL\Algebraic-Connectivity-Optimization-CDC2026\lite_trials\sweep\pmin_only\checkpoints\best.pt,ppo,3000,C:\Users\erich\Documents\AFRL\Algebraic-Connectivity-Optimization-CDC2026\lite_trials\lite_config.yaml,full,91,0.285892634207,4,1235,1235,0.2858926342072409,1145,0.31554023354393346,28.714161252497945,2.857875900000181,2.857875900000181,2.857875900000181,path,path,path,90,0.0,0.0,False,,,False,1,path,64,4,RL+Path,4
best,C:\Users\erich\Documents\AFRL\Algebraic-Connectivity-Optimization-CDC2026\lite_trials\sweep\pmin_only\checkpoints\best.pt,ppo,3000,C:\Users\erich\Documents\AFRL\Algebraic-Connectivity-Optimization-CDC2026\lite_trials\lite_config.yaml,full,91,0.357303370787,0,1521,1521,0.35730337078651686,1431,0.41557763826237165,37.81756508187582,3.762314599999627,3.762314599999627,3.762314599999627,path,path,path,90,0.0,0.0,False,,,False,1,path,64,4,RL+Path,0
best,C:\Users\erich\Documents\AFRL\Algebraic-Connectivity-Optimization-CDC2026\lite_trials\sweep\pmin_only\checkpoints\best.pt,ppo,3000,C:\Users\erich\Documents\AFRL\Algebraic-Connectivity-Optimization-CDC2026\lite_trials\lite_config.yaml,full,91,0.357303370787,1,1521,1521,0.35730337078651686,1431,0.41557763826237165,37.81756508187582,3.8360523000001194,3.8360523000001194,3.8360523000001194,path,path,path,90,0.0,0.0,False,,,False,1,path,64,4,RL+Path,1
best,C:\Users\erich\Documents\AFRL\Algebraic-Connectivity-Optimization-CDC2026\lite_trials\sweep\pmin_only\checkpoints\best.pt,ppo,3000,C:\Users\erich\Documents\AFRL\Algebraic-Connectivity-Optimization-CDC2026\lite_trials\lite_config.yaml,full,91,0.357303370787,2,1521,1521,0.35730337078651686,1431,0.41557763826237165,37.81756508187582,3.820858099999896,3.820858099999896,3.820858099999896,path,path,path,90,0.0,0.0,False,,,False,1,path,64,4,RL+Path,2
best,C:\Users\erich\Documents\AFRL\Algebraic-Connectivity-Optimization-CDC2026\lite_trials\sweep\pmin_only\checkpoints\best.pt,ppo,3000,C:\Users\erich\Documents\AFRL\Algebraic-Connectivity-Optimization-CDC2026\lite_trials\lite_config.yaml,full,91,0.357303370787,3,1521,1521,0.35730337078651686,1431,0.41557763826237165,37.81756508187582,4.156772899999851,4.156772899999851,4.156772899999851,path,path,path,90,0.0,0.0,False,,,False,1,path,64,4,RL+Path,3
best,C:\Users\erich\Documents\AFRL\Algebraic-Connectivity-Optimization-CDC2026\lite_trials\sweep\pmin_only\checkpoints\best.pt,ppo,3000,C:\Users\erich\Documents\AFRL\Algebraic-Connectivity-Optimization-CDC2026\lite_trials\lite_config.yaml,full,91,0.357303370787,4,1521,1521,0.35730337078651686,1431,0.41557763826237165,37.81756508187582,3.917950199999723,3.917950199999723,3.917950199999723,path,path,path,90,0.0,0.0,False,,,False,1,path,64,4,RL+Path,4
best,C:\Users\erich\Documents\AFRL\Algebraic-Connectivity-Optimization-CDC2026\lite_trials\sweep\pmin_only\checkpoints\best.pt,ppo,3000,C:\Users\erich\Documents\AFRL\Algebraic-Connectivity-Optimization-CDC2026\lite_trials\lite_config.yaml,full,91,0.428714107366,0,1807,1807,0.42871410736579274,1717,0.39455493661695795,35.90449923214317,4.971418699999958,4.971418699999958,4.971418699999958,path,path,path,90,0.0,0.0,False,,,False,1,path,64,4,RL+Path,0
best,C:\Users\erich\Documents\AFRL\Algebraic-Connectivity-Optimization-CDC2026\lite_trials\sweep\pmin_only\checkpoints\best.pt,ppo,3000,C:\Users\erich\Documents\AFRL\Algebraic-Connectivity-Optimization-CDC2026\lite_trials\lite_config.yaml,full,91,0.428714107366,1,1807,1807,0.42871410736579274,1717,0.39455493661695795,35.90449923214317,5.090605299999879,5.090605299999879,5.090605299999879,path,path,path,90,0.0,0.0,False,,,False,1,path,64,4,RL+Path,1
best,C:\Users\erich\Documents\AFRL\Algebraic-Connectivity-Optimization-CDC2026\lite_trials\sweep\pmin_only\checkpoints\best.pt,ppo,3000,C:\Users\erich\Documents\AFRL\Algebraic-Connectivity-Optimization-CDC2026\lite_trials\lite_config.yaml,full,91,0.428714107366,2,1807,1807,0.42871410736579274,1717,0.39455493661695795,35.90449923214317,4.663881700000275,4.663881700000275,4.663881700000275,path,path,path,90,0.0,0.0,False,,,False,1,path,64,4,RL+Path,2
best,C:\Users\erich\Documents\AFRL\Algebraic-Connectivity-Optimization-CDC2026\lite_trials\sweep\pmin_only\checkpoints\best.pt,ppo,3000,C:\Users\erich\Documents\AFRL\Algebraic-Connectivity-Optimization-CDC2026\lite_trials\lite_config.yaml,full,91,0.428714107366,3,1807,1807,0.42871410736579274,1717,0.39455493661695795,35.90449923214317,4.662298100000044,4.662298100000044,4.662298100000044,path,path,path,90,0.0,0.0,False,,,False,1,path,64,4,RL+Path,3
best,C:\Users\erich\Documents\AFRL\Algebraic-Connectivity-Optimization-CDC2026\lite_trials\sweep\pmin_only\checkpoints\best.pt,ppo,3000,C:\Users\erich\Documents\AFRL\Algebraic-Connectivity-Optimization-CDC2026\lite_trials\lite_config.yaml,full,91,0.428714107366,4,1807,1807,0.42871410736579274,1717,0.39455493661695795,35.90449923214317,4.6241649000003235,4.6241649000003235,4.6241649000003235,path,path,path,90,0.0,0.0,False,,,False,1,path,64,4,RL+Path,4
best,C:\Users\erich\Documents\AFRL\Algebraic-Connectivity-Optimization-CDC2026\lite_trials\sweep\pmin_only\checkpoints\best.pt,ppo,3000,C:\Users\erich\Documents\AFRL\Algebraic-Connectivity-Optimization-CDC2026\lite_trials\lite_config.yaml,full,91,0.500124843945,0,2093,2093,0.5001248439450686,2003,0.44774761646317013,40.74503309814848,5.636344599999575,5.636344599999575,5.636344599999575,path,path,path,90,0.0,0.0,False,,,False,1,path,64,4,RL+Path,0
best,C:\Users\erich\Documents\AFRL\Algebraic-Connectivity-Optimization-CDC2026\lite_trials\sweep\pmin_only\checkpoints\best.pt,ppo,3000,C:\Users\erich\Documents\AFRL\Algebraic-Connectivity-Optimization-CDC2026\lite_trials\lite_config.yaml,full,91,0.500124843945,1,2093,2093,0.5001248439450686,2003,0.44774761646317013,40.74503309814848,5.681162500000028,5.681162500000028,5.681162500000028,path,path,path,90,0.0,0.0,False,,,False,1,path,64,4,RL+Path,1
best,C:\Users\erich\Documents\AFRL\Algebraic-Connectivity-Optimization-CDC2026\lite_trials\sweep\pmin_only\checkpoints\best.pt,ppo,3000,C:\Users\erich\Documents\AFRL\Algebraic-Connectivity-Optimization-CDC2026\lite_trials\lite_config.yaml,full,91,0.500124843945,2,2093,2093,0.5001248439450686,2003,0.44774761646317013,40.74503309814848,5.820170699999835,5.820170699999835,5.820170699999835,path,path,path,90,0.0,0.0,False,,,False,1,path,64,4,RL+Path,2
best,C:\Users\erich\Documents\AFRL\Algebraic-Connectivity-Optimization-CDC2026\lite_trials\sweep\pmin_only\checkpoints\best.pt,ppo,3000,C:\Users\erich\Documents\AFRL\Algebraic-Connectivity-Optimization-CDC2026\lite_trials\lite_config.yaml,full,91,0.500124843945,3,2093,2093,0.5001248439450686,2003,0.44774761646317013,40.74503309814848,5.71407679999993,5.71407679999993,5.71407679999993,path,path,path,90,0.0,0.0,False,,,False,1,path,64,4,RL+Path,3
best,C:\Users\erich\Documents\AFRL\Algebraic-Connectivity-Optimization-CDC2026\lite_trials\sweep\pmin_only\checkpoints\best.pt,ppo,3000,C:\Users\erich\Documents\AFRL\Algebraic-Connectivity-Optimization-CDC2026\lite_trials\lite_config.yaml,full,91,0.500124843945,4,2093,2093,0.5001248439450686,2003,0.44774761646317013,40.74503309814848,5.71442930000012,5.71442930000012,5.71442930000012,path,path,path,90,0.0,0.0,False,,,False,1,path,64,4,RL+Path,4
best,C:\Users\erich\Documents\AFRL\Algebraic-Connectivity-Optimization-CDC2026\lite_trials\sweep\pmin_only\checkpoints\best.pt,ppo,3000,C:\Users\erich\Documents\AFRL\Algebraic-Connectivity-Optimization-CDC2026\lite_trials\lite_config.yaml,full,91,0.571285892634,0,2378,2378,0.5712858926342073,2288,0.5127320509143699,46.658616633207664,6.915909700000157,6.915909700000157,6.915909700000157,path,path,path,90,0.0,0.0,False,,,False,1,path,64,4,RL+Path,0
best,C:\Users\erich\Documents\AFRL\Algebraic-Connectivity-Optimization-CDC2026\lite_trials\sweep\pmin_only\checkpoints\best.pt,ppo,3000,C:\Users\erich\Documents\AFRL\Algebraic-Connectivity-Optimization-CDC2026\lite_trials\lite_config.yaml,full,91,0.571285892634,1,2378,2378,0.5712858926342073,2288,0.5127320509143699,46.658616633207664,6.823757899999691,6.823757899999691,6.823757899999691,path,path,path,90,0.0,0.0,False,,,False,1,path,64,4,RL+Path,1
best,C:\Users\erich\Documents\AFRL\Algebraic-Connectivity-Optimization-CDC2026\lite_trials\sweep\pmin_only\checkpoints\best.pt,ppo,3000,C:\Users\erich\Documents\AFRL\Algebraic-Connectivity-Optimization-CDC2026\lite_trials\lite_config.yaml,full,91,0.571285892634,2,2378,2378,0.5712858926342073,2288,0.5127320509143699,46.658616633207664,6.726546699999744,6.726546699999744,6.726546699999744,path,path,path,90,0.0,0.0,False,,,False,1,path,64,4,RL+Path,2
best,C:\Users\erich\Documents\AFRL\Algebraic-Connectivity-Optimization-CDC2026\lite_trials\sweep\pmin_only\checkpoints\best.pt,ppo,3000,C:\Users\erich\Documents\AFRL\Algebraic-Connectivity-Optimization-CDC2026\lite_trials\lite_config.yaml,full,91,0.571285892634,3,2378,2378,0.5712858926342073,2288,0.5127320509143699,46.658616633207664,6.965097100000094,6.965097100000094,6.965097100000094,path,path,path,90,0.0,0.0,False,,,False,1,path,64,4,RL+Path,3
best,C:\Users\erich\Documents\AFRL\Algebraic-Connectivity-Optimization-CDC2026\lite_trials\sweep\pmin_only\checkpoints\best.pt,ppo,3000,C:\Users\erich\Documents\AFRL\Algebraic-Connectivity-Optimization-CDC2026\lite_trials\lite_config.yaml,full,91,0.571285892634,4,2378,2378,0.5712858926342073,2288,0.5127320509143699,46.658616633207664,6.895522199999505,6.895522199999505,6.895522199999505,path,path,path,90,0.0,0.0,False,,,False,1,path,64,4,RL+Path,4
best,C:\Users\erich\Documents\AFRL\Algebraic-Connectivity-Optimization-CDC2026\lite_trials\sweep\pmin_only\checkpoints\best.pt,ppo,3000,C:\Users\erich\Documents\AFRL\Algebraic-Connectivity-Optimization-CDC2026\lite_trials\lite_config.yaml,full,91,0.642696629213,0,2664,2664,0.6426966292134831,2574,0.6020896531142272,54.79015843339468,8.282389300000432,8.282389300000432,8.282389300000432,path,path,path,90,0.0,0.0,False,,,False,1,path,64,4,RL+Path,0
best,C:\Users\erich\Documents\AFRL\Algebraic-Connectivity-Optimization-CDC2026\lite_trials\sweep\pmin_only\checkpoints\best.pt,ppo,3000,C:\Users\erich\Documents\AFRL\Algebraic-Connectivity-Optimization-CDC2026\lite_trials\lite_config.yaml,full,91,0.642696629213,1,2664,2664,0.6426966292134831,2574,0.6020896531142272,54.79015843339468,8.238713099999586,8.238713099999586,8.238713099999586,path,path,path,90,0.0,0.0,False,,,False,1,path,64,4,RL+Path,1
best,C:\Users\erich\Documents\AFRL\Algebraic-Connectivity-Optimization-CDC2026\lite_trials\sweep\pmin_only\checkpoints\best.pt,ppo,3000,C:\Users\erich\Documents\AFRL\Algebraic-Connectivity-Optimization-CDC2026\lite_trials\lite_config.yaml,full,91,0.642696629213,2,2664,2664,0.6426966292134831,2574,0.6020896531142272,54.79015843339468,7.943984100000307,7.943984100000307,7.943984100000307,path,path,path,90,0.0,0.0,False,,,False,1,path,64,4,RL+Path,2
best,C:\Users\erich\Documents\AFRL\Algebraic-Connectivity-Optimization-CDC2026\lite_trials\sweep\pmin_only\checkpoints\best.pt,ppo,3000,C:\Users\erich\Documents\AFRL\Algebraic-Connectivity-Optimization-CDC2026\lite_trials\lite_config.yaml,full,91,0.642696629213,3,2664,2664,0.6426966292134831,2574,0.6020896531142272,54.79015843339468,8.05560990000049,8.05560990000049,8.05560990000049,path,path,path,90,0.0,0.0,False,,,False,1,path,64,4,RL+Path,3
best,C:\Users\erich\Documents\AFRL\Algebraic-Connectivity-Optimization-CDC2026\lite_trials\sweep\pmin_only\checkpoints\best.pt,ppo,3000,C:\Users\erich\Documents\AFRL\Algebraic-Connectivity-Optimization-CDC2026\lite_trials\lite_config.yaml,full,91,0.642696629213,4,2664,2664,0.6426966292134831,2574,0.6020896531142272,54.79015843339468,8.187553099999604,8.187553099999604,8.187553099999604,path,path,path,90,0.0,0.0,False,,,False,1,path,64,4,RL+Path,4
best,C:\Users\erich\Documents\AFRL\Algebraic-Connectivity-Optimization-CDC2026\lite_trials\sweep\pmin_only\checkpoints\best.pt,ppo,3000,C:\Users\erich\Documents\AFRL\Algebraic-Connectivity-Optimization-CDC2026\lite_trials\lite_config.yaml,full,91,0.714107365793,0,2950,2950,0.714107365792759,2860,0.6632704985142601,60.357615364797674,9.297332500000266,9.297332500000266,9.297332500000266,path,path,path,90,0.0,0.0,False,,,False,1,path,64,4,RL+Path,0
best,C:\Users\erich\Documents\AFRL\Algebraic-Connectivity-Optimization-CDC2026\lite_trials\sweep\pmin_only\checkpoints\best.pt,ppo,3000,C:\Users\erich\Documents\AFRL\Algebraic-Connectivity-Optimization-CDC2026\lite_trials\lite_config.yaml,full,91,0.714107365793,1,2950,2950,0.714107365792759,2860,0.6632704985142601,60.357615364797674,9.369905300000028,9.369905300000028,9.369905300000028,path,path,path,90,0.0,0.0,False,,,False,1,path,64,4,RL+Path,1
best,C:\Users\erich\Documents\AFRL\Algebraic-Connectivity-Optimization-CDC2026\lite_trials\sweep\pmin_only\checkpoints\best.pt,ppo,3000,C:\Users\erich\Documents\AFRL\Algebraic-Connectivity-Optimization-CDC2026\lite_trials\lite_config.yaml,full,91,0.714107365793,2,2950,2950,0.714107365792759,2860,0.6632704985142601,60.357615364797674,9.519791400000031,9.519791400000031,9.519791400000031,path,path,path,90,0.0,0.0,False,,,False,1,path,64,4,RL+Path,2
best,C:\Users\erich\Documents\AFRL\Algebraic-Connectivity-Optimization-CDC2026\lite_trials\sweep\pmin_only\checkpoints\best.pt,ppo,3000,C:\Users\erich\Documents\AFRL\Algebraic-Connectivity-Optimization-CDC2026\lite_trials\lite_config.yaml,full,91,0.714107365793,3,2950,2950,0.714107365792759,2860,0.6632704985142601,60.357615364797674,9.517426199999136,9.517426199999136,9.517426199999136,path,path,path,90,0.0,0.0,False,,,False,1,path,64,4,RL+Path,3
best,C:\Users\erich\Documents\AFRL\Algebraic-Connectivity-Optimization-CDC2026\lite_trials\sweep\pmin_only\checkpoints\best.pt,ppo,3000,C:\Users\erich\Documents\AFRL\Algebraic-Connectivity-Optimization-CDC2026\lite_trials\lite_config.yaml,full,91,0.714107365793,4,2950,2950,0.714107365792759,2860,0.6632704985142601,60.357615364797674,9.45756750000055,9.45756750000055,9.45756750000055,path,path,path,90,0.0,0.0,False,,,False,1,path,64,4,RL+Path,4
best,C:\Users\erich\Documents\AFRL\Algebraic-Connectivity-Optimization-CDC2026\lite_trials\sweep\pmin_only\checkpoints\best.pt,ppo,3000,C:\Users\erich\Documents\AFRL\Algebraic-Connectivity-Optimization-CDC2026\lite_trials\lite_config.yaml,full,91,0.785518102372,0,3236,3236,0.785518102372035,3146,0.7638915653189917,69.51413244402825,10.97788330000003,10.97788330000003,10.97788330000003,path,path,path,90,0.0,0.0,False,,,False,1,path,64,4,RL+Path,0
best,C:\Users\erich\Documents\AFRL\Algebraic-Connectivity-Optimization-CDC2026\lite_trials\sweep\pmin_only\checkpoints\best.pt,ppo,3000,C:\Users\erich\Documents\AFRL\Algebraic-Connectivity-Optimization-CDC2026\lite_trials\lite_config.yaml,full,91,0.785518102372,1,3236,3236,0.785518102372035,3146,0.7638915653189917,69.51413244402825,11.015643000000637,11.015643000000637,11.015643000000637,path,path,path,90,0.0,0.0,False,,,False,1,path,64,4,RL+Path,1
best,C:\Users\erich\Documents\AFRL\Algebraic-Connectivity-Optimization-CDC2026\lite_trials\sweep\pmin_only\checkpoints\best.pt,ppo,3000,C:\Users\erich\Documents\AFRL\Algebraic-Connectivity-Optimization-CDC2026\lite_trials\lite_config.yaml,full,91,0.785518102372,2,3236,3236,0.785518102372035,3146,0.7638915653189917,69.51413244402825,10.910761099999945,10.910761099999945,10.910761099999945,path,path,path,90,0.0,0.0,False,,,False,1,path,64,4,RL+Path,2
best,C:\Users\erich\Documents\AFRL\Algebraic-Connectivity-Optimization-CDC2026\lite_trials\sweep\pmin_only\checkpoints\best.pt,ppo,3000,C:\Users\erich\Documents\AFRL\Algebraic-Connectivity-Optimization-CDC2026\lite_trials\lite_config.yaml,full,91,0.785518102372,3,3236,3236,0.785518102372035,3146,0.7638915653189917,69.51413244402825,11.209234699999797,11.209234699999797,11.209234699999797,path,path,path,90,0.0,0.0,False,,,False,1,path,64,4,RL+Path,3
best,C:\Users\erich\Documents\AFRL\Algebraic-Connectivity-Optimization-CDC2026\lite_trials\sweep\pmin_only\checkpoints\best.pt,ppo,3000,C:\Users\erich\Documents\AFRL\Algebraic-Connectivity-Optimization-CDC2026\lite_trials\lite_config.yaml,full,91,0.785518102372,4,3236,3236,0.785518102372035,3146,0.7638915653189917,69.51413244402825,12.151278399999683,12.151278399999683,12.151278399999683,path,path,path,90,0.0,0.0,False,,,False,1,path,64,4,RL+Path,4
best,C:\Users\erich\Documents\AFRL\Algebraic-Connectivity-Optimization-CDC2026\lite_trials\sweep\pmin_only\checkpoints\best.pt,ppo,3000,C:\Users\erich\Documents\AFRL\Algebraic-Connectivity-Optimization-CDC2026\lite_trials\lite_config.yaml,full,91,0.856928838951,0,3522,3522,0.8569288389513109,3432,0.7989917909981268,72.70825298082954,13.73630090000006,13.73630090000006,13.73630090000006,path,path,path,90,0.0,0.0,False,,,False,1,path,64,4,RL+Path,0
best,C:\Users\erich\Documents\AFRL\Algebraic-Connectivity-Optimization-CDC2026\lite_trials\sweep\pmin_only\checkpoints\best.pt,ppo,3000,C:\Users\erich\Documents\AFRL\Algebraic-Connectivity-Optimization-CDC2026\lite_trials\lite_config.yaml,full,91,0.856928838951,1,3522,3522,0.8569288389513109,3432,0.7989917909981268,72.70825298082954,13.751299700000345,13.751299700000345,13.751299700000345,path,path,path,90,0.0,0.0,False,,,False,1,path,64,4,RL+Path,1
best,C:\Users\erich\Documents\AFRL\Algebraic-Connectivity-Optimization-CDC2026\lite_trials\sweep\pmin_only\checkpoints\best.pt,ppo,3000,C:\Users\erich\Documents\AFRL\Algebraic-Connectivity-Optimization-CDC2026\lite_trials\lite_config.yaml,full,91,0.856928838951,2,3522,3522,0.8569288389513109,3432,0.7989917909981268,72.70825298082954,13.591037099999994,13.591037099999994,13.591037099999994,path,path,path,90,0.0,0.0,False,,,False,1,path,64,4,RL+Path,2
best,C:\Users\erich\Documents\AFRL\Algebraic-Connectivity-Optimization-CDC2026\lite_trials\sweep\pmin_only\checkpoints\best.pt,ppo,3000,C:\Users\erich\Documents\AFRL\Algebraic-Connectivity-Optimization-CDC2026\lite_trials\lite_config.yaml,full,91,0.856928838951,3,3522,3522,0.8569288389513109,3432,0.7989917909981268,72.70825298082954,13.507520300000579,13.507520300000579,13.507520300000579,path,path,path,90,0.0,0.0,False,,,False,1,path,64,4,RL+Path,3
best,C:\Users\erich\Documents\AFRL\Algebraic-Connectivity-Optimization-CDC2026\lite_trials\sweep\pmin_only\checkpoints\best.pt,ppo,3000,C:\Users\erich\Documents\AFRL\Algebraic-Connectivity-Optimization-CDC2026\lite_trials\lite_config.yaml,full,91,0.856928838951,4,3522,3522,0.8569288389513109,3432,0.7989917909981268,72.70825298082954,13.554344799999853,13.554344799999853,13.554344799999853,path,path,path,90,0.0,0.0,False,,,False,1,path,64,4,RL+Path,4
best,C:\Users\erich\Documents\AFRL\Algebraic-Connectivity-Optimization-CDC2026\lite_trials\sweep\pmin_only\checkpoints\best.pt,ppo,3000,C:\Users\erich\Documents\AFRL\Algebraic-Connectivity-Optimization-CDC2026\lite_trials\lite_config.yaml,full,91,0.928339575531,0,3808,3808,0.9283395755305868,3718,0.880247089125571,80.10248511042697,15.363462399999662,15.363462399999662,15.363462399999662,path,path,path,90,0.0,0.0,False,,,False,1,path,64,4,RL+Path,0
best,C:\Users\erich\Documents\AFRL\Algebraic-Connectivity-Optimization-CDC2026\lite_trials\sweep\pmin_only\checkpoints\best.pt,ppo,3000,C:\Users\erich\Documents\AFRL\Algebraic-Connectivity-Optimization-CDC2026\lite_trials\lite_config.yaml,full,91,0.928339575531,1,3808,3808,0.9283395755305868,3718,0.880247089125571,80.10248511042697,15.48280960000011,15.48280960000011,15.48280960000011,path,path,path,90,0.0,0.0,False,,,False,1,path,64,4,RL+Path,1
best,C:\Users\erich\Documents\AFRL\Algebraic-Connectivity-Optimization-CDC2026\lite_trials\sweep\pmin_only\checkpoints\best.pt,ppo,3000,C:\Users\erich\Documents\AFRL\Algebraic-Connectivity-Optimization-CDC2026\lite_trials\lite_config.yaml,full,91,0.928339575531,2,3808,3808,0.9283395755305868,3718,0.880247089125571,80.10248511042697,15.569365199999993,15.569365199999993,15.569365199999993,path,path,path,90,0.0,0.0,False,,,False,1,path,64,4,RL+Path,2
best,C:\Users\erich\Documents\AFRL\Algebraic-Connectivity-Optimization-CDC2026\lite_trials\sweep\pmin_only\checkpoints\best.pt,ppo,3000,C:\Users\erich\Documents\AFRL\Algebraic-Connectivity-Optimization-CDC2026\lite_trials\lite_config.yaml,full,91,0.928339575531,3,3808,3808,0.9283395755305868,3718,0.880247089125571,80.10248511042697,15.2708049999992,15.2708049999992,15.2708049999992,path,path,path,90,0.0,0.0,False,,,False,1,path,64,4,RL+Path,3
best,C:\Users\erich\Documents\AFRL\Algebraic-Connectivity-Optimization-CDC2026\lite_trials\sweep\pmin_only\checkpoints\best.pt,ppo,3000,C:\Users\erich\Documents\AFRL\Algebraic-Connectivity-Optimization-CDC2026\lite_trials\lite_config.yaml,full,91,0.928339575531,4,3808,3808,0.9283395755305868,3718,0.880247089125571,80.10248511042697,15.429571300000134,15.429571300000134,15.429571300000134,path,path,path,90,0.0,0.0,False,,,False,1,path,64,4,RL+Path,4
best,C:\Users\erich\Documents\AFRL\Algebraic-Connectivity-Optimization-CDC2026\lite_trials\sweep\pmin_only\checkpoints\best.pt,ppo,3000,C:\Users\erich\Documents\AFRL\Algebraic-Connectivity-Optimization-CDC2026\lite_trials\lite_config.yaml,full,91,0.99975031211,0,4094,4094,0.9997503121098626,4004,0.9999999999999992,90.99999999999993,17.347289500000443,17.347289500000443,17.347289500000443,path,path,path,90,0.0,0.0,False,,,False,1,path,64,4,RL+Path,0
best,C:\Users\erich\Documents\AFRL\Algebraic-Connectivity-Optimization-CDC2026\lite_trials\sweep\pmin_only\checkpoints\best.pt,ppo,3000,C:\Users\erich\Documents\AFRL\Algebraic-Connectivity-Optimization-CDC2026\lite_trials\lite_config.yaml,full,91,0.99975031211,1,4094,4094,0.9997503121098626,4004,0.9999999999999992,90.99999999999993,17.296634299999823,17.296634299999823,17.296634299999823,path,path,path,90,0.0,0.0,False,,,False,1,path,64,4,RL+Path,1
best,C:\Users\erich\Documents\AFRL\Algebraic-Connectivity-Optimization-CDC2026\lite_trials\sweep\pmin_only\checkpoints\best.pt,ppo,3000,C:\Users\erich\Documents\AFRL\Algebraic-Connectivity-Optimization-CDC2026\lite_trials\lite_config.yaml,full,91,0.99975031211,2,4094,4094,0.9997503121098626,4004,0.9999999999999992,90.99999999999993,17.26365799999985,17.26365799999985,17.26365799999985,path,path,path,90,0.0,0.0,False,,,False,1,path,64,4,RL+Path,2
best,C:\Users\erich\Documents\AFRL\Algebraic-Connectivity-Optimization-CDC2026\lite_trials\sweep\pmin_only\checkpoints\best.pt,ppo,3000,C:\Users\erich\Documents\AFRL\Algebraic-Connectivity-Optimization-CDC2026\lite_trials\lite_config.yaml,full,91,0.99975031211,3,4094,4094,0.9997503121098626,4004,0.9999999999999992,90.99999999999993,17.264902500000062,17.264902500000062,17.264902500000062,path,path,path,90,0.0,0.0,False,,,False,1,path,64,4,RL+Path,3
best,C:\Users\erich\Documents\AFRL\Algebraic-Connectivity-Optimization-CDC2026\lite_trials\sweep\pmin_only\checkpoints\best.pt,ppo,3000,C:\Users\erich\Documents\AFRL\Algebraic-Connectivity-Optimization-CDC2026\lite_trials\lite_config.yaml,full,91,0.99975031211,4,4094,4094,0.9997503121098626,4004,0.9999999999999992,90.99999999999993,16.6016896000001,16.6016896000001,16.6016896000001,path,path,path,90,0.0,0.0,False,,,False,1,path,64,4,RL+Path,4
best,C:\Users\erich\Documents\AFRL\Algebraic-Connectivity-Optimization-CDC2026\lite_trials\sweep\pmin_only\checkpoints\best.pt,ppo,3000,C:\Users\erich\Documents\AFRL\Algebraic-Connectivity-Optimization-CDC2026\lite_trials\lite_config.yaml,full,91,0.00024968789,0,91,91,0.00024968789013732833,1,0.01098901098901096,0.9999999999999974,0.005356300000130432,0.005356300000130432,0.005945900000369875,backbone,envelope_only,envelope,90,1.0,0.000589600000239443,False,,,False,1,envelope,64,4,RL+Backbone,0
best,C:\Users\erich\Documents\AFRL\Algebraic-Connectivity-Optimization-CDC2026\lite_trials\sweep\pmin_only\checkpoints\best.pt,ppo,3000,C:\Users\erich\Documents\AFRL\Algebraic-Connectivity-Optimization-CDC2026\lite_trials\lite_config.yaml,full,91,0.00024968789,1,91,91,0.00024968789013732833,1,0.01098901098901096,0.9999999999999974,0.0035066999998889514,0.0035066999998889514,0.0037132999996174476,backbone,envelope_only,envelope,90,1.0,0.00020659999972849619,False,,,False,1,envelope,64,4,RL+Backbone,1
best,C:\Users\erich\Documents\AFRL\Algebraic-Connectivity-Optimization-CDC2026\lite_trials\sweep\pmin_only\checkpoints\best.pt,ppo,3000,C:\Users\erich\Documents\AFRL\Algebraic-Connectivity-Optimization-CDC2026\lite_trials\lite_config.yaml,full,91,0.00024968789,2,91,91,0.00024968789013732833,1,0.01098901098901096,0.9999999999999974,0.003159099999720638,0.003159099999720638,0.0035368999997444917,backbone,envelope_only,envelope,90,1.0,0.0003778000000238535,False,,,False,1,envelope,64,4,RL+Backbone,2
best,C:\Users\erich\Documents\AFRL\Algebraic-Connectivity-Optimization-CDC2026\lite_trials\sweep\pmin_only\checkpoints\best.pt,ppo,3000,C:\Users\erich\Documents\AFRL\Algebraic-Connectivity-Optimization-CDC2026\lite_trials\lite_config.yaml,full,91,0.00024968789,3,91,91,0.00024968789013732833,1,0.01098901098901096,0.9999999999999974,0.0029170000007070485,0.0029170000007070485,0.0033409000006940914,backbone,envelope_only,envelope,90,1.0,0.000423899999987043,False,,,False,1,envelope,64,4,RL+Backbone,3
best,C:\Users\erich\Documents\AFRL\Algebraic-Connectivity-Optimization-CDC2026\lite_trials\sweep\pmin_only\checkpoints\best.pt,ppo,3000,C:\Users\erich\Documents\AFRL\Algebraic-Connectivity-Optimization-CDC2026\lite_trials\lite_config.yaml,full,91,0.00024968789,4,91,91,0.00024968789013732833,1,0.01098901098901096,0.9999999999999974,0.00323000000025786,0.00323000000025786,0.00343440000051487,backbone,envelope_only,envelope,90,1.0,0.0002044000002570101,False,,,False,1,envelope,64,4,RL+Backbone,4
best,C:\Users\erich\Documents\AFRL\Algebraic-Connectivity-Optimization-CDC2026\lite_trials\sweep\pmin_only\checkpoints\best.pt,ppo,3000,C:\Users\erich\Documents\AFRL\Algebraic-Connectivity-Optimization-CDC2026\lite_trials\lite_config.yaml,full,91,0.071660424469,0,377,377,0.07166042446941323,17,0.07878388897906904,7.169333897095283,0.08353210000041145,0.08353210000041145,0.14665420000073937,backbone,both,cayley,360,4.188989839037466,0.11783600000035221,False,2,,True,2,"cayley,envelope",64,4,RL+Backbone,0
best,C:\Users\erich\Documents\AFRL\Algebraic-Connectivity-Optimization-CDC2026\lite_trials\sweep\pmin_only\checkpoints\best.pt,ppo,3000,C:\Users\erich\Documents\AFRL\Algebraic-Connectivity-Optimization-CDC2026\lite_trials\lite_config.yaml,full,91,0.071660424469,1,377,377,0.07166042446941323,17,0.09035752995634617,8.222535226027501,0.09714999999960128,0.09714999999960128,0.16092640000078973,backbone,both,cayley,360,4.281660978444258,0.12643170000046666,False,2,,True,2,"cayley,envelope",64,4,RL+Backbone,1
best,C:\Users\erich\Documents\AFRL\Algebraic-Connectivity-Optimization-CDC2026\lite_trials\sweep\pmin_only\checkpoints\best.pt,ppo,3000,C:\Users\erich\Documents\AFRL\Algebraic-Connectivity-Optimization-CDC2026\lite_trials\lite_config.yaml,full,91,0.071660424469,2,377,377,0.07166042446941323,17,0.09298919561981617,8.462016801403271,0.10121209999942948,0.10121209999942948,0.15982460000032006,backbone,both,cayley,360,4.0504870286176615,0.12610229999972944,False,2,,True,2,"cayley,envelope",64,4,RL+Backbone,2
best,C:\Users\erich\Documents\AFRL\Algebraic-Connectivity-Optimization-CDC2026\lite_trials\sweep\pmin_only\checkpoints\best.pt,ppo,3000,C:\Users\erich\Documents\AFRL\Algebraic-Connectivity-Optimization-CDC2026\lite_trials\lite_config.yaml,full,91,0.071660424469,3,377,377,0.07166042446941323,17,0.0868710186360606,7.905262695881515,0.10242449999987002,0.10242449999987002,0.15707649999967543,backbone,both,cayley,360,4.064706988438584,0.12493779999931576,False,2,,True,2,"cayley,envelope",64,4,RL+Backbone,3
best,C:\Users\erich\Documents\AFRL\Algebraic-Connectivity-Optimization-CDC2026\lite_trials\sweep\pmin_only\checkpoints\best.pt,ppo,3000,C:\Users\erich\Documents\AFRL\Algebraic-Connectivity-Optimization-CDC2026\lite_trials\lite_config.yaml,full,91,0.071660424469,4,377,377,0.07166042446941323,17,0.07887353362584286,7.1774915599517,0.10150089999933698,0.10150089999933698,0.16097660000014002,backbone,both,cayley,360,4.077422640634839,0.1254292000003261,False,2,,True,2,"cayley,envelope",64,4,RL+Backbone,4
best,C:\Users\erich\Documents\AFRL\Algebraic-Connectivity-Optimization-CDC2026\lite_trials\sweep\pmin_only\checkpoints\best.pt,ppo,3000,C:\Users\erich\Documents\AFRL\Algebraic-Connectivity-Optimization-CDC2026\lite_trials\lite_config.yaml,full,91,0.143071161049,0,663,663,0.14307116104868914,33,0.10618150877876939,9.662517298868014,0.08210220000000845,0.08210220000000845,0.2069205999996484,backbone,cayley_only,cayley,630,9.321127444799135,0.12481839999963995,False,2,,False,1,cayley,64,4,RL+Backbone,0
best,C:\Users\erich\Documents\AFRL\Algebraic-Connectivity-Optimization-CDC2026\lite_trials\sweep\pmin_only\checkpoints\best.pt,ppo,3000,C:\Users\erich\Documents\AFRL\Algebraic-Connectivity-Optimization-CDC2026\lite_trials\lite_config.yaml,full,91,0.143071161049,1,663,663,0.14307116104868914,33,0.11149489118570542,10.146035097899194,0.07983469999999215,0.07983469999999215,0.20581659999970725,backbone,cayley_only,cayley,630,9.555021578086814,0.1259818999997151,False,2,,False,1,cayley,64,4,RL+Backbone,1
best,C:\Users\erich\Documents\AFRL\Algebraic-Connectivity-Optimization-CDC2026\lite_trials\sweep\pmin_only\checkpoints\best.pt,ppo,3000,C:\Users\erich\Documents\AFRL\Algebraic-Connectivity-Optimization-CDC2026\lite_trials\lite_config.yaml,full,91,0.143071161049,2,663,663,0.14307116104868914,33,0.1073570709053403,9.769493452385968,0.08069179999984044,0.08069179999984044,0.21797199999946315,backbone,cayley_only,cayley,630,9.261418531066674,0.1372801999996227,False,2,,False,1,cayley,64,4,RL+Backbone,2
best,C:\Users\erich\Documents\AFRL\Algebraic-Connectivity-Optimization-CDC2026\lite_trials\sweep\pmin_only\checkpoints\best.pt,ppo,3000,C:\Users\erich\Documents\AFRL\Algebraic-Connectivity-Optimization-CDC2026\lite_trials\lite_config.yaml,full,91,0.143071161049,3,663,663,0.14307116104868914,33,0.10751820132181303,9.784156320284985,0.07762699999966571,0.07762699999966571,0.20760350000000471,backbone,cayley_only,cayley,630,9.302997676006079,0.129976500000339,False,2,,False,1,cayley,64,4,RL+Backbone,3
best,C:\Users\erich\Documents\AFRL\Algebraic-Connectivity-Optimization-CDC2026\lite_trials\sweep\pmin_only\checkpoints\best.pt,ppo,3000,C:\Users\erich\Documents\AFRL\Algebraic-Connectivity-Optimization-CDC2026\lite_trials\lite_config.yaml,full,91,0.143071161049,4,663,663,0.14307116104868914,33,0.1062065881511003,9.664799521750128,0.07005730000037147,0.07005730000037147,0.20072110000091925,backbone,cayley_only,cayley,630,9.11108926306756,0.13066380000054778,False,2,,False,1,cayley,64,4,RL+Backbone,4
best,C:\Users\erich\Documents\AFRL\Algebraic-Connectivity-Optimization-CDC2026\lite_trials\sweep\pmin_only\checkpoints\best.pt,ppo,3000,C:\Users\erich\Documents\AFRL\Algebraic-Connectivity-Optimization-CDC2026\lite_trials\lite_config.yaml,full,91,0.214481897628,0,949,949,0.21448189762796505,4,0.18182499014416986,16.54607410311946,0.009623299999475421,0.009623299999475421,0.14356889999999112,backbone,cayley_only,cayley,945,15.840289429463455,0.1339456000005157,False,2,,False,1,cayley,64,4,RL+Backbone,0
best,C:\Users\erich\Documents\AFRL\Algebraic-Connectivity-Optimization-CDC2026\lite_trials\sweep\pmin_only\checkpoints\best.pt,ppo,3000,C:\Users\erich\Documents\AFRL\Algebraic-Connectivity-Optimization-CDC2026\lite_trials\lite_config.yaml,full,91,0.214481897628,1,949,949,0.21448189762796505,4,0.17968838558848194,16.351643088551857,0.011563100000785198,0.011563100000785198,0.14129630000115867,backbone,cayley_only,cayley,945,15.825378389093053,0.12973320000037347,False,2,,False,1,cayley,64,4,RL+Backbone,1
best,C:\Users\erich\Documents\AFRL\Algebraic-Connectivity-Optimization-CDC2026\lite_trials\sweep\pmin_only\checkpoints\best.pt,ppo,3000,C:\Users\erich\Documents\AFRL\Algebraic-Connectivity-Optimization-CDC2026\lite_trials\lite_config.yaml,full,91,0.214481897628,2,949,949,0.21448189762796505,4,0.1812258656416205,16.491553773387466,0.009083200000532088,0.009083200000532088,0.1419541000004756,backbone,cayley_only,cayley,945,15.595607203204986,0.1328708999999435,False,2,,False,1,cayley,64,4,RL+Backbone,2
best,C:\Users\erich\Documents\AFRL\Algebraic-Connectivity-Optimization-CDC2026\lite_trials\sweep\pmin_only\checkpoints\best.pt,ppo,3000,C:\Users\erich\Documents\AFRL\Algebraic-Connectivity-Optimization-CDC2026\lite_trials\lite_config.yaml,full,91,0.214481897628,3,949,949,0.21448189762796505,4,0.17881784209363624,16.272423630520898,0.0125571000007767,0.0125571000007767,0.14292250000016793,backbone,cayley_only,cayley,945,15.70543297670077,0.13036539999939123,False,2,,False,1,cayley,64,4,RL+Backbone,3
best,C:\Users\erich\Documents\AFRL\Algebraic-Connectivity-Optimization-CDC2026\lite_trials\sweep\pmin_only\checkpoints\best.pt,ppo,3000,C:\Users\erich\Documents\AFRL\Algebraic-Connectivity-Optimization-CDC2026\lite_trials\lite_config.yaml,full,91,0.214481897628,4,949,949,0.21448189762796505,4,0.17911842177421544,16.299776381453604,0.012839900000471971,0.012839900000471971,0.14585129999977653,backbone,cayley_only,cayley,945,15.780040026010091,0.13301139999930456,False,2,,False,1,cayley,64,4,RL+Backbone,4
best,C:\Users\erich\Documents\AFRL\Algebraic-Connectivity-Optimization-CDC2026\lite_trials\sweep\pmin_only\checkpoints\best.pt,ppo,3000,C:\Users\erich\Documents\AFRL\Algebraic-Connectivity-Optimization-CDC2026\lite_trials\lite_config.yaml,full,91,0.285892634207,0,1235,1235,0.2858926342072409,20,0.2696233159561116,24.535721752006157,0.0536552000003212,0.0536552000003212,0.1893646999997145,backbone,cayley_only,cayley,1215,21.893503443792007,0.1357094999993933,False,2,,False,1,cayley,64,4,RL+Backbone,0
best,C:\Users\erich\Documents\AFRL\Algebraic-Connectivity-Optimization-CDC2026\lite_trials\sweep\pmin_only\checkpoints\best.pt,ppo,3000,C:\Users\erich\Documents\AFRL\Algebraic-Connectivity-Optimization-CDC2026\lite_trials\lite_config.yaml,full,91,0.285892634207,1,1235,1235,0.2858926342072409,20,0.2724721611532229,24.794966664943285,0.0542738999993162,0.0542738999993162,0.18835909999961586,backbone,cayley_only,cayley,1215,21.717672622828523,0.13408520000029966,False,2,,False,1,cayley,64,4,RL+Backbone,1
best,C:\Users\erich\Documents\AFRL\Algebraic-Connectivity-Optimization-CDC2026\lite_trials\sweep\pmin_only\checkpoints\best.pt,ppo,3000,C:\Users\erich\Documents\AFRL\Algebraic-Connectivity-Optimization-CDC2026\lite_trials\lite_config.yaml,full,91,0.285892634207,2,1235,1235,0.2858926342072409,20,0.2722336612437284,24.773263173179284,0.06686589999935677,0.06686589999935677,0.2009398999998666,backbone,cayley_only,cayley,1215,21.73237283421249,0.13407400000050984,False,2,,False,1,cayley,64,4,RL+Backbone,2
best,C:\Users\erich\Documents\AFRL\Algebraic-Connectivity-Optimization-CDC2026\lite_trials\sweep\pmin_only\checkpoints\best.pt,ppo,3000,C:\Users\erich\Documents\AFRL\Algebraic-Connectivity-Optimization-CDC2026\lite_trials\lite_config.yaml,full,91,0.285892634207,3,1235,1235,0.2858926342072409,20,0.2707768418157747,24.6406926052355,0.05496140000013838,0.05496140000013838,0.19147799999973358,backbone,cayley_only,cayley,1215,21.74148138189659,0.1365165999995952,False,2,,False,1,cayley,64,4,RL+Backbone,3
best,C:\Users\erich\Documents\AFRL\Algebraic-Connectivity-Optimization-CDC2026\lite_trials\sweep\pmin_only\checkpoints\best.pt,ppo,3000,C:\Users\erich\Documents\AFRL\Algebraic-Connectivity-Optimization-CDC2026\lite_trials\lite_config.yaml,full,91,0.285892634207,4,1235,1235,0.2858926342072409,20,0.265244395245497,24.137239967340225,0.06611659999998665,0.06611659999998665,0.20068389999960345,backbone,cayley_only,cayley,1215,21.630331782543152,0.1345672999996168,False,2,,False,1,cayley,64,4,RL+Backbone,4
best,C:\Users\erich\Documents\AFRL\Algebraic-Connectivity-Optimization-CDC2026\lite_trials\sweep\pmin_only\checkpoints\best.pt,ppo,3000,C:\Users\erich\Documents\AFRL\Algebraic-Connectivity-Optimization-CDC2026\lite_trials\lite_config.yaml,full,91,0.357303370787,0,1521,1521,0.35730337078651686,36,0.3195331404311061,29.077515779230655,0.127625099999932,0.127625099999932,0.2653510999998616,backbone,cayley_only,cayley,1485,28.23556926379106,0.13772599999992963,False,2,,False,1,cayley,64,4,RL+Backbone,0
best,C:\Users\erich\Documents\AFRL\Algebraic-Connectivity-Optimization-CDC2026\lite_trials\sweep\pmin_only\checkpoints\best.pt,ppo,3000,C:\Users\erich\Documents\AFRL\Algebraic-Connectivity-Optimization-CDC2026\lite_trials\lite_config.yaml,full,91,0.357303370787,1,1521,1521,0.35730337078651686,36,0.3178302694859194,28.92255452321867,0.12296909999986383,0.12296909999986383,0.258912500000406,backbone,cayley_only,cayley,1485,28.195541762313884,0.13594340000054217,False,2,,False,1,cayley,64,4,RL+Backbone,1
best,C:\Users\erich\Documents\AFRL\Algebraic-Connectivity-Optimization-CDC2026\lite_trials\sweep\pmin_only\checkpoints\best.pt,ppo,3000,C:\Users\erich\Documents\AFRL\Algebraic-Connectivity-Optimization-CDC2026\lite_trials\lite_config.yaml,full,91,0.357303370787,2,1521,1521,0.35730337078651686,36,0.317024926112223,28.849268276212293,0.1381065999994462,0.1381065999994462,0.2736476000000039,backbone,cayley_only,cayley,1485,28.035058008185892,0.1355410000005577,False,2,,False,1,cayley,64,4,RL+Backbone,2
best,C:\Users\erich\Documents\AFRL\Algebraic-Connectivity-Optimization-CDC2026\lite_trials\sweep\pmin_only\checkpoints\best.pt,ppo,3000,C:\Users\erich\Documents\AFRL\Algebraic-Connectivity-Optimization-CDC2026\lite_trials\lite_config.yaml,full,91,0.357303370787,3,1521,1521,0.35730337078651686,36,0.3199899278257275,29.119083432141203,0.1158421999998609,0.1158421999998609,0.2556226000006063,backbone,cayley_only,cayley,1485,28.14210041804453,0.13978040000074543,False,2,,False,1,cayley,64,4,RL+Backbone,3
best,C:\Users\erich\Documents\AFRL\Algebraic-Connectivity-Optimization-CDC2026\lite_trials\sweep\pmin_only\checkpoints\best.pt,ppo,3000,C:\Users\erich\Documents\AFRL\Algebraic-Connectivity-Optimization-CDC2026\lite_trials\lite_config.yaml,full,91,0.357303370787,4,1521,1521,0.35730337078651686,36,0.3204457939773288,29.16056725193692,0.10724000000027445,0.10724000000027445,0.24717169999985344,backbone,cayley_only,cayley,1485,28.14066524379569,0.139931699999579,False,2,,False,1,cayley,64,4,RL+Backbone,4
best,C:\Users\erich\Documents\AFRL\Algebraic-Connectivity-Optimization-CDC2026\lite_trials\sweep\pmin_only\checkpoints\best.pt,ppo,3000,C:\Users\erich\Documents\AFRL\Algebraic-Connectivity-Optimization-CDC2026\lite_trials\lite_config.yaml,full,91,0.428714107366,0,1807,1807,0.42871410736579274,7,0.40865504170628186,37.18760879527165,0.030616299999564944,0.030616299999564944,0.17281289999937144,backbone,cayley_only,cayley,1800,36.20382543985903,0.1421965999998065,False,2,,False,1,cayley,64,4,RL+Backbone,0
best,C:\Users\erich\Documents\AFRL\Algebraic-Connectivity-Optimization-CDC2026\lite_trials\sweep\pmin_only\checkpoints\best.pt,ppo,3000,C:\Users\erich\Documents\AFRL\Algebraic-Connectivity-Optimization-CDC2026\lite_trials\lite_config.yaml,full,91,0.428714107366,1,1807,1807,0.42871410736579274,7,0.41016057996933486,37.324612777209474,0.028141199999481614,0.028141199999481614,0.1683659999998781,backbone,cayley_only,cayley,1800,36.31407738058467,0.1402248000003965,False,2,,False,1,cayley,64,4,RL+Backbone,1
best,C:\Users\erich\Documents\AFRL\Algebraic-Connectivity-Optimization-CDC2026\lite_trials\sweep\pmin_only\checkpoints\best.pt,ppo,3000,C:\Users\erich\Documents\AFRL\Algebraic-Connectivity-Optimization-CDC2026\lite_trials\lite_config.yaml,full,91,0.428714107366,2,1807,1807,0.42871410736579274,7,0.40554974768492225,36.905027039327926,0.02953609999985929,0.02953609999985929,0.17423500000040804,backbone,cayley_only,cayley,1800,36.14062924823648,0.14469890000054875,False,2,,False,1,cayley,64,4,RL+Backbone,2
best,C:\Users\erich\Documents\AFRL\Algebraic-Connectivity-Optimization-CDC2026\lite_trials\sweep\pmin_only\checkpoints\best.pt,ppo,3000,C:\Users\erich\Documents\AFRL\Algebraic-Connectivity-Optimization-CDC2026\lite_trials\lite_config.yaml,full,91,0.428714107366,3,1807,1807,0.42871410736579274,7,0.41204682074183757,37.49626068750722,0.02877580000040325,0.02877580000040325,0.16642770000089513,backbone,cayley_only,cayley,1800,36.22801501270706,0.13765190000049188,False,2,,False,1,cayley,64,4,RL+Backbone,3
best,C:\Users\erich\Documents\AFRL\Algebraic-Connectivity-Optimization-CDC2026\lite_trials\sweep\pmin_only\checkpoints\best.pt,ppo,3000,C:\Users\erich\Documents\AFRL\Algebraic-Connectivity-Optimization-CDC2026\lite_trials\lite_config.yaml,full,91,0.428714107366,4,1807,1807,0.42871410736579274,7,0.41204245595118466,37.495863491557806,0.029558199999883072,0.029558199999883072,0.1703905999993367,backbone,cayley_only,cayley,1800,36.301903360329774,0.14083239999945363,False,2,,False,1,cayley,64,4,RL+Backbone,4
best,C:\Users\erich\Documents\AFRL\Algebraic-Connectivity-Optimization-CDC2026\lite_trials\sweep\pmin_only\checkpoints\best.pt,ppo,3000,C:\Users\erich\Documents\AFRL\Algebraic-Connectivity-Optimization-CDC2026\lite_trials\lite_config.yaml,full,91,0.500124843945,0,2093,2093,0.5001248439450686,23,0.5622048232294007,51.16063891387546,0.11579100000017206,0.11579100000017206,0.25552609999976994,backbone,both,envelope,2070,45.0,0.14876469999944675,False,,,True,2,"cayley,envelope",64,4,RL+Backbone,0
best,C:\Users\erich\Documents\AFRL\Algebraic-Connectivity-Optimization-CDC2026\lite_trials\sweep\pmin_only\checkpoints\best.pt,ppo,3000,C:\Users\erich\Documents\AFRL\Algebraic-Connectivity-Optimization-CDC2026\lite_trials\lite_config.yaml,full,91,0.500124843945,1,2093,2093,0.5001248439450686,23,0.5622048232294007,51.16063891387546,0.1283569000006537,0.1283569000006537,0.26339199999983975,backbone,both,envelope,2070,45.0,0.15074360000016895,False,,,True,2,"cayley,envelope",64,4,RL+Backbone,1
best,C:\Users\erich\Documents\AFRL\Algebraic-Connectivity-Optimization-CDC2026\lite_trials\sweep\pmin_only\checkpoints\best.pt,ppo,3000,C:\Users\erich\Documents\AFRL\Algebraic-Connectivity-Optimization-CDC2026\lite_trials\lite_config.yaml,full,91,0.500124843945,2,2093,2093,0.5001248439450686,23,0.5622048232294007,51.16063891387546,0.11785770000005868,0.11785770000005868,0.2698150000005626,backbone,both,envelope,2070,45.0,0.1519573000005039,False,,,True,2,"cayley,envelope",64,4,RL+Backbone,2
best,C:\Users\erich\Documents\AFRL\Algebraic-Connectivity-Optimization-CDC2026\lite_trials\sweep\pmin_only\checkpoints\best.pt,ppo,3000,C:\Users\erich\Documents\AFRL\Algebraic-Connectivity-Optimization-CDC2026\lite_trials\lite_config.yaml,full,91,0.500124843945,3,2093,2093,0.5001248439450686,23,0.5622048232294007,51.16063891387546,0.12850459999935993,0.12850459999935993,0.27759969999988243,backbone,both,envelope,2070,45.0,0.1545061999995596,False,,,True,2,"cayley,envelope",64,4,RL+Backbone,3
best,C:\Users\erich\Documents\AFRL\Algebraic-Connectivity-Optimization-CDC2026\lite_trials\sweep\pmin_only\checkpoints\best.pt,ppo,3000,C:\Users\erich\Documents\AFRL\Algebraic-Connectivity-Optimization-CDC2026\lite_trials\lite_config.yaml,full,91,0.500124843945,4,2093,2093,0.5001248439450686,23,0.5622048232294007,51.16063891387546,0.1155081999995673,0.1155081999995673,0.27552839999952994,backbone,both,envelope,2070,45.0,0.1621050000003379,False,,,True,2,"cayley,envelope",64,4,RL+Backbone,4
best,C:\Users\erich\Documents\AFRL\Algebraic-Connectivity-Optimization-CDC2026\lite_trials\sweep\pmin_only\checkpoints\best.pt,ppo,3000,C:\Users\erich\Documents\AFRL\Algebraic-Connectivity-Optimization-CDC2026\lite_trials\lite_config.yaml,full,91,0.571285892634,0,2378,2378,0.5712858926342073,38,0.5491285820243746,49.97070096421809,0.1797898000004352,0.1797898000004352,0.4250740000006772,backbone,both,cayley,2340,47.78957007774036,0.24528420000024198,False,2,,True,2,"cayley,envelope",64,4,RL+Backbone,0
best,C:\Users\erich\Documents\AFRL\Algebraic-Connectivity-Optimization-CDC2026\lite_trials\sweep\pmin_only\checkpoints\best.pt,ppo,3000,C:\Users\erich\Documents\AFRL\Algebraic-Connectivity-Optimization-CDC2026\lite_trials\lite_config.yaml,full,91,0.571285892634,1,2378,2378,0.5712858926342073,38,0.5523089626253582,50.260115598907596,0.18556379999972705,0.18556379999972705,0.43618880000030913,backbone,both,cayley,2340,47.78957007774037,0.2506250000005821,False,2,,True,2,"cayley,envelope",64,4,RL+Backbone,1
best,C:\Users\erich\Documents\AFRL\Algebraic-Connectivity-Optimization-CDC2026\lite_trials\sweep\pmin_only\checkpoints\best.pt,ppo,3000,C:\Users\erich\Documents\AFRL\Algebraic-Connectivity-Optimization-CDC2026\lite_trials\lite_config.yaml,full,91,0.571285892634,2,2378,2378,0.5712858926342073,38,0.550211991161713,50.069291195715884,0.17181989999971847,0.17181989999971847,0.4283244999996896,backbone,both,cayley,2340,47.78957007774038,0.2565045999999711,False,2,,True,2,"cayley,envelope",64,4,RL+Backbone,2
best,C:\Users\erich\Documents\AFRL\Algebraic-Connectivity-Optimization-CDC2026\lite_trials\sweep\pmin_only\checkpoints\best.pt,ppo,3000,C:\Users\erich\Documents\AFRL\Algebraic-Connectivity-Optimization-CDC2026\lite_trials\lite_config.yaml,full,91,0.571285892634,3,2378,2378,0.5712858926342073,38,0.5531669172063607,50.338189465778825,0.17316759999994247,0.17316759999994247,0.42002530000081606,backbone,both,cayley,2340,47.78957007774038,0.2496435000002748,False,2,,True,2,"cayley,envelope",64,4,RL+Backbone,3
best,C:\Users\erich\Documents\AFRL\Algebraic-Connectivity-Optimization-CDC2026\lite_trials\sweep\pmin_only\checkpoints\best.pt,ppo,3000,C:\Users\erich\Documents\AFRL\Algebraic-Connectivity-Optimization-CDC2026\lite_trials\lite_config.yaml,full,91,0.571285892634,4,2378,2378,0.5712858926342073,38,0.5464228248199381,49.72447705861437,0.17204909999964002,0.17204909999964002,0.43036380000012286,backbone,both,cayley,2340,47.789570077740336,0.25831470000048284,False,2,,True,2,"cayley,envelope",64,4,RL+Backbone,4
best,C:\Users\erich\Documents\AFRL\Algebraic-Connectivity-Optimization-CDC2026\lite_trials\sweep\pmin_only\checkpoints\best.pt,ppo,3000,C:\Users\erich\Documents\AFRL\Algebraic-Connectivity-Optimization-CDC2026\lite_trials\lite_config.yaml,full,91,0.642696629213,0,2664,2664,0.6426966292134831,82,0.6786676486001197,61.758756022610896,0.37882249999984197,0.37882249999984197,0.47537479999937204,backbone,both,cayley,2582,54.274317797167534,0.09655229999953008,False,3,,True,2,"cayley,envelope",64,4,RL+Backbone,0
best,C:\Users\erich\Documents\AFRL\Algebraic-Connectivity-Optimization-CDC2026\lite_trials\sweep\pmin_only\checkpoints\best.pt,ppo,3000,C:\Users\erich\Documents\AFRL\Algebraic-Connectivity-Optimization-CDC2026\lite_trials\lite_config.yaml,full,91,0.642696629213,1,2664,2664,0.6426966292134831,82,0.6786676486001201,61.758756022610925,0.4007742000003418,0.4007742000003418,0.4879034000005049,backbone,both,cayley,2582,54.274317797167505,0.08712920000016311,False,3,,True,2,"cayley,envelope",64,4,RL+Backbone,1
best,C:\Users\erich\Documents\AFRL\Algebraic-Connectivity-Optimization-CDC2026\lite_trials\sweep\pmin_only\checkpoints\best.pt,ppo,3000,C:\Users\erich\Documents\AFRL\Algebraic-Connectivity-Optimization-CDC2026\lite_trials\lite_config.yaml,full,91,0.642696629213,2,2664,2664,0.6426966292134831,82,0.6612046746810801,60.169625395978294,0.40626520000023447,0.40626520000023447,0.501310999999987,backbone,both,cayley,2582,54.272990055601575,0.09504579999975249,False,3,,True,2,"cayley,envelope",64,4,RL+Backbone,2
best,C:\Users\erich\Documents\AFRL\Algebraic-Connectivity-Optimization-CDC2026\lite_trials\sweep\pmin_only\checkpoints\best.pt,ppo,3000,C:\Users\erich\Documents\AFRL\Algebraic-Connectivity-Optimization-CDC2026\lite_trials\lite_config.yaml,full,91,0.642696629213,3,2664,2664,0.6426966292134831,83,0.677075423699013,61.61386355661018,0.4240037999998094,0.4240037999998094,0.5098839999991469,backbone,both,cayley,2581,54.002514646980956,0.08588019999933749,False,3,,True,2,"cayley,envelope",64,4,RL+Backbone,3
best,C:\Users\erich\Documents\AFRL\Algebraic-Connectivity-Optimization-CDC2026\lite_trials\sweep\pmin_only\checkpoints\best.pt,ppo,3000,C:\Users\erich\Documents\AFRL\Algebraic-Connectivity-Optimization-CDC2026\lite_trials\lite_config.yaml,full,91,0.642696629213,4,2664,2664,0.6426966292134831,82,0.67866764860012,61.75875602261092,0.403207399999701,0.403207399999701,0.49473049999960494,backbone,both,cayley,2582,54.27431779716751,0.09152309999990393,False,3,,True,2,"cayley,envelope",64,4,RL+Backbone,4
best,C:\Users\erich\Documents\AFRL\Algebraic-Connectivity-Optimization-CDC2026\lite_trials\sweep\pmin_only\checkpoints\best.pt,ppo,3000,C:\Users\erich\Documents\AFRL\Algebraic-Connectivity-Optimization-CDC2026\lite_trials\lite_config.yaml,full,91,0.714107365793,0,2950,2950,0.714107365792759,25,0.724380073777924,65.91858671379109,0.13749649999954272,0.13749649999954272,0.23625639999954728,backbone,both,cayley,2925,61.92128958041287,0.09875990000000456,False,4,,True,2,"cayley,envelope",64,4,RL+Backbone,0
best,C:\Users\erich\Documents\AFRL\Algebraic-Connectivity-Optimization-CDC2026\lite_trials\sweep\pmin_only\checkpoints\best.pt,ppo,3000,C:\Users\erich\Documents\AFRL\Algebraic-Connectivity-Optimization-CDC2026\lite_trials\lite_config.yaml,full,91,0.714107365793,1,2950,2950,0.714107365792759,25,0.7243800737778537,65.91858671378469,0.13462649999928544,0.13462649999928544,0.22852639999928215,backbone,both,cayley,2925,61.92128958041285,0.0938998999999967,False,4,,True,2,"cayley,envelope",64,4,RL+Backbone,1
best,C:\Users\erich\Documents\AFRL\Algebraic-Connectivity-Optimization-CDC2026\lite_trials\sweep\pmin_only\checkpoints\best.pt,ppo,3000,C:\Users\erich\Documents\AFRL\Algebraic-Connectivity-Optimization-CDC2026\lite_trials\lite_config.yaml,full,91,0.714107365793,2,2950,2950,0.714107365792759,25,0.7243800737778726,65.91858671378641,0.12374309999995603,0.12374309999995603,0.2296455000005153,backbone,both,cayley,2925,61.92128958041286,0.10590240000055928,False,4,,True,2,"cayley,envelope",64,4,RL+Backbone,2
best,C:\Users\erich\Documents\AFRL\Algebraic-Connectivity-Optimization-CDC2026\lite_trials\sweep\pmin_only\checkpoints\best.pt,ppo,3000,C:\Users\erich\Documents\AFRL\Algebraic-Connectivity-Optimization-CDC2026\lite_trials\lite_config.yaml,full,91,0.714107365793,3,2950,2950,0.714107365792759,25,0.724380073777889,65.9185867137879,0.12311599999975442,0.12311599999975442,0.2216102000002138,backbone,both,cayley,2925,61.92128958041287,0.09849420000045939,False,4,,True,2,"cayley,envelope",64,4,RL+Backbone,3
best,C:\Users\erich\Documents\AFRL\Algebraic-Connectivity-Optimization-CDC2026\lite_trials\sweep\pmin_only\checkpoints\best.pt,ppo,3000,C:\Users\erich\Documents\AFRL\Algebraic-Connectivity-Optimization-CDC2026\lite_trials\lite_config.yaml,full,91,0.714107365793,4,2950,2950,0.714107365792759,25,0.7243800737778736,65.9185867137865,0.1308844000004683,0.1308844000004683,0.22393259999989823,backbone,both,cayley,2925,61.92128958041289,0.09304819999942993,False,4,,True,2,"cayley,envelope",64,4,RL+Backbone,4
best,C:\Users\erich\Documents\AFRL\Algebraic-Connectivity-Optimization-CDC2026\lite_trials\sweep\pmin_only\checkpoints\best.pt,ppo,3000,C:\Users\erich\Documents\AFRL\Algebraic-Connectivity-Optimization-CDC2026\lite_trials\lite_config.yaml,full,91,0.785518102372,0,3236,3236,0.785518102372035,2,0.7701073964790953,70.07977307959767,0.015800099999978556,0.015800099999978556,0.018875499999921885,backbone,envelope_only,envelope,3234,70.0,0.003075399999943329,False,,,False,1,envelope,64,4,RL+Backbone,0
best,C:\Users\erich\Documents\AFRL\Algebraic-Connectivity-Optimization-CDC2026\lite_trials\sweep\pmin_only\checkpoints\best.pt,ppo,3000,C:\Users\erich\Documents\AFRL\Algebraic-Connectivity-Optimization-CDC2026\lite_trials\lite_config.yaml,full,91,0.785518102372,1,3236,3236,0.785518102372035,2,0.7701073964790953,70.07977307959767,0.0165249000001495,0.0165249000001495,0.019071200000325916,backbone,envelope_only,envelope,3234,70.0,0.0025463000001764158,False,,,False,1,envelope,64,4,RL+Backbone,1
best,C:\Users\erich\Documents\AFRL\Algebraic-Connectivity-Optimization-CDC2026\lite_trials\sweep\pmin_only\checkpoints\best.pt,ppo,3000,C:\Users\erich\Documents\AFRL\Algebraic-Connectivity-Optimization-CDC2026\lite_trials\lite_config.yaml,full,91,0.785518102372,2,3236,3236,0.785518102372035,2,0.7701073964790953,70.07977307959767,0.014665700000477955,0.014665700000477955,0.017999300000155927,backbone,envelope_only,envelope,3234,70.0,0.003333599999677972,False,,,False,1,envelope,64,4,RL+Backbone,2
best,C:\Users\erich\Documents\AFRL\Algebraic-Connectivity-Optimization-CDC2026\lite_trials\sweep\pmin_only\checkpoints\best.pt,ppo,3000,C:\Users\erich\Documents\AFRL\Algebraic-Connectivity-Optimization-CDC2026\lite_trials\lite_config.yaml,full,91,0.785518102372,3,3236,3236,0.785518102372035,2,0.7701073964790953,70.07977307959767,0.016787900000053924,0.016787900000053924,0.01957739999943442,backbone,envelope_only,envelope,3234,70.0,0.002789499999380496,False,,,False,1,envelope,64,4,RL+Backbone,3
best,C:\Users\erich\Documents\AFRL\Algebraic-Connectivity-Optimization-CDC2026\lite_trials\sweep\pmin_only\checkpoints\best.pt,ppo,3000,C:\Users\erich\Documents\AFRL\Algebraic-Connectivity-Optimization-CDC2026\lite_trials\lite_config.yaml,full,91,0.785518102372,4,3236,3236,0.785518102372035,2,0.7701073964790953,70.07977307959767,0.0120731999995769,0.0120731999995769,0.014770499999940512,backbone,envelope_only,envelope,3234,70.0,0.0026973000003636116,False,,,False,1,envelope,64,4,RL+Backbone,4
best,C:\Users\erich\Documents\AFRL\Algebraic-Connectivity-Optimization-CDC2026\lite_trials\sweep\pmin_only\checkpoints\best.pt,ppo,3000,C:\Users\erich\Documents\AFRL\Algebraic-Connectivity-Optimization-CDC2026\lite_trials\lite_config.yaml,full,91,0.856928838951,0,3522,3522,0.8569288389513109,57,0.8608208507905997,78.33469742194457,0.4074620000001232,0.4074620000001232,0.4094444000002113,backbone,envelope_only,envelope,3465,76.0,0.0019824000000880915,False,,,False,1,envelope,64,4,RL+Backbone,0
best,C:\Users\erich\Documents\AFRL\Algebraic-Connectivity-Optimization-CDC2026\lite_trials\sweep\pmin_only\checkpoints\best.pt,ppo,3000,C:\Users\erich\Documents\AFRL\Algebraic-Connectivity-Optimization-CDC2026\lite_trials\lite_config.yaml,full,91,0.856928838951,1,3522,3522,0.8569288389513109,57,0.8608208507905997,78.33469742194457,0.41909949999990204,0.41909949999990204,0.4210438999998587,backbone,envelope_only,envelope,3465,76.0,0.0019443999999566586,False,,,False,1,envelope,64,4,RL+Backbone,1
best,C:\Users\erich\Documents\AFRL\Algebraic-Connectivity-Optimization-CDC2026\lite_trials\sweep\pmin_only\checkpoints\best.pt,ppo,3000,C:\Users\erich\Documents\AFRL\Algebraic-Connectivity-Optimization-CDC2026\lite_trials\lite_config.yaml,full,91,0.856928838951,2,3522,3522,0.8569288389513109,57,0.8608208507905997,78.33469742194457,0.42012720000002446,0.42012720000002446,0.4228616999998849,backbone,envelope_only,envelope,3465,76.0,0.002734499999860418,False,,,False,1,envelope,64,4,RL+Backbone,2
best,C:\Users\erich\Documents\AFRL\Algebraic-Connectivity-Optimization-CDC2026\lite_trials\sweep\pmin_only\checkpoints\best.pt,ppo,3000,C:\Users\erich\Documents\AFRL\Algebraic-Connectivity-Optimization-CDC2026\lite_trials\lite_config.yaml,full,91,0.856928838951,3,3522,3522,0.8569288389513109,57,0.8608208507905997,78.33469742194457,0.44230900000002293,0.44230900000002293,0.44506249999994907,backbone,envelope_only,envelope,3465,76.0,0.0027534999999261345,False,,,False,1,envelope,64,4,RL+Backbone,3
best,C:\Users\erich\Documents\AFRL\Algebraic-Connectivity-Optimization-CDC2026\lite_trials\sweep\pmin_only\checkpoints\best.pt,ppo,3000,C:\Users\erich\Documents\AFRL\Algebraic-Connectivity-Optimization-CDC2026\lite_trials\lite_config.yaml,full,91,0.856928838951,4,3522,3522,0.8569288389513109,57,0.8608208507905997,78.33469742194457,0.42764290000013716,0.42764290000013716,0.43124510000052396,backbone,envelope_only,envelope,3465,76.0,0.0036022000003868015,False,,,False,1,envelope,64,4,RL+Backbone,4
best,C:\Users\erich\Documents\AFRL\Algebraic-Connectivity-Optimization-CDC2026\lite_trials\sweep\pmin_only\checkpoints\best.pt,ppo,3000,C:\Users\erich\Documents\AFRL\Algebraic-Connectivity-Optimization-CDC2026\lite_trials\lite_config.yaml,full,91,0.928339575531,0,3808,3808,0.9283395755305868,24,0.9225539266075591,83.95240732128788,0.18215260000033595,0.18215260000033595,0.18455830000038986,backbone,envelope_only,envelope,3784,83.0,0.002405700000053912,False,,,False,1,envelope,64,4,RL+Backbone,0
best,C:\Users\erich\Documents\AFRL\Algebraic-Connectivity-Optimization-CDC2026\lite_trials\sweep\pmin_only\checkpoints\best.pt,ppo,3000,C:\Users\erich\Documents\AFRL\Algebraic-Connectivity-Optimization-CDC2026\lite_trials\lite_config.yaml,full,91,0.928339575531,1,3808,3808,0.9283395755305868,24,0.9225539266075591,83.95240732128788,0.19328330000007554,0.19328330000007554,0.19616190000033384,backbone,envelope_only,envelope,3784,83.0,0.0028786000002583023,False,,,False,1,envelope,64,4,RL+Backbone,1
best,C:\Users\erich\Documents\AFRL\Algebraic-Connectivity-Optimization-CDC2026\lite_trials\sweep\pmin_only\checkpoints\best.pt,ppo,3000,C:\Users\erich\Documents\AFRL\Algebraic-Connectivity-Optimization-CDC2026\lite_trials\lite_config.yaml,full,91,0.928339575531,2,3808,3808,0.9283395755305868,24,0.9225539266075591,83.95240732128788,0.1890095000007932,0.1890095000007932,0.19140300000071875,backbone,envelope_only,envelope,3784,83.0,0.0023934999999255524,False,,,False,1,envelope,64,4,RL+Backbone,2
best,C:\Users\erich\Documents\AFRL\Algebraic-Connectivity-Optimization-CDC2026\lite_trials\sweep\pmin_only\checkpoints\best.pt,ppo,3000,C:\Users\erich\Documents\AFRL\Algebraic-Connectivity-Optimization-CDC2026\lite_trials\lite_config.yaml,full,91,0.928339575531,3,3808,3808,0.9283395755305868,24,0.9225539266075591,83.95240732128788,0.1915662000001248,0.1915662000001248,0.19344920000003185,backbone,envelope_only,envelope,3784,83.0,0.0018829999999070424,False,,,False,1,envelope,64,4,RL+Backbone,3
best,C:\Users\erich\Documents\AFRL\Algebraic-Connectivity-Optimization-CDC2026\lite_trials\sweep\pmin_only\checkpoints\best.pt,ppo,3000,C:\Users\erich\Documents\AFRL\Algebraic-Connectivity-Optimization-CDC2026\lite_trials\lite_config.yaml,full,91,0.928339575531,4,3808,3808,0.9283395755305868,24,0.9225539266075591,83.95240732128788,0.1960558000000674,0.1960558000000674,0.19898379999995086,backbone,envelope_only,envelope,3784,83.0,0.0029279999998834683,False,,,False,1,envelope,64,4,RL+Backbone,4
best,C:\Users\erich\Documents\AFRL\Algebraic-Connectivity-Optimization-CDC2026\lite_trials\sweep\pmin_only\checkpoints\best.pt,ppo,3000,C:\Users\erich\Documents\AFRL\Algebraic-Connectivity-Optimization-CDC2026\lite_trials\lite_config.yaml,full,91,0.99975031211,0,4094,4094,0.9997503121098626,44,0.9780583119614791,89.0033063884946,0.32649209999999584,0.32649209999999584,0.3303307999995013,backbone,envelope_only,envelope,4050,89.0,0.0038386999995054794,False,,,False,1,envelope,64,4,RL+Backbone,0
best,C:\Users\erich\Documents\AFRL\Algebraic-Connectivity-Optimization-CDC2026\lite_trials\sweep\pmin_only\checkpoints\best.pt,ppo,3000,C:\Users\erich\Documents\AFRL\Algebraic-Connectivity-Optimization-CDC2026\lite_trials\lite_config.yaml,full,91,0.99975031211,1,4094,4094,0.9997503121098626,44,0.9780583119614791,89.0033063884946,0.3389561000003596,0.3389561000003596,0.34275049999996554,backbone,envelope_only,envelope,4050,89.0,0.0037943999996059574,False,,,False,1,envelope,64,4,RL+Backbone,1
best,C:\Users\erich\Documents\AFRL\Algebraic-Connectivity-Optimization-CDC2026\lite_trials\sweep\pmin_only\checkpoints\best.pt,ppo,3000,C:\Users\erich\Documents\AFRL\Algebraic-Connectivity-Optimization-CDC2026\lite_trials\lite_config.yaml,full,91,0.99975031211,2,4094,4094,0.9997503121098626,44,0.9780583119614791,89.0033063884946,0.3236237999999503,0.3236237999999503,0.3273197999997137,backbone,envelope_only,envelope,4050,89.0,0.003695999999763444,False,,,False,1,envelope,64,4,RL+Backbone,2
best,C:\Users\erich\Documents\AFRL\Algebraic-Connectivity-Optimization-CDC2026\lite_trials\sweep\pmin_only\checkpoints\best.pt,ppo,3000,C:\Users\erich\Documents\AFRL\Algebraic-Connectivity-Optimization-CDC2026\lite_trials\lite_config.yaml,full,91,0.99975031211,3,4094,4094,0.9997503121098626,44,0.9780583119614791,89.0033063884946,0.32813379999970493,0.32813379999970493,0.3317490999997972,backbone,envelope_only,envelope,4050,89.0,0.0036153000000922475,False,,,False,1,envelope,64,4,RL+Backbone,3
best,C:\Users\erich\Documents\AFRL\Algebraic-Connectivity-Optimization-CDC2026\lite_trials\sweep\pmin_only\checkpoints\best.pt,ppo,3000,C:\Users\erich\Documents\AFRL\Algebraic-Connectivity-Optimization-CDC2026\lite_trials\lite_config.yaml,full,91,0.99975031211,4,4094,4094,0.9997503121098626,44,0.9780583119614791,89.0033063884946,0.3558154000002105,0.3558154000002105,0.3596882000001642,backbone,envelope_only,envelope,4050,89.0,0.0038727999999537133,False,,,False,1,envelope,64,4,RL+Backbone,4
