checkpoint_label,checkpoint_path,checkpoint_algo,checkpoint_global_env_steps,config_path,rl_variant,n,rho_target,seed,m_target,m_final,rho_final,episode_len,terminal_lambda2_norm,terminal_lambda2,rl_runtime_sec,runtime_sec,runtime_total_sec,init_mode,init_route_label,init_family,init_edges,init_lambda2,init_build_runtime_sec,init_cache_hit,init_selected_index,init_errors,overlap_post_completion_selection,overlap_candidate_count,overlap_evaluated_families,top_k,dist_cap,method,repeat_idx
best,C:\Users\erich\Documents\AFRL\Algebraic-Connectivity-Optimization-CDC2026\lite_trials\sweep\resistance_leaning\checkpoints\best.pt,ppo,7000,C:\Users\erich\Documents\AFRL\Algebraic-Connectivity-Optimization-CDC2026\lite_trials\lite_config.yaml,full,12,0.018181818182,0,12,12,0.01818181818181818,1,0.0602880796820738,0.7234569561848856,0.00380589999986114,0.00380589999986114,0.00380589999986114,path,path,path,11,0.0,0.0,False,,,False,1,path,64,4,RL+Path,0
best,C:\Users\erich\Documents\AFRL\Algebraic-Connectivity-Optimization-CDC2026\lite_trials\sweep\resistance_leaning\checkpoints\best.pt,ppo,7000,C:\Users\erich\Documents\AFRL\Algebraic-Connectivity-Optimization-CDC2026\lite_trials\lite_config.yaml,full,12,0.018181818182,1,12,12,0.01818181818181818,1,0.0602880796820738,0.7234569561848856,0.0009222999997291481,0.0009222999997291481,0.0009222999997291481,path,path,path,11,0.0,0.0,False,,,False,1,path,64,4,RL+Path,1
best,C:\Users\erich\Documents\AFRL\Algebraic-Connectivity-Optimization-CDC2026\lite_trials\sweep\resistance_leaning\checkpoints\best.pt,ppo,7000,C:\Users\erich\Documents\AFRL\Algebraic-Connectivity-Optimization-CDC2026\lite_trials\lite_config.yaml,full,12,0.018181818182,2,12,12,0.01818181818181818,1,0.0602880796820738,0.7234569561848856,0.0008214999998017447,0.0008214999998017447,0.0008214999998017447,path,path,path,11,0.0,0.0,False,,,False,1,path,64,4,RL+Path,2
best,C:\Users\erich\Documents\AFRL\Algebraic-Connectivity-Optimization-CDC2026\lite_trials\sweep\resistance_leaning\checkpoints\best.pt,ppo,7000,C:\Users\erich\Documents\AFRL\Algebraic-Connectivity-Optimization-CDC2026\lite_trials\lite_config.yaml,full,12,0.018181818182,3,12,12,0.01818181818181818,1,0.0602880796820738,0.7234569561848856,0.0008133000010275282,0.0008133000010275282,0.0008133000010275282,path,path,path,11,0.0,0.0,False,,,False,1,path,64,4,RL+Path,3
best,C:\Users\erich\Documents\AFRL\Algebraic-Connectivity-Optimization-CDC2026\lite_trials\sweep\resistance_leaning\checkpoints\best.pt,ppo,7000,C:\Users\erich\Documents\AFRL\Algebraic-Connectivity-Optimization-CDC2026\lite_trials\lite_config.yaml,full,12,0.018181818182,4,12,12,0.01818181818181818,1,0.0602880796820738,0.7234569561848856,0.0008223000004363712,0.0008223000004363712,0.0008223000004363712,path,path,path,11,0.0,0.0,False,,,False,1,path,64,4,RL+Path,4
best,C:\Users\erich\Documents\AFRL\Algebraic-Connectivity-Optimization-CDC2026\lite_trials\sweep\resistance_leaning\checkpoints\best.pt,ppo,7000,C:\Users\erich\Documents\AFRL\Algebraic-Connectivity-Optimization-CDC2026\lite_trials\lite_config.yaml,full,12,0.090909090909,0,16,16,0.09090909090909091,5,0.2311611476530695,2.773933771836834,0.004000500000984175,0.004000500000984175,0.004000500000984175,path,path,path,11,0.0,0.0,False,,,False,1,path,64,4,RL+Path,0
best,C:\Users\erich\Documents\AFRL\Algebraic-Connectivity-Optimization-CDC2026\lite_trials\sweep\resistance_leaning\checkpoints\best.pt,ppo,7000,C:\Users\erich\Documents\AFRL\Algebraic-Connectivity-Optimization-CDC2026\lite_trials\lite_config.yaml,full,12,0.090909090909,1,16,16,0.09090909090909091,5,0.2311611476530695,2.773933771836834,0.004602599999998347,0.004602599999998347,0.004602599999998347,path,path,path,11,0.0,0.0,False,,,False,1,path,64,4,RL+Path,1
best,C:\Users\erich\Documents\AFRL\Algebraic-Connectivity-Optimization-CDC2026\lite_trials\sweep\resistance_leaning\checkpoints\best.pt,ppo,7000,C:\Users\erich\Documents\AFRL\Algebraic-Connectivity-Optimization-CDC2026\lite_trials\lite_config.yaml,full,12,0.090909090909,2,16,16,0.09090909090909091,5,0.2311611476530695,2.773933771836834,0.004253900000549038,0.004253900000549038,0.004253900000549038,path,path,path,11,0.0,0.0,False,,,False,1,path,64,4,RL+Path,2
best,C:\Users\erich\Documents\AFRL\Algebraic-Connectivity-Optimization-CDC2026\lite_trials\sweep\resistance_leaning\checkpoints\best.pt,ppo,7000,C:\Users\erich\Documents\AFRL\Algebraic-Connectivity-Optimization-CDC2026\lite_trials\lite_config.yaml,full,12,0.090909090909,3,16,16,0.09090909090909091,5,0.2311611476530695,2.773933771836834,0.003727400000570924,0.003727400000570924,0.003727400000570924,path,path,path,11,0.0,0.0,False,,,False,1,path,64,4,RL+Path,3
best,C:\Users\erich\Documents\AFRL\Algebraic-Connectivity-Optimization-CDC2026\lite_trials\sweep\resistance_leaning\checkpoints\best.pt,ppo,7000,C:\Users\erich\Documents\AFRL\Algebraic-Connectivity-Optimization-CDC2026\lite_trials\lite_config.yaml,full,12,0.090909090909,4,16,16,0.09090909090909091,5,0.2311611476530695,2.773933771836834,0.00400890000128129,0.00400890000128129,0.00400890000128129,path,path,path,11,0.0,0.0,False,,,False,1,path,64,4,RL+Path,4
best,C:\Users\erich\Documents\AFRL\Algebraic-Connectivity-Optimization-CDC2026\lite_trials\sweep\resistance_leaning\checkpoints\best.pt,ppo,7000,C:\Users\erich\Documents\AFRL\Algebraic-Connectivity-Optimization-CDC2026\lite_trials\lite_config.yaml,full,12,0.163636363636,0,20,20,0.16363636363636364,9,0.39831269906252187,4.779752388750262,0.007452300000295509,0.007452300000295509,0.007452300000295509,path,path,path,11,0.0,0.0,False,,,False,1,path,64,4,RL+Path,0
best,C:\Users\erich\Documents\AFRL\Algebraic-Connectivity-Optimization-CDC2026\lite_trials\sweep\resistance_leaning\checkpoints\best.pt,ppo,7000,C:\Users\erich\Documents\AFRL\Algebraic-Connectivity-Optimization-CDC2026\lite_trials\lite_config.yaml,full,12,0.163636363636,1,20,20,0.16363636363636364,9,0.39831269906252187,4.779752388750262,0.007512099999075872,0.007512099999075872,0.007512099999075872,path,path,path,11,0.0,0.0,False,,,False,1,path,64,4,RL+Path,1
best,C:\Users\erich\Documents\AFRL\Algebraic-Connectivity-Optimization-CDC2026\lite_trials\sweep\resistance_leaning\checkpoints\best.pt,ppo,7000,C:\Users\erich\Documents\AFRL\Algebraic-Connectivity-Optimization-CDC2026\lite_trials\lite_config.yaml,full,12,0.163636363636,2,20,20,0.16363636363636364,9,0.39831269906252187,4.779752388750262,0.00736489999871992,0.00736489999871992,0.00736489999871992,path,path,path,11,0.0,0.0,False,,,False,1,path,64,4,RL+Path,2
best,C:\Users\erich\Documents\AFRL\Algebraic-Connectivity-Optimization-CDC2026\lite_trials\sweep\resistance_leaning\checkpoints\best.pt,ppo,7000,C:\Users\erich\Documents\AFRL\Algebraic-Connectivity-Optimization-CDC2026\lite_trials\lite_config.yaml,full,12,0.163636363636,3,20,20,0.16363636363636364,9,0.39831269906252187,4.779752388750262,0.007820099999662489,0.007820099999662489,0.007820099999662489,path,path,path,11,0.0,0.0,False,,,False,1,path,64,4,RL+Path,3
best,C:\Users\erich\Documents\AFRL\Algebraic-Connectivity-Optimization-CDC2026\lite_trials\sweep\resistance_leaning\checkpoints\best.pt,ppo,7000,C:\Users\erich\Documents\AFRL\Algebraic-Connectivity-Optimization-CDC2026\lite_trials\lite_config.yaml,full,12,0.163636363636,4,20,20,0.16363636363636364,9,0.39831269906252187,4.779752388750262,0.0072803999992174795,0.0072803999992174795,0.0072803999992174795,path,path,path,11,0.0,0.0,False,,,False,1,path,64,4,RL+Path,4
best,C:\Users\erich\Documents\AFRL\Algebraic-Connectivity-Optimization-CDC2026\lite_trials\sweep\resistance_leaning\checkpoints\best.pt,ppo,7000,C:\Users\erich\Documents\AFRL\Algebraic-Connectivity-Optimization-CDC2026\lite_trials\lite_config.yaml,full,12,0.218181818182,0,23,23,0.21818181818181817,12,0.49003050813689136,5.880366097642696,0.010150000000066939,0.010150000000066939,0.010150000000066939,path,path,path,11,0.0,0.0,False,,,False,1,path,64,4,RL+Path,0
best,C:\Users\erich\Documents\AFRL\Algebraic-Connectivity-Optimization-CDC2026\lite_trials\sweep\resistance_leaning\checkpoints\best.pt,ppo,7000,C:\Users\erich\Documents\AFRL\Algebraic-Connectivity-Optimization-CDC2026\lite_trials\lite_config.yaml,full,12,0.218181818182,1,23,23,0.21818181818181817,12,0.49003050813689136,5.880366097642696,0.0096730999994179,0.0096730999994179,0.0096730999994179,path,path,path,11,0.0,0.0,False,,,False,1,path,64,4,RL+Path,1
best,C:\Users\erich\Documents\AFRL\Algebraic-Connectivity-Optimization-CDC2026\lite_trials\sweep\resistance_leaning\checkpoints\best.pt,ppo,7000,C:\Users\erich\Documents\AFRL\Algebraic-Connectivity-Optimization-CDC2026\lite_trials\lite_config.yaml,full,12,0.218181818182,2,23,23,0.21818181818181817,12,0.49003050813689136,5.880366097642696,0.009374100000059116,0.009374100000059116,0.009374100000059116,path,path,path,11,0.0,0.0,False,,,False,1,path,64,4,RL+Path,2
best,C:\Users\erich\Documents\AFRL\Algebraic-Connectivity-Optimization-CDC2026\lite_trials\sweep\resistance_leaning\checkpoints\best.pt,ppo,7000,C:\Users\erich\Documents\AFRL\Algebraic-Connectivity-Optimization-CDC2026\lite_trials\lite_config.yaml,full,12,0.218181818182,3,23,23,0.21818181818181817,12,0.49003050813689136,5.880366097642696,0.009804000001167879,0.009804000001167879,0.009804000001167879,path,path,path,11,0.0,0.0,False,,,False,1,path,64,4,RL+Path,3
best,C:\Users\erich\Documents\AFRL\Algebraic-Connectivity-Optimization-CDC2026\lite_trials\sweep\resistance_leaning\checkpoints\best.pt,ppo,7000,C:\Users\erich\Documents\AFRL\Algebraic-Connectivity-Optimization-CDC2026\lite_trials\lite_config.yaml,full,12,0.218181818182,4,23,23,0.21818181818181817,12,0.49003050813689136,5.880366097642696,0.009633899999244022,0.009633899999244022,0.009633899999244022,path,path,path,11,0.0,0.0,False,,,False,1,path,64,4,RL+Path,4
best,C:\Users\erich\Documents\AFRL\Algebraic-Connectivity-Optimization-CDC2026\lite_trials\sweep\resistance_leaning\checkpoints\best.pt,ppo,7000,C:\Users\erich\Documents\AFRL\Algebraic-Connectivity-Optimization-CDC2026\lite_trials\lite_config.yaml,full,12,0.290909090909,0,27,27,0.2909090909090909,16,0.6103624867500442,7.324349841000531,0.013039200001003337,0.013039200001003337,0.013039200001003337,path,path,path,11,0.0,0.0,False,,,False,1,path,64,4,RL+Path,0
best,C:\Users\erich\Documents\AFRL\Algebraic-Connectivity-Optimization-CDC2026\lite_trials\sweep\resistance_leaning\checkpoints\best.pt,ppo,7000,C:\Users\erich\Documents\AFRL\Algebraic-Connectivity-Optimization-CDC2026\lite_trials\lite_config.yaml,full,12,0.290909090909,1,27,27,0.2909090909090909,16,0.6103624867500442,7.324349841000531,0.012591900000188616,0.012591900000188616,0.012591900000188616,path,path,path,11,0.0,0.0,False,,,False,1,path,64,4,RL+Path,1
best,C:\Users\erich\Documents\AFRL\Algebraic-Connectivity-Optimization-CDC2026\lite_trials\sweep\resistance_leaning\checkpoints\best.pt,ppo,7000,C:\Users\erich\Documents\AFRL\Algebraic-Connectivity-Optimization-CDC2026\lite_trials\lite_config.yaml,full,12,0.290909090909,2,27,27,0.2909090909090909,16,0.6103624867500442,7.324349841000531,0.013255699999717763,0.013255699999717763,0.013255699999717763,path,path,path,11,0.0,0.0,False,,,False,1,path,64,4,RL+Path,2
best,C:\Users\erich\Documents\AFRL\Algebraic-Connectivity-Optimization-CDC2026\lite_trials\sweep\resistance_leaning\checkpoints\best.pt,ppo,7000,C:\Users\erich\Documents\AFRL\Algebraic-Connectivity-Optimization-CDC2026\lite_trials\lite_config.yaml,full,12,0.290909090909,3,27,27,0.2909090909090909,16,0.6103624867500442,7.324349841000531,0.012269900000319467,0.012269900000319467,0.012269900000319467,path,path,path,11,0.0,0.0,False,,,False,1,path,64,4,RL+Path,3
best,C:\Users\erich\Documents\AFRL\Algebraic-Connectivity-Optimization-CDC2026\lite_trials\sweep\resistance_leaning\checkpoints\best.pt,ppo,7000,C:\Users\erich\Documents\AFRL\Algebraic-Connectivity-Optimization-CDC2026\lite_trials\lite_config.yaml,full,12,0.290909090909,4,27,27,0.2909090909090909,16,0.6103624867500442,7.324349841000531,0.012413099999321275,0.012413099999321275,0.012413099999321275,path,path,path,11,0.0,0.0,False,,,False,1,path,64,4,RL+Path,4
best,C:\Users\erich\Documents\AFRL\Algebraic-Connectivity-Optimization-CDC2026\lite_trials\sweep\resistance_leaning\checkpoints\best.pt,ppo,7000,C:\Users\erich\Documents\AFRL\Algebraic-Connectivity-Optimization-CDC2026\lite_trials\lite_config.yaml,full,12,0.363636363636,0,31,31,0.36363636363636365,20,0.6863904729344982,8.236685675213979,0.016095500001028995,0.016095500001028995,0.016095500001028995,path,path,path,11,0.0,0.0,False,,,False,1,path,64,4,RL+Path,0
best,C:\Users\erich\Documents\AFRL\Algebraic-Connectivity-Optimization-CDC2026\lite_trials\sweep\resistance_leaning\checkpoints\best.pt,ppo,7000,C:\Users\erich\Documents\AFRL\Algebraic-Connectivity-Optimization-CDC2026\lite_trials\lite_config.yaml,full,12,0.363636363636,1,31,31,0.36363636363636365,20,0.6863904729344982,8.236685675213979,0.015384299998913775,0.015384299998913775,0.015384299998913775,path,path,path,11,0.0,0.0,False,,,False,1,path,64,4,RL+Path,1
best,C:\Users\erich\Documents\AFRL\Algebraic-Connectivity-Optimization-CDC2026\lite_trials\sweep\resistance_leaning\checkpoints\best.pt,ppo,7000,C:\Users\erich\Documents\AFRL\Algebraic-Connectivity-Optimization-CDC2026\lite_trials\lite_config.yaml,full,12,0.363636363636,2,31,31,0.36363636363636365,20,0.6863904729344982,8.236685675213979,0.015618699999322416,0.015618699999322416,0.015618699999322416,path,path,path,11,0.0,0.0,False,,,False,1,path,64,4,RL+Path,2
best,C:\Users\erich\Documents\AFRL\Algebraic-Connectivity-Optimization-CDC2026\lite_trials\sweep\resistance_leaning\checkpoints\best.pt,ppo,7000,C:\Users\erich\Documents\AFRL\Algebraic-Connectivity-Optimization-CDC2026\lite_trials\lite_config.yaml,full,12,0.363636363636,3,31,31,0.36363636363636365,20,0.6863904729344982,8.236685675213979,0.015462299999853713,0.015462299999853713,0.015462299999853713,path,path,path,11,0.0,0.0,False,,,False,1,path,64,4,RL+Path,3
best,C:\Users\erich\Documents\AFRL\Algebraic-Connectivity-Optimization-CDC2026\lite_trials\sweep\resistance_leaning\checkpoints\best.pt,ppo,7000,C:\Users\erich\Documents\AFRL\Algebraic-Connectivity-Optimization-CDC2026\lite_trials\lite_config.yaml,full,12,0.363636363636,4,31,31,0.36363636363636365,20,0.6863904729344982,8.236685675213979,0.015463899999303976,0.015463899999303976,0.015463899999303976,path,path,path,11,0.0,0.0,False,,,False,1,path,64,4,RL+Path,4
best,C:\Users\erich\Documents\AFRL\Algebraic-Connectivity-Optimization-CDC2026\lite_trials\sweep\resistance_leaning\checkpoints\best.pt,ppo,7000,C:\Users\erich\Documents\AFRL\Algebraic-Connectivity-Optimization-CDC2026\lite_trials\lite_config.yaml,full,12,0.436363636364,0,35,35,0.43636363636363634,24,0.7640317128209767,9.168380553851721,0.019180400000550435,0.019180400000550435,0.019180400000550435,path,path,path,11,0.0,0.0,False,,,False,1,path,64,4,RL+Path,0
best,C:\Users\erich\Documents\AFRL\Algebraic-Connectivity-Optimization-CDC2026\lite_trials\sweep\resistance_leaning\checkpoints\best.pt,ppo,7000,C:\Users\erich\Documents\AFRL\Algebraic-Connectivity-Optimization-CDC2026\lite_trials\lite_config.yaml,full,12,0.436363636364,1,35,35,0.43636363636363634,24,0.7640317128209767,9.168380553851721,0.02114860000074259,0.02114860000074259,0.02114860000074259,path,path,path,11,0.0,0.0,False,,,False,1,path,64,4,RL+Path,1
best,C:\Users\erich\Documents\AFRL\Algebraic-Connectivity-Optimization-CDC2026\lite_trials\sweep\resistance_leaning\checkpoints\best.pt,ppo,7000,C:\Users\erich\Documents\AFRL\Algebraic-Connectivity-Optimization-CDC2026\lite_trials\lite_config.yaml,full,12,0.436363636364,2,35,35,0.43636363636363634,24,0.7640317128209767,9.168380553851721,0.019141100001434097,0.019141100001434097,0.019141100001434097,path,path,path,11,0.0,0.0,False,,,False,1,path,64,4,RL+Path,2
best,C:\Users\erich\Documents\AFRL\Algebraic-Connectivity-Optimization-CDC2026\lite_trials\sweep\resistance_leaning\checkpoints\best.pt,ppo,7000,C:\Users\erich\Documents\AFRL\Algebraic-Connectivity-Optimization-CDC2026\lite_trials\lite_config.yaml,full,12,0.436363636364,3,35,35,0.43636363636363634,24,0.7640317128209767,9.168380553851721,0.02167849999932514,0.02167849999932514,0.02167849999932514,path,path,path,11,0.0,0.0,False,,,False,1,path,64,4,RL+Path,3
best,C:\Users\erich\Documents\AFRL\Algebraic-Connectivity-Optimization-CDC2026\lite_trials\sweep\resistance_leaning\checkpoints\best.pt,ppo,7000,C:\Users\erich\Documents\AFRL\Algebraic-Connectivity-Optimization-CDC2026\lite_trials\lite_config.yaml,full,12,0.436363636364,4,35,35,0.43636363636363634,24,0.7640317128209767,9.168380553851721,0.018982100000357605,0.018982100000357605,0.018982100000357605,path,path,path,11,0.0,0.0,False,,,False,1,path,64,4,RL+Path,4
best,C:\Users\erich\Documents\AFRL\Algebraic-Connectivity-Optimization-CDC2026\lite_trials\sweep\resistance_leaning\checkpoints\best.pt,ppo,7000,C:\Users\erich\Documents\AFRL\Algebraic-Connectivity-Optimization-CDC2026\lite_trials\lite_config.yaml,full,12,0.490909090909,0,38,38,0.4909090909090909,27,0.8065898277807982,9.679077933369578,0.021284000000378,0.021284000000378,0.021284000000378,path,path,path,11,0.0,0.0,False,,,False,1,path,64,4,RL+Path,0
best,C:\Users\erich\Documents\AFRL\Algebraic-Connectivity-Optimization-CDC2026\lite_trials\sweep\resistance_leaning\checkpoints\best.pt,ppo,7000,C:\Users\erich\Documents\AFRL\Algebraic-Connectivity-Optimization-CDC2026\lite_trials\lite_config.yaml,full,12,0.490909090909,1,38,38,0.4909090909090909,27,0.8065898277807982,9.679077933369578,0.021021799999289215,0.021021799999289215,0.021021799999289215,path,path,path,11,0.0,0.0,False,,,False,1,path,64,4,RL+Path,1
best,C:\Users\erich\Documents\AFRL\Algebraic-Connectivity-Optimization-CDC2026\lite_trials\sweep\resistance_leaning\checkpoints\best.pt,ppo,7000,C:\Users\erich\Documents\AFRL\Algebraic-Connectivity-Optimization-CDC2026\lite_trials\lite_config.yaml,full,12,0.490909090909,2,38,38,0.4909090909090909,27,0.8065898277807982,9.679077933369578,0.021055299999716226,0.021055299999716226,0.021055299999716226,path,path,path,11,0.0,0.0,False,,,False,1,path,64,4,RL+Path,2
best,C:\Users\erich\Documents\AFRL\Algebraic-Connectivity-Optimization-CDC2026\lite_trials\sweep\resistance_leaning\checkpoints\best.pt,ppo,7000,C:\Users\erich\Documents\AFRL\Algebraic-Connectivity-Optimization-CDC2026\lite_trials\lite_config.yaml,full,12,0.490909090909,3,38,38,0.4909090909090909,27,0.8065898277807982,9.679077933369578,0.02173140000013518,0.02173140000013518,0.02173140000013518,path,path,path,11,0.0,0.0,False,,,False,1,path,64,4,RL+Path,3
best,C:\Users\erich\Documents\AFRL\Algebraic-Connectivity-Optimization-CDC2026\lite_trials\sweep\resistance_leaning\checkpoints\best.pt,ppo,7000,C:\Users\erich\Documents\AFRL\Algebraic-Connectivity-Optimization-CDC2026\lite_trials\lite_config.yaml,full,12,0.490909090909,4,38,38,0.4909090909090909,27,0.8065898277807982,9.679077933369578,0.021357300000090618,0.021357300000090618,0.021357300000090618,path,path,path,11,0.0,0.0,False,,,False,1,path,64,4,RL+Path,4
best,C:\Users\erich\Documents\AFRL\Algebraic-Connectivity-Optimization-CDC2026\lite_trials\sweep\resistance_leaning\checkpoints\best.pt,ppo,7000,C:\Users\erich\Documents\AFRL\Algebraic-Connectivity-Optimization-CDC2026\lite_trials\lite_config.yaml,full,12,0.563636363636,0,42,42,0.5636363636363636,31,0.8813139859566615,10.575767831479938,0.025284800000008545,0.025284800000008545,0.025284800000008545,path,path,path,11,0.0,0.0,False,,,False,1,path,64,4,RL+Path,0
best,C:\Users\erich\Documents\AFRL\Algebraic-Connectivity-Optimization-CDC2026\lite_trials\sweep\resistance_leaning\checkpoints\best.pt,ppo,7000,C:\Users\erich\Documents\AFRL\Algebraic-Connectivity-Optimization-CDC2026\lite_trials\lite_config.yaml,full,12,0.563636363636,1,42,42,0.5636363636363636,31,0.8813139859566615,10.575767831479938,0.026044800000818213,0.026044800000818213,0.026044800000818213,path,path,path,11,0.0,0.0,False,,,False,1,path,64,4,RL+Path,1
best,C:\Users\erich\Documents\AFRL\Algebraic-Connectivity-Optimization-CDC2026\lite_trials\sweep\resistance_leaning\checkpoints\best.pt,ppo,7000,C:\Users\erich\Documents\AFRL\Algebraic-Connectivity-Optimization-CDC2026\lite_trials\lite_config.yaml,full,12,0.563636363636,2,42,42,0.5636363636363636,31,0.8813139859566615,10.575767831479938,0.024929100000008475,0.024929100000008475,0.024929100000008475,path,path,path,11,0.0,0.0,False,,,False,1,path,64,4,RL+Path,2
best,C:\Users\erich\Documents\AFRL\Algebraic-Connectivity-Optimization-CDC2026\lite_trials\sweep\resistance_leaning\checkpoints\best.pt,ppo,7000,C:\Users\erich\Documents\AFRL\Algebraic-Connectivity-Optimization-CDC2026\lite_trials\lite_config.yaml,full,12,0.563636363636,3,42,42,0.5636363636363636,31,0.8813139859566615,10.575767831479938,0.030102299999271054,0.030102299999271054,0.030102299999271054,path,path,path,11,0.0,0.0,False,,,False,1,path,64,4,RL+Path,3
best,C:\Users\erich\Documents\AFRL\Algebraic-Connectivity-Optimization-CDC2026\lite_trials\sweep\resistance_leaning\checkpoints\best.pt,ppo,7000,C:\Users\erich\Documents\AFRL\Algebraic-Connectivity-Optimization-CDC2026\lite_trials\lite_config.yaml,full,12,0.563636363636,4,42,42,0.5636363636363636,31,0.8813139859566615,10.575767831479938,0.029593900000691065,0.029593900000691065,0.029593900000691065,path,path,path,11,0.0,0.0,False,,,False,1,path,64,4,RL+Path,4
best,C:\Users\erich\Documents\AFRL\Algebraic-Connectivity-Optimization-CDC2026\lite_trials\sweep\resistance_leaning\checkpoints\best.pt,ppo,7000,C:\Users\erich\Documents\AFRL\Algebraic-Connectivity-Optimization-CDC2026\lite_trials\lite_config.yaml,full,12,0.636363636364,0,46,46,0.6363636363636364,35,0.651858775181806,7.822305302181672,0.033629499999733525,0.033629499999733525,0.033629499999733525,path,path,path,11,0.0,0.0,False,,,False,1,path,64,4,RL+Path,0
best,C:\Users\erich\Documents\AFRL\Algebraic-Connectivity-Optimization-CDC2026\lite_trials\sweep\resistance_leaning\checkpoints\best.pt,ppo,7000,C:\Users\erich\Documents\AFRL\Algebraic-Connectivity-Optimization-CDC2026\lite_trials\lite_config.yaml,full,12,0.636363636364,1,46,46,0.6363636363636364,35,0.651858775181806,7.822305302181672,0.0315496000002895,0.0315496000002895,0.0315496000002895,path,path,path,11,0.0,0.0,False,,,False,1,path,64,4,RL+Path,1
best,C:\Users\erich\Documents\AFRL\Algebraic-Connectivity-Optimization-CDC2026\lite_trials\sweep\resistance_leaning\checkpoints\best.pt,ppo,7000,C:\Users\erich\Documents\AFRL\Algebraic-Connectivity-Optimization-CDC2026\lite_trials\lite_config.yaml,full,12,0.636363636364,2,46,46,0.6363636363636364,35,0.651858775181806,7.822305302181672,0.032611100001304294,0.032611100001304294,0.032611100001304294,path,path,path,11,0.0,0.0,False,,,False,1,path,64,4,RL+Path,2
best,C:\Users\erich\Documents\AFRL\Algebraic-Connectivity-Optimization-CDC2026\lite_trials\sweep\resistance_leaning\checkpoints\best.pt,ppo,7000,C:\Users\erich\Documents\AFRL\Algebraic-Connectivity-Optimization-CDC2026\lite_trials\lite_config.yaml,full,12,0.636363636364,3,46,46,0.6363636363636364,35,0.651858775181806,7.822305302181672,0.0323287999999593,0.0323287999999593,0.0323287999999593,path,path,path,11,0.0,0.0,False,,,False,1,path,64,4,RL+Path,3
best,C:\Users\erich\Documents\AFRL\Algebraic-Connectivity-Optimization-CDC2026\lite_trials\sweep\resistance_leaning\checkpoints\best.pt,ppo,7000,C:\Users\erich\Documents\AFRL\Algebraic-Connectivity-Optimization-CDC2026\lite_trials\lite_config.yaml,full,12,0.636363636364,4,46,46,0.6363636363636364,35,0.651858775181806,7.822305302181672,0.03342270000030112,0.03342270000030112,0.03342270000030112,path,path,path,11,0.0,0.0,False,,,False,1,path,64,4,RL+Path,4
best,C:\Users\erich\Documents\AFRL\Algebraic-Connectivity-Optimization-CDC2026\lite_trials\sweep\resistance_leaning\checkpoints\best.pt,ppo,7000,C:\Users\erich\Documents\AFRL\Algebraic-Connectivity-Optimization-CDC2026\lite_trials\lite_config.yaml,full,12,0.709090909091,0,50,50,0.7090909090909091,39,0.9065741275179678,10.878889530215615,0.04067609999947308,0.04067609999947308,0.04067609999947308,path,path,path,11,0.0,0.0,False,,,False,1,path,64,4,RL+Path,0
best,C:\Users\erich\Documents\AFRL\Algebraic-Connectivity-Optimization-CDC2026\lite_trials\sweep\resistance_leaning\checkpoints\best.pt,ppo,7000,C:\Users\erich\Documents\AFRL\Algebraic-Connectivity-Optimization-CDC2026\lite_trials\lite_config.yaml,full,12,0.709090909091,1,50,50,0.7090909090909091,39,0.9065741275179678,10.878889530215615,0.037602099999276106,0.037602099999276106,0.037602099999276106,path,path,path,11,0.0,0.0,False,,,False,1,path,64,4,RL+Path,1
best,C:\Users\erich\Documents\AFRL\Algebraic-Connectivity-Optimization-CDC2026\lite_trials\sweep\resistance_leaning\checkpoints\best.pt,ppo,7000,C:\Users\erich\Documents\AFRL\Algebraic-Connectivity-Optimization-CDC2026\lite_trials\lite_config.yaml,full,12,0.709090909091,2,50,50,0.7090909090909091,39,0.9065741275179678,10.878889530215615,0.03404950000003737,0.03404950000003737,0.03404950000003737,path,path,path,11,0.0,0.0,False,,,False,1,path,64,4,RL+Path,2
best,C:\Users\erich\Documents\AFRL\Algebraic-Connectivity-Optimization-CDC2026\lite_trials\sweep\resistance_leaning\checkpoints\best.pt,ppo,7000,C:\Users\erich\Documents\AFRL\Algebraic-Connectivity-Optimization-CDC2026\lite_trials\lite_config.yaml,full,12,0.709090909091,3,50,50,0.7090909090909091,39,0.9065741275179678,10.878889530215615,0.036775000000488944,0.036775000000488944,0.036775000000488944,path,path,path,11,0.0,0.0,False,,,False,1,path,64,4,RL+Path,3
best,C:\Users\erich\Documents\AFRL\Algebraic-Connectivity-Optimization-CDC2026\lite_trials\sweep\resistance_leaning\checkpoints\best.pt,ppo,7000,C:\Users\erich\Documents\AFRL\Algebraic-Connectivity-Optimization-CDC2026\lite_trials\lite_config.yaml,full,12,0.709090909091,4,50,50,0.7090909090909091,39,0.9065741275179678,10.878889530215615,0.03515510000033828,0.03515510000033828,0.03515510000033828,path,path,path,11,0.0,0.0,False,,,False,1,path,64,4,RL+Path,4
best,C:\Users\erich\Documents\AFRL\Algebraic-Connectivity-Optimization-CDC2026\lite_trials\sweep\resistance_leaning\checkpoints\best.pt,ppo,7000,C:\Users\erich\Documents\AFRL\Algebraic-Connectivity-Optimization-CDC2026\lite_trials\lite_config.yaml,full,12,0.781818181818,0,54,54,0.7818181818181819,43,0.961171422405744,11.534057068868929,0.03517629999987548,0.03517629999987548,0.03517629999987548,path,path,path,11,0.0,0.0,False,,,False,1,path,64,4,RL+Path,0
best,C:\Users\erich\Documents\AFRL\Algebraic-Connectivity-Optimization-CDC2026\lite_trials\sweep\resistance_leaning\checkpoints\best.pt,ppo,7000,C:\Users\erich\Documents\AFRL\Algebraic-Connectivity-Optimization-CDC2026\lite_trials\lite_config.yaml,full,12,0.781818181818,1,54,54,0.7818181818181819,43,0.961171422405744,11.534057068868929,0.040367600000536186,0.040367600000536186,0.040367600000536186,path,path,path,11,0.0,0.0,False,,,False,1,path,64,4,RL+Path,1
best,C:\Users\erich\Documents\AFRL\Algebraic-Connectivity-Optimization-CDC2026\lite_trials\sweep\resistance_leaning\checkpoints\best.pt,ppo,7000,C:\Users\erich\Documents\AFRL\Algebraic-Connectivity-Optimization-CDC2026\lite_trials\lite_config.yaml,full,12,0.781818181818,2,54,54,0.7818181818181819,43,0.961171422405744,11.534057068868929,0.04143429999930959,0.04143429999930959,0.04143429999930959,path,path,path,11,0.0,0.0,False,,,False,1,path,64,4,RL+Path,2
best,C:\Users\erich\Documents\AFRL\Algebraic-Connectivity-Optimization-CDC2026\lite_trials\sweep\resistance_leaning\checkpoints\best.pt,ppo,7000,C:\Users\erich\Documents\AFRL\Algebraic-Connectivity-Optimization-CDC2026\lite_trials\lite_config.yaml,full,12,0.781818181818,3,54,54,0.7818181818181819,43,0.961171422405744,11.534057068868929,0.040036300000792835,0.040036300000792835,0.040036300000792835,path,path,path,11,0.0,0.0,False,,,False,1,path,64,4,RL+Path,3
best,C:\Users\erich\Documents\AFRL\Algebraic-Connectivity-Optimization-CDC2026\lite_trials\sweep\resistance_leaning\checkpoints\best.pt,ppo,7000,C:\Users\erich\Documents\AFRL\Algebraic-Connectivity-Optimization-CDC2026\lite_trials\lite_config.yaml,full,12,0.781818181818,4,54,54,0.7818181818181819,43,0.961171422405744,11.534057068868929,0.03793779999978142,0.03793779999978142,0.03793779999978142,path,path,path,11,0.0,0.0,False,,,False,1,path,64,4,RL+Path,4
best,C:\Users\erich\Documents\AFRL\Algebraic-Connectivity-Optimization-CDC2026\lite_trials\sweep\resistance_leaning\checkpoints\best.pt,ppo,7000,C:\Users\erich\Documents\AFRL\Algebraic-Connectivity-Optimization-CDC2026\lite_trials\lite_config.yaml,full,12,0.836363636364,0,57,57,0.8363636363636363,46,0.9840767094040784,11.80892051284894,0.04465580000032787,0.04465580000032787,0.04465580000032787,path,path,path,11,0.0,0.0,False,,,False,1,path,64,4,RL+Path,0
best,C:\Users\erich\Documents\AFRL\Algebraic-Connectivity-Optimization-CDC2026\lite_trials\sweep\resistance_leaning\checkpoints\best.pt,ppo,7000,C:\Users\erich\Documents\AFRL\Algebraic-Connectivity-Optimization-CDC2026\lite_trials\lite_config.yaml,full,12,0.836363636364,1,57,57,0.8363636363636363,46,0.9840767094040784,11.80892051284894,0.04584699999941222,0.04584699999941222,0.04584699999941222,path,path,path,11,0.0,0.0,False,,,False,1,path,64,4,RL+Path,1
best,C:\Users\erich\Documents\AFRL\Algebraic-Connectivity-Optimization-CDC2026\lite_trials\sweep\resistance_leaning\checkpoints\best.pt,ppo,7000,C:\Users\erich\Documents\AFRL\Algebraic-Connectivity-Optimization-CDC2026\lite_trials\lite_config.yaml,full,12,0.836363636364,2,57,57,0.8363636363636363,46,0.9840767094040784,11.80892051284894,0.04139740000027814,0.04139740000027814,0.04139740000027814,path,path,path,11,0.0,0.0,False,,,False,1,path,64,4,RL+Path,2
best,C:\Users\erich\Documents\AFRL\Algebraic-Connectivity-Optimization-CDC2026\lite_trials\sweep\resistance_leaning\checkpoints\best.pt,ppo,7000,C:\Users\erich\Documents\AFRL\Algebraic-Connectivity-Optimization-CDC2026\lite_trials\lite_config.yaml,full,12,0.836363636364,3,57,57,0.8363636363636363,46,0.9840767094040784,11.80892051284894,0.038482800000565476,0.038482800000565476,0.038482800000565476,path,path,path,11,0.0,0.0,False,,,False,1,path,64,4,RL+Path,3
best,C:\Users\erich\Documents\AFRL\Algebraic-Connectivity-Optimization-CDC2026\lite_trials\sweep\resistance_leaning\checkpoints\best.pt,ppo,7000,C:\Users\erich\Documents\AFRL\Algebraic-Connectivity-Optimization-CDC2026\lite_trials\lite_config.yaml,full,12,0.836363636364,4,57,57,0.8363636363636363,46,0.9840767094040784,11.80892051284894,0.043174399999770685,0.043174399999770685,0.043174399999770685,path,path,path,11,0.0,0.0,False,,,False,1,path,64,4,RL+Path,4
best,C:\Users\erich\Documents\AFRL\Algebraic-Connectivity-Optimization-CDC2026\lite_trials\sweep\resistance_leaning\checkpoints\best.pt,ppo,7000,C:\Users\erich\Documents\AFRL\Algebraic-Connectivity-Optimization-CDC2026\lite_trials\lite_config.yaml,full,12,0.909090909091,0,61,61,0.9090909090909091,50,0.997039371675226,11.964472460102712,0.04576429999906395,0.04576429999906395,0.04576429999906395,path,path,path,11,0.0,0.0,False,,,False,1,path,64,4,RL+Path,0
best,C:\Users\erich\Documents\AFRL\Algebraic-Connectivity-Optimization-CDC2026\lite_trials\sweep\resistance_leaning\checkpoints\best.pt,ppo,7000,C:\Users\erich\Documents\AFRL\Algebraic-Connectivity-Optimization-CDC2026\lite_trials\lite_config.yaml,full,12,0.909090909091,1,61,61,0.9090909090909091,50,0.997039371675226,11.964472460102712,0.042603500000041095,0.042603500000041095,0.042603500000041095,path,path,path,11,0.0,0.0,False,,,False,1,path,64,4,RL+Path,1
best,C:\Users\erich\Documents\AFRL\Algebraic-Connectivity-Optimization-CDC2026\lite_trials\sweep\resistance_leaning\checkpoints\best.pt,ppo,7000,C:\Users\erich\Documents\AFRL\Algebraic-Connectivity-Optimization-CDC2026\lite_trials\lite_config.yaml,full,12,0.909090909091,2,61,61,0.9090909090909091,50,0.997039371675226,11.964472460102712,0.045177600000897655,0.045177600000897655,0.045177600000897655,path,path,path,11,0.0,0.0,False,,,False,1,path,64,4,RL+Path,2
best,C:\Users\erich\Documents\AFRL\Algebraic-Connectivity-Optimization-CDC2026\lite_trials\sweep\resistance_leaning\checkpoints\best.pt,ppo,7000,C:\Users\erich\Documents\AFRL\Algebraic-Connectivity-Optimization-CDC2026\lite_trials\lite_config.yaml,full,12,0.909090909091,3,61,61,0.9090909090909091,50,0.997039371675226,11.964472460102712,0.050602499999513384,0.050602499999513384,0.050602499999513384,path,path,path,11,0.0,0.0,False,,,False,1,path,64,4,RL+Path,3
best,C:\Users\erich\Documents\AFRL\Algebraic-Connectivity-Optimization-CDC2026\lite_trials\sweep\resistance_leaning\checkpoints\best.pt,ppo,7000,C:\Users\erich\Documents\AFRL\Algebraic-Connectivity-Optimization-CDC2026\lite_trials\lite_config.yaml,full,12,0.909090909091,4,61,61,0.9090909090909091,50,0.997039371675226,11.964472460102712,0.042410199999721954,0.042410199999721954,0.042410199999721954,path,path,path,11,0.0,0.0,False,,,False,1,path,64,4,RL+Path,4
best,C:\Users\erich\Documents\AFRL\Algebraic-Connectivity-Optimization-CDC2026\lite_trials\sweep\resistance_leaning\checkpoints\best.pt,ppo,7000,C:\Users\erich\Documents\AFRL\Algebraic-Connectivity-Optimization-CDC2026\lite_trials\lite_config.yaml,full,12,0.981818181818,0,65,65,0.9818181818181818,54,0.9995817664890958,11.99498119786915,0.047960200001398334,0.047960200001398334,0.047960200001398334,path,path,path,11,0.0,0.0,False,,,False,1,path,64,4,RL+Path,0
best,C:\Users\erich\Documents\AFRL\Algebraic-Connectivity-Optimization-CDC2026\lite_trials\sweep\resistance_leaning\checkpoints\best.pt,ppo,7000,C:\Users\erich\Documents\AFRL\Algebraic-Connectivity-Optimization-CDC2026\lite_trials\lite_config.yaml,full,12,0.981818181818,1,65,65,0.9818181818181818,54,0.9995817664890958,11.99498119786915,0.05038260000037553,0.05038260000037553,0.05038260000037553,path,path,path,11,0.0,0.0,False,,,False,1,path,64,4,RL+Path,1
best,C:\Users\erich\Documents\AFRL\Algebraic-Connectivity-Optimization-CDC2026\lite_trials\sweep\resistance_leaning\checkpoints\best.pt,ppo,7000,C:\Users\erich\Documents\AFRL\Algebraic-Connectivity-Optimization-CDC2026\lite_trials\lite_config.yaml,full,12,0.981818181818,2,65,65,0.9818181818181818,54,0.9995817664890958,11.99498119786915,0.051911000000472995,0.051911000000472995,0.051911000000472995,path,path,path,11,0.0,0.0,False,,,False,1,path,64,4,RL+Path,2
best,C:\Users\erich\Documents\AFRL\Algebraic-Connectivity-Optimization-CDC2026\lite_trials\sweep\resistance_leaning\checkpoints\best.pt,ppo,7000,C:\Users\erich\Documents\AFRL\Algebraic-Connectivity-Optimization-CDC2026\lite_trials\lite_config.yaml,full,12,0.981818181818,3,65,65,0.9818181818181818,54,0.9995817664890958,11.99498119786915,0.05206409999846073,0.05206409999846073,0.05206409999846073,path,path,path,11,0.0,0.0,False,,,False,1,path,64,4,RL+Path,3
best,C:\Users\erich\Documents\AFRL\Algebraic-Connectivity-Optimization-CDC2026\lite_trials\sweep\resistance_leaning\checkpoints\best.pt,ppo,7000,C:\Users\erich\Documents\AFRL\Algebraic-Connectivity-Optimization-CDC2026\lite_trials\lite_config.yaml,full,12,0.981818181818,4,65,65,0.9818181818181818,54,0.9995817664890958,11.99498119786915,0.04787459999897692,0.04787459999897692,0.04787459999897692,path,path,path,11,0.0,0.0,False,,,False,1,path,64,4,RL+Path,4
best,C:\Users\erich\Documents\AFRL\Algebraic-Connectivity-Optimization-CDC2026\lite_trials\sweep\resistance_leaning\checkpoints\best.pt,ppo,7000,C:\Users\erich\Documents\AFRL\Algebraic-Connectivity-Optimization-CDC2026\lite_trials\lite_config.yaml,full,12,0.018181818182,0,12,12,0.01818181818181818,1,0.08333333333333325,0.9999999999999989,0.0031951000000844942,0.0031951000000844942,0.0036603000007744413,backbone,envelope_only,envelope,11,1.0,0.00046520000068994705,False,,,False,1,envelope,64,4,RL+Backbone,0
best,C:\Users\erich\Documents\AFRL\Algebraic-Connectivity-Optimization-CDC2026\lite_trials\sweep\resistance_leaning\checkpoints\best.pt,ppo,7000,C:\Users\erich\Documents\AFRL\Algebraic-Connectivity-Optimization-CDC2026\lite_trials\lite_config.yaml,full,12,0.018181818182,1,12,12,0.01818181818181818,1,0.08333333333333325,0.9999999999999989,0.0009012000009533949,0.0009012000009533949,0.001004800000373507,backbone,envelope_only,envelope,11,1.0,0.000103599999420112,False,,,False,1,envelope,64,4,RL+Backbone,1
best,C:\Users\erich\Documents\AFRL\Algebraic-Connectivity-Optimization-CDC2026\lite_trials\sweep\resistance_leaning\checkpoints\best.pt,ppo,7000,C:\Users\erich\Documents\AFRL\Algebraic-Connectivity-Optimization-CDC2026\lite_trials\lite_config.yaml,full,12,0.018181818182,2,12,12,0.01818181818181818,1,0.08333333333333325,0.9999999999999989,0.0009817999998631421,0.0009817999998631421,0.0010646999999153195,backbone,envelope_only,envelope,11,1.0,8.290000005217735e-05,False,,,False,1,envelope,64,4,RL+Backbone,2
best,C:\Users\erich\Documents\AFRL\Algebraic-Connectivity-Optimization-CDC2026\lite_trials\sweep\resistance_leaning\checkpoints\best.pt,ppo,7000,C:\Users\erich\Documents\AFRL\Algebraic-Connectivity-Optimization-CDC2026\lite_trials\lite_config.yaml,full,12,0.018181818182,3,12,12,0.01818181818181818,1,0.08333333333333325,0.9999999999999989,0.0012676000005740207,0.0012676000005740207,0.0013406000016402686,backbone,envelope_only,envelope,11,1.0,7.300000106624793e-05,False,,,False,1,envelope,64,4,RL+Backbone,3
best,C:\Users\erich\Documents\AFRL\Algebraic-Connectivity-Optimization-CDC2026\lite_trials\sweep\resistance_leaning\checkpoints\best.pt,ppo,7000,C:\Users\erich\Documents\AFRL\Algebraic-Connectivity-Optimization-CDC2026\lite_trials\lite_config.yaml,full,12,0.018181818182,4,12,12,0.01818181818181818,1,0.08333333333333325,0.9999999999999989,0.0008336000009876443,0.0008336000009876443,0.0009095000023080502,backbone,envelope_only,envelope,11,1.0,7.590000132040586e-05,False,,,False,1,envelope,64,4,RL+Backbone,4
best,C:\Users\erich\Documents\AFRL\Algebraic-Connectivity-Optimization-CDC2026\lite_trials\sweep\resistance_leaning\checkpoints\best.pt,ppo,7000,C:\Users\erich\Documents\AFRL\Algebraic-Connectivity-Optimization-CDC2026\lite_trials\lite_config.yaml,full,12,0.090909090909,0,16,16,0.09090909090909091,5,0.21974217506451021,2.6369061007741226,0.0038026000001991633,0.0038026000001991633,0.005118900002344162,backbone,both,envelope,11,1.0,0.001968100001249695,False,,,True,2,"cayley,envelope",64,4,RL+Backbone,0
best,C:\Users\erich\Documents\AFRL\Algebraic-Connectivity-Optimization-CDC2026\lite_trials\sweep\resistance_leaning\checkpoints\best.pt,ppo,7000,C:\Users\erich\Documents\AFRL\Algebraic-Connectivity-Optimization-CDC2026\lite_trials\lite_config.yaml,full,12,0.090909090909,1,16,16,0.09090909090909091,5,0.21974217506451021,2.6369061007741226,0.0045552000010502525,0.0045552000010502525,0.0062829000016790815,backbone,both,envelope,11,1.0,0.001727700000628829,False,,,True,2,"cayley,envelope",64,4,RL+Backbone,1
best,C:\Users\erich\Documents\AFRL\Algebraic-Connectivity-Optimization-CDC2026\lite_trials\sweep\resistance_leaning\checkpoints\best.pt,ppo,7000,C:\Users\erich\Documents\AFRL\Algebraic-Connectivity-Optimization-CDC2026\lite_trials\lite_config.yaml,full,12,0.090909090909,2,16,16,0.09090909090909091,5,0.21974217506451021,2.6369061007741226,0.003688299999339506,0.003688299999339506,0.005145499999343883,backbone,both,envelope,11,1.0,0.0017752999992808327,False,,,True,2,"cayley,envelope",64,4,RL+Backbone,2
best,C:\Users\erich\Documents\AFRL\Algebraic-Connectivity-Optimization-CDC2026\lite_trials\sweep\resistance_leaning\checkpoints\best.pt,ppo,7000,C:\Users\erich\Documents\AFRL\Algebraic-Connectivity-Optimization-CDC2026\lite_trials\lite_config.yaml,full,12,0.090909090909,3,16,16,0.09090909090909091,5,0.21974217506451021,2.6369061007741226,0.0038456999991467455,0.0038456999991467455,0.004792499999894062,backbone,both,envelope,11,1.0,0.0016715000001568114,False,,,True,2,"cayley,envelope",64,4,RL+Backbone,3
best,C:\Users\erich\Documents\AFRL\Algebraic-Connectivity-Optimization-CDC2026\lite_trials\sweep\resistance_leaning\checkpoints\best.pt,ppo,7000,C:\Users\erich\Documents\AFRL\Algebraic-Connectivity-Optimization-CDC2026\lite_trials\lite_config.yaml,full,12,0.090909090909,4,16,16,0.09090909090909091,5,0.21974217506451021,2.6369061007741226,0.003719799999089446,0.003719799999089446,0.004661499999201624,backbone,both,envelope,11,1.0,0.0016453000007459195,False,,,True,2,"cayley,envelope",64,4,RL+Backbone,4
best,C:\Users\erich\Documents\AFRL\Algebraic-Connectivity-Optimization-CDC2026\lite_trials\sweep\resistance_leaning\checkpoints\best.pt,ppo,7000,C:\Users\erich\Documents\AFRL\Algebraic-Connectivity-Optimization-CDC2026\lite_trials\lite_config.yaml,full,12,0.163636363636,0,20,20,0.16363636363636364,2,0.1549712773366718,1.8596553280400614,0.0016178000005311333,0.0016178000005311333,0.003394000001208042,backbone,cayley_only,cayley,18,1.2679491924311233,0.0017762000006769085,False,2,,False,1,cayley,64,4,RL+Backbone,0
best,C:\Users\erich\Documents\AFRL\Algebraic-Connectivity-Optimization-CDC2026\lite_trials\sweep\resistance_leaning\checkpoints\best.pt,ppo,7000,C:\Users\erich\Documents\AFRL\Algebraic-Connectivity-Optimization-CDC2026\lite_trials\lite_config.yaml,full,12,0.163636363636,1,20,20,0.16363636363636364,2,0.1549712773366718,1.8596553280400614,0.0016008000002329936,0.0016008000002329936,0.003494999999020365,backbone,cayley_only,cayley,18,1.2679491924311233,0.0018941999987873714,False,2,,False,1,cayley,64,4,RL+Backbone,1
best,C:\Users\erich\Documents\AFRL\Algebraic-Connectivity-Optimization-CDC2026\lite_trials\sweep\resistance_leaning\checkpoints\best.pt,ppo,7000,C:\Users\erich\Documents\AFRL\Algebraic-Connectivity-Optimization-CDC2026\lite_trials\lite_config.yaml,full,12,0.163636363636,2,20,20,0.16363636363636364,2,0.1549712773366718,1.8596553280400614,0.0018474999997124542,0.0018474999997124542,0.003622600001108367,backbone,cayley_only,cayley,18,1.2679491924311233,0.0017751000013959128,False,2,,False,1,cayley,64,4,RL+Backbone,2
best,C:\Users\erich\Documents\AFRL\Algebraic-Connectivity-Optimization-CDC2026\lite_trials\sweep\resistance_leaning\checkpoints\best.pt,ppo,7000,C:\Users\erich\Documents\AFRL\Algebraic-Connectivity-Optimization-CDC2026\lite_trials\lite_config.yaml,full,12,0.163636363636,3,20,20,0.16363636363636364,2,0.1549712773366718,1.8596553280400614,0.0016940000004979083,0.0016940000004979083,0.003666000000521308,backbone,cayley_only,cayley,18,1.2679491924311233,0.0019720000000233995,False,2,,False,1,cayley,64,4,RL+Backbone,3
best,C:\Users\erich\Documents\AFRL\Algebraic-Connectivity-Optimization-CDC2026\lite_trials\sweep\resistance_leaning\checkpoints\best.pt,ppo,7000,C:\Users\erich\Documents\AFRL\Algebraic-Connectivity-Optimization-CDC2026\lite_trials\lite_config.yaml,full,12,0.163636363636,4,20,20,0.16363636363636364,2,0.1549712773366718,1.8596553280400614,0.0017757000005076407,0.0017757000005076407,0.0035545999999158084,backbone,cayley_only,cayley,18,1.2679491924311233,0.0017788999994081678,False,2,,False,1,cayley,64,4,RL+Backbone,4
best,C:\Users\erich\Documents\AFRL\Algebraic-Connectivity-Optimization-CDC2026\lite_trials\sweep\resistance_leaning\checkpoints\best.pt,ppo,7000,C:\Users\erich\Documents\AFRL\Algebraic-Connectivity-Optimization-CDC2026\lite_trials\lite_config.yaml,full,12,0.218181818182,0,23,23,0.21818181818181817,5,0.2774737070256047,3.3296844843072564,0.0044643000001087785,0.0044643000001087785,0.006592600000658422,backbone,cayley_only,cayley,18,1.2679491924311233,0.0021283000005496433,False,2,,False,1,cayley,64,4,RL+Backbone,0
best,C:\Users\erich\Documents\AFRL\Algebraic-Connectivity-Optimization-CDC2026\lite_trials\sweep\resistance_leaning\checkpoints\best.pt,ppo,7000,C:\Users\erich\Documents\AFRL\Algebraic-Connectivity-Optimization-CDC2026\lite_trials\lite_config.yaml,full,12,0.218181818182,1,23,23,0.21818181818181817,5,0.2774737070256047,3.3296844843072564,0.0043113000010635005,0.0043113000010635005,0.006170200000269688,backbone,cayley_only,cayley,18,1.2679491924311233,0.0018588999992061872,False,2,,False,1,cayley,64,4,RL+Backbone,1
best,C:\Users\erich\Documents\AFRL\Algebraic-Connectivity-Optimization-CDC2026\lite_trials\sweep\resistance_leaning\checkpoints\best.pt,ppo,7000,C:\Users\erich\Documents\AFRL\Algebraic-Connectivity-Optimization-CDC2026\lite_trials\lite_config.yaml,full,12,0.218181818182,2,23,23,0.21818181818181817,5,0.2774737070256047,3.3296844843072564,0.004177499999059364,0.004177499999059364,0.0060618999996222556,backbone,cayley_only,cayley,18,1.2679491924311233,0.0018844000005628914,False,2,,False,1,cayley,64,4,RL+Backbone,2
best,C:\Users\erich\Documents\AFRL\Algebraic-Connectivity-Optimization-CDC2026\lite_trials\sweep\resistance_leaning\checkpoints\best.pt,ppo,7000,C:\Users\erich\Documents\AFRL\Algebraic-Connectivity-Optimization-CDC2026\lite_trials\lite_config.yaml,full,12,0.218181818182,3,23,23,0.21818181818181817,5,0.2774737070256047,3.3296844843072564,0.003967199998442084,0.003967199998442084,0.005773999997472856,backbone,cayley_only,cayley,18,1.2679491924311233,0.0018067999990307726,False,2,,False,1,cayley,64,4,RL+Backbone,3
best,C:\Users\erich\Documents\AFRL\Algebraic-Connectivity-Optimization-CDC2026\lite_trials\sweep\resistance_leaning\checkpoints\best.pt,ppo,7000,C:\Users\erich\Documents\AFRL\Algebraic-Connectivity-Optimization-CDC2026\lite_trials\lite_config.yaml,full,12,0.218181818182,4,23,23,0.21818181818181817,5,0.2774737070256047,3.3296844843072564,0.0044821999999840045,0.0044821999999840045,0.006257999999434105,backbone,cayley_only,cayley,18,1.2679491924311233,0.0017757999994501006,False,2,,False,1,cayley,64,4,RL+Backbone,4
best,C:\Users\erich\Documents\AFRL\Algebraic-Connectivity-Optimization-CDC2026\lite_trials\sweep\resistance_leaning\checkpoints\best.pt,ppo,7000,C:\Users\erich\Documents\AFRL\Algebraic-Connectivity-Optimization-CDC2026\lite_trials\lite_config.yaml,full,12,0.290909090909,0,27,27,0.2909090909090909,3,0.2821770986359106,3.386125183630927,0.0023844000006647548,0.0023844000006647548,0.00431879999996454,backbone,cayley_only,cayley,24,2.267949192431123,0.0019343999992997851,False,2,,False,1,cayley,64,4,RL+Backbone,0
best,C:\Users\erich\Documents\AFRL\Algebraic-Connectivity-Optimization-CDC2026\lite_trials\sweep\resistance_leaning\checkpoints\best.pt,ppo,7000,C:\Users\erich\Documents\AFRL\Algebraic-Connectivity-Optimization-CDC2026\lite_trials\lite_config.yaml,full,12,0.290909090909,1,27,27,0.2909090909090909,3,0.2821770986359106,3.386125183630927,0.00235659999998461,0.00235659999998461,0.004173499999524211,backbone,cayley_only,cayley,24,2.267949192431123,0.0018168999995396007,False,2,,False,1,cayley,64,4,RL+Backbone,1
best,C:\Users\erich\Documents\AFRL\Algebraic-Connectivity-Optimization-CDC2026\lite_trials\sweep\resistance_leaning\checkpoints\best.pt,ppo,7000,C:\Users\erich\Documents\AFRL\Algebraic-Connectivity-Optimization-CDC2026\lite_trials\lite_config.yaml,full,12,0.290909090909,2,27,27,0.2909090909090909,3,0.28254369521378037,3.3905243425653646,0.0038865999995323364,0.0038865999995323364,0.005812999999761814,backbone,cayley_only,cayley,24,2.267949192431123,0.0019264000002294779,False,2,,False,1,cayley,64,4,RL+Backbone,2
best,C:\Users\erich\Documents\AFRL\Algebraic-Connectivity-Optimization-CDC2026\lite_trials\sweep\resistance_leaning\checkpoints\best.pt,ppo,7000,C:\Users\erich\Documents\AFRL\Algebraic-Connectivity-Optimization-CDC2026\lite_trials\lite_config.yaml,full,12,0.290909090909,3,27,27,0.2909090909090909,3,0.28254369521378037,3.3905243425653646,0.0033141000003524823,0.0033141000003524823,0.005228199999692151,backbone,cayley_only,cayley,24,2.267949192431123,0.001914099999339669,False,2,,False,1,cayley,64,4,RL+Backbone,3
best,C:\Users\erich\Documents\AFRL\Algebraic-Connectivity-Optimization-CDC2026\lite_trials\sweep\resistance_leaning\checkpoints\best.pt,ppo,7000,C:\Users\erich\Documents\AFRL\Algebraic-Connectivity-Optimization-CDC2026\lite_trials\lite_config.yaml,full,12,0.290909090909,4,27,27,0.2909090909090909,3,0.2821770986359106,3.386125183630927,0.0028400999999576015,0.0028400999999576015,0.005022699999244651,backbone,cayley_only,cayley,24,2.267949192431123,0.0021825999992870493,False,2,,False,1,cayley,64,4,RL+Backbone,4
best,C:\Users\erich\Documents\AFRL\Algebraic-Connectivity-Optimization-CDC2026\lite_trials\sweep\resistance_leaning\checkpoints\best.pt,ppo,7000,C:\Users\erich\Documents\AFRL\Algebraic-Connectivity-Optimization-CDC2026\lite_trials\lite_config.yaml,full,12,0.363636363636,0,31,31,0.36363636363636365,1,0.33333333333333287,3.9999999999999947,0.0009222000007866882,0.0009222000007866882,0.002927100000306382,backbone,cayley_only,cayley,30,3.9999999999999987,0.0020048999995196937,False,2,,False,1,cayley,64,4,RL+Backbone,0
best,C:\Users\erich\Documents\AFRL\Algebraic-Connectivity-Optimization-CDC2026\lite_trials\sweep\resistance_leaning\checkpoints\best.pt,ppo,7000,C:\Users\erich\Documents\AFRL\Algebraic-Connectivity-Optimization-CDC2026\lite_trials\lite_config.yaml,full,12,0.363636363636,1,31,31,0.36363636363636365,1,0.33333333333333304,3.9999999999999964,0.0009325000009994255,0.0009325000009994255,0.002942700000858167,backbone,cayley_only,cayley,30,3.9999999999999987,0.0020101999998587416,False,2,,False,1,cayley,64,4,RL+Backbone,1
best,C:\Users\erich\Documents\AFRL\Algebraic-Connectivity-Optimization-CDC2026\lite_trials\sweep\resistance_leaning\checkpoints\best.pt,ppo,7000,C:\Users\erich\Documents\AFRL\Algebraic-Connectivity-Optimization-CDC2026\lite_trials\lite_config.yaml,full,12,0.363636363636,2,31,31,0.36363636363636365,1,0.33333333333333304,3.9999999999999964,0.0010452999995322898,0.0010452999995322898,0.002929000000222004,backbone,cayley_only,cayley,30,3.9999999999999987,0.0018837000006897142,False,2,,False,1,cayley,64,4,RL+Backbone,2
best,C:\Users\erich\Documents\AFRL\Algebraic-Connectivity-Optimization-CDC2026\lite_trials\sweep\resistance_leaning\checkpoints\best.pt,ppo,7000,C:\Users\erich\Documents\AFRL\Algebraic-Connectivity-Optimization-CDC2026\lite_trials\lite_config.yaml,full,12,0.363636363636,3,31,31,0.36363636363636365,1,0.33333333333333304,3.9999999999999964,0.0012295000015001278,0.0012295000015001278,0.0038610000010521617,backbone,cayley_only,cayley,30,3.9999999999999987,0.002631499999552034,False,2,,False,1,cayley,64,4,RL+Backbone,3
best,C:\Users\erich\Documents\AFRL\Algebraic-Connectivity-Optimization-CDC2026\lite_trials\sweep\resistance_leaning\checkpoints\best.pt,ppo,7000,C:\Users\erich\Documents\AFRL\Algebraic-Connectivity-Optimization-CDC2026\lite_trials\lite_config.yaml,full,12,0.363636363636,4,31,31,0.36363636363636365,1,0.33333333333333304,3.9999999999999964,0.0011193000009370735,0.0011193000009370735,0.003881400001773727,backbone,cayley_only,cayley,30,3.9999999999999987,0.0027621000008366536,False,2,,False,1,cayley,64,4,RL+Backbone,4
best,C:\Users\erich\Documents\AFRL\Algebraic-Connectivity-Optimization-CDC2026\lite_trials\sweep\resistance_leaning\checkpoints\best.pt,ppo,7000,C:\Users\erich\Documents\AFRL\Algebraic-Connectivity-Optimization-CDC2026\lite_trials\lite_config.yaml,full,12,0.436363636364,0,35,35,0.43636363636363634,5,0.43135905541637753,5.17630866499653,0.004648899999665446,0.004648899999665446,0.006603699999686796,backbone,cayley_only,cayley,30,3.9999999999999987,0.0019548000000213506,False,2,,False,1,cayley,64,4,RL+Backbone,0
best,C:\Users\erich\Documents\AFRL\Algebraic-Connectivity-Optimization-CDC2026\lite_trials\sweep\resistance_leaning\checkpoints\best.pt,ppo,7000,C:\Users\erich\Documents\AFRL\Algebraic-Connectivity-Optimization-CDC2026\lite_trials\lite_config.yaml,full,12,0.436363636364,1,35,35,0.43636363636363634,5,0.41250769685464755,4.950092362255771,0.005667600000379025,0.005667600000379025,0.009006299998873146,backbone,cayley_only,cayley,30,3.9999999999999987,0.0033386999984941212,False,2,,False,1,cayley,64,4,RL+Backbone,1
best,C:\Users\erich\Documents\AFRL\Algebraic-Connectivity-Optimization-CDC2026\lite_trials\sweep\resistance_leaning\checkpoints\best.pt,ppo,7000,C:\Users\erich\Documents\AFRL\Algebraic-Connectivity-Optimization-CDC2026\lite_trials\lite_config.yaml,full,12,0.436363636364,2,35,35,0.43636363636363634,5,0.41250769685464755,4.950092362255771,0.004528900000877911,0.004528900000877911,0.006890900000144029,backbone,cayley_only,cayley,30,3.9999999999999987,0.002361999999266118,False,2,,False,1,cayley,64,4,RL+Backbone,2
best,C:\Users\erich\Documents\AFRL\Algebraic-Connectivity-Optimization-CDC2026\lite_trials\sweep\resistance_leaning\checkpoints\best.pt,ppo,7000,C:\Users\erich\Documents\AFRL\Algebraic-Connectivity-Optimization-CDC2026\lite_trials\lite_config.yaml,full,12,0.436363636364,3,35,35,0.43636363636363634,5,0.41250769685464755,4.950092362255771,0.005202399999689078,0.005202399999689078,0.007228999998915242,backbone,cayley_only,cayley,30,3.9999999999999987,0.002026599999226164,False,2,,False,1,cayley,64,4,RL+Backbone,3
best,C:\Users\erich\Documents\AFRL\Algebraic-Connectivity-Optimization-CDC2026\lite_trials\sweep\resistance_leaning\checkpoints\best.pt,ppo,7000,C:\Users\erich\Documents\AFRL\Algebraic-Connectivity-Optimization-CDC2026\lite_trials\lite_config.yaml,full,12,0.436363636364,4,35,35,0.43636363636363634,5,0.41250769685464755,4.950092362255771,0.004584399999657762,0.004584399999657762,0.00666310000087833,backbone,cayley_only,cayley,30,3.9999999999999987,0.002078700001220568,False,2,,False,1,cayley,64,4,RL+Backbone,4
best,C:\Users\erich\Documents\AFRL\Algebraic-Connectivity-Optimization-CDC2026\lite_trials\sweep\resistance_leaning\checkpoints\best.pt,ppo,7000,C:\Users\erich\Documents\AFRL\Algebraic-Connectivity-Optimization-CDC2026\lite_trials\lite_config.yaml,full,12,0.490909090909,0,38,38,0.4909090909090909,2,0.552345570854715,6.628146850256581,0.0016341000009560958,0.0016341000009560958,0.003703000000314205,backbone,cayley_only,cayley,36,5.999999999999995,0.002068899999358109,False,2,,False,1,cayley,64,4,RL+Backbone,0
best,C:\Users\erich\Documents\AFRL\Algebraic-Connectivity-Optimization-CDC2026\lite_trials\sweep\resistance_leaning\checkpoints\best.pt,ppo,7000,C:\Users\erich\Documents\AFRL\Algebraic-Connectivity-Optimization-CDC2026\lite_trials\lite_config.yaml,full,12,0.490909090909,1,38,38,0.4909090909090909,2,0.552345570854715,6.628146850256581,0.0018632999999681488,0.0018632999999681488,0.004020300000775023,backbone,cayley_only,cayley,36,5.999999999999995,0.0021570000008068746,False,2,,False,1,cayley,64,4,RL+Backbone,1
best,C:\Users\erich\Documents\AFRL\Algebraic-Connectivity-Optimization-CDC2026\lite_trials\sweep\resistance_leaning\checkpoints\best.pt,ppo,7000,C:\Users\erich\Documents\AFRL\Algebraic-Connectivity-Optimization-CDC2026\lite_trials\lite_config.yaml,full,12,0.490909090909,2,38,38,0.4909090909090909,2,0.552345570854715,6.628146850256581,0.0024472000004607253,0.0024472000004607253,0.004438400001163245,backbone,cayley_only,cayley,36,5.999999999999995,0.00199120000070252,False,2,,False,1,cayley,64,4,RL+Backbone,2
best,C:\Users\erich\Documents\AFRL\Algebraic-Connectivity-Optimization-CDC2026\lite_trials\sweep\resistance_leaning\checkpoints\best.pt,ppo,7000,C:\Users\erich\Documents\AFRL\Algebraic-Connectivity-Optimization-CDC2026\lite_trials\lite_config.yaml,full,12,0.490909090909,3,38,38,0.4909090909090909,2,0.552345570854715,6.628146850256581,0.002144999998563435,0.002144999998563435,0.004208399997878587,backbone,cayley_only,cayley,36,5.999999999999995,0.002063399999315152,False,2,,False,1,cayley,64,4,RL+Backbone,3
best,C:\Users\erich\Documents\AFRL\Algebraic-Connectivity-Optimization-CDC2026\lite_trials\sweep\resistance_leaning\checkpoints\best.pt,ppo,7000,C:\Users\erich\Documents\AFRL\Algebraic-Connectivity-Optimization-CDC2026\lite_trials\lite_config.yaml,full,12,0.490909090909,4,38,38,0.4909090909090909,2,0.552345570854715,6.628146850256581,0.001959399998668232,0.001959399998668232,0.004113099997994141,backbone,cayley_only,cayley,36,5.999999999999995,0.0021536999993259087,False,2,,False,1,cayley,64,4,RL+Backbone,4
best,C:\Users\erich\Documents\AFRL\Algebraic-Connectivity-Optimization-CDC2026\lite_trials\sweep\resistance_leaning\checkpoints\best.pt,ppo,7000,C:\Users\erich\Documents\AFRL\Algebraic-Connectivity-Optimization-CDC2026\lite_trials\lite_config.yaml,full,12,0.563636363636,0,42,42,0.5636363636363636,6,0.7004088416228371,8.404906099474045,0.006064600000172504,0.006064600000172504,0.0061642999989999225,backbone,both,envelope,36,6.0,0.0038180999999894993,False,,,True,2,"cayley,envelope",64,4,RL+Backbone,0
best,C:\Users\erich\Documents\AFRL\Algebraic-Connectivity-Optimization-CDC2026\lite_trials\sweep\resistance_leaning\checkpoints\best.pt,ppo,7000,C:\Users\erich\Documents\AFRL\Algebraic-Connectivity-Optimization-CDC2026\lite_trials\lite_config.yaml,full,12,0.563636363636,1,42,42,0.5636363636363636,6,0.7004088416228371,8.404906099474045,0.007357399999818881,0.007357399999818881,0.00745929999902728,backbone,both,envelope,36,6.0,0.0050408000006427756,False,,,True,2,"cayley,envelope",64,4,RL+Backbone,1
best,C:\Users\erich\Documents\AFRL\Algebraic-Connectivity-Optimization-CDC2026\lite_trials\sweep\resistance_leaning\checkpoints\best.pt,ppo,7000,C:\Users\erich\Documents\AFRL\Algebraic-Connectivity-Optimization-CDC2026\lite_trials\lite_config.yaml,full,12,0.563636363636,2,42,42,0.5636363636363636,6,0.7004088416228371,8.404906099474045,0.006132999998953892,0.006132999998953892,0.006246199998713564,backbone,both,envelope,36,6.0,0.004204700000627781,False,,,True,2,"cayley,envelope",64,4,RL+Backbone,2
best,C:\Users\erich\Documents\AFRL\Algebraic-Connectivity-Optimization-CDC2026\lite_trials\sweep\resistance_leaning\checkpoints\best.pt,ppo,7000,C:\Users\erich\Documents\AFRL\Algebraic-Connectivity-Optimization-CDC2026\lite_trials\lite_config.yaml,full,12,0.563636363636,3,42,42,0.5636363636363636,6,0.7004088416228371,8.404906099474045,0.006596499999432126,0.006596499999432126,0.0066955999991478166,backbone,both,envelope,36,6.0,0.00509299999976065,False,,,True,2,"cayley,envelope",64,4,RL+Backbone,3
best,C:\Users\erich\Documents\AFRL\Algebraic-Connectivity-Optimization-CDC2026\lite_trials\sweep\resistance_leaning\checkpoints\best.pt,ppo,7000,C:\Users\erich\Documents\AFRL\Algebraic-Connectivity-Optimization-CDC2026\lite_trials\lite_config.yaml,full,12,0.563636363636,4,42,42,0.5636363636363636,6,0.7004088416228371,8.404906099474045,0.006057600001440733,0.006057600001440733,0.0061532000017905375,backbone,both,envelope,36,6.0,0.005078899999716668,False,,,True,2,"cayley,envelope",64,4,RL+Backbone,4
best,C:\Users\erich\Documents\AFRL\Algebraic-Connectivity-Optimization-CDC2026\lite_trials\sweep\resistance_leaning\checkpoints\best.pt,ppo,7000,C:\Users\erich\Documents\AFRL\Algebraic-Connectivity-Optimization-CDC2026\lite_trials\lite_config.yaml,full,12,0.636363636364,0,46,46,0.6363636363636364,4,0.6614812226393002,7.937774671671603,0.004101599999557948,0.004101599999557948,0.008865300000252319,backbone,both,cayley,42,5.999999999999996,0.004763700000694371,False,2,,True,2,"cayley,envelope",64,4,RL+Backbone,0
best,C:\Users\erich\Documents\AFRL\Algebraic-Connectivity-Optimization-CDC2026\lite_trials\sweep\resistance_leaning\checkpoints\best.pt,ppo,7000,C:\Users\erich\Documents\AFRL\Algebraic-Connectivity-Optimization-CDC2026\lite_trials\lite_config.yaml,full,12,0.636363636364,1,46,46,0.6363636363636364,4,0.6614812226393002,7.937774671671603,0.0035231000001658686,0.0035231000001658686,0.00876559999960591,backbone,both,cayley,42,5.999999999999996,0.005242499999440042,False,2,,True,2,"cayley,envelope",64,4,RL+Backbone,1
best,C:\Users\erich\Documents\AFRL\Algebraic-Connectivity-Optimization-CDC2026\lite_trials\sweep\resistance_leaning\checkpoints\best.pt,ppo,7000,C:\Users\erich\Documents\AFRL\Algebraic-Connectivity-Optimization-CDC2026\lite_trials\lite_config.yaml,full,12,0.636363636364,2,46,46,0.6363636363636364,4,0.6614812226393002,7.937774671671603,0.0040621999996801605,0.0040621999996801605,0.009091899999475572,backbone,both,cayley,42,5.999999999999996,0.005029699999795412,False,2,,True,2,"cayley,envelope",64,4,RL+Backbone,2
best,C:\Users\erich\Documents\AFRL\Algebraic-Connectivity-Optimization-CDC2026\lite_trials\sweep\resistance_leaning\checkpoints\best.pt,ppo,7000,C:\Users\erich\Documents\AFRL\Algebraic-Connectivity-Optimization-CDC2026\lite_trials\lite_config.yaml,full,12,0.636363636364,3,46,46,0.6363636363636364,4,0.6614812226393002,7.937774671671603,0.004171900000073947,0.004171900000073947,0.009238399999958347,backbone,both,cayley,42,5.999999999999996,0.0050664999998844,False,2,,True,2,"cayley,envelope",64,4,RL+Backbone,3
best,C:\Users\erich\Documents\AFRL\Algebraic-Connectivity-Optimization-CDC2026\lite_trials\sweep\resistance_leaning\checkpoints\best.pt,ppo,7000,C:\Users\erich\Documents\AFRL\Algebraic-Connectivity-Optimization-CDC2026\lite_trials\lite_config.yaml,full,12,0.636363636364,4,46,46,0.6363636363636364,4,0.6614812226393002,7.937774671671603,0.004106999998839456,0.004106999998839456,0.009181199997328804,backbone,both,cayley,42,5.999999999999996,0.005074199998489348,False,2,,True,2,"cayley,envelope",64,4,RL+Backbone,4
best,C:\Users\erich\Documents\AFRL\Algebraic-Connectivity-Optimization-CDC2026\lite_trials\sweep\resistance_leaning\checkpoints\best.pt,ppo,7000,C:\Users\erich\Documents\AFRL\Algebraic-Connectivity-Optimization-CDC2026\lite_trials\lite_config.yaml,full,12,0.709090909091,0,50,50,0.7090909090909091,2,0.6742351222365127,8.090821466838152,0.0022724999998899875,0.0022724999998899875,0.0024373999985982664,backbone,both,envelope,48,8.0,0.00016489999870827887,False,,"cayley:No feasible backbone candidate for (n=12, m=50, rho=0.709091, seed=0); errors=['cayley:no_candidate']",True,1,envelope,64,4,RL+Backbone,0
best,C:\Users\erich\Documents\AFRL\Algebraic-Connectivity-Optimization-CDC2026\lite_trials\sweep\resistance_leaning\checkpoints\best.pt,ppo,7000,C:\Users\erich\Documents\AFRL\Algebraic-Connectivity-Optimization-CDC2026\lite_trials\lite_config.yaml,full,12,0.709090909091,1,50,50,0.7090909090909091,2,0.6742351222365127,8.090821466838152,0.002203999998528161,0.002203999998528161,0.00235669999892707,backbone,both,envelope,48,8.0,0.00015270000039890874,False,,"cayley:No feasible backbone candidate for (n=12, m=50, rho=0.709091, seed=1); errors=['cayley:no_candidate']",True,1,envelope,64,4,RL+Backbone,1
best,C:\Users\erich\Documents\AFRL\Algebraic-Connectivity-Optimization-CDC2026\lite_trials\sweep\resistance_leaning\checkpoints\best.pt,ppo,7000,C:\Users\erich\Documents\AFRL\Algebraic-Connectivity-Optimization-CDC2026\lite_trials\lite_config.yaml,full,12,0.709090909091,2,50,50,0.7090909090909091,2,0.6742351222365127,8.090821466838152,0.0017568000002938788,0.0017568000002938788,0.0018629000005603302,backbone,both,envelope,48,8.0,0.00010610000026645139,False,,"cayley:No feasible backbone candidate for (n=12, m=50, rho=0.709091, seed=2); errors=['cayley:no_candidate']",True,1,envelope,64,4,RL+Backbone,2
best,C:\Users\erich\Documents\AFRL\Algebraic-Connectivity-Optimization-CDC2026\lite_trials\sweep\resistance_leaning\checkpoints\best.pt,ppo,7000,C:\Users\erich\Documents\AFRL\Algebraic-Connectivity-Optimization-CDC2026\lite_trials\lite_config.yaml,full,12,0.709090909091,3,50,50,0.7090909090909091,2,0.6742351222365127,8.090821466838152,0.0022303999994619517,0.0022303999994619517,0.002463299999362789,backbone,both,envelope,48,8.0,0.00023289999990083743,False,,"cayley:No feasible backbone candidate for (n=12, m=50, rho=0.709091, seed=3); errors=['cayley:no_candidate']",True,1,envelope,64,4,RL+Backbone,3
best,C:\Users\erich\Documents\AFRL\Algebraic-Connectivity-Optimization-CDC2026\lite_trials\sweep\resistance_leaning\checkpoints\best.pt,ppo,7000,C:\Users\erich\Documents\AFRL\Algebraic-Connectivity-Optimization-CDC2026\lite_trials\lite_config.yaml,full,12,0.709090909091,4,50,50,0.7090909090909091,2,0.6742351222365127,8.090821466838152,0.0020373999996081693,0.0020373999996081693,0.002162799999496201,backbone,both,envelope,48,8.0,0.00012539999988803174,False,,"cayley:No feasible backbone candidate for (n=12, m=50, rho=0.709091, seed=4); errors=['cayley:no_candidate']",True,1,envelope,64,4,RL+Backbone,4
best,C:\Users\erich\Documents\AFRL\Algebraic-Connectivity-Optimization-CDC2026\lite_trials\sweep\resistance_leaning\checkpoints\best.pt,ppo,7000,C:\Users\erich\Documents\AFRL\Algebraic-Connectivity-Optimization-CDC2026\lite_trials\lite_config.yaml,full,12,0.781818181818,0,54,54,0.7818181818181819,0,0.749999999999999,8.999999999999988,1.9999970390927047e-07,1.9999970390927047e-07,0.0001291999997192761,backbone,envelope_only,envelope,54,9.0,0.00012900000001536682,False,,,False,1,envelope,64,4,RL+Backbone,0
best,C:\Users\erich\Documents\AFRL\Algebraic-Connectivity-Optimization-CDC2026\lite_trials\sweep\resistance_leaning\checkpoints\best.pt,ppo,7000,C:\Users\erich\Documents\AFRL\Algebraic-Connectivity-Optimization-CDC2026\lite_trials\lite_config.yaml,full,12,0.781818181818,1,54,54,0.7818181818181819,0,0.749999999999999,8.999999999999988,9.999894245993346e-08,9.999894245993346e-08,0.0001404999984515598,backbone,envelope_only,envelope,54,9.0,0.00014039999950909987,False,,,False,1,envelope,64,4,RL+Backbone,1
best,C:\Users\erich\Documents\AFRL\Algebraic-Connectivity-Optimization-CDC2026\lite_trials\sweep\resistance_leaning\checkpoints\best.pt,ppo,7000,C:\Users\erich\Documents\AFRL\Algebraic-Connectivity-Optimization-CDC2026\lite_trials\lite_config.yaml,full,12,0.781818181818,2,54,54,0.7818181818181819,0,0.749999999999999,8.999999999999988,2.00001522898674e-07,2.00001522898674e-07,0.00012349999997240957,backbone,envelope_only,envelope,54,9.0,0.0001232999984495109,False,,,False,1,envelope,64,4,RL+Backbone,2
best,C:\Users\erich\Documents\AFRL\Algebraic-Connectivity-Optimization-CDC2026\lite_trials\sweep\resistance_leaning\checkpoints\best.pt,ppo,7000,C:\Users\erich\Documents\AFRL\Algebraic-Connectivity-Optimization-CDC2026\lite_trials\lite_config.yaml,full,12,0.781818181818,3,54,54,0.7818181818181819,0,0.749999999999999,8.999999999999988,2.00001522898674e-07,2.00001522898674e-07,0.00012720000086119398,backbone,envelope_only,envelope,54,9.0,0.0001269999993382953,False,,,False,1,envelope,64,4,RL+Backbone,3
best,C:\Users\erich\Documents\AFRL\Algebraic-Connectivity-Optimization-CDC2026\lite_trials\sweep\resistance_leaning\checkpoints\best.pt,ppo,7000,C:\Users\erich\Documents\AFRL\Algebraic-Connectivity-Optimization-CDC2026\lite_trials\lite_config.yaml,full,12,0.781818181818,4,54,54,0.7818181818181819,0,0.749999999999999,8.999999999999988,1.9999970390927047e-07,1.9999970390927047e-07,0.00013549999857787043,backbone,envelope_only,envelope,54,9.0,0.00013529999887396116,False,,,False,1,envelope,64,4,RL+Backbone,4
best,C:\Users\erich\Documents\AFRL\Algebraic-Connectivity-Optimization-CDC2026\lite_trials\sweep\resistance_leaning\checkpoints\best.pt,ppo,7000,C:\Users\erich\Documents\AFRL\Algebraic-Connectivity-Optimization-CDC2026\lite_trials\lite_config.yaml,full,12,0.836363636364,0,57,57,0.8363636363636363,3,0.8140921210058732,9.769105452070479,0.0048010999998950865,0.0048010999998950865,0.0049622000005911104,backbone,envelope_only,envelope,54,9.0,0.00016110000069602393,False,,,False,1,envelope,64,4,RL+Backbone,0
best,C:\Users\erich\Documents\AFRL\Algebraic-Connectivity-Optimization-CDC2026\lite_trials\sweep\resistance_leaning\checkpoints\best.pt,ppo,7000,C:\Users\erich\Documents\AFRL\Algebraic-Connectivity-Optimization-CDC2026\lite_trials\lite_config.yaml,full,12,0.836363636364,1,57,57,0.8363636363636363,3,0.8140921210058732,9.769105452070479,0.003232900000512018,0.003232900000512018,0.003407300000617397,backbone,envelope_only,envelope,54,9.0,0.00017440000010537915,False,,,False,1,envelope,64,4,RL+Backbone,1
best,C:\Users\erich\Documents\AFRL\Algebraic-Connectivity-Optimization-CDC2026\lite_trials\sweep\resistance_leaning\checkpoints\best.pt,ppo,7000,C:\Users\erich\Documents\AFRL\Algebraic-Connectivity-Optimization-CDC2026\lite_trials\lite_config.yaml,full,12,0.836363636364,2,57,57,0.8363636363636363,3,0.8140921210058732,9.769105452070479,0.003950700000132201,0.003950700000132201,0.004215400000248337,backbone,envelope_only,envelope,54,9.0,0.0002647000001161359,False,,,False,1,envelope,64,4,RL+Backbone,2
best,C:\Users\erich\Documents\AFRL\Algebraic-Connectivity-Optimization-CDC2026\lite_trials\sweep\resistance_leaning\checkpoints\best.pt,ppo,7000,C:\Users\erich\Documents\AFRL\Algebraic-Connectivity-Optimization-CDC2026\lite_trials\lite_config.yaml,full,12,0.836363636364,3,57,57,0.8363636363636363,3,0.8140921210058732,9.769105452070479,0.003168799999912153,0.003168799999912153,0.00345259999994596,backbone,envelope_only,envelope,54,9.0,0.000283800000033807,False,,,False,1,envelope,64,4,RL+Backbone,3
best,C:\Users\erich\Documents\AFRL\Algebraic-Connectivity-Optimization-CDC2026\lite_trials\sweep\resistance_leaning\checkpoints\best.pt,ppo,7000,C:\Users\erich\Documents\AFRL\Algebraic-Connectivity-Optimization-CDC2026\lite_trials\lite_config.yaml,full,12,0.836363636364,4,57,57,0.8363636363636363,3,0.8140921210058732,9.769105452070479,0.003554999999323627,0.003554999999323627,0.0036890999999741325,backbone,envelope_only,envelope,54,9.0,0.00013410000065050554,False,,,False,1,envelope,64,4,RL+Backbone,4
best,C:\Users\erich\Documents\AFRL\Algebraic-Connectivity-Optimization-CDC2026\lite_trials\sweep\resistance_leaning\checkpoints\best.pt,ppo,7000,C:\Users\erich\Documents\AFRL\Algebraic-Connectivity-Optimization-CDC2026\lite_trials\lite_config.yaml,full,12,0.909090909091,0,61,61,0.9090909090909091,1,0.8333333333333323,9.999999999999988,0.0010366000005888054,0.0010366000005888054,0.0011696000001393259,backbone,envelope_only,envelope,60,10.0,0.00013299999955052044,False,,,False,1,envelope,64,4,RL+Backbone,0
best,C:\Users\erich\Documents\AFRL\Algebraic-Connectivity-Optimization-CDC2026\lite_trials\sweep\resistance_leaning\checkpoints\best.pt,ppo,7000,C:\Users\erich\Documents\AFRL\Algebraic-Connectivity-Optimization-CDC2026\lite_trials\lite_config.yaml,full,12,0.909090909091,1,61,61,0.9090909090909091,1,0.8333333333333323,9.999999999999988,0.0010003000006690854,0.0010003000006690854,0.0011488000018289313,backbone,envelope_only,envelope,60,10.0,0.00014850000115984585,False,,,False,1,envelope,64,4,RL+Backbone,1
best,C:\Users\erich\Documents\AFRL\Algebraic-Connectivity-Optimization-CDC2026\lite_trials\sweep\resistance_leaning\checkpoints\best.pt,ppo,7000,C:\Users\erich\Documents\AFRL\Algebraic-Connectivity-Optimization-CDC2026\lite_trials\lite_config.yaml,full,12,0.909090909091,2,61,61,0.9090909090909091,1,0.8333333333333323,9.999999999999988,0.0013010000002395827,0.0013010000002395827,0.0014483000013569836,backbone,envelope_only,envelope,60,10.0,0.00014730000111740083,False,,,False,1,envelope,64,4,RL+Backbone,2
best,C:\Users\erich\Documents\AFRL\Algebraic-Connectivity-Optimization-CDC2026\lite_trials\sweep\resistance_leaning\checkpoints\best.pt,ppo,7000,C:\Users\erich\Documents\AFRL\Algebraic-Connectivity-Optimization-CDC2026\lite_trials\lite_config.yaml,full,12,0.909090909091,3,61,61,0.9090909090909091,1,0.8333333333333323,9.999999999999988,0.0011422999996284489,0.0011422999996284489,0.001299999999901047,backbone,envelope_only,envelope,60,10.0,0.00015770000027259812,False,,,False,1,envelope,64,4,RL+Backbone,3
best,C:\Users\erich\Documents\AFRL\Algebraic-Connectivity-Optimization-CDC2026\lite_trials\sweep\resistance_leaning\checkpoints\best.pt,ppo,7000,C:\Users\erich\Documents\AFRL\Algebraic-Connectivity-Optimization-CDC2026\lite_trials\lite_config.yaml,full,12,0.909090909091,4,61,61,0.9090909090909091,1,0.8333333333333323,9.999999999999988,0.0010755000002973247,0.0010755000002973247,0.001217299999552779,backbone,envelope_only,envelope,60,10.0,0.00014179999925545417,False,,,False,1,envelope,64,4,RL+Backbone,4
best,C:\Users\erich\Documents\AFRL\Algebraic-Connectivity-Optimization-CDC2026\lite_trials\sweep\resistance_leaning\checkpoints\best.pt,ppo,7000,C:\Users\erich\Documents\AFRL\Algebraic-Connectivity-Optimization-CDC2026\lite_trials\lite_config.yaml,full,12,0.981818181818,0,65,65,0.9818181818181818,5,0.8559790463095794,10.271748555714954,0.005153699999937089,0.005153699999937089,0.005294500000672997,backbone,envelope_only,envelope,60,10.0,0.00014080000073590782,False,,,False,1,envelope,64,4,RL+Backbone,0
best,C:\Users\erich\Documents\AFRL\Algebraic-Connectivity-Optimization-CDC2026\lite_trials\sweep\resistance_leaning\checkpoints\best.pt,ppo,7000,C:\Users\erich\Documents\AFRL\Algebraic-Connectivity-Optimization-CDC2026\lite_trials\lite_config.yaml,full,12,0.981818181818,1,65,65,0.9818181818181818,5,0.8559790463095794,10.271748555714954,0.005003800000849878,0.005003800000849878,0.005187100001421641,backbone,envelope_only,envelope,60,10.0,0.0001833000005717622,False,,,False,1,envelope,64,4,RL+Backbone,1
best,C:\Users\erich\Documents\AFRL\Algebraic-Connectivity-Optimization-CDC2026\lite_trials\sweep\resistance_leaning\checkpoints\best.pt,ppo,7000,C:\Users\erich\Documents\AFRL\Algebraic-Connectivity-Optimization-CDC2026\lite_trials\lite_config.yaml,full,12,0.981818181818,2,65,65,0.9818181818181818,5,0.8559790463095794,10.271748555714954,0.004967499999111169,0.004967499999111169,0.005140199999004835,backbone,envelope_only,envelope,60,10.0,0.00017269999989366625,False,,,False,1,envelope,64,4,RL+Backbone,2
best,C:\Users\erich\Documents\AFRL\Algebraic-Connectivity-Optimization-CDC2026\lite_trials\sweep\resistance_leaning\checkpoints\best.pt,ppo,7000,C:\Users\erich\Documents\AFRL\Algebraic-Connectivity-Optimization-CDC2026\lite_trials\lite_config.yaml,full,12,0.981818181818,3,65,65,0.9818181818181818,5,0.8559790463095794,10.271748555714954,0.006361400000969297,0.006361400000969297,0.006537600002047839,backbone,envelope_only,envelope,60,10.0,0.0001762000010785414,False,,,False,1,envelope,64,4,RL+Backbone,3
best,C:\Users\erich\Documents\AFRL\Algebraic-Connectivity-Optimization-CDC2026\lite_trials\sweep\resistance_leaning\checkpoints\best.pt,ppo,7000,C:\Users\erich\Documents\AFRL\Algebraic-Connectivity-Optimization-CDC2026\lite_trials\lite_config.yaml,full,12,0.981818181818,4,65,65,0.9818181818181818,5,0.8559790463095794,10.271748555714954,0.005079199998363038,0.005079199998363038,0.005272099997455371,backbone,envelope_only,envelope,60,10.0,0.00019289999909233302,False,,,False,1,envelope,64,4,RL+Backbone,4
best,C:\Users\erich\Documents\AFRL\Algebraic-Connectivity-Optimization-CDC2026\lite_trials\sweep\resistance_leaning\checkpoints\best.pt,ppo,7000,C:\Users\erich\Documents\AFRL\Algebraic-Connectivity-Optimization-CDC2026\lite_trials\lite_config.yaml,full,16,0.009523809524,0,16,16,0.009523809523809525,1,0.03335160995589666,0.5336257592943465,0.0031739000005472917,0.0031739000005472917,0.0031739000005472917,path,path,path,15,0.0,0.0,False,,,False,1,path,64,4,RL+Path,0
best,C:\Users\erich\Documents\AFRL\Algebraic-Connectivity-Optimization-CDC2026\lite_trials\sweep\resistance_leaning\checkpoints\best.pt,ppo,7000,C:\Users\erich\Documents\AFRL\Algebraic-Connectivity-Optimization-CDC2026\lite_trials\lite_config.yaml,full,16,0.009523809524,1,16,16,0.009523809523809525,1,0.03335160995589666,0.5336257592943465,0.0011369999992894009,0.0011369999992894009,0.0011369999992894009,path,path,path,15,0.0,0.0,False,,,False,1,path,64,4,RL+Path,1
best,C:\Users\erich\Documents\AFRL\Algebraic-Connectivity-Optimization-CDC2026\lite_trials\sweep\resistance_leaning\checkpoints\best.pt,ppo,7000,C:\Users\erich\Documents\AFRL\Algebraic-Connectivity-Optimization-CDC2026\lite_trials\lite_config.yaml,full,16,0.009523809524,2,16,16,0.009523809523809525,1,0.03335160995589666,0.5336257592943465,0.0009432999995624414,0.0009432999995624414,0.0009432999995624414,path,path,path,15,0.0,0.0,False,,,False,1,path,64,4,RL+Path,2
best,C:\Users\erich\Documents\AFRL\Algebraic-Connectivity-Optimization-CDC2026\lite_trials\sweep\resistance_leaning\checkpoints\best.pt,ppo,7000,C:\Users\erich\Documents\AFRL\Algebraic-Connectivity-Optimization-CDC2026\lite_trials\lite_config.yaml,full,16,0.009523809524,3,16,16,0.009523809523809525,1,0.03335160995589666,0.5336257592943465,0.0009563000003254274,0.0009563000003254274,0.0009563000003254274,path,path,path,15,0.0,0.0,False,,,False,1,path,64,4,RL+Path,3
best,C:\Users\erich\Documents\AFRL\Algebraic-Connectivity-Optimization-CDC2026\lite_trials\sweep\resistance_leaning\checkpoints\best.pt,ppo,7000,C:\Users\erich\Documents\AFRL\Algebraic-Connectivity-Optimization-CDC2026\lite_trials\lite_config.yaml,full,16,0.009523809524,4,16,16,0.009523809523809525,1,0.03335160995589666,0.5336257592943465,0.0008374999997613486,0.0008374999997613486,0.0008374999997613486,path,path,path,15,0.0,0.0,False,,,False,1,path,64,4,RL+Path,4
best,C:\Users\erich\Documents\AFRL\Algebraic-Connectivity-Optimization-CDC2026\lite_trials\sweep\resistance_leaning\checkpoints\best.pt,ppo,7000,C:\Users\erich\Documents\AFRL\Algebraic-Connectivity-Optimization-CDC2026\lite_trials\lite_config.yaml,full,16,0.07619047619,0,23,23,0.0761904761904762,8,0.20885428594905758,3.3416685751849213,0.006283999999141088,0.006283999999141088,0.006283999999141088,path,path,path,15,0.0,0.0,False,,,False,1,path,64,4,RL+Path,0
best,C:\Users\erich\Documents\AFRL\Algebraic-Connectivity-Optimization-CDC2026\lite_trials\sweep\resistance_leaning\checkpoints\best.pt,ppo,7000,C:\Users\erich\Documents\AFRL\Algebraic-Connectivity-Optimization-CDC2026\lite_trials\lite_config.yaml,full,16,0.07619047619,1,23,23,0.0761904761904762,8,0.20885428594905758,3.3416685751849213,0.0075254000003042165,0.0075254000003042165,0.0075254000003042165,path,path,path,15,0.0,0.0,False,,,False,1,path,64,4,RL+Path,1
best,C:\Users\erich\Documents\AFRL\Algebraic-Connectivity-Optimization-CDC2026\lite_trials\sweep\resistance_leaning\checkpoints\best.pt,ppo,7000,C:\Users\erich\Documents\AFRL\Algebraic-Connectivity-Optimization-CDC2026\lite_trials\lite_config.yaml,full,16,0.07619047619,2,23,23,0.0761904761904762,8,0.20885428594905758,3.3416685751849213,0.006158000000141328,0.006158000000141328,0.006158000000141328,path,path,path,15,0.0,0.0,False,,,False,1,path,64,4,RL+Path,2
best,C:\Users\erich\Documents\AFRL\Algebraic-Connectivity-Optimization-CDC2026\lite_trials\sweep\resistance_leaning\checkpoints\best.pt,ppo,7000,C:\Users\erich\Documents\AFRL\Algebraic-Connectivity-Optimization-CDC2026\lite_trials\lite_config.yaml,full,16,0.07619047619,3,23,23,0.0761904761904762,8,0.20885428594905758,3.3416685751849213,0.006497099999251077,0.006497099999251077,0.006497099999251077,path,path,path,15,0.0,0.0,False,,,False,1,path,64,4,RL+Path,3
best,C:\Users\erich\Documents\AFRL\Algebraic-Connectivity-Optimization-CDC2026\lite_trials\sweep\resistance_leaning\checkpoints\best.pt,ppo,7000,C:\Users\erich\Documents\AFRL\Algebraic-Connectivity-Optimization-CDC2026\lite_trials\lite_config.yaml,full,16,0.07619047619,4,23,23,0.0761904761904762,8,0.20885428594905758,3.3416685751849213,0.00591079999867361,0.00591079999867361,0.00591079999867361,path,path,path,15,0.0,0.0,False,,,False,1,path,64,4,RL+Path,4
best,C:\Users\erich\Documents\AFRL\Algebraic-Connectivity-Optimization-CDC2026\lite_trials\sweep\resistance_leaning\checkpoints\best.pt,ppo,7000,C:\Users\erich\Documents\AFRL\Algebraic-Connectivity-Optimization-CDC2026\lite_trials\lite_config.yaml,full,16,0.152380952381,0,31,31,0.1523809523809524,16,0.4035940660055464,6.457505056088743,0.013849599999957718,0.013849599999957718,0.013849599999957718,path,path,path,15,0.0,0.0,False,,,False,1,path,64,4,RL+Path,0
best,C:\Users\erich\Documents\AFRL\Algebraic-Connectivity-Optimization-CDC2026\lite_trials\sweep\resistance_leaning\checkpoints\best.pt,ppo,7000,C:\Users\erich\Documents\AFRL\Algebraic-Connectivity-Optimization-CDC2026\lite_trials\lite_config.yaml,full,16,0.152380952381,1,31,31,0.1523809523809524,16,0.4035940660055464,6.457505056088743,0.01416130000143312,0.01416130000143312,0.01416130000143312,path,path,path,15,0.0,0.0,False,,,False,1,path,64,4,RL+Path,1
best,C:\Users\erich\Documents\AFRL\Algebraic-Connectivity-Optimization-CDC2026\lite_trials\sweep\resistance_leaning\checkpoints\best.pt,ppo,7000,C:\Users\erich\Documents\AFRL\Algebraic-Connectivity-Optimization-CDC2026\lite_trials\lite_config.yaml,full,16,0.152380952381,2,31,31,0.1523809523809524,16,0.4035940660055464,6.457505056088743,0.012934000000313972,0.012934000000313972,0.012934000000313972,path,path,path,15,0.0,0.0,False,,,False,1,path,64,4,RL+Path,2
best,C:\Users\erich\Documents\AFRL\Algebraic-Connectivity-Optimization-CDC2026\lite_trials\sweep\resistance_leaning\checkpoints\best.pt,ppo,7000,C:\Users\erich\Documents\AFRL\Algebraic-Connectivity-Optimization-CDC2026\lite_trials\lite_config.yaml,full,16,0.152380952381,3,31,31,0.1523809523809524,16,0.4035940660055464,6.457505056088743,0.013236400000096182,0.013236400000096182,0.013236400000096182,path,path,path,15,0.0,0.0,False,,,False,1,path,64,4,RL+Path,3
best,C:\Users\erich\Documents\AFRL\Algebraic-Connectivity-Optimization-CDC2026\lite_trials\sweep\resistance_leaning\checkpoints\best.pt,ppo,7000,C:\Users\erich\Documents\AFRL\Algebraic-Connectivity-Optimization-CDC2026\lite_trials\lite_config.yaml,full,16,0.152380952381,4,31,31,0.1523809523809524,16,0.4035940660055464,6.457505056088743,0.013546199999836972,0.013546199999836972,0.013546199999836972,path,path,path,15,0.0,0.0,False,,,False,1,path,64,4,RL+Path,4
best,C:\Users\erich\Documents\AFRL\Algebraic-Connectivity-Optimization-CDC2026\lite_trials\sweep\resistance_leaning\checkpoints\best.pt,ppo,7000,C:\Users\erich\Documents\AFRL\Algebraic-Connectivity-Optimization-CDC2026\lite_trials\lite_config.yaml,full,16,0.219047619048,0,38,38,0.21904761904761905,23,0.5251561005688768,8.40249760910203,0.019463799999357434,0.019463799999357434,0.019463799999357434,path,path,path,15,0.0,0.0,False,,,False,1,path,64,4,RL+Path,0
best,C:\Users\erich\Documents\AFRL\Algebraic-Connectivity-Optimization-CDC2026\lite_trials\sweep\resistance_leaning\checkpoints\best.pt,ppo,7000,C:\Users\erich\Documents\AFRL\Algebraic-Connectivity-Optimization-CDC2026\lite_trials\lite_config.yaml,full,16,0.219047619048,1,38,38,0.21904761904761905,23,0.5251561005688768,8.40249760910203,0.0186031000012008,0.0186031000012008,0.0186031000012008,path,path,path,15,0.0,0.0,False,,,False,1,path,64,4,RL+Path,1
best,C:\Users\erich\Documents\AFRL\Algebraic-Connectivity-Optimization-CDC2026\lite_trials\sweep\resistance_leaning\checkpoints\best.pt,ppo,7000,C:\Users\erich\Documents\AFRL\Algebraic-Connectivity-Optimization-CDC2026\lite_trials\lite_config.yaml,full,16,0.219047619048,2,38,38,0.21904761904761905,23,0.5251561005688768,8.40249760910203,0.018942700000479817,0.018942700000479817,0.018942700000479817,path,path,path,15,0.0,0.0,False,,,False,1,path,64,4,RL+Path,2
best,C:\Users\erich\Documents\AFRL\Algebraic-Connectivity-Optimization-CDC2026\lite_trials\sweep\resistance_leaning\checkpoints\best.pt,ppo,7000,C:\Users\erich\Documents\AFRL\Algebraic-Connectivity-Optimization-CDC2026\lite_trials\lite_config.yaml,full,16,0.219047619048,3,38,38,0.21904761904761905,23,0.5251561005688768,8.40249760910203,0.02026800000021467,0.02026800000021467,0.02026800000021467,path,path,path,15,0.0,0.0,False,,,False,1,path,64,4,RL+Path,3
best,C:\Users\erich\Documents\AFRL\Algebraic-Connectivity-Optimization-CDC2026\lite_trials\sweep\resistance_leaning\checkpoints\best.pt,ppo,7000,C:\Users\erich\Documents\AFRL\Algebraic-Connectivity-Optimization-CDC2026\lite_trials\lite_config.yaml,full,16,0.219047619048,4,38,38,0.21904761904761905,23,0.5251561005688768,8.40249760910203,0.02056309999898076,0.02056309999898076,0.02056309999898076,path,path,path,15,0.0,0.0,False,,,False,1,path,64,4,RL+Path,4
best,C:\Users\erich\Documents\AFRL\Algebraic-Connectivity-Optimization-CDC2026\lite_trials\sweep\resistance_leaning\checkpoints\best.pt,ppo,7000,C:\Users\erich\Documents\AFRL\Algebraic-Connectivity-Optimization-CDC2026\lite_trials\lite_config.yaml,full,16,0.285714285714,0,45,45,0.2857142857142857,30,0.6288484407845476,10.061575052552762,0.030467799999314593,0.030467799999314593,0.030467799999314593,path,path,path,15,0.0,0.0,False,,,False,1,path,64,4,RL+Path,0
best,C:\Users\erich\Documents\AFRL\Algebraic-Connectivity-Optimization-CDC2026\lite_trials\sweep\resistance_leaning\checkpoints\best.pt,ppo,7000,C:\Users\erich\Documents\AFRL\Algebraic-Connectivity-Optimization-CDC2026\lite_trials\lite_config.yaml,full,16,0.285714285714,1,45,45,0.2857142857142857,30,0.6288484407845476,10.061575052552762,0.025460799999564188,0.025460799999564188,0.025460799999564188,path,path,path,15,0.0,0.0,False,,,False,1,path,64,4,RL+Path,1
best,C:\Users\erich\Documents\AFRL\Algebraic-Connectivity-Optimization-CDC2026\lite_trials\sweep\resistance_leaning\checkpoints\best.pt,ppo,7000,C:\Users\erich\Documents\AFRL\Algebraic-Connectivity-Optimization-CDC2026\lite_trials\lite_config.yaml,full,16,0.285714285714,2,45,45,0.2857142857142857,30,0.6288484407845476,10.061575052552762,0.027562100000068313,0.027562100000068313,0.027562100000068313,path,path,path,15,0.0,0.0,False,,,False,1,path,64,4,RL+Path,2
best,C:\Users\erich\Documents\AFRL\Algebraic-Connectivity-Optimization-CDC2026\lite_trials\sweep\resistance_leaning\checkpoints\best.pt,ppo,7000,C:\Users\erich\Documents\AFRL\Algebraic-Connectivity-Optimization-CDC2026\lite_trials\lite_config.yaml,full,16,0.285714285714,3,45,45,0.2857142857142857,30,0.6288484407845476,10.061575052552762,0.02530029999979888,0.02530029999979888,0.02530029999979888,path,path,path,15,0.0,0.0,False,,,False,1,path,64,4,RL+Path,3
best,C:\Users\erich\Documents\AFRL\Algebraic-Connectivity-Optimization-CDC2026\lite_trials\sweep\resistance_leaning\checkpoints\best.pt,ppo,7000,C:\Users\erich\Documents\AFRL\Algebraic-Connectivity-Optimization-CDC2026\lite_trials\lite_config.yaml,full,16,0.285714285714,4,45,45,0.2857142857142857,30,0.6288484407845476,10.061575052552762,0.028872099999716738,0.028872099999716738,0.028872099999716738,path,path,path,15,0.0,0.0,False,,,False,1,path,64,4,RL+Path,4
best,C:\Users\erich\Documents\AFRL\Algebraic-Connectivity-Optimization-CDC2026\lite_trials\sweep\resistance_leaning\checkpoints\best.pt,ppo,7000,C:\Users\erich\Documents\AFRL\Algebraic-Connectivity-Optimization-CDC2026\lite_trials\lite_config.yaml,full,16,0.361904761905,0,53,53,0.3619047619047619,38,0.255245901490606,4.083934423849696,0.034795699999449425,0.034795699999449425,0.034795699999449425,path,path,path,15,0.0,0.0,False,,,False,1,path,64,4,RL+Path,0
best,C:\Users\erich\Documents\AFRL\Algebraic-Connectivity-Optimization-CDC2026\lite_trials\sweep\resistance_leaning\checkpoints\best.pt,ppo,7000,C:\Users\erich\Documents\AFRL\Algebraic-Connectivity-Optimization-CDC2026\lite_trials\lite_config.yaml,full,16,0.361904761905,1,53,53,0.3619047619047619,38,0.255245901490606,4.083934423849696,0.03614029999880586,0.03614029999880586,0.03614029999880586,path,path,path,15,0.0,0.0,False,,,False,1,path,64,4,RL+Path,1
best,C:\Users\erich\Documents\AFRL\Algebraic-Connectivity-Optimization-CDC2026\lite_trials\sweep\resistance_leaning\checkpoints\best.pt,ppo,7000,C:\Users\erich\Documents\AFRL\Algebraic-Connectivity-Optimization-CDC2026\lite_trials\lite_config.yaml,full,16,0.361904761905,2,53,53,0.3619047619047619,38,0.255245901490606,4.083934423849696,0.03746119999959774,0.03746119999959774,0.03746119999959774,path,path,path,15,0.0,0.0,False,,,False,1,path,64,4,RL+Path,2
best,C:\Users\erich\Documents\AFRL\Algebraic-Connectivity-Optimization-CDC2026\lite_trials\sweep\resistance_leaning\checkpoints\best.pt,ppo,7000,C:\Users\erich\Documents\AFRL\Algebraic-Connectivity-Optimization-CDC2026\lite_trials\lite_config.yaml,full,16,0.361904761905,3,53,53,0.3619047619047619,38,0.255245901490606,4.083934423849696,0.0403589000015927,0.0403589000015927,0.0403589000015927,path,path,path,15,0.0,0.0,False,,,False,1,path,64,4,RL+Path,3
best,C:\Users\erich\Documents\AFRL\Algebraic-Connectivity-Optimization-CDC2026\lite_trials\sweep\resistance_leaning\checkpoints\best.pt,ppo,7000,C:\Users\erich\Documents\AFRL\Algebraic-Connectivity-Optimization-CDC2026\lite_trials\lite_config.yaml,full,16,0.361904761905,4,53,53,0.3619047619047619,38,0.255245901490606,4.083934423849696,0.03559119999954419,0.03559119999954419,0.03559119999954419,path,path,path,15,0.0,0.0,False,,,False,1,path,64,4,RL+Path,4
best,C:\Users\erich\Documents\AFRL\Algebraic-Connectivity-Optimization-CDC2026\lite_trials\sweep\resistance_leaning\checkpoints\best.pt,ppo,7000,C:\Users\erich\Documents\AFRL\Algebraic-Connectivity-Optimization-CDC2026\lite_trials\lite_config.yaml,full,16,0.428571428571,0,60,60,0.42857142857142855,45,0.4859578221044764,7.775325153671623,0.04479430000174034,0.04479430000174034,0.04479430000174034,path,path,path,15,0.0,0.0,False,,,False,1,path,64,4,RL+Path,0
best,C:\Users\erich\Documents\AFRL\Algebraic-Connectivity-Optimization-CDC2026\lite_trials\sweep\resistance_leaning\checkpoints\best.pt,ppo,7000,C:\Users\erich\Documents\AFRL\Algebraic-Connectivity-Optimization-CDC2026\lite_trials\lite_config.yaml,full,16,0.428571428571,1,60,60,0.42857142857142855,45,0.4859578221044764,7.775325153671623,0.04388620000099763,0.04388620000099763,0.04388620000099763,path,path,path,15,0.0,0.0,False,,,False,1,path,64,4,RL+Path,1
best,C:\Users\erich\Documents\AFRL\Algebraic-Connectivity-Optimization-CDC2026\lite_trials\sweep\resistance_leaning\checkpoints\best.pt,ppo,7000,C:\Users\erich\Documents\AFRL\Algebraic-Connectivity-Optimization-CDC2026\lite_trials\lite_config.yaml,full,16,0.428571428571,2,60,60,0.42857142857142855,45,0.4859578221044764,7.775325153671623,0.04480429999966873,0.04480429999966873,0.04480429999966873,path,path,path,15,0.0,0.0,False,,,False,1,path,64,4,RL+Path,2
best,C:\Users\erich\Documents\AFRL\Algebraic-Connectivity-Optimization-CDC2026\lite_trials\sweep\resistance_leaning\checkpoints\best.pt,ppo,7000,C:\Users\erich\Documents\AFRL\Algebraic-Connectivity-Optimization-CDC2026\lite_trials\lite_config.yaml,full,16,0.428571428571,3,60,60,0.42857142857142855,45,0.4859578221044764,7.775325153671623,0.041606500000852975,0.041606500000852975,0.041606500000852975,path,path,path,15,0.0,0.0,False,,,False,1,path,64,4,RL+Path,3
best,C:\Users\erich\Documents\AFRL\Algebraic-Connectivity-Optimization-CDC2026\lite_trials\sweep\resistance_leaning\checkpoints\best.pt,ppo,7000,C:\Users\erich\Documents\AFRL\Algebraic-Connectivity-Optimization-CDC2026\lite_trials\lite_config.yaml,full,16,0.428571428571,4,60,60,0.42857142857142855,45,0.4859578221044764,7.775325153671623,0.04184949999944365,0.04184949999944365,0.04184949999944365,path,path,path,15,0.0,0.0,False,,,False,1,path,64,4,RL+Path,4
best,C:\Users\erich\Documents\AFRL\Algebraic-Connectivity-Optimization-CDC2026\lite_trials\sweep\resistance_leaning\checkpoints\best.pt,ppo,7000,C:\Users\erich\Documents\AFRL\Algebraic-Connectivity-Optimization-CDC2026\lite_trials\lite_config.yaml,full,16,0.504761904762,0,68,68,0.5047619047619047,53,0.7551446198157176,12.082313917051481,0.04981890000090061,0.04981890000090061,0.04981890000090061,path,path,path,15,0.0,0.0,False,,,False,1,path,64,4,RL+Path,0
best,C:\Users\erich\Documents\AFRL\Algebraic-Connectivity-Optimization-CDC2026\lite_trials\sweep\resistance_leaning\checkpoints\best.pt,ppo,7000,C:\Users\erich\Documents\AFRL\Algebraic-Connectivity-Optimization-CDC2026\lite_trials\lite_config.yaml,full,16,0.504761904762,1,68,68,0.5047619047619047,53,0.7551446198157176,12.082313917051481,0.05474729999878036,0.05474729999878036,0.05474729999878036,path,path,path,15,0.0,0.0,False,,,False,1,path,64,4,RL+Path,1
best,C:\Users\erich\Documents\AFRL\Algebraic-Connectivity-Optimization-CDC2026\lite_trials\sweep\resistance_leaning\checkpoints\best.pt,ppo,7000,C:\Users\erich\Documents\AFRL\Algebraic-Connectivity-Optimization-CDC2026\lite_trials\lite_config.yaml,full,16,0.504761904762,2,68,68,0.5047619047619047,53,0.7551446198157176,12.082313917051481,0.05087690000073053,0.05087690000073053,0.05087690000073053,path,path,path,15,0.0,0.0,False,,,False,1,path,64,4,RL+Path,2
best,C:\Users\erich\Documents\AFRL\Algebraic-Connectivity-Optimization-CDC2026\lite_trials\sweep\resistance_leaning\checkpoints\best.pt,ppo,7000,C:\Users\erich\Documents\AFRL\Algebraic-Connectivity-Optimization-CDC2026\lite_trials\lite_config.yaml,full,16,0.504761904762,3,68,68,0.5047619047619047,53,0.7551446198157176,12.082313917051481,0.04963339999994787,0.04963339999994787,0.04963339999994787,path,path,path,15,0.0,0.0,False,,,False,1,path,64,4,RL+Path,3
best,C:\Users\erich\Documents\AFRL\Algebraic-Connectivity-Optimization-CDC2026\lite_trials\sweep\resistance_leaning\checkpoints\best.pt,ppo,7000,C:\Users\erich\Documents\AFRL\Algebraic-Connectivity-Optimization-CDC2026\lite_trials\lite_config.yaml,full,16,0.504761904762,4,68,68,0.5047619047619047,53,0.7551446198157176,12.082313917051481,0.0512535999987449,0.0512535999987449,0.0512535999987449,path,path,path,15,0.0,0.0,False,,,False,1,path,64,4,RL+Path,4
best,C:\Users\erich\Documents\AFRL\Algebraic-Connectivity-Optimization-CDC2026\lite_trials\sweep\resistance_leaning\checkpoints\best.pt,ppo,7000,C:\Users\erich\Documents\AFRL\Algebraic-Connectivity-Optimization-CDC2026\lite_trials\lite_config.yaml,full,16,0.571428571429,0,75,75,0.5714285714285714,60,0.8750827172983917,14.001323476774267,0.057708500000444474,0.057708500000444474,0.057708500000444474,path,path,path,15,0.0,0.0,False,,,False,1,path,64,4,RL+Path,0
best,C:\Users\erich\Documents\AFRL\Algebraic-Connectivity-Optimization-CDC2026\lite_trials\sweep\resistance_leaning\checkpoints\best.pt,ppo,7000,C:\Users\erich\Documents\AFRL\Algebraic-Connectivity-Optimization-CDC2026\lite_trials\lite_config.yaml,full,16,0.571428571429,1,75,75,0.5714285714285714,60,0.8750827172983917,14.001323476774267,0.05742909999935364,0.05742909999935364,0.05742909999935364,path,path,path,15,0.0,0.0,False,,,False,1,path,64,4,RL+Path,1
best,C:\Users\erich\Documents\AFRL\Algebraic-Connectivity-Optimization-CDC2026\lite_trials\sweep\resistance_leaning\checkpoints\best.pt,ppo,7000,C:\Users\erich\Documents\AFRL\Algebraic-Connectivity-Optimization-CDC2026\lite_trials\lite_config.yaml,full,16,0.571428571429,2,75,75,0.5714285714285714,60,0.8750827172983917,14.001323476774267,0.05323899999893911,0.05323899999893911,0.05323899999893911,path,path,path,15,0.0,0.0,False,,,False,1,path,64,4,RL+Path,2
best,C:\Users\erich\Documents\AFRL\Algebraic-Connectivity-Optimization-CDC2026\lite_trials\sweep\resistance_leaning\checkpoints\best.pt,ppo,7000,C:\Users\erich\Documents\AFRL\Algebraic-Connectivity-Optimization-CDC2026\lite_trials\lite_config.yaml,full,16,0.571428571429,3,75,75,0.5714285714285714,60,0.8750827172983917,14.001323476774267,0.061267200000656885,0.061267200000656885,0.061267200000656885,path,path,path,15,0.0,0.0,False,,,False,1,path,64,4,RL+Path,3
best,C:\Users\erich\Documents\AFRL\Algebraic-Connectivity-Optimization-CDC2026\lite_trials\sweep\resistance_leaning\checkpoints\best.pt,ppo,7000,C:\Users\erich\Documents\AFRL\Algebraic-Connectivity-Optimization-CDC2026\lite_trials\lite_config.yaml,full,16,0.571428571429,4,75,75,0.5714285714285714,60,0.8750827172983917,14.001323476774267,0.05767620000005991,0.05767620000005991,0.05767620000005991,path,path,path,15,0.0,0.0,False,,,False,1,path,64,4,RL+Path,4
best,C:\Users\erich\Documents\AFRL\Algebraic-Connectivity-Optimization-CDC2026\lite_trials\sweep\resistance_leaning\checkpoints\best.pt,ppo,7000,C:\Users\erich\Documents\AFRL\Algebraic-Connectivity-Optimization-CDC2026\lite_trials\lite_config.yaml,full,16,0.638095238095,0,82,82,0.638095238095238,67,0.5808232956636887,9.29317273061902,0.06854679999923974,0.06854679999923974,0.06854679999923974,path,path,path,15,0.0,0.0,False,,,False,1,path,64,4,RL+Path,0
best,C:\Users\erich\Documents\AFRL\Algebraic-Connectivity-Optimization-CDC2026\lite_trials\sweep\resistance_leaning\checkpoints\best.pt,ppo,7000,C:\Users\erich\Documents\AFRL\Algebraic-Connectivity-Optimization-CDC2026\lite_trials\lite_config.yaml,full,16,0.638095238095,1,82,82,0.638095238095238,67,0.5808232956636887,9.29317273061902,0.07011729999976524,0.07011729999976524,0.07011729999976524,path,path,path,15,0.0,0.0,False,,,False,1,path,64,4,RL+Path,1
best,C:\Users\erich\Documents\AFRL\Algebraic-Connectivity-Optimization-CDC2026\lite_trials\sweep\resistance_leaning\checkpoints\best.pt,ppo,7000,C:\Users\erich\Documents\AFRL\Algebraic-Connectivity-Optimization-CDC2026\lite_trials\lite_config.yaml,full,16,0.638095238095,2,82,82,0.638095238095238,67,0.5808232956636887,9.29317273061902,0.0655280999999377,0.0655280999999377,0.0655280999999377,path,path,path,15,0.0,0.0,False,,,False,1,path,64,4,RL+Path,2
best,C:\Users\erich\Documents\AFRL\Algebraic-Connectivity-Optimization-CDC2026\lite_trials\sweep\resistance_leaning\checkpoints\best.pt,ppo,7000,C:\Users\erich\Documents\AFRL\Algebraic-Connectivity-Optimization-CDC2026\lite_trials\lite_config.yaml,full,16,0.638095238095,3,82,82,0.638095238095238,67,0.5808232956636887,9.29317273061902,0.06063660000108939,0.06063660000108939,0.06063660000108939,path,path,path,15,0.0,0.0,False,,,False,1,path,64,4,RL+Path,3
best,C:\Users\erich\Documents\AFRL\Algebraic-Connectivity-Optimization-CDC2026\lite_trials\sweep\resistance_leaning\checkpoints\best.pt,ppo,7000,C:\Users\erich\Documents\AFRL\Algebraic-Connectivity-Optimization-CDC2026\lite_trials\lite_config.yaml,full,16,0.638095238095,4,82,82,0.638095238095238,67,0.5808232956636887,9.29317273061902,0.06477359999917098,0.06477359999917098,0.06477359999917098,path,path,path,15,0.0,0.0,False,,,False,1,path,64,4,RL+Path,4
best,C:\Users\erich\Documents\AFRL\Algebraic-Connectivity-Optimization-CDC2026\lite_trials\sweep\resistance_leaning\checkpoints\best.pt,ppo,7000,C:\Users\erich\Documents\AFRL\Algebraic-Connectivity-Optimization-CDC2026\lite_trials\lite_config.yaml,full,16,0.714285714286,0,90,90,0.7142857142857143,75,0.8672076787787251,13.875322860459601,0.07182780000039202,0.07182780000039202,0.07182780000039202,path,path,path,15,0.0,0.0,False,,,False,1,path,64,4,RL+Path,0
best,C:\Users\erich\Documents\AFRL\Algebraic-Connectivity-Optimization-CDC2026\lite_trials\sweep\resistance_leaning\checkpoints\best.pt,ppo,7000,C:\Users\erich\Documents\AFRL\Algebraic-Connectivity-Optimization-CDC2026\lite_trials\lite_config.yaml,full,16,0.714285714286,1,90,90,0.7142857142857143,75,0.8672076787787251,13.875322860459601,0.0749327000012272,0.0749327000012272,0.0749327000012272,path,path,path,15,0.0,0.0,False,,,False,1,path,64,4,RL+Path,1
best,C:\Users\erich\Documents\AFRL\Algebraic-Connectivity-Optimization-CDC2026\lite_trials\sweep\resistance_leaning\checkpoints\best.pt,ppo,7000,C:\Users\erich\Documents\AFRL\Algebraic-Connectivity-Optimization-CDC2026\lite_trials\lite_config.yaml,full,16,0.714285714286,2,90,90,0.7142857142857143,75,0.8672076787787251,13.875322860459601,0.0744271999992634,0.0744271999992634,0.0744271999992634,path,path,path,15,0.0,0.0,False,,,False,1,path,64,4,RL+Path,2
best,C:\Users\erich\Documents\AFRL\Algebraic-Connectivity-Optimization-CDC2026\lite_trials\sweep\resistance_leaning\checkpoints\best.pt,ppo,7000,C:\Users\erich\Documents\AFRL\Algebraic-Connectivity-Optimization-CDC2026\lite_trials\lite_config.yaml,full,16,0.714285714286,3,90,90,0.7142857142857143,75,0.8672076787787251,13.875322860459601,0.07308780000130355,0.07308780000130355,0.07308780000130355,path,path,path,15,0.0,0.0,False,,,False,1,path,64,4,RL+Path,3
best,C:\Users\erich\Documents\AFRL\Algebraic-Connectivity-Optimization-CDC2026\lite_trials\sweep\resistance_leaning\checkpoints\best.pt,ppo,7000,C:\Users\erich\Documents\AFRL\Algebraic-Connectivity-Optimization-CDC2026\lite_trials\lite_config.yaml,full,16,0.714285714286,4,90,90,0.7142857142857143,75,0.8672076787787251,13.875322860459601,0.07524199999897974,0.07524199999897974,0.07524199999897974,path,path,path,15,0.0,0.0,False,,,False,1,path,64,4,RL+Path,4
best,C:\Users\erich\Documents\AFRL\Algebraic-Connectivity-Optimization-CDC2026\lite_trials\sweep\resistance_leaning\checkpoints\best.pt,ppo,7000,C:\Users\erich\Documents\AFRL\Algebraic-Connectivity-Optimization-CDC2026\lite_trials\lite_config.yaml,full,16,0.780952380952,0,97,97,0.780952380952381,82,0.9895264184620217,15.832422695392347,0.08051259999956528,0.08051259999956528,0.08051259999956528,path,path,path,15,0.0,0.0,False,,,False,1,path,64,4,RL+Path,0
best,C:\Users\erich\Documents\AFRL\Algebraic-Connectivity-Optimization-CDC2026\lite_trials\sweep\resistance_leaning\checkpoints\best.pt,ppo,7000,C:\Users\erich\Documents\AFRL\Algebraic-Connectivity-Optimization-CDC2026\lite_trials\lite_config.yaml,full,16,0.780952380952,1,97,97,0.780952380952381,82,0.9895264184620217,15.832422695392347,0.08558160000029602,0.08558160000029602,0.08558160000029602,path,path,path,15,0.0,0.0,False,,,False,1,path,64,4,RL+Path,1
best,C:\Users\erich\Documents\AFRL\Algebraic-Connectivity-Optimization-CDC2026\lite_trials\sweep\resistance_leaning\checkpoints\best.pt,ppo,7000,C:\Users\erich\Documents\AFRL\Algebraic-Connectivity-Optimization-CDC2026\lite_trials\lite_config.yaml,full,16,0.780952380952,2,97,97,0.780952380952381,82,0.9895264184620217,15.832422695392347,0.08434739999938756,0.08434739999938756,0.08434739999938756,path,path,path,15,0.0,0.0,False,,,False,1,path,64,4,RL+Path,2
best,C:\Users\erich\Documents\AFRL\Algebraic-Connectivity-Optimization-CDC2026\lite_trials\sweep\resistance_leaning\checkpoints\best.pt,ppo,7000,C:\Users\erich\Documents\AFRL\Algebraic-Connectivity-Optimization-CDC2026\lite_trials\lite_config.yaml,full,16,0.780952380952,3,97,97,0.780952380952381,82,0.9895264184620217,15.832422695392347,0.08163170000079845,0.08163170000079845,0.08163170000079845,path,path,path,15,0.0,0.0,False,,,False,1,path,64,4,RL+Path,3
best,C:\Users\erich\Documents\AFRL\Algebraic-Connectivity-Optimization-CDC2026\lite_trials\sweep\resistance_leaning\checkpoints\best.pt,ppo,7000,C:\Users\erich\Documents\AFRL\Algebraic-Connectivity-Optimization-CDC2026\lite_trials\lite_config.yaml,full,16,0.780952380952,4,97,97,0.780952380952381,82,0.9895264184620217,15.832422695392347,0.07919009999932314,0.07919009999932314,0.07919009999932314,path,path,path,15,0.0,0.0,False,,,False,1,path,64,4,RL+Path,4
best,C:\Users\erich\Documents\AFRL\Algebraic-Connectivity-Optimization-CDC2026\lite_trials\sweep\resistance_leaning\checkpoints\best.pt,ppo,7000,C:\Users\erich\Documents\AFRL\Algebraic-Connectivity-Optimization-CDC2026\lite_trials\lite_config.yaml,full,16,0.847619047619,0,104,104,0.8476190476190476,89,0.9970915638805935,15.953465022089496,0.08844259999932547,0.08844259999932547,0.08844259999932547,path,path,path,15,0.0,0.0,False,,,False,1,path,64,4,RL+Path,0
best,C:\Users\erich\Documents\AFRL\Algebraic-Connectivity-Optimization-CDC2026\lite_trials\sweep\resistance_leaning\checkpoints\best.pt,ppo,7000,C:\Users\erich\Documents\AFRL\Algebraic-Connectivity-Optimization-CDC2026\lite_trials\lite_config.yaml,full,16,0.847619047619,1,104,104,0.8476190476190476,89,0.9970915638805935,15.953465022089496,0.09135499999865715,0.09135499999865715,0.09135499999865715,path,path,path,15,0.0,0.0,False,,,False,1,path,64,4,RL+Path,1
best,C:\Users\erich\Documents\AFRL\Algebraic-Connectivity-Optimization-CDC2026\lite_trials\sweep\resistance_leaning\checkpoints\best.pt,ppo,7000,C:\Users\erich\Documents\AFRL\Algebraic-Connectivity-Optimization-CDC2026\lite_trials\lite_config.yaml,full,16,0.847619047619,2,104,104,0.8476190476190476,89,0.9970915638805935,15.953465022089496,0.0873396999995748,0.0873396999995748,0.0873396999995748,path,path,path,15,0.0,0.0,False,,,False,1,path,64,4,RL+Path,2
best,C:\Users\erich\Documents\AFRL\Algebraic-Connectivity-Optimization-CDC2026\lite_trials\sweep\resistance_leaning\checkpoints\best.pt,ppo,7000,C:\Users\erich\Documents\AFRL\Algebraic-Connectivity-Optimization-CDC2026\lite_trials\lite_config.yaml,full,16,0.847619047619,3,104,104,0.8476190476190476,89,0.9970915638805935,15.953465022089496,0.08970219999901019,0.08970219999901019,0.08970219999901019,path,path,path,15,0.0,0.0,False,,,False,1,path,64,4,RL+Path,3
best,C:\Users\erich\Documents\AFRL\Algebraic-Connectivity-Optimization-CDC2026\lite_trials\sweep\resistance_leaning\checkpoints\best.pt,ppo,7000,C:\Users\erich\Documents\AFRL\Algebraic-Connectivity-Optimization-CDC2026\lite_trials\lite_config.yaml,full,16,0.847619047619,4,104,104,0.8476190476190476,89,0.9970915638805935,15.953465022089496,0.08845449999898847,0.08845449999898847,0.08845449999898847,path,path,path,15,0.0,0.0,False,,,False,1,path,64,4,RL+Path,4
best,C:\Users\erich\Documents\AFRL\Algebraic-Connectivity-Optimization-CDC2026\lite_trials\sweep\resistance_leaning\checkpoints\best.pt,ppo,7000,C:\Users\erich\Documents\AFRL\Algebraic-Connectivity-Optimization-CDC2026\lite_trials\lite_config.yaml,full,16,0.92380952381,0,112,112,0.9238095238095239,97,0.8124999999999996,12.999999999999993,0.09652319999986503,0.09652319999986503,0.09652319999986503,path,path,path,15,0.0,0.0,False,,,False,1,path,64,4,RL+Path,0
best,C:\Users\erich\Documents\AFRL\Algebraic-Connectivity-Optimization-CDC2026\lite_trials\sweep\resistance_leaning\checkpoints\best.pt,ppo,7000,C:\Users\erich\Documents\AFRL\Algebraic-Connectivity-Optimization-CDC2026\lite_trials\lite_config.yaml,full,16,0.92380952381,1,112,112,0.9238095238095239,97,0.8124999999999996,12.999999999999993,0.0943955000002461,0.0943955000002461,0.0943955000002461,path,path,path,15,0.0,0.0,False,,,False,1,path,64,4,RL+Path,1
best,C:\Users\erich\Documents\AFRL\Algebraic-Connectivity-Optimization-CDC2026\lite_trials\sweep\resistance_leaning\checkpoints\best.pt,ppo,7000,C:\Users\erich\Documents\AFRL\Algebraic-Connectivity-Optimization-CDC2026\lite_trials\lite_config.yaml,full,16,0.92380952381,2,112,112,0.9238095238095239,97,0.8124999999999996,12.999999999999993,0.0958613000002515,0.0958613000002515,0.0958613000002515,path,path,path,15,0.0,0.0,False,,,False,1,path,64,4,RL+Path,2
best,C:\Users\erich\Documents\AFRL\Algebraic-Connectivity-Optimization-CDC2026\lite_trials\sweep\resistance_leaning\checkpoints\best.pt,ppo,7000,C:\Users\erich\Documents\AFRL\Algebraic-Connectivity-Optimization-CDC2026\lite_trials\lite_config.yaml,full,16,0.92380952381,3,112,112,0.9238095238095239,97,0.8124999999999996,12.999999999999993,0.09853839999959746,0.09853839999959746,0.09853839999959746,path,path,path,15,0.0,0.0,False,,,False,1,path,64,4,RL+Path,3
best,C:\Users\erich\Documents\AFRL\Algebraic-Connectivity-Optimization-CDC2026\lite_trials\sweep\resistance_leaning\checkpoints\best.pt,ppo,7000,C:\Users\erich\Documents\AFRL\Algebraic-Connectivity-Optimization-CDC2026\lite_trials\lite_config.yaml,full,16,0.92380952381,4,112,112,0.9238095238095239,97,0.8124999999999996,12.999999999999993,0.09476119999999355,0.09476119999999355,0.09476119999999355,path,path,path,15,0.0,0.0,False,,,False,1,path,64,4,RL+Path,4
best,C:\Users\erich\Documents\AFRL\Algebraic-Connectivity-Optimization-CDC2026\lite_trials\sweep\resistance_leaning\checkpoints\best.pt,ppo,7000,C:\Users\erich\Documents\AFRL\Algebraic-Connectivity-Optimization-CDC2026\lite_trials\lite_config.yaml,full,16,0.990476190476,0,119,119,0.9904761904761905,104,0.9999999999999996,15.999999999999993,0.1095735999988392,0.1095735999988392,0.1095735999988392,path,path,path,15,0.0,0.0,False,,,False,1,path,64,4,RL+Path,0
best,C:\Users\erich\Documents\AFRL\Algebraic-Connectivity-Optimization-CDC2026\lite_trials\sweep\resistance_leaning\checkpoints\best.pt,ppo,7000,C:\Users\erich\Documents\AFRL\Algebraic-Connectivity-Optimization-CDC2026\lite_trials\lite_config.yaml,full,16,0.990476190476,1,119,119,0.9904761904761905,104,0.9999999999999996,15.999999999999993,0.10328620000109368,0.10328620000109368,0.10328620000109368,path,path,path,15,0.0,0.0,False,,,False,1,path,64,4,RL+Path,1
best,C:\Users\erich\Documents\AFRL\Algebraic-Connectivity-Optimization-CDC2026\lite_trials\sweep\resistance_leaning\checkpoints\best.pt,ppo,7000,C:\Users\erich\Documents\AFRL\Algebraic-Connectivity-Optimization-CDC2026\lite_trials\lite_config.yaml,full,16,0.990476190476,2,119,119,0.9904761904761905,104,0.9999999999999996,15.999999999999993,0.10440500000004249,0.10440500000004249,0.10440500000004249,path,path,path,15,0.0,0.0,False,,,False,1,path,64,4,RL+Path,2
best,C:\Users\erich\Documents\AFRL\Algebraic-Connectivity-Optimization-CDC2026\lite_trials\sweep\resistance_leaning\checkpoints\best.pt,ppo,7000,C:\Users\erich\Documents\AFRL\Algebraic-Connectivity-Optimization-CDC2026\lite_trials\lite_config.yaml,full,16,0.990476190476,3,119,119,0.9904761904761905,104,0.9999999999999996,15.999999999999993,0.10545719999936409,0.10545719999936409,0.10545719999936409,path,path,path,15,0.0,0.0,False,,,False,1,path,64,4,RL+Path,3
best,C:\Users\erich\Documents\AFRL\Algebraic-Connectivity-Optimization-CDC2026\lite_trials\sweep\resistance_leaning\checkpoints\best.pt,ppo,7000,C:\Users\erich\Documents\AFRL\Algebraic-Connectivity-Optimization-CDC2026\lite_trials\lite_config.yaml,full,16,0.990476190476,4,119,119,0.9904761904761905,104,0.9999999999999996,15.999999999999993,0.10207860000082292,0.10207860000082292,0.10207860000082292,path,path,path,15,0.0,0.0,False,,,False,1,path,64,4,RL+Path,4
best,C:\Users\erich\Documents\AFRL\Algebraic-Connectivity-Optimization-CDC2026\lite_trials\sweep\resistance_leaning\checkpoints\best.pt,ppo,7000,C:\Users\erich\Documents\AFRL\Algebraic-Connectivity-Optimization-CDC2026\lite_trials\lite_config.yaml,full,16,0.009523809524,0,16,16,0.009523809523809525,1,0.06249999999999991,0.9999999999999986,0.0032553999990341254,0.0032553999990341254,0.0037114999977347907,backbone,envelope_only,envelope,15,1.0,0.0004560999987006653,False,,,False,1,envelope,64,4,RL+Backbone,0
best,C:\Users\erich\Documents\AFRL\Algebraic-Connectivity-Optimization-CDC2026\lite_trials\sweep\resistance_leaning\checkpoints\best.pt,ppo,7000,C:\Users\erich\Documents\AFRL\Algebraic-Connectivity-Optimization-CDC2026\lite_trials\lite_config.yaml,full,16,0.009523809524,1,16,16,0.009523809523809525,1,0.06249999999999991,0.9999999999999986,0.0009640000007493654,0.0009640000007493654,0.0010751999998319661,backbone,envelope_only,envelope,15,1.0,0.0001111999990826007,False,,,False,1,envelope,64,4,RL+Backbone,1
best,C:\Users\erich\Documents\AFRL\Algebraic-Connectivity-Optimization-CDC2026\lite_trials\sweep\resistance_leaning\checkpoints\best.pt,ppo,7000,C:\Users\erich\Documents\AFRL\Algebraic-Connectivity-Optimization-CDC2026\lite_trials\lite_config.yaml,full,16,0.009523809524,2,16,16,0.009523809523809525,1,0.06249999999999991,0.9999999999999986,0.0008648000002722256,0.0008648000002722256,0.0009420999995199963,backbone,envelope_only,envelope,15,1.0,7.729999924777076e-05,False,,,False,1,envelope,64,4,RL+Backbone,2
best,C:\Users\erich\Documents\AFRL\Algebraic-Connectivity-Optimization-CDC2026\lite_trials\sweep\resistance_leaning\checkpoints\best.pt,ppo,7000,C:\Users\erich\Documents\AFRL\Algebraic-Connectivity-Optimization-CDC2026\lite_trials\lite_config.yaml,full,16,0.009523809524,3,16,16,0.009523809523809525,1,0.06249999999999991,0.9999999999999986,0.0008467000006930903,0.0008467000006930903,0.000925500002267654,backbone,envelope_only,envelope,15,1.0,7.88000015745638e-05,False,,,False,1,envelope,64,4,RL+Backbone,3
best,C:\Users\erich\Documents\AFRL\Algebraic-Connectivity-Optimization-CDC2026\lite_trials\sweep\resistance_leaning\checkpoints\best.pt,ppo,7000,C:\Users\erich\Documents\AFRL\Algebraic-Connectivity-Optimization-CDC2026\lite_trials\lite_config.yaml,full,16,0.009523809524,4,16,16,0.009523809523809525,1,0.06249999999999991,0.9999999999999986,0.0008373000000574393,0.0008373000000574393,0.0009138999994320329,backbone,envelope_only,envelope,15,1.0,7.659999937459361e-05,False,,,False,1,envelope,64,4,RL+Backbone,4
best,C:\Users\erich\Documents\AFRL\Algebraic-Connectivity-Optimization-CDC2026\lite_trials\sweep\resistance_leaning\checkpoints\best.pt,ppo,7000,C:\Users\erich\Documents\AFRL\Algebraic-Connectivity-Optimization-CDC2026\lite_trials\lite_config.yaml,full,16,0.07619047619,0,23,23,0.0761904761904762,8,0.06256422828258004,1.0010276525212807,0.008630800000901218,0.008630800000901218,0.008701700000528945,backbone,both,envelope,15,1.0,7.089999962772708e-05,False,,"cayley:No feasible backbone candidate for (n=16, m=23, rho=0.076190, seed=0); errors=['cayley:no_candidate']",True,1,envelope,64,4,RL+Backbone,0
best,C:\Users\erich\Documents\AFRL\Algebraic-Connectivity-Optimization-CDC2026\lite_trials\sweep\resistance_leaning\checkpoints\best.pt,ppo,7000,C:\Users\erich\Documents\AFRL\Algebraic-Connectivity-Optimization-CDC2026\lite_trials\lite_config.yaml,full,16,0.07619047619,1,23,23,0.0761904761904762,8,0.06256422828258004,1.0010276525212807,0.0073974000006273855,0.0073974000006273855,0.007547100001829676,backbone,both,envelope,15,1.0,0.00014970000120229088,False,,"cayley:No feasible backbone candidate for (n=16, m=23, rho=0.076190, seed=1); errors=['cayley:no_candidate']",True,1,envelope,64,4,RL+Backbone,1
best,C:\Users\erich\Documents\AFRL\Algebraic-Connectivity-Optimization-CDC2026\lite_trials\sweep\resistance_leaning\checkpoints\best.pt,ppo,7000,C:\Users\erich\Documents\AFRL\Algebraic-Connectivity-Optimization-CDC2026\lite_trials\lite_config.yaml,full,16,0.07619047619,2,23,23,0.0761904761904762,8,0.06256422828258004,1.0010276525212807,0.006723899999997229,0.006723899999997229,0.006881200000862009,backbone,both,envelope,15,1.0,0.00015730000086477958,False,,"cayley:No feasible backbone candidate for (n=16, m=23, rho=0.076190, seed=2); errors=['cayley:no_candidate']",True,1,envelope,64,4,RL+Backbone,2
best,C:\Users\erich\Documents\AFRL\Algebraic-Connectivity-Optimization-CDC2026\lite_trials\sweep\resistance_leaning\checkpoints\best.pt,ppo,7000,C:\Users\erich\Documents\AFRL\Algebraic-Connectivity-Optimization-CDC2026\lite_trials\lite_config.yaml,full,16,0.07619047619,3,23,23,0.0761904761904762,8,0.06256422828258004,1.0010276525212807,0.007273700000951067,0.007273700000951067,0.007350800000494928,backbone,both,envelope,15,1.0,7.709999954386149e-05,False,,"cayley:No feasible backbone candidate for (n=16, m=23, rho=0.076190, seed=3); errors=['cayley:no_candidate']",True,1,envelope,64,4,RL+Backbone,3
best,C:\Users\erich\Documents\AFRL\Algebraic-Connectivity-Optimization-CDC2026\lite_trials\sweep\resistance_leaning\checkpoints\best.pt,ppo,7000,C:\Users\erich\Documents\AFRL\Algebraic-Connectivity-Optimization-CDC2026\lite_trials\lite_config.yaml,full,16,0.07619047619,4,23,23,0.0761904761904762,8,0.06256422828258004,1.0010276525212807,0.00690030000077968,0.00690030000077968,0.006984199999351404,backbone,both,envelope,15,1.0,8.38999985717237e-05,False,,"cayley:No feasible backbone candidate for (n=16, m=23, rho=0.076190, seed=4); errors=['cayley:no_candidate']",True,1,envelope,64,4,RL+Backbone,4
best,C:\Users\erich\Documents\AFRL\Algebraic-Connectivity-Optimization-CDC2026\lite_trials\sweep\resistance_leaning\checkpoints\best.pt,ppo,7000,C:\Users\erich\Documents\AFRL\Algebraic-Connectivity-Optimization-CDC2026\lite_trials\lite_config.yaml,full,16,0.152380952381,0,31,31,0.1523809523809524,7,0.21245984625355877,3.3993575400569402,0.005851500000062515,0.005851500000062515,0.008079599998382037,backbone,cayley_only,cayley,24,0.7639320225002113,0.0022280999983195215,False,2,,False,1,cayley,64,4,RL+Backbone,0
best,C:\Users\erich\Documents\AFRL\Algebraic-Connectivity-Optimization-CDC2026\lite_trials\sweep\resistance_leaning\checkpoints\best.pt,ppo,7000,C:\Users\erich\Documents\AFRL\Algebraic-Connectivity-Optimization-CDC2026\lite_trials\lite_config.yaml,full,16,0.152380952381,1,31,31,0.1523809523809524,7,0.21245984625355877,3.3993575400569402,0.006659099999524187,0.006659099999524187,0.008538800000678748,backbone,cayley_only,cayley,24,0.7639320225002113,0.0018797000011545606,False,2,,False,1,cayley,64,4,RL+Backbone,1
best,C:\Users\erich\Documents\AFRL\Algebraic-Connectivity-Optimization-CDC2026\lite_trials\sweep\resistance_leaning\checkpoints\best.pt,ppo,7000,C:\Users\erich\Documents\AFRL\Algebraic-Connectivity-Optimization-CDC2026\lite_trials\lite_config.yaml,full,16,0.152380952381,2,31,31,0.1523809523809524,7,0.21245984625355877,3.3993575400569402,0.006568700000570971,0.006568700000570971,0.009591600000931066,backbone,cayley_only,cayley,24,0.7639320225002113,0.003022900000360096,False,2,,False,1,cayley,64,4,RL+Backbone,2
best,C:\Users\erich\Documents\AFRL\Algebraic-Connectivity-Optimization-CDC2026\lite_trials\sweep\resistance_leaning\checkpoints\best.pt,ppo,7000,C:\Users\erich\Documents\AFRL\Algebraic-Connectivity-Optimization-CDC2026\lite_trials\lite_config.yaml,full,16,0.152380952381,3,31,31,0.1523809523809524,7,0.21245984625355877,3.3993575400569402,0.005614599998807535,0.005614599998807535,0.0076043999997637,backbone,cayley_only,cayley,24,0.7639320225002113,0.0019898000009561656,False,2,,False,1,cayley,64,4,RL+Backbone,3
best,C:\Users\erich\Documents\AFRL\Algebraic-Connectivity-Optimization-CDC2026\lite_trials\sweep\resistance_leaning\checkpoints\best.pt,ppo,7000,C:\Users\erich\Documents\AFRL\Algebraic-Connectivity-Optimization-CDC2026\lite_trials\lite_config.yaml,full,16,0.152380952381,4,31,31,0.1523809523809524,7,0.21245984625355877,3.3993575400569402,0.005628200000501238,0.005628200000501238,0.007815400000254158,backbone,cayley_only,cayley,24,0.7639320225002113,0.00218719999975292,False,2,,False,1,cayley,64,4,RL+Backbone,4
best,C:\Users\erich\Documents\AFRL\Algebraic-Connectivity-Optimization-CDC2026\lite_trials\sweep\resistance_leaning\checkpoints\best.pt,ppo,7000,C:\Users\erich\Documents\AFRL\Algebraic-Connectivity-Optimization-CDC2026\lite_trials\lite_config.yaml,full,16,0.219047619048,0,38,38,0.21904761904761905,6,0.2751368557141845,4.402189691426952,0.004790399998455541,0.004790399998455541,0.006783899998481502,backbone,cayley_only,cayley,32,1.9999999999999991,0.0019935000000259606,False,2,,False,1,cayley,64,4,RL+Backbone,0
best,C:\Users\erich\Documents\AFRL\Algebraic-Connectivity-Optimization-CDC2026\lite_trials\sweep\resistance_leaning\checkpoints\best.pt,ppo,7000,C:\Users\erich\Documents\AFRL\Algebraic-Connectivity-Optimization-CDC2026\lite_trials\lite_config.yaml,full,16,0.219047619048,1,38,38,0.21904761904761905,6,0.2751368557141845,4.402189691426952,0.004707399999460904,0.004707399999460904,0.00671659999898111,backbone,cayley_only,cayley,32,1.9999999999999991,0.002009199999520206,False,2,,False,1,cayley,64,4,RL+Backbone,1
best,C:\Users\erich\Documents\AFRL\Algebraic-Connectivity-Optimization-CDC2026\lite_trials\sweep\resistance_leaning\checkpoints\best.pt,ppo,7000,C:\Users\erich\Documents\AFRL\Algebraic-Connectivity-Optimization-CDC2026\lite_trials\lite_config.yaml,full,16,0.219047619048,2,38,38,0.21904761904761905,6,0.2751368557141845,4.402189691426952,0.004650799999581068,0.004650799999581068,0.006671999999525724,backbone,cayley_only,cayley,32,1.9999999999999991,0.002021199999944656,False,2,,False,1,cayley,64,4,RL+Backbone,2
best,C:\Users\erich\Documents\AFRL\Algebraic-Connectivity-Optimization-CDC2026\lite_trials\sweep\resistance_leaning\checkpoints\best.pt,ppo,7000,C:\Users\erich\Documents\AFRL\Algebraic-Connectivity-Optimization-CDC2026\lite_trials\lite_config.yaml,full,16,0.219047619048,3,38,38,0.21904761904761905,6,0.2751368557141845,4.402189691426952,0.005037700000684708,0.005037700000684708,0.007016600000497419,backbone,cayley_only,cayley,32,1.9999999999999991,0.001978899999812711,False,2,,False,1,cayley,64,4,RL+Backbone,3
best,C:\Users\erich\Documents\AFRL\Algebraic-Connectivity-Optimization-CDC2026\lite_trials\sweep\resistance_leaning\checkpoints\best.pt,ppo,7000,C:\Users\erich\Documents\AFRL\Algebraic-Connectivity-Optimization-CDC2026\lite_trials\lite_config.yaml,full,16,0.219047619048,4,38,38,0.21904761904761905,6,0.2751368557141845,4.402189691426952,0.004668399998990935,0.004668399998990935,0.006632899998294306,backbone,cayley_only,cayley,32,1.9999999999999991,0.0019644999993033707,False,2,,False,1,cayley,64,4,RL+Backbone,4
best,C:\Users\erich\Documents\AFRL\Algebraic-Connectivity-Optimization-CDC2026\lite_trials\sweep\resistance_leaning\checkpoints\best.pt,ppo,7000,C:\Users\erich\Documents\AFRL\Algebraic-Connectivity-Optimization-CDC2026\lite_trials\lite_config.yaml,full,16,0.285714285714,0,45,45,0.2857142857142857,5,0.25397839914691267,4.063654386350603,0.004481199999645469,0.004481199999645469,0.006551099999342114,backbone,cayley_only,cayley,40,2.7639320225002098,0.002069899999696645,False,2,,False,1,cayley,64,4,RL+Backbone,0
best,C:\Users\erich\Documents\AFRL\Algebraic-Connectivity-Optimization-CDC2026\lite_trials\sweep\resistance_leaning\checkpoints\best.pt,ppo,7000,C:\Users\erich\Documents\AFRL\Algebraic-Connectivity-Optimization-CDC2026\lite_trials\lite_config.yaml,full,16,0.285714285714,1,45,45,0.2857142857142857,5,0.25397839914691267,4.063654386350603,0.0045098999999027,0.0045098999999027,0.006598699999813107,backbone,cayley_only,cayley,40,2.7639320225002098,0.0020887999999104068,False,2,,False,1,cayley,64,4,RL+Backbone,1
best,C:\Users\erich\Documents\AFRL\Algebraic-Connectivity-Optimization-CDC2026\lite_trials\sweep\resistance_leaning\checkpoints\best.pt,ppo,7000,C:\Users\erich\Documents\AFRL\Algebraic-Connectivity-Optimization-CDC2026\lite_trials\lite_config.yaml,full,16,0.285714285714,2,45,45,0.2857142857142857,5,0.25397839914691267,4.063654386350603,0.004747599999973318,0.004747599999973318,0.007104100001015468,backbone,cayley_only,cayley,40,2.7639320225002098,0.00235650000104215,False,2,,False,1,cayley,64,4,RL+Backbone,2
best,C:\Users\erich\Documents\AFRL\Algebraic-Connectivity-Optimization-CDC2026\lite_trials\sweep\resistance_leaning\checkpoints\best.pt,ppo,7000,C:\Users\erich\Documents\AFRL\Algebraic-Connectivity-Optimization-CDC2026\lite_trials\lite_config.yaml,full,16,0.285714285714,3,45,45,0.2857142857142857,5,0.25397839914691267,4.063654386350603,0.004235000000335276,0.004235000000335276,0.006421000000045751,backbone,cayley_only,cayley,40,2.7639320225002098,0.002185999999710475,False,2,,False,1,cayley,64,4,RL+Backbone,3
best,C:\Users\erich\Documents\AFRL\Algebraic-Connectivity-Optimization-CDC2026\lite_trials\sweep\resistance_leaning\checkpoints\best.pt,ppo,7000,C:\Users\erich\Documents\AFRL\Algebraic-Connectivity-Optimization-CDC2026\lite_trials\lite_config.yaml,full,16,0.285714285714,4,45,45,0.2857142857142857,5,0.25397839914691267,4.063654386350603,0.004469499999686377,0.004469499999686377,0.006599199999982375,backbone,cayley_only,cayley,40,2.7639320225002098,0.0021297000002959976,False,2,,False,1,cayley,64,4,RL+Backbone,4
best,C:\Users\erich\Documents\AFRL\Algebraic-Connectivity-Optimization-CDC2026\lite_trials\sweep\resistance_leaning\checkpoints\best.pt,ppo,7000,C:\Users\erich\Documents\AFRL\Algebraic-Connectivity-Optimization-CDC2026\lite_trials\lite_config.yaml,full,16,0.361904761905,0,53,53,0.3619047619047619,5,0.3281249999999999,5.249999999999998,0.004571700001179124,0.004571700001179124,0.006827400000474881,backbone,cayley_only,cayley,48,4.000000000000001,0.002255699999295757,False,2,,False,1,cayley,64,4,RL+Backbone,0
best,C:\Users\erich\Documents\AFRL\Algebraic-Connectivity-Optimization-CDC2026\lite_trials\sweep\resistance_leaning\checkpoints\best.pt,ppo,7000,C:\Users\erich\Documents\AFRL\Algebraic-Connectivity-Optimization-CDC2026\lite_trials\lite_config.yaml,full,16,0.361904761905,1,53,53,0.3619047619047619,5,0.3281249999999999,5.249999999999998,0.0047350999993795995,0.0047350999993795995,0.00697069999841915,backbone,cayley_only,cayley,48,4.000000000000001,0.0022355999990395503,False,2,,False,1,cayley,64,4,RL+Backbone,1
best,C:\Users\erich\Documents\AFRL\Algebraic-Connectivity-Optimization-CDC2026\lite_trials\sweep\resistance_leaning\checkpoints\best.pt,ppo,7000,C:\Users\erich\Documents\AFRL\Algebraic-Connectivity-Optimization-CDC2026\lite_trials\lite_config.yaml,full,16,0.361904761905,2,53,53,0.3619047619047619,5,0.3281250000000002,5.2500000000000036,0.004386199998407392,0.004386199998407392,0.006588499998542829,backbone,cayley_only,cayley,48,4.000000000000001,0.0022023000001354376,False,2,,False,1,cayley,64,4,RL+Backbone,2
best,C:\Users\erich\Documents\AFRL\Algebraic-Connectivity-Optimization-CDC2026\lite_trials\sweep\resistance_leaning\checkpoints\best.pt,ppo,7000,C:\Users\erich\Documents\AFRL\Algebraic-Connectivity-Optimization-CDC2026\lite_trials\lite_config.yaml,full,16,0.361904761905,3,53,53,0.3619047619047619,5,0.3281249999999999,5.249999999999998,0.004290700000638026,0.004290700000638026,0.006431300000258489,backbone,cayley_only,cayley,48,4.000000000000001,0.0021405999996204628,False,2,,False,1,cayley,64,4,RL+Backbone,3
best,C:\Users\erich\Documents\AFRL\Algebraic-Connectivity-Optimization-CDC2026\lite_trials\sweep\resistance_leaning\checkpoints\best.pt,ppo,7000,C:\Users\erich\Documents\AFRL\Algebraic-Connectivity-Optimization-CDC2026\lite_trials\lite_config.yaml,full,16,0.361904761905,4,53,53,0.3619047619047619,5,0.3281249999999999,5.249999999999998,0.004340299999967101,0.004340299999967101,0.00655180000103428,backbone,cayley_only,cayley,48,4.000000000000001,0.0022115000010671793,False,2,,False,1,cayley,64,4,RL+Backbone,4
best,C:\Users\erich\Documents\AFRL\Algebraic-Connectivity-Optimization-CDC2026\lite_trials\sweep\resistance_leaning\checkpoints\best.pt,ppo,7000,C:\Users\erich\Documents\AFRL\Algebraic-Connectivity-Optimization-CDC2026\lite_trials\lite_config.yaml,full,16,0.428571428571,0,60,60,0.42857142857142855,4,0.4536102372451103,7.257763795921765,0.0034744999993563397,0.0034744999993563397,0.00561819999893487,backbone,cayley_only,cayley,56,5.999999999999996,0.00214369999957853,False,2,,False,1,cayley,64,4,RL+Backbone,0
best,C:\Users\erich\Documents\AFRL\Algebraic-Connectivity-Optimization-CDC2026\lite_trials\sweep\resistance_leaning\checkpoints\best.pt,ppo,7000,C:\Users\erich\Documents\AFRL\Algebraic-Connectivity-Optimization-CDC2026\lite_trials\lite_config.yaml,full,16,0.428571428571,1,60,60,0.42857142857142855,4,0.4536102372451103,7.257763795921765,0.00426300000071933,0.00426300000071933,0.006618700001126854,backbone,cayley_only,cayley,56,5.999999999999996,0.0023557000004075235,False,2,,False,1,cayley,64,4,RL+Backbone,1
best,C:\Users\erich\Documents\AFRL\Algebraic-Connectivity-Optimization-CDC2026\lite_trials\sweep\resistance_leaning\checkpoints\best.pt,ppo,7000,C:\Users\erich\Documents\AFRL\Algebraic-Connectivity-Optimization-CDC2026\lite_trials\lite_config.yaml,full,16,0.428571428571,2,60,60,0.42857142857142855,4,0.4536102372451103,7.257763795921765,0.0038842000012664357,0.0038842000012664357,0.006167400000776979,backbone,cayley_only,cayley,56,5.999999999999996,0.0022831999995105434,False,2,,False,1,cayley,64,4,RL+Backbone,2
best,C:\Users\erich\Documents\AFRL\Algebraic-Connectivity-Optimization-CDC2026\lite_trials\sweep\resistance_leaning\checkpoints\best.pt,ppo,7000,C:\Users\erich\Documents\AFRL\Algebraic-Connectivity-Optimization-CDC2026\lite_trials\lite_config.yaml,full,16,0.428571428571,3,60,60,0.42857142857142855,4,0.4536102372451103,7.257763795921765,0.003619799999796669,0.003619799999796669,0.005854500001078122,backbone,cayley_only,cayley,56,5.999999999999996,0.0022347000012814533,False,2,,False,1,cayley,64,4,RL+Backbone,3
best,C:\Users\erich\Documents\AFRL\Algebraic-Connectivity-Optimization-CDC2026\lite_trials\sweep\resistance_leaning\checkpoints\best.pt,ppo,7000,C:\Users\erich\Documents\AFRL\Algebraic-Connectivity-Optimization-CDC2026\lite_trials\lite_config.yaml,full,16,0.428571428571,4,60,60,0.42857142857142855,4,0.4536102372451103,7.257763795921765,0.0035874000004696427,0.0035874000004696427,0.005771000000095228,backbone,cayley_only,cayley,56,5.999999999999996,0.002183599999625585,False,2,,False,1,cayley,64,4,RL+Backbone,4
best,C:\Users\erich\Documents\AFRL\Algebraic-Connectivity-Optimization-CDC2026\lite_trials\sweep\resistance_leaning\checkpoints\best.pt,ppo,7000,C:\Users\erich\Documents\AFRL\Algebraic-Connectivity-Optimization-CDC2026\lite_trials\lite_config.yaml,full,16,0.504761904762,0,68,68,0.5047619047619047,4,0.6100202687009928,9.760324299215885,0.0037682000001950655,0.0037682000001950655,0.006024000000252272,backbone,both,envelope,64,8.0,0.0022558000000572065,False,,,True,2,"cayley,envelope",64,4,RL+Backbone,0
best,C:\Users\erich\Documents\AFRL\Algebraic-Connectivity-Optimization-CDC2026\lite_trials\sweep\resistance_leaning\checkpoints\best.pt,ppo,7000,C:\Users\erich\Documents\AFRL\Algebraic-Connectivity-Optimization-CDC2026\lite_trials\lite_config.yaml,full,16,0.504761904762,1,68,68,0.5047619047619047,4,0.6100202687009928,9.760324299215885,0.004553299999315641,0.004553299999315641,0.006804500000725966,backbone,both,envelope,64,8.0,0.002251200001410325,False,,,True,2,"cayley,envelope",64,4,RL+Backbone,1
best,C:\Users\erich\Documents\AFRL\Algebraic-Connectivity-Optimization-CDC2026\lite_trials\sweep\resistance_leaning\checkpoints\best.pt,ppo,7000,C:\Users\erich\Documents\AFRL\Algebraic-Connectivity-Optimization-CDC2026\lite_trials\lite_config.yaml,full,16,0.504761904762,2,68,68,0.5047619047619047,4,0.6100202687009928,9.760324299215885,0.004321799999161158,0.004321799999161158,0.0065296999982820125,backbone,both,envelope,64,8.0,0.0022078999991208548,False,,,True,2,"cayley,envelope",64,4,RL+Backbone,2
best,C:\Users\erich\Documents\AFRL\Algebraic-Connectivity-Optimization-CDC2026\lite_trials\sweep\resistance_leaning\checkpoints\best.pt,ppo,7000,C:\Users\erich\Documents\AFRL\Algebraic-Connectivity-Optimization-CDC2026\lite_trials\lite_config.yaml,full,16,0.504761904762,3,68,68,0.5047619047619047,4,0.6100202687009928,9.760324299215885,0.0034756000004563248,0.0034756000004563248,0.005732400000852067,backbone,both,envelope,64,8.0,0.0022568000003957422,False,,,True,2,"cayley,envelope",64,4,RL+Backbone,3
best,C:\Users\erich\Documents\AFRL\Algebraic-Connectivity-Optimization-CDC2026\lite_trials\sweep\resistance_leaning\checkpoints\best.pt,ppo,7000,C:\Users\erich\Documents\AFRL\Algebraic-Connectivity-Optimization-CDC2026\lite_trials\lite_config.yaml,full,16,0.504761904762,4,68,68,0.5047619047619047,4,0.6100202687009928,9.760324299215885,0.0034909999994852114,0.0034909999994852114,0.005472500000905711,backbone,both,envelope,64,8.0,0.0020586000009643612,False,,,True,2,"cayley,envelope",64,4,RL+Backbone,4
best,C:\Users\erich\Documents\AFRL\Algebraic-Connectivity-Optimization-CDC2026\lite_trials\sweep\resistance_leaning\checkpoints\best.pt,ppo,7000,C:\Users\erich\Documents\AFRL\Algebraic-Connectivity-Optimization-CDC2026\lite_trials\lite_config.yaml,full,16,0.571428571429,0,75,75,0.5714285714285714,11,0.6869211862495714,10.990738979993143,0.0121724999989965,0.0121724999989965,0.012298099998588441,backbone,both,envelope,64,8.0,0.0046155999989423435,False,,,True,2,"cayley,envelope",64,4,RL+Backbone,0
best,C:\Users\erich\Documents\AFRL\Algebraic-Connectivity-Optimization-CDC2026\lite_trials\sweep\resistance_leaning\checkpoints\best.pt,ppo,7000,C:\Users\erich\Documents\AFRL\Algebraic-Connectivity-Optimization-CDC2026\lite_trials\lite_config.yaml,full,16,0.571428571429,1,75,75,0.5714285714285714,11,0.6869211862495714,10.990738979993143,0.01128910000079486,0.01128910000079486,0.011405100000047241,backbone,both,envelope,64,8.0,0.006311400000413414,False,,,True,2,"cayley,envelope",64,4,RL+Backbone,1
best,C:\Users\erich\Documents\AFRL\Algebraic-Connectivity-Optimization-CDC2026\lite_trials\sweep\resistance_leaning\checkpoints\best.pt,ppo,7000,C:\Users\erich\Documents\AFRL\Algebraic-Connectivity-Optimization-CDC2026\lite_trials\lite_config.yaml,full,16,0.571428571429,2,75,75,0.5714285714285714,11,0.6869211862495714,10.990738979993143,0.012280200000532204,0.012280200000532204,0.012408800001139753,backbone,both,envelope,64,8.0,0.005321799999364885,False,,,True,2,"cayley,envelope",64,4,RL+Backbone,2
best,C:\Users\erich\Documents\AFRL\Algebraic-Connectivity-Optimization-CDC2026\lite_trials\sweep\resistance_leaning\checkpoints\best.pt,ppo,7000,C:\Users\erich\Documents\AFRL\Algebraic-Connectivity-Optimization-CDC2026\lite_trials\lite_config.yaml,full,16,0.571428571429,3,75,75,0.5714285714285714,11,0.6869211862495714,10.990738979993143,0.012663299999985611,0.012663299999985611,0.012814300000172807,backbone,both,envelope,64,8.0,0.00680850000026112,False,,,True,2,"cayley,envelope",64,4,RL+Backbone,3
best,C:\Users\erich\Documents\AFRL\Algebraic-Connectivity-Optimization-CDC2026\lite_trials\sweep\resistance_leaning\checkpoints\best.pt,ppo,7000,C:\Users\erich\Documents\AFRL\Algebraic-Connectivity-Optimization-CDC2026\lite_trials\lite_config.yaml,full,16,0.571428571429,4,75,75,0.5714285714285714,11,0.6869211862495714,10.990738979993143,0.010927199999059667,0.010927199999059667,0.011055699998905766,backbone,both,envelope,64,8.0,0.004863999998633517,False,,,True,2,"cayley,envelope",64,4,RL+Backbone,4
best,C:\Users\erich\Documents\AFRL\Algebraic-Connectivity-Optimization-CDC2026\lite_trials\sweep\resistance_leaning\checkpoints\best.pt,ppo,7000,C:\Users\erich\Documents\AFRL\Algebraic-Connectivity-Optimization-CDC2026\lite_trials\lite_config.yaml,full,16,0.638095238095,0,82,82,0.638095238095238,11,0.8127996725365675,13.00479476058508,0.011240300000281422,0.011240300000281422,0.014433299998927396,backbone,both,cayley,71,6.69722436226801,0.0031929999986459734,False,3,,True,2,"cayley,envelope",64,4,RL+Backbone,0
best,C:\Users\erich\Documents\AFRL\Algebraic-Connectivity-Optimization-CDC2026\lite_trials\sweep\resistance_leaning\checkpoints\best.pt,ppo,7000,C:\Users\erich\Documents\AFRL\Algebraic-Connectivity-Optimization-CDC2026\lite_trials\lite_config.yaml,full,16,0.638095238095,1,82,82,0.638095238095238,12,0.6940280604486756,11.10444896717881,0.012202500000057626,0.012202500000057626,0.015402099999846541,backbone,both,cayley,70,6.697224362268007,0.0031995999997889157,False,3,,True,2,"cayley,envelope",64,4,RL+Backbone,1
best,C:\Users\erich\Documents\AFRL\Algebraic-Connectivity-Optimization-CDC2026\lite_trials\sweep\resistance_leaning\checkpoints\best.pt,ppo,7000,C:\Users\erich\Documents\AFRL\Algebraic-Connectivity-Optimization-CDC2026\lite_trials\lite_config.yaml,full,16,0.638095238095,2,82,82,0.638095238095238,12,0.760933554192281,12.174936867076497,0.009807299999010866,0.009807299999010866,0.012080900000000838,backbone,both,cayley,70,6.58578643762691,0.0022736000009899726,False,3,,True,2,"cayley,envelope",64,4,RL+Backbone,2
best,C:\Users\erich\Documents\AFRL\Algebraic-Connectivity-Optimization-CDC2026\lite_trials\sweep\resistance_leaning\checkpoints\best.pt,ppo,7000,C:\Users\erich\Documents\AFRL\Algebraic-Connectivity-Optimization-CDC2026\lite_trials\lite_config.yaml,full,16,0.638095238095,3,82,82,0.638095238095238,11,0.7301804281010212,11.68288684961634,0.010914899999988847,0.010914899999988847,0.013281400000778376,backbone,both,cayley,71,6.733752496014796,0.0023665000007895287,False,3,,True,2,"cayley,envelope",64,4,RL+Backbone,3
best,C:\Users\erich\Documents\AFRL\Algebraic-Connectivity-Optimization-CDC2026\lite_trials\sweep\resistance_leaning\checkpoints\best.pt,ppo,7000,C:\Users\erich\Documents\AFRL\Algebraic-Connectivity-Optimization-CDC2026\lite_trials\lite_config.yaml,full,16,0.638095238095,4,82,82,0.638095238095238,12,0.7286000981342623,11.657601570148197,0.01177079999979469,0.01177079999979469,0.014343199998620548,backbone,both,cayley,70,6.539495129981236,0.0025723999988258583,False,3,,True,2,"cayley,envelope",64,4,RL+Backbone,4
best,C:\Users\erich\Documents\AFRL\Algebraic-Connectivity-Optimization-CDC2026\lite_trials\sweep\resistance_leaning\checkpoints\best.pt,ppo,7000,C:\Users\erich\Documents\AFRL\Algebraic-Connectivity-Optimization-CDC2026\lite_trials\lite_config.yaml,full,16,0.714285714286,0,90,90,0.7142857142857143,5,0.7809925631825618,12.49588101092099,0.005747799999880954,0.005747799999880954,0.010403199999927892,backbone,both,cayley,85,9.999999999999996,0.004655400000046939,False,3,,True,2,"cayley,envelope",64,4,RL+Backbone,0
best,C:\Users\erich\Documents\AFRL\Algebraic-Connectivity-Optimization-CDC2026\lite_trials\sweep\resistance_leaning\checkpoints\best.pt,ppo,7000,C:\Users\erich\Documents\AFRL\Algebraic-Connectivity-Optimization-CDC2026\lite_trials\lite_config.yaml,full,16,0.714285714286,1,90,90,0.7142857142857143,5,0.7096605894413927,11.354569431062282,0.006183499999679043,0.006183499999679043,0.01261510000040289,backbone,both,cayley,85,9.999999999999996,0.006431600000723847,False,3,,True,2,"cayley,envelope",64,4,RL+Backbone,1
best,C:\Users\erich\Documents\AFRL\Algebraic-Connectivity-Optimization-CDC2026\lite_trials\sweep\resistance_leaning\checkpoints\best.pt,ppo,7000,C:\Users\erich\Documents\AFRL\Algebraic-Connectivity-Optimization-CDC2026\lite_trials\lite_config.yaml,full,16,0.714285714286,2,90,90,0.7142857142857143,6,0.7869387389281463,12.59101982285034,0.00652050000098825,0.00652050000098825,0.01283540000076755,backbone,both,cayley,84,9.999999999999973,0.0063148999997793,False,3,,True,2,"cayley,envelope",64,4,RL+Backbone,2
best,C:\Users\erich\Documents\AFRL\Algebraic-Connectivity-Optimization-CDC2026\lite_trials\sweep\resistance_leaning\checkpoints\best.pt,ppo,7000,C:\Users\erich\Documents\AFRL\Algebraic-Connectivity-Optimization-CDC2026\lite_trials\lite_config.yaml,full,16,0.714285714286,3,90,90,0.7142857142857143,5,0.7717333826214624,12.347734121943398,0.005710400000680238,0.005710400000680238,0.012085000000297441,backbone,both,cayley,85,9.999999999999996,0.006374599999617203,False,3,,True,2,"cayley,envelope",64,4,RL+Backbone,3
best,C:\Users\erich\Documents\AFRL\Algebraic-Connectivity-Optimization-CDC2026\lite_trials\sweep\resistance_leaning\checkpoints\best.pt,ppo,7000,C:\Users\erich\Documents\AFRL\Algebraic-Connectivity-Optimization-CDC2026\lite_trials\lite_config.yaml,full,16,0.714285714286,4,90,90,0.7142857142857143,6,0.8173692723999051,13.077908358398481,0.005825399999594083,0.005825399999594083,0.010275200000251061,backbone,both,cayley,84,9.999999999999988,0.004449800000656978,False,3,,True,2,"cayley,envelope",64,4,RL+Backbone,4
best,C:\Users\erich\Documents\AFRL\Algebraic-Connectivity-Optimization-CDC2026\lite_trials\sweep\resistance_leaning\checkpoints\best.pt,ppo,7000,C:\Users\erich\Documents\AFRL\Algebraic-Connectivity-Optimization-CDC2026\lite_trials\lite_config.yaml,full,16,0.780952380952,0,97,97,0.780952380952381,1,0.7499999999999996,11.999999999999993,0.0010046000006695976,0.0010046000006695976,0.0011391000007279217,backbone,envelope_only,envelope,96,12.0,0.00013450000005832408,False,,,False,1,envelope,64,4,RL+Backbone,0
best,C:\Users\erich\Documents\AFRL\Algebraic-Connectivity-Optimization-CDC2026\lite_trials\sweep\resistance_leaning\checkpoints\best.pt,ppo,7000,C:\Users\erich\Documents\AFRL\Algebraic-Connectivity-Optimization-CDC2026\lite_trials\lite_config.yaml,full,16,0.780952380952,1,97,97,0.780952380952381,1,0.7499999999999996,11.999999999999993,0.0009312000001955312,0.0009312000001955312,0.001076800001101219,backbone,envelope_only,envelope,96,12.0,0.00014560000090568792,False,,,False,1,envelope,64,4,RL+Backbone,1
best,C:\Users\erich\Documents\AFRL\Algebraic-Connectivity-Optimization-CDC2026\lite_trials\sweep\resistance_leaning\checkpoints\best.pt,ppo,7000,C:\Users\erich\Documents\AFRL\Algebraic-Connectivity-Optimization-CDC2026\lite_trials\lite_config.yaml,full,16,0.780952380952,2,97,97,0.780952380952381,1,0.7499999999999996,11.999999999999993,0.0009026999996422091,0.0009026999996422091,0.001034099999742466,backbone,envelope_only,envelope,96,12.0,0.00013140000010025688,False,,,False,1,envelope,64,4,RL+Backbone,2
best,C:\Users\erich\Documents\AFRL\Algebraic-Connectivity-Optimization-CDC2026\lite_trials\sweep\resistance_leaning\checkpoints\best.pt,ppo,7000,C:\Users\erich\Documents\AFRL\Algebraic-Connectivity-Optimization-CDC2026\lite_trials\lite_config.yaml,full,16,0.780952380952,3,97,97,0.780952380952381,1,0.7499999999999996,11.999999999999993,0.0009896999999909895,0.0009896999999909895,0.0011192000001756242,backbone,envelope_only,envelope,96,12.0,0.0001295000001846347,False,,,False,1,envelope,64,4,RL+Backbone,3
best,C:\Users\erich\Documents\AFRL\Algebraic-Connectivity-Optimization-CDC2026\lite_trials\sweep\resistance_leaning\checkpoints\best.pt,ppo,7000,C:\Users\erich\Documents\AFRL\Algebraic-Connectivity-Optimization-CDC2026\lite_trials\lite_config.yaml,full,16,0.780952380952,4,97,97,0.780952380952381,1,0.7499999999999996,11.999999999999993,0.0009331000001111533,0.0009331000001111533,0.001063000001522596,backbone,envelope_only,envelope,96,12.0,0.00012990000141144264,False,,,False,1,envelope,64,4,RL+Backbone,4
best,C:\Users\erich\Documents\AFRL\Algebraic-Connectivity-Optimization-CDC2026\lite_trials\sweep\resistance_leaning\checkpoints\best.pt,ppo,7000,C:\Users\erich\Documents\AFRL\Algebraic-Connectivity-Optimization-CDC2026\lite_trials\lite_config.yaml,full,16,0.847619047619,0,104,104,0.8476190476190476,8,0.8129540410287304,13.007264656459686,0.008299099999931059,0.008299099999931059,0.008501099999193684,backbone,envelope_only,envelope,96,12.0,0.00020199999926262535,False,,,False,1,envelope,64,4,RL+Backbone,0
best,C:\Users\erich\Documents\AFRL\Algebraic-Connectivity-Optimization-CDC2026\lite_trials\sweep\resistance_leaning\checkpoints\best.pt,ppo,7000,C:\Users\erich\Documents\AFRL\Algebraic-Connectivity-Optimization-CDC2026\lite_trials\lite_config.yaml,full,16,0.847619047619,1,104,104,0.8476190476190476,8,0.8129540410287304,13.007264656459686,0.009422700000868645,0.009422700000868645,0.00969500000064727,backbone,envelope_only,envelope,96,12.0,0.0002722999997786246,False,,,False,1,envelope,64,4,RL+Backbone,1
best,C:\Users\erich\Documents\AFRL\Algebraic-Connectivity-Optimization-CDC2026\lite_trials\sweep\resistance_leaning\checkpoints\best.pt,ppo,7000,C:\Users\erich\Documents\AFRL\Algebraic-Connectivity-Optimization-CDC2026\lite_trials\lite_config.yaml,full,16,0.847619047619,2,104,104,0.8476190476190476,8,0.8129540410287304,13.007264656459686,0.009128900001087459,0.009128900001087459,0.009390500001245528,backbone,envelope_only,envelope,96,12.0,0.0002616000001580687,False,,,False,1,envelope,64,4,RL+Backbone,2
best,C:\Users\erich\Documents\AFRL\Algebraic-Connectivity-Optimization-CDC2026\lite_trials\sweep\resistance_leaning\checkpoints\best.pt,ppo,7000,C:\Users\erich\Documents\AFRL\Algebraic-Connectivity-Optimization-CDC2026\lite_trials\lite_config.yaml,full,16,0.847619047619,3,104,104,0.8476190476190476,8,0.8129540410287304,13.007264656459686,0.00782450000042445,0.00782450000042445,0.0080446000010852,backbone,envelope_only,envelope,96,12.0,0.00022010000066075008,False,,,False,1,envelope,64,4,RL+Backbone,3
best,C:\Users\erich\Documents\AFRL\Algebraic-Connectivity-Optimization-CDC2026\lite_trials\sweep\resistance_leaning\checkpoints\best.pt,ppo,7000,C:\Users\erich\Documents\AFRL\Algebraic-Connectivity-Optimization-CDC2026\lite_trials\lite_config.yaml,full,16,0.847619047619,4,104,104,0.8476190476190476,8,0.8129540410287304,13.007264656459686,0.00774959999944258,0.00774959999944258,0.007913200000984943,backbone,envelope_only,envelope,96,12.0,0.00016360000154236332,False,,,False,1,envelope,64,4,RL+Backbone,4
best,C:\Users\erich\Documents\AFRL\Algebraic-Connectivity-Optimization-CDC2026\lite_trials\sweep\resistance_leaning\checkpoints\best.pt,ppo,7000,C:\Users\erich\Documents\AFRL\Algebraic-Connectivity-Optimization-CDC2026\lite_trials\lite_config.yaml,full,16,0.92380952381,0,112,112,0.9238095238095239,0,0.8749999999999992,13.999999999999988,9.999894245993346e-08,9.999894245993346e-08,0.00016510000023117755,backbone,envelope_only,envelope,112,14.0,0.0001650000012887176,False,,,False,1,envelope,64,4,RL+Backbone,0
best,C:\Users\erich\Documents\AFRL\Algebraic-Connectivity-Optimization-CDC2026\lite_trials\sweep\resistance_leaning\checkpoints\best.pt,ppo,7000,C:\Users\erich\Documents\AFRL\Algebraic-Connectivity-Optimization-CDC2026\lite_trials\lite_config.yaml,full,16,0.92380952381,1,112,112,0.9238095238095239,0,0.8749999999999992,13.999999999999988,1.9999970390927047e-07,1.9999970390927047e-07,0.0001460999992559664,backbone,envelope_only,envelope,112,14.0,0.00014589999955205712,False,,,False,1,envelope,64,4,RL+Backbone,1
best,C:\Users\erich\Documents\AFRL\Algebraic-Connectivity-Optimization-CDC2026\lite_trials\sweep\resistance_leaning\checkpoints\best.pt,ppo,7000,C:\Users\erich\Documents\AFRL\Algebraic-Connectivity-Optimization-CDC2026\lite_trials\lite_config.yaml,full,16,0.92380952381,2,112,112,0.9238095238095239,0,0.8749999999999992,13.999999999999988,9.999894245993346e-08,9.999894245993346e-08,0.00019449999854259659,backbone,envelope_only,envelope,112,14.0,0.00019439999960013665,False,,,False,1,envelope,64,4,RL+Backbone,2
best,C:\Users\erich\Documents\AFRL\Algebraic-Connectivity-Optimization-CDC2026\lite_trials\sweep\resistance_leaning\checkpoints\best.pt,ppo,7000,C:\Users\erich\Documents\AFRL\Algebraic-Connectivity-Optimization-CDC2026\lite_trials\lite_config.yaml,full,16,0.92380952381,3,112,112,0.9238095238095239,0,0.8749999999999992,13.999999999999988,9.999894245993346e-08,9.999894245993346e-08,0.0001443999990442535,backbone,envelope_only,envelope,112,14.0,0.00014430000010179356,False,,,False,1,envelope,64,4,RL+Backbone,3
best,C:\Users\erich\Documents\AFRL\Algebraic-Connectivity-Optimization-CDC2026\lite_trials\sweep\resistance_leaning\checkpoints\best.pt,ppo,7000,C:\Users\erich\Documents\AFRL\Algebraic-Connectivity-Optimization-CDC2026\lite_trials\lite_config.yaml,full,16,0.92380952381,4,112,112,0.9238095238095239,0,0.8749999999999992,13.999999999999988,1.00000761449337e-07,1.00000761449337e-07,0.00014379999993252568,backbone,envelope_only,envelope,112,14.0,0.00014369999917107634,False,,,False,1,envelope,64,4,RL+Backbone,4
best,C:\Users\erich\Documents\AFRL\Algebraic-Connectivity-Optimization-CDC2026\lite_trials\sweep\resistance_leaning\checkpoints\best.pt,ppo,7000,C:\Users\erich\Documents\AFRL\Algebraic-Connectivity-Optimization-CDC2026\lite_trials\lite_config.yaml,full,16,0.990476190476,0,119,119,0.9904761904761905,7,0.9299531181897209,14.879249891035535,0.007284200000867713,0.007284200000867713,0.007475000002159504,backbone,envelope_only,envelope,112,14.0,0.00019080000129179098,False,,,False,1,envelope,64,4,RL+Backbone,0
best,C:\Users\erich\Documents\AFRL\Algebraic-Connectivity-Optimization-CDC2026\lite_trials\sweep\resistance_leaning\checkpoints\best.pt,ppo,7000,C:\Users\erich\Documents\AFRL\Algebraic-Connectivity-Optimization-CDC2026\lite_trials\lite_config.yaml,full,16,0.990476190476,1,119,119,0.9904761904761905,7,0.9299531181897209,14.879249891035535,0.007532000001447159,0.007532000001447159,0.007692700000916375,backbone,envelope_only,envelope,112,14.0,0.00016069999946921598,False,,,False,1,envelope,64,4,RL+Backbone,1
best,C:\Users\erich\Documents\AFRL\Algebraic-Connectivity-Optimization-CDC2026\lite_trials\sweep\resistance_leaning\checkpoints\best.pt,ppo,7000,C:\Users\erich\Documents\AFRL\Algebraic-Connectivity-Optimization-CDC2026\lite_trials\lite_config.yaml,full,16,0.990476190476,2,119,119,0.9904761904761905,7,0.9299531181897209,14.879249891035535,0.00943350000125065,0.00943350000125065,0.009667700001955382,backbone,envelope_only,envelope,112,14.0,0.0002342000007047318,False,,,False,1,envelope,64,4,RL+Backbone,2
best,C:\Users\erich\Documents\AFRL\Algebraic-Connectivity-Optimization-CDC2026\lite_trials\sweep\resistance_leaning\checkpoints\best.pt,ppo,7000,C:\Users\erich\Documents\AFRL\Algebraic-Connectivity-Optimization-CDC2026\lite_trials\lite_config.yaml,full,16,0.990476190476,3,119,119,0.9904761904761905,7,0.9299531181897209,14.879249891035535,0.007766000000628992,0.007766000000628992,0.008038900001338334,backbone,envelope_only,envelope,112,14.0,0.00027290000070934184,False,,,False,1,envelope,64,4,RL+Backbone,3
best,C:\Users\erich\Documents\AFRL\Algebraic-Connectivity-Optimization-CDC2026\lite_trials\sweep\resistance_leaning\checkpoints\best.pt,ppo,7000,C:\Users\erich\Documents\AFRL\Algebraic-Connectivity-Optimization-CDC2026\lite_trials\lite_config.yaml,full,16,0.990476190476,4,119,119,0.9904761904761905,7,0.9299531181897209,14.879249891035535,0.007342699998844182,0.007342699998844182,0.007588599997689016,backbone,envelope_only,envelope,112,14.0,0.00024589999884483404,False,,,False,1,envelope,64,4,RL+Backbone,4
best,C:\Users\erich\Documents\AFRL\Algebraic-Connectivity-Optimization-CDC2026\lite_trials\sweep\resistance_leaning\checkpoints\best.pt,ppo,7000,C:\Users\erich\Documents\AFRL\Algebraic-Connectivity-Optimization-CDC2026\lite_trials\lite_config.yaml,full,24,0.00395256917,0,24,24,0.003952569169960474,1,0.014542406422833923,0.34901775414801417,0.0033339999990857905,0.0033339999990857905,0.0033339999990857905,path,path,path,23,0.0,0.0,False,,,False,1,path,64,4,RL+Path,0
best,C:\Users\erich\Documents\AFRL\Algebraic-Connectivity-Optimization-CDC2026\lite_trials\sweep\resistance_leaning\checkpoints\best.pt,ppo,7000,C:\Users\erich\Documents\AFRL\Algebraic-Connectivity-Optimization-CDC2026\lite_trials\lite_config.yaml,full,24,0.00395256917,1,24,24,0.003952569169960474,1,0.014542406422833923,0.34901775414801417,0.0012736000007862458,0.0012736000007862458,0.0012736000007862458,path,path,path,23,0.0,0.0,False,,,False,1,path,64,4,RL+Path,1
best,C:\Users\erich\Documents\AFRL\Algebraic-Connectivity-Optimization-CDC2026\lite_trials\sweep\resistance_leaning\checkpoints\best.pt,ppo,7000,C:\Users\erich\Documents\AFRL\Algebraic-Connectivity-Optimization-CDC2026\lite_trials\lite_config.yaml,full,24,0.00395256917,2,24,24,0.003952569169960474,1,0.014542406422833923,0.34901775414801417,0.0011386999995011138,0.0011386999995011138,0.0011386999995011138,path,path,path,23,0.0,0.0,False,,,False,1,path,64,4,RL+Path,2
best,C:\Users\erich\Documents\AFRL\Algebraic-Connectivity-Optimization-CDC2026\lite_trials\sweep\resistance_leaning\checkpoints\best.pt,ppo,7000,C:\Users\erich\Documents\AFRL\Algebraic-Connectivity-Optimization-CDC2026\lite_trials\lite_config.yaml,full,24,0.00395256917,3,24,24,0.003952569169960474,1,0.014542406422833923,0.34901775414801417,0.0011450000001786975,0.0011450000001786975,0.0011450000001786975,path,path,path,23,0.0,0.0,False,,,False,1,path,64,4,RL+Path,3
best,C:\Users\erich\Documents\AFRL\Algebraic-Connectivity-Optimization-CDC2026\lite_trials\sweep\resistance_leaning\checkpoints\best.pt,ppo,7000,C:\Users\erich\Documents\AFRL\Algebraic-Connectivity-Optimization-CDC2026\lite_trials\lite_config.yaml,full,24,0.00395256917,4,24,24,0.003952569169960474,1,0.014542406422833923,0.34901775414801417,0.0011314999992464436,0.0011314999992464436,0.0011314999992464436,path,path,path,23,0.0,0.0,False,,,False,1,path,64,4,RL+Path,4
best,C:\Users\erich\Documents\AFRL\Algebraic-Connectivity-Optimization-CDC2026\lite_trials\sweep\resistance_leaning\checkpoints\best.pt,ppo,7000,C:\Users\erich\Documents\AFRL\Algebraic-Connectivity-Optimization-CDC2026\lite_trials\lite_config.yaml,full,24,0.075098814229,0,42,42,0.07509881422924901,19,0.22035446834178174,5.288507240202762,0.017820500001107575,0.017820500001107575,0.017820500001107575,path,path,path,23,0.0,0.0,False,,,False,1,path,64,4,RL+Path,0
best,C:\Users\erich\Documents\AFRL\Algebraic-Connectivity-Optimization-CDC2026\lite_trials\sweep\resistance_leaning\checkpoints\best.pt,ppo,7000,C:\Users\erich\Documents\AFRL\Algebraic-Connectivity-Optimization-CDC2026\lite_trials\lite_config.yaml,full,24,0.075098814229,1,42,42,0.07509881422924901,19,0.22035446834178174,5.288507240202762,0.016149500001120032,0.016149500001120032,0.016149500001120032,path,path,path,23,0.0,0.0,False,,,False,1,path,64,4,RL+Path,1
best,C:\Users\erich\Documents\AFRL\Algebraic-Connectivity-Optimization-CDC2026\lite_trials\sweep\resistance_leaning\checkpoints\best.pt,ppo,7000,C:\Users\erich\Documents\AFRL\Algebraic-Connectivity-Optimization-CDC2026\lite_trials\lite_config.yaml,full,24,0.075098814229,2,42,42,0.07509881422924901,19,0.22035446834178174,5.288507240202762,0.016392699999414617,0.016392699999414617,0.016392699999414617,path,path,path,23,0.0,0.0,False,,,False,1,path,64,4,RL+Path,2
best,C:\Users\erich\Documents\AFRL\Algebraic-Connectivity-Optimization-CDC2026\lite_trials\sweep\resistance_leaning\checkpoints\best.pt,ppo,7000,C:\Users\erich\Documents\AFRL\Algebraic-Connectivity-Optimization-CDC2026\lite_trials\lite_config.yaml,full,24,0.075098814229,3,42,42,0.07509881422924901,19,0.22035446834178174,5.288507240202762,0.01614489999883517,0.01614489999883517,0.01614489999883517,path,path,path,23,0.0,0.0,False,,,False,1,path,64,4,RL+Path,3
best,C:\Users\erich\Documents\AFRL\Algebraic-Connectivity-Optimization-CDC2026\lite_trials\sweep\resistance_leaning\checkpoints\best.pt,ppo,7000,C:\Users\erich\Documents\AFRL\Algebraic-Connectivity-Optimization-CDC2026\lite_trials\lite_config.yaml,full,24,0.075098814229,4,42,42,0.07509881422924901,19,0.22035446834178174,5.288507240202762,0.01684190000014496,0.01684190000014496,0.01684190000014496,path,path,path,23,0.0,0.0,False,,,False,1,path,64,4,RL+Path,4
best,C:\Users\erich\Documents\AFRL\Algebraic-Connectivity-Optimization-CDC2026\lite_trials\sweep\resistance_leaning\checkpoints\best.pt,ppo,7000,C:\Users\erich\Documents\AFRL\Algebraic-Connectivity-Optimization-CDC2026\lite_trials\lite_config.yaml,full,24,0.146245059289,0,60,60,0.14624505928853754,37,0.0647605611562386,1.5542534677497264,0.035105599999951664,0.035105599999951664,0.035105599999951664,path,path,path,23,0.0,0.0,False,,,False,1,path,64,4,RL+Path,0
best,C:\Users\erich\Documents\AFRL\Algebraic-Connectivity-Optimization-CDC2026\lite_trials\sweep\resistance_leaning\checkpoints\best.pt,ppo,7000,C:\Users\erich\Documents\AFRL\Algebraic-Connectivity-Optimization-CDC2026\lite_trials\lite_config.yaml,full,24,0.146245059289,1,60,60,0.14624505928853754,37,0.0647605611562386,1.5542534677497264,0.030921600000510807,0.030921600000510807,0.030921600000510807,path,path,path,23,0.0,0.0,False,,,False,1,path,64,4,RL+Path,1
best,C:\Users\erich\Documents\AFRL\Algebraic-Connectivity-Optimization-CDC2026\lite_trials\sweep\resistance_leaning\checkpoints\best.pt,ppo,7000,C:\Users\erich\Documents\AFRL\Algebraic-Connectivity-Optimization-CDC2026\lite_trials\lite_config.yaml,full,24,0.146245059289,2,60,60,0.14624505928853754,37,0.0647605611562386,1.5542534677497264,0.03221250000024156,0.03221250000024156,0.03221250000024156,path,path,path,23,0.0,0.0,False,,,False,1,path,64,4,RL+Path,2
best,C:\Users\erich\Documents\AFRL\Algebraic-Connectivity-Optimization-CDC2026\lite_trials\sweep\resistance_leaning\checkpoints\best.pt,ppo,7000,C:\Users\erich\Documents\AFRL\Algebraic-Connectivity-Optimization-CDC2026\lite_trials\lite_config.yaml,full,24,0.146245059289,3,60,60,0.14624505928853754,37,0.0647605611562386,1.5542534677497264,0.033319599999231286,0.033319599999231286,0.033319599999231286,path,path,path,23,0.0,0.0,False,,,False,1,path,64,4,RL+Path,3
best,C:\Users\erich\Documents\AFRL\Algebraic-Connectivity-Optimization-CDC2026\lite_trials\sweep\resistance_leaning\checkpoints\best.pt,ppo,7000,C:\Users\erich\Documents\AFRL\Algebraic-Connectivity-Optimization-CDC2026\lite_trials\lite_config.yaml,full,24,0.146245059289,4,60,60,0.14624505928853754,37,0.0647605611562386,1.5542534677497264,0.033068499998989864,0.033068499998989864,0.033068499998989864,path,path,path,23,0.0,0.0,False,,,False,1,path,64,4,RL+Path,4
best,C:\Users\erich\Documents\AFRL\Algebraic-Connectivity-Optimization-CDC2026\lite_trials\sweep\resistance_leaning\checkpoints\best.pt,ppo,7000,C:\Users\erich\Documents\AFRL\Algebraic-Connectivity-Optimization-CDC2026\lite_trials\lite_config.yaml,full,24,0.217391304348,0,78,78,0.21739130434782608,55,0.25629926356010785,6.151182325442589,0.04842020000069169,0.04842020000069169,0.04842020000069169,path,path,path,23,0.0,0.0,False,,,False,1,path,64,4,RL+Path,0
best,C:\Users\erich\Documents\AFRL\Algebraic-Connectivity-Optimization-CDC2026\lite_trials\sweep\resistance_leaning\checkpoints\best.pt,ppo,7000,C:\Users\erich\Documents\AFRL\Algebraic-Connectivity-Optimization-CDC2026\lite_trials\lite_config.yaml,full,24,0.217391304348,1,78,78,0.21739130434782608,55,0.25629926356010785,6.151182325442589,0.051339900001039496,0.051339900001039496,0.051339900001039496,path,path,path,23,0.0,0.0,False,,,False,1,path,64,4,RL+Path,1
best,C:\Users\erich\Documents\AFRL\Algebraic-Connectivity-Optimization-CDC2026\lite_trials\sweep\resistance_leaning\checkpoints\best.pt,ppo,7000,C:\Users\erich\Documents\AFRL\Algebraic-Connectivity-Optimization-CDC2026\lite_trials\lite_config.yaml,full,24,0.217391304348,2,78,78,0.21739130434782608,55,0.25629926356010785,6.151182325442589,0.04748670000117272,0.04748670000117272,0.04748670000117272,path,path,path,23,0.0,0.0,False,,,False,1,path,64,4,RL+Path,2
best,C:\Users\erich\Documents\AFRL\Algebraic-Connectivity-Optimization-CDC2026\lite_trials\sweep\resistance_leaning\checkpoints\best.pt,ppo,7000,C:\Users\erich\Documents\AFRL\Algebraic-Connectivity-Optimization-CDC2026\lite_trials\lite_config.yaml,full,24,0.217391304348,3,78,78,0.21739130434782608,55,0.25629926356010785,6.151182325442589,0.047875799999019364,0.047875799999019364,0.047875799999019364,path,path,path,23,0.0,0.0,False,,,False,1,path,64,4,RL+Path,3
best,C:\Users\erich\Documents\AFRL\Algebraic-Connectivity-Optimization-CDC2026\lite_trials\sweep\resistance_leaning\checkpoints\best.pt,ppo,7000,C:\Users\erich\Documents\AFRL\Algebraic-Connectivity-Optimization-CDC2026\lite_trials\lite_config.yaml,full,24,0.217391304348,4,78,78,0.21739130434782608,55,0.25629926356010785,6.151182325442589,0.05662589999883494,0.05662589999883494,0.05662589999883494,path,path,path,23,0.0,0.0,False,,,False,1,path,64,4,RL+Path,4
best,C:\Users\erich\Documents\AFRL\Algebraic-Connectivity-Optimization-CDC2026\lite_trials\sweep\resistance_leaning\checkpoints\best.pt,ppo,7000,C:\Users\erich\Documents\AFRL\Algebraic-Connectivity-Optimization-CDC2026\lite_trials\lite_config.yaml,full,24,0.288537549407,0,96,96,0.2885375494071146,73,0.2688668371786121,6.452804092286691,0.08326529999976628,0.08326529999976628,0.08326529999976628,path,path,path,23,0.0,0.0,False,,,False,1,path,64,4,RL+Path,0
best,C:\Users\erich\Documents\AFRL\Algebraic-Connectivity-Optimization-CDC2026\lite_trials\sweep\resistance_leaning\checkpoints\best.pt,ppo,7000,C:\Users\erich\Documents\AFRL\Algebraic-Connectivity-Optimization-CDC2026\lite_trials\lite_config.yaml,full,24,0.288537549407,1,96,96,0.2885375494071146,73,0.2688668371786121,6.452804092286691,0.08077009999942675,0.08077009999942675,0.08077009999942675,path,path,path,23,0.0,0.0,False,,,False,1,path,64,4,RL+Path,1
best,C:\Users\erich\Documents\AFRL\Algebraic-Connectivity-Optimization-CDC2026\lite_trials\sweep\resistance_leaning\checkpoints\best.pt,ppo,7000,C:\Users\erich\Documents\AFRL\Algebraic-Connectivity-Optimization-CDC2026\lite_trials\lite_config.yaml,full,24,0.288537549407,2,96,96,0.2885375494071146,73,0.2688668371786121,6.452804092286691,0.07095830000071146,0.07095830000071146,0.07095830000071146,path,path,path,23,0.0,0.0,False,,,False,1,path,64,4,RL+Path,2
best,C:\Users\erich\Documents\AFRL\Algebraic-Connectivity-Optimization-CDC2026\lite_trials\sweep\resistance_leaning\checkpoints\best.pt,ppo,7000,C:\Users\erich\Documents\AFRL\Algebraic-Connectivity-Optimization-CDC2026\lite_trials\lite_config.yaml,full,24,0.288537549407,3,96,96,0.2885375494071146,73,0.2688668371786121,6.452804092286691,0.07941070000015316,0.07941070000015316,0.07941070000015316,path,path,path,23,0.0,0.0,False,,,False,1,path,64,4,RL+Path,3
best,C:\Users\erich\Documents\AFRL\Algebraic-Connectivity-Optimization-CDC2026\lite_trials\sweep\resistance_leaning\checkpoints\best.pt,ppo,7000,C:\Users\erich\Documents\AFRL\Algebraic-Connectivity-Optimization-CDC2026\lite_trials\lite_config.yaml,full,24,0.288537549407,4,96,96,0.2885375494071146,73,0.2688668371786121,6.452804092286691,0.07769670000016049,0.07769670000016049,0.07769670000016049,path,path,path,23,0.0,0.0,False,,,False,1,path,64,4,RL+Path,4
best,C:\Users\erich\Documents\AFRL\Algebraic-Connectivity-Optimization-CDC2026\lite_trials\sweep\resistance_leaning\checkpoints\best.pt,ppo,7000,C:\Users\erich\Documents\AFRL\Algebraic-Connectivity-Optimization-CDC2026\lite_trials\lite_config.yaml,full,24,0.359683794466,0,114,114,0.35968379446640314,91,0.45354818665623037,10.88515647974953,0.0856283999983134,0.0856283999983134,0.0856283999983134,path,path,path,23,0.0,0.0,False,,,False,1,path,64,4,RL+Path,0
best,C:\Users\erich\Documents\AFRL\Algebraic-Connectivity-Optimization-CDC2026\lite_trials\sweep\resistance_leaning\checkpoints\best.pt,ppo,7000,C:\Users\erich\Documents\AFRL\Algebraic-Connectivity-Optimization-CDC2026\lite_trials\lite_config.yaml,full,24,0.359683794466,1,114,114,0.35968379446640314,91,0.45354818665623037,10.88515647974953,0.09637250000014319,0.09637250000014319,0.09637250000014319,path,path,path,23,0.0,0.0,False,,,False,1,path,64,4,RL+Path,1
best,C:\Users\erich\Documents\AFRL\Algebraic-Connectivity-Optimization-CDC2026\lite_trials\sweep\resistance_leaning\checkpoints\best.pt,ppo,7000,C:\Users\erich\Documents\AFRL\Algebraic-Connectivity-Optimization-CDC2026\lite_trials\lite_config.yaml,full,24,0.359683794466,2,114,114,0.35968379446640314,91,0.45354818665623037,10.88515647974953,0.09313999999903899,0.09313999999903899,0.09313999999903899,path,path,path,23,0.0,0.0,False,,,False,1,path,64,4,RL+Path,2
best,C:\Users\erich\Documents\AFRL\Algebraic-Connectivity-Optimization-CDC2026\lite_trials\sweep\resistance_leaning\checkpoints\best.pt,ppo,7000,C:\Users\erich\Documents\AFRL\Algebraic-Connectivity-Optimization-CDC2026\lite_trials\lite_config.yaml,full,24,0.359683794466,3,114,114,0.35968379446640314,91,0.45354818665623037,10.88515647974953,0.09828019999986282,0.09828019999986282,0.09828019999986282,path,path,path,23,0.0,0.0,False,,,False,1,path,64,4,RL+Path,3
best,C:\Users\erich\Documents\AFRL\Algebraic-Connectivity-Optimization-CDC2026\lite_trials\sweep\resistance_leaning\checkpoints\best.pt,ppo,7000,C:\Users\erich\Documents\AFRL\Algebraic-Connectivity-Optimization-CDC2026\lite_trials\lite_config.yaml,full,24,0.359683794466,4,114,114,0.35968379446640314,91,0.45354818665623037,10.88515647974953,0.09786069999972824,0.09786069999972824,0.09786069999972824,path,path,path,23,0.0,0.0,False,,,False,1,path,64,4,RL+Path,4
best,C:\Users\erich\Documents\AFRL\Algebraic-Connectivity-Optimization-CDC2026\lite_trials\sweep\resistance_leaning\checkpoints\best.pt,ppo,7000,C:\Users\erich\Documents\AFRL\Algebraic-Connectivity-Optimization-CDC2026\lite_trials\lite_config.yaml,full,24,0.430830039526,0,132,132,0.4308300395256917,109,0.480556738952064,11.533361734849537,0.12233310000010533,0.12233310000010533,0.12233310000010533,path,path,path,23,0.0,0.0,False,,,False,1,path,64,4,RL+Path,0
best,C:\Users\erich\Documents\AFRL\Algebraic-Connectivity-Optimization-CDC2026\lite_trials\sweep\resistance_leaning\checkpoints\best.pt,ppo,7000,C:\Users\erich\Documents\AFRL\Algebraic-Connectivity-Optimization-CDC2026\lite_trials\lite_config.yaml,full,24,0.430830039526,1,132,132,0.4308300395256917,109,0.480556738952064,11.533361734849537,0.1205522000000201,0.1205522000000201,0.1205522000000201,path,path,path,23,0.0,0.0,False,,,False,1,path,64,4,RL+Path,1
best,C:\Users\erich\Documents\AFRL\Algebraic-Connectivity-Optimization-CDC2026\lite_trials\sweep\resistance_leaning\checkpoints\best.pt,ppo,7000,C:\Users\erich\Documents\AFRL\Algebraic-Connectivity-Optimization-CDC2026\lite_trials\lite_config.yaml,full,24,0.430830039526,2,132,132,0.4308300395256917,109,0.480556738952064,11.533361734849537,0.11592299999938405,0.11592299999938405,0.11592299999938405,path,path,path,23,0.0,0.0,False,,,False,1,path,64,4,RL+Path,2
best,C:\Users\erich\Documents\AFRL\Algebraic-Connectivity-Optimization-CDC2026\lite_trials\sweep\resistance_leaning\checkpoints\best.pt,ppo,7000,C:\Users\erich\Documents\AFRL\Algebraic-Connectivity-Optimization-CDC2026\lite_trials\lite_config.yaml,full,24,0.430830039526,3,132,132,0.4308300395256917,109,0.480556738952064,11.533361734849537,0.12238800000159245,0.12238800000159245,0.12238800000159245,path,path,path,23,0.0,0.0,False,,,False,1,path,64,4,RL+Path,3
best,C:\Users\erich\Documents\AFRL\Algebraic-Connectivity-Optimization-CDC2026\lite_trials\sweep\resistance_leaning\checkpoints\best.pt,ppo,7000,C:\Users\erich\Documents\AFRL\Algebraic-Connectivity-Optimization-CDC2026\lite_trials\lite_config.yaml,full,24,0.430830039526,4,132,132,0.4308300395256917,109,0.480556738952064,11.533361734849537,0.1145488000001933,0.1145488000001933,0.1145488000001933,path,path,path,23,0.0,0.0,False,,,False,1,path,64,4,RL+Path,4
best,C:\Users\erich\Documents\AFRL\Algebraic-Connectivity-Optimization-CDC2026\lite_trials\sweep\resistance_leaning\checkpoints\best.pt,ppo,7000,C:\Users\erich\Documents\AFRL\Algebraic-Connectivity-Optimization-CDC2026\lite_trials\lite_config.yaml,full,24,0.498023715415,0,149,149,0.4980237154150198,126,0.7863186964586095,18.87164871500663,0.12670090000028722,0.12670090000028722,0.12670090000028722,path,path,path,23,0.0,0.0,False,,,False,1,path,64,4,RL+Path,0
best,C:\Users\erich\Documents\AFRL\Algebraic-Connectivity-Optimization-CDC2026\lite_trials\sweep\resistance_leaning\checkpoints\best.pt,ppo,7000,C:\Users\erich\Documents\AFRL\Algebraic-Connectivity-Optimization-CDC2026\lite_trials\lite_config.yaml,full,24,0.498023715415,1,149,149,0.4980237154150198,126,0.7863186964586095,18.87164871500663,0.13879760000054375,0.13879760000054375,0.13879760000054375,path,path,path,23,0.0,0.0,False,,,False,1,path,64,4,RL+Path,1
best,C:\Users\erich\Documents\AFRL\Algebraic-Connectivity-Optimization-CDC2026\lite_trials\sweep\resistance_leaning\checkpoints\best.pt,ppo,7000,C:\Users\erich\Documents\AFRL\Algebraic-Connectivity-Optimization-CDC2026\lite_trials\lite_config.yaml,full,24,0.498023715415,2,149,149,0.4980237154150198,126,0.7863186964586095,18.87164871500663,0.136294199999611,0.136294199999611,0.136294199999611,path,path,path,23,0.0,0.0,False,,,False,1,path,64,4,RL+Path,2
best,C:\Users\erich\Documents\AFRL\Algebraic-Connectivity-Optimization-CDC2026\lite_trials\sweep\resistance_leaning\checkpoints\best.pt,ppo,7000,C:\Users\erich\Documents\AFRL\Algebraic-Connectivity-Optimization-CDC2026\lite_trials\lite_config.yaml,full,24,0.498023715415,3,149,149,0.4980237154150198,126,0.7863186964586095,18.87164871500663,0.13768460000028426,0.13768460000028426,0.13768460000028426,path,path,path,23,0.0,0.0,False,,,False,1,path,64,4,RL+Path,3
best,C:\Users\erich\Documents\AFRL\Algebraic-Connectivity-Optimization-CDC2026\lite_trials\sweep\resistance_leaning\checkpoints\best.pt,ppo,7000,C:\Users\erich\Documents\AFRL\Algebraic-Connectivity-Optimization-CDC2026\lite_trials\lite_config.yaml,full,24,0.498023715415,4,149,149,0.4980237154150198,126,0.7863186964586095,18.87164871500663,0.1383468999993056,0.1383468999993056,0.1383468999993056,path,path,path,23,0.0,0.0,False,,,False,1,path,64,4,RL+Path,4
best,C:\Users\erich\Documents\AFRL\Algebraic-Connectivity-Optimization-CDC2026\lite_trials\sweep\resistance_leaning\checkpoints\best.pt,ppo,7000,C:\Users\erich\Documents\AFRL\Algebraic-Connectivity-Optimization-CDC2026\lite_trials\lite_config.yaml,full,24,0.569169960474,0,167,167,0.5691699604743083,144,0.6463260908726859,15.51182618094446,0.16024060000017926,0.16024060000017926,0.16024060000017926,path,path,path,23,0.0,0.0,False,,,False,1,path,64,4,RL+Path,0
best,C:\Users\erich\Documents\AFRL\Algebraic-Connectivity-Optimization-CDC2026\lite_trials\sweep\resistance_leaning\checkpoints\best.pt,ppo,7000,C:\Users\erich\Documents\AFRL\Algebraic-Connectivity-Optimization-CDC2026\lite_trials\lite_config.yaml,full,24,0.569169960474,1,167,167,0.5691699604743083,144,0.6463260908726859,15.51182618094446,0.15742510000018228,0.15742510000018228,0.15742510000018228,path,path,path,23,0.0,0.0,False,,,False,1,path,64,4,RL+Path,1
best,C:\Users\erich\Documents\AFRL\Algebraic-Connectivity-Optimization-CDC2026\lite_trials\sweep\resistance_leaning\checkpoints\best.pt,ppo,7000,C:\Users\erich\Documents\AFRL\Algebraic-Connectivity-Optimization-CDC2026\lite_trials\lite_config.yaml,full,24,0.569169960474,2,167,167,0.5691699604743083,144,0.6463260908726859,15.51182618094446,0.15955539999959,0.15955539999959,0.15955539999959,path,path,path,23,0.0,0.0,False,,,False,1,path,64,4,RL+Path,2
best,C:\Users\erich\Documents\AFRL\Algebraic-Connectivity-Optimization-CDC2026\lite_trials\sweep\resistance_leaning\checkpoints\best.pt,ppo,7000,C:\Users\erich\Documents\AFRL\Algebraic-Connectivity-Optimization-CDC2026\lite_trials\lite_config.yaml,full,24,0.569169960474,3,167,167,0.5691699604743083,144,0.6463260908726859,15.51182618094446,0.15906320000067353,0.15906320000067353,0.15906320000067353,path,path,path,23,0.0,0.0,False,,,False,1,path,64,4,RL+Path,3
best,C:\Users\erich\Documents\AFRL\Algebraic-Connectivity-Optimization-CDC2026\lite_trials\sweep\resistance_leaning\checkpoints\best.pt,ppo,7000,C:\Users\erich\Documents\AFRL\Algebraic-Connectivity-Optimization-CDC2026\lite_trials\lite_config.yaml,full,24,0.569169960474,4,167,167,0.5691699604743083,144,0.6463260908726859,15.51182618094446,0.15772459999971034,0.15772459999971034,0.15772459999971034,path,path,path,23,0.0,0.0,False,,,False,1,path,64,4,RL+Path,4
best,C:\Users\erich\Documents\AFRL\Algebraic-Connectivity-Optimization-CDC2026\lite_trials\sweep\resistance_leaning\checkpoints\best.pt,ppo,7000,C:\Users\erich\Documents\AFRL\Algebraic-Connectivity-Optimization-CDC2026\lite_trials\lite_config.yaml,full,24,0.640316205534,0,185,185,0.6403162055335968,162,0.48637934567637203,11.673104296232928,0.1730807999992976,0.1730807999992976,0.1730807999992976,path,path,path,23,0.0,0.0,False,,,False,1,path,64,4,RL+Path,0
best,C:\Users\erich\Documents\AFRL\Algebraic-Connectivity-Optimization-CDC2026\lite_trials\sweep\resistance_leaning\checkpoints\best.pt,ppo,7000,C:\Users\erich\Documents\AFRL\Algebraic-Connectivity-Optimization-CDC2026\lite_trials\lite_config.yaml,full,24,0.640316205534,1,185,185,0.6403162055335968,162,0.48637934567637203,11.673104296232928,0.18615870000030554,0.18615870000030554,0.18615870000030554,path,path,path,23,0.0,0.0,False,,,False,1,path,64,4,RL+Path,1
best,C:\Users\erich\Documents\AFRL\Algebraic-Connectivity-Optimization-CDC2026\lite_trials\sweep\resistance_leaning\checkpoints\best.pt,ppo,7000,C:\Users\erich\Documents\AFRL\Algebraic-Connectivity-Optimization-CDC2026\lite_trials\lite_config.yaml,full,24,0.640316205534,2,185,185,0.6403162055335968,162,0.48637934567637203,11.673104296232928,0.17962710000028892,0.17962710000028892,0.17962710000028892,path,path,path,23,0.0,0.0,False,,,False,1,path,64,4,RL+Path,2
best,C:\Users\erich\Documents\AFRL\Algebraic-Connectivity-Optimization-CDC2026\lite_trials\sweep\resistance_leaning\checkpoints\best.pt,ppo,7000,C:\Users\erich\Documents\AFRL\Algebraic-Connectivity-Optimization-CDC2026\lite_trials\lite_config.yaml,full,24,0.640316205534,3,185,185,0.6403162055335968,162,0.48637934567637203,11.673104296232928,0.19225860000005923,0.19225860000005923,0.19225860000005923,path,path,path,23,0.0,0.0,False,,,False,1,path,64,4,RL+Path,3
best,C:\Users\erich\Documents\AFRL\Algebraic-Connectivity-Optimization-CDC2026\lite_trials\sweep\resistance_leaning\checkpoints\best.pt,ppo,7000,C:\Users\erich\Documents\AFRL\Algebraic-Connectivity-Optimization-CDC2026\lite_trials\lite_config.yaml,full,24,0.640316205534,4,185,185,0.6403162055335968,162,0.48637934567637203,11.673104296232928,0.17589269999916723,0.17589269999916723,0.17589269999916723,path,path,path,23,0.0,0.0,False,,,False,1,path,64,4,RL+Path,4
best,C:\Users\erich\Documents\AFRL\Algebraic-Connectivity-Optimization-CDC2026\lite_trials\sweep\resistance_leaning\checkpoints\best.pt,ppo,7000,C:\Users\erich\Documents\AFRL\Algebraic-Connectivity-Optimization-CDC2026\lite_trials\lite_config.yaml,full,24,0.711462450593,0,203,203,0.7114624505928854,180,0.9479341710187753,22.75042010445061,0.20660510000016075,0.20660510000016075,0.20660510000016075,path,path,path,23,0.0,0.0,False,,,False,1,path,64,4,RL+Path,0
best,C:\Users\erich\Documents\AFRL\Algebraic-Connectivity-Optimization-CDC2026\lite_trials\sweep\resistance_leaning\checkpoints\best.pt,ppo,7000,C:\Users\erich\Documents\AFRL\Algebraic-Connectivity-Optimization-CDC2026\lite_trials\lite_config.yaml,full,24,0.711462450593,1,203,203,0.7114624505928854,180,0.9479341710187753,22.75042010445061,0.20307409999986703,0.20307409999986703,0.20307409999986703,path,path,path,23,0.0,0.0,False,,,False,1,path,64,4,RL+Path,1
best,C:\Users\erich\Documents\AFRL\Algebraic-Connectivity-Optimization-CDC2026\lite_trials\sweep\resistance_leaning\checkpoints\best.pt,ppo,7000,C:\Users\erich\Documents\AFRL\Algebraic-Connectivity-Optimization-CDC2026\lite_trials\lite_config.yaml,full,24,0.711462450593,2,203,203,0.7114624505928854,180,0.9479341710187753,22.75042010445061,0.1997179000009055,0.1997179000009055,0.1997179000009055,path,path,path,23,0.0,0.0,False,,,False,1,path,64,4,RL+Path,2
best,C:\Users\erich\Documents\AFRL\Algebraic-Connectivity-Optimization-CDC2026\lite_trials\sweep\resistance_leaning\checkpoints\best.pt,ppo,7000,C:\Users\erich\Documents\AFRL\Algebraic-Connectivity-Optimization-CDC2026\lite_trials\lite_config.yaml,full,24,0.711462450593,3,203,203,0.7114624505928854,180,0.9479341710187753,22.75042010445061,0.20206250000046566,0.20206250000046566,0.20206250000046566,path,path,path,23,0.0,0.0,False,,,False,1,path,64,4,RL+Path,3
best,C:\Users\erich\Documents\AFRL\Algebraic-Connectivity-Optimization-CDC2026\lite_trials\sweep\resistance_leaning\checkpoints\best.pt,ppo,7000,C:\Users\erich\Documents\AFRL\Algebraic-Connectivity-Optimization-CDC2026\lite_trials\lite_config.yaml,full,24,0.711462450593,4,203,203,0.7114624505928854,180,0.9479341710187753,22.75042010445061,0.1959898000004614,0.1959898000004614,0.1959898000004614,path,path,path,23,0.0,0.0,False,,,False,1,path,64,4,RL+Path,4
best,C:\Users\erich\Documents\AFRL\Algebraic-Connectivity-Optimization-CDC2026\lite_trials\sweep\resistance_leaning\checkpoints\best.pt,ppo,7000,C:\Users\erich\Documents\AFRL\Algebraic-Connectivity-Optimization-CDC2026\lite_trials\lite_config.yaml,full,24,0.782608695652,0,221,221,0.782608695652174,198,0.8042684454374962,19.30244269049991,0.2306514000010793,0.2306514000010793,0.2306514000010793,path,path,path,23,0.0,0.0,False,,,False,1,path,64,4,RL+Path,0
best,C:\Users\erich\Documents\AFRL\Algebraic-Connectivity-Optimization-CDC2026\lite_trials\sweep\resistance_leaning\checkpoints\best.pt,ppo,7000,C:\Users\erich\Documents\AFRL\Algebraic-Connectivity-Optimization-CDC2026\lite_trials\lite_config.yaml,full,24,0.782608695652,1,221,221,0.782608695652174,198,0.8042684454374962,19.30244269049991,0.22520339999937278,0.22520339999937278,0.22520339999937278,path,path,path,23,0.0,0.0,False,,,False,1,path,64,4,RL+Path,1
best,C:\Users\erich\Documents\AFRL\Algebraic-Connectivity-Optimization-CDC2026\lite_trials\sweep\resistance_leaning\checkpoints\best.pt,ppo,7000,C:\Users\erich\Documents\AFRL\Algebraic-Connectivity-Optimization-CDC2026\lite_trials\lite_config.yaml,full,24,0.782608695652,2,221,221,0.782608695652174,198,0.8042684454374962,19.30244269049991,0.20947640000122192,0.20947640000122192,0.20947640000122192,path,path,path,23,0.0,0.0,False,,,False,1,path,64,4,RL+Path,2
best,C:\Users\erich\Documents\AFRL\Algebraic-Connectivity-Optimization-CDC2026\lite_trials\sweep\resistance_leaning\checkpoints\best.pt,ppo,7000,C:\Users\erich\Documents\AFRL\Algebraic-Connectivity-Optimization-CDC2026\lite_trials\lite_config.yaml,full,24,0.782608695652,3,221,221,0.782608695652174,198,0.8042684454374962,19.30244269049991,0.223869299999933,0.223869299999933,0.223869299999933,path,path,path,23,0.0,0.0,False,,,False,1,path,64,4,RL+Path,3
best,C:\Users\erich\Documents\AFRL\Algebraic-Connectivity-Optimization-CDC2026\lite_trials\sweep\resistance_leaning\checkpoints\best.pt,ppo,7000,C:\Users\erich\Documents\AFRL\Algebraic-Connectivity-Optimization-CDC2026\lite_trials\lite_config.yaml,full,24,0.782608695652,4,221,221,0.782608695652174,198,0.8042684454374962,19.30244269049991,0.23284760000024107,0.23284760000024107,0.23284760000024107,path,path,path,23,0.0,0.0,False,,,False,1,path,64,4,RL+Path,4
best,C:\Users\erich\Documents\AFRL\Algebraic-Connectivity-Optimization-CDC2026\lite_trials\sweep\resistance_leaning\checkpoints\best.pt,ppo,7000,C:\Users\erich\Documents\AFRL\Algebraic-Connectivity-Optimization-CDC2026\lite_trials\lite_config.yaml,full,24,0.853754940711,0,239,239,0.8537549407114624,216,0.9887431684377433,23.72983604250584,0.24174959999982093,0.24174959999982093,0.24174959999982093,path,path,path,23,0.0,0.0,False,,,False,1,path,64,4,RL+Path,0
best,C:\Users\erich\Documents\AFRL\Algebraic-Connectivity-Optimization-CDC2026\lite_trials\sweep\resistance_leaning\checkpoints\best.pt,ppo,7000,C:\Users\erich\Documents\AFRL\Algebraic-Connectivity-Optimization-CDC2026\lite_trials\lite_config.yaml,full,24,0.853754940711,1,239,239,0.8537549407114624,216,0.9887431684377433,23.72983604250584,0.22932240000045567,0.22932240000045567,0.22932240000045567,path,path,path,23,0.0,0.0,False,,,False,1,path,64,4,RL+Path,1
best,C:\Users\erich\Documents\AFRL\Algebraic-Connectivity-Optimization-CDC2026\lite_trials\sweep\resistance_leaning\checkpoints\best.pt,ppo,7000,C:\Users\erich\Documents\AFRL\Algebraic-Connectivity-Optimization-CDC2026\lite_trials\lite_config.yaml,full,24,0.853754940711,2,239,239,0.8537549407114624,216,0.9887431684377433,23.72983604250584,0.24841489999926125,0.24841489999926125,0.24841489999926125,path,path,path,23,0.0,0.0,False,,,False,1,path,64,4,RL+Path,2
best,C:\Users\erich\Documents\AFRL\Algebraic-Connectivity-Optimization-CDC2026\lite_trials\sweep\resistance_leaning\checkpoints\best.pt,ppo,7000,C:\Users\erich\Documents\AFRL\Algebraic-Connectivity-Optimization-CDC2026\lite_trials\lite_config.yaml,full,24,0.853754940711,3,239,239,0.8537549407114624,216,0.9887431684377433,23.72983604250584,0.2512927000007039,0.2512927000007039,0.2512927000007039,path,path,path,23,0.0,0.0,False,,,False,1,path,64,4,RL+Path,3
best,C:\Users\erich\Documents\AFRL\Algebraic-Connectivity-Optimization-CDC2026\lite_trials\sweep\resistance_leaning\checkpoints\best.pt,ppo,7000,C:\Users\erich\Documents\AFRL\Algebraic-Connectivity-Optimization-CDC2026\lite_trials\lite_config.yaml,full,24,0.853754940711,4,239,239,0.8537549407114624,216,0.9887431684377433,23.72983604250584,0.24429890000101295,0.24429890000101295,0.24429890000101295,path,path,path,23,0.0,0.0,False,,,False,1,path,64,4,RL+Path,4
best,C:\Users\erich\Documents\AFRL\Algebraic-Connectivity-Optimization-CDC2026\lite_trials\sweep\resistance_leaning\checkpoints\best.pt,ppo,7000,C:\Users\erich\Documents\AFRL\Algebraic-Connectivity-Optimization-CDC2026\lite_trials\lite_config.yaml,full,24,0.924901185771,0,257,257,0.924901185770751,234,0.9925560026003524,23.821344062408457,0.27581670000108716,0.27581670000108716,0.27581670000108716,path,path,path,23,0.0,0.0,False,,,False,1,path,64,4,RL+Path,0
best,C:\Users\erich\Documents\AFRL\Algebraic-Connectivity-Optimization-CDC2026\lite_trials\sweep\resistance_leaning\checkpoints\best.pt,ppo,7000,C:\Users\erich\Documents\AFRL\Algebraic-Connectivity-Optimization-CDC2026\lite_trials\lite_config.yaml,full,24,0.924901185771,1,257,257,0.924901185770751,234,0.9925560026003524,23.821344062408457,0.27635000000009313,0.27635000000009313,0.27635000000009313,path,path,path,23,0.0,0.0,False,,,False,1,path,64,4,RL+Path,1
best,C:\Users\erich\Documents\AFRL\Algebraic-Connectivity-Optimization-CDC2026\lite_trials\sweep\resistance_leaning\checkpoints\best.pt,ppo,7000,C:\Users\erich\Documents\AFRL\Algebraic-Connectivity-Optimization-CDC2026\lite_trials\lite_config.yaml,full,24,0.924901185771,2,257,257,0.924901185770751,234,0.9925560026003524,23.821344062408457,0.2753128000003926,0.2753128000003926,0.2753128000003926,path,path,path,23,0.0,0.0,False,,,False,1,path,64,4,RL+Path,2
best,C:\Users\erich\Documents\AFRL\Algebraic-Connectivity-Optimization-CDC2026\lite_trials\sweep\resistance_leaning\checkpoints\best.pt,ppo,7000,C:\Users\erich\Documents\AFRL\Algebraic-Connectivity-Optimization-CDC2026\lite_trials\lite_config.yaml,full,24,0.924901185771,3,257,257,0.924901185770751,234,0.9925560026003524,23.821344062408457,0.2562232000000222,0.2562232000000222,0.2562232000000222,path,path,path,23,0.0,0.0,False,,,False,1,path,64,4,RL+Path,3
best,C:\Users\erich\Documents\AFRL\Algebraic-Connectivity-Optimization-CDC2026\lite_trials\sweep\resistance_leaning\checkpoints\best.pt,ppo,7000,C:\Users\erich\Documents\AFRL\Algebraic-Connectivity-Optimization-CDC2026\lite_trials\lite_config.yaml,full,24,0.924901185771,4,257,257,0.924901185770751,234,0.9925560026003524,23.821344062408457,0.25683180000123684,0.25683180000123684,0.25683180000123684,path,path,path,23,0.0,0.0,False,,,False,1,path,64,4,RL+Path,4
best,C:\Users\erich\Documents\AFRL\Algebraic-Connectivity-Optimization-CDC2026\lite_trials\sweep\resistance_leaning\checkpoints\best.pt,ppo,7000,C:\Users\erich\Documents\AFRL\Algebraic-Connectivity-Optimization-CDC2026\lite_trials\lite_config.yaml,full,24,0.99604743083,0,275,275,0.9960474308300395,252,0.9999999999999991,23.99999999999998,0.29981450000013865,0.29981450000013865,0.29981450000013865,path,path,path,23,0.0,0.0,False,,,False,1,path,64,4,RL+Path,0
best,C:\Users\erich\Documents\AFRL\Algebraic-Connectivity-Optimization-CDC2026\lite_trials\sweep\resistance_leaning\checkpoints\best.pt,ppo,7000,C:\Users\erich\Documents\AFRL\Algebraic-Connectivity-Optimization-CDC2026\lite_trials\lite_config.yaml,full,24,0.99604743083,1,275,275,0.9960474308300395,252,0.9999999999999991,23.99999999999998,0.2908415999991121,0.2908415999991121,0.2908415999991121,path,path,path,23,0.0,0.0,False,,,False,1,path,64,4,RL+Path,1
best,C:\Users\erich\Documents\AFRL\Algebraic-Connectivity-Optimization-CDC2026\lite_trials\sweep\resistance_leaning\checkpoints\best.pt,ppo,7000,C:\Users\erich\Documents\AFRL\Algebraic-Connectivity-Optimization-CDC2026\lite_trials\lite_config.yaml,full,24,0.99604743083,2,275,275,0.9960474308300395,252,0.9999999999999991,23.99999999999998,0.2999581999993097,0.2999581999993097,0.2999581999993097,path,path,path,23,0.0,0.0,False,,,False,1,path,64,4,RL+Path,2
best,C:\Users\erich\Documents\AFRL\Algebraic-Connectivity-Optimization-CDC2026\lite_trials\sweep\resistance_leaning\checkpoints\best.pt,ppo,7000,C:\Users\erich\Documents\AFRL\Algebraic-Connectivity-Optimization-CDC2026\lite_trials\lite_config.yaml,full,24,0.99604743083,3,275,275,0.9960474308300395,252,0.9999999999999991,23.99999999999998,0.2889893999999913,0.2889893999999913,0.2889893999999913,path,path,path,23,0.0,0.0,False,,,False,1,path,64,4,RL+Path,3
best,C:\Users\erich\Documents\AFRL\Algebraic-Connectivity-Optimization-CDC2026\lite_trials\sweep\resistance_leaning\checkpoints\best.pt,ppo,7000,C:\Users\erich\Documents\AFRL\Algebraic-Connectivity-Optimization-CDC2026\lite_trials\lite_config.yaml,full,24,0.99604743083,4,275,275,0.9960474308300395,252,0.9999999999999991,23.99999999999998,0.29920970000057423,0.29920970000057423,0.29920970000057423,path,path,path,23,0.0,0.0,False,,,False,1,path,64,4,RL+Path,4
best,C:\Users\erich\Documents\AFRL\Algebraic-Connectivity-Optimization-CDC2026\lite_trials\sweep\resistance_leaning\checkpoints\best.pt,ppo,7000,C:\Users\erich\Documents\AFRL\Algebraic-Connectivity-Optimization-CDC2026\lite_trials\lite_config.yaml,full,24,0.00395256917,0,24,24,0.003952569169960474,1,0.04166666666666659,0.9999999999999981,0.0033321999999316176,0.0033321999999316176,0.003802900000664522,backbone,envelope_only,envelope,23,1.0,0.0004707000007329043,False,,,False,1,envelope,64,4,RL+Backbone,0
best,C:\Users\erich\Documents\AFRL\Algebraic-Connectivity-Optimization-CDC2026\lite_trials\sweep\resistance_leaning\checkpoints\best.pt,ppo,7000,C:\Users\erich\Documents\AFRL\Algebraic-Connectivity-Optimization-CDC2026\lite_trials\lite_config.yaml,full,24,0.00395256917,1,24,24,0.003952569169960474,1,0.04166666666666659,0.9999999999999981,0.001044600001478102,0.001044600001478102,0.0011840000006486662,backbone,envelope_only,envelope,23,1.0,0.00013939999917056412,False,,,False,1,envelope,64,4,RL+Backbone,1
best,C:\Users\erich\Documents\AFRL\Algebraic-Connectivity-Optimization-CDC2026\lite_trials\sweep\resistance_leaning\checkpoints\best.pt,ppo,7000,C:\Users\erich\Documents\AFRL\Algebraic-Connectivity-Optimization-CDC2026\lite_trials\lite_config.yaml,full,24,0.00395256917,2,24,24,0.003952569169960474,1,0.04166666666666659,0.9999999999999981,0.0009491000000707572,0.0009491000000707572,0.001042200001393212,backbone,envelope_only,envelope,23,1.0,9.310000132245477e-05,False,,,False,1,envelope,64,4,RL+Backbone,2
best,C:\Users\erich\Documents\AFRL\Algebraic-Connectivity-Optimization-CDC2026\lite_trials\sweep\resistance_leaning\checkpoints\best.pt,ppo,7000,C:\Users\erich\Documents\AFRL\Algebraic-Connectivity-Optimization-CDC2026\lite_trials\lite_config.yaml,full,24,0.00395256917,3,24,24,0.003952569169960474,1,0.04166666666666659,0.9999999999999981,0.0009071000004041707,0.0009071000004041707,0.0009957000002032146,backbone,envelope_only,envelope,23,1.0,8.859999979904387e-05,False,,,False,1,envelope,64,4,RL+Backbone,3
best,C:\Users\erich\Documents\AFRL\Algebraic-Connectivity-Optimization-CDC2026\lite_trials\sweep\resistance_leaning\checkpoints\best.pt,ppo,7000,C:\Users\erich\Documents\AFRL\Algebraic-Connectivity-Optimization-CDC2026\lite_trials\lite_config.yaml,full,24,0.00395256917,4,24,24,0.003952569169960474,1,0.04166666666666659,0.9999999999999981,0.0012353000001894543,0.0012353000001894543,0.0013229000014689518,backbone,envelope_only,envelope,23,1.0,8.760000127949752e-05,False,,,False,1,envelope,64,4,RL+Backbone,4
best,C:\Users\erich\Documents\AFRL\Algebraic-Connectivity-Optimization-CDC2026\lite_trials\sweep\resistance_leaning\checkpoints\best.pt,ppo,7000,C:\Users\erich\Documents\AFRL\Algebraic-Connectivity-Optimization-CDC2026\lite_trials\lite_config.yaml,full,24,0.075098814229,0,42,42,0.07509881422924901,6,0.10111207245626014,2.4266897389502433,0.01765469999918423,0.01765469999918423,0.017774799998733215,backbone,both,cayley,36,0.7639320225002116,0.005934299999353243,False,2,,True,2,"cayley,envelope",64,4,RL+Backbone,0
best,C:\Users\erich\Documents\AFRL\Algebraic-Connectivity-Optimization-CDC2026\lite_trials\sweep\resistance_leaning\checkpoints\best.pt,ppo,7000,C:\Users\erich\Documents\AFRL\Algebraic-Connectivity-Optimization-CDC2026\lite_trials\lite_config.yaml,full,24,0.075098814229,1,42,42,0.07509881422924901,6,0.10111207245626014,2.4266897389502433,0.01630730000033509,0.01630730000033509,0.016400200001953635,backbone,both,cayley,36,0.7639320225002116,0.004546000000118511,False,2,,True,2,"cayley,envelope",64,4,RL+Backbone,1
best,C:\Users\erich\Documents\AFRL\Algebraic-Connectivity-Optimization-CDC2026\lite_trials\sweep\resistance_leaning\checkpoints\best.pt,ppo,7000,C:\Users\erich\Documents\AFRL\Algebraic-Connectivity-Optimization-CDC2026\lite_trials\lite_config.yaml,full,24,0.075098814229,2,42,42,0.07509881422924901,6,0.10111207245626014,2.4266897389502433,0.016243000000031316,0.016243000000031316,0.01634850000118604,backbone,both,cayley,36,0.7639320225002116,0.004305300000851275,False,2,,True,2,"cayley,envelope",64,4,RL+Backbone,2
best,C:\Users\erich\Documents\AFRL\Algebraic-Connectivity-Optimization-CDC2026\lite_trials\sweep\resistance_leaning\checkpoints\best.pt,ppo,7000,C:\Users\erich\Documents\AFRL\Algebraic-Connectivity-Optimization-CDC2026\lite_trials\lite_config.yaml,full,24,0.075098814229,3,42,42,0.07509881422924901,6,0.10111207245626014,2.4266897389502433,0.016445799999928568,0.016445799999928568,0.016566800000873627,backbone,both,cayley,36,0.7639320225002116,0.005417500000476139,False,2,,True,2,"cayley,envelope",64,4,RL+Backbone,3
best,C:\Users\erich\Documents\AFRL\Algebraic-Connectivity-Optimization-CDC2026\lite_trials\sweep\resistance_leaning\checkpoints\best.pt,ppo,7000,C:\Users\erich\Documents\AFRL\Algebraic-Connectivity-Optimization-CDC2026\lite_trials\lite_config.yaml,full,24,0.075098814229,4,42,42,0.07509881422924901,6,0.10111207245626014,2.4266897389502433,0.016889000000446686,0.016889000000446686,0.016981599999780883,backbone,both,cayley,36,0.7639320225002116,0.004437699999471079,False,2,,True,2,"cayley,envelope",64,4,RL+Backbone,4
best,C:\Users\erich\Documents\AFRL\Algebraic-Connectivity-Optimization-CDC2026\lite_trials\sweep\resistance_leaning\checkpoints\best.pt,ppo,7000,C:\Users\erich\Documents\AFRL\Algebraic-Connectivity-Optimization-CDC2026\lite_trials\lite_config.yaml,full,24,0.146245059289,0,60,60,0.14624505928853754,0,0.12499999999999979,2.999999999999995,1.9999970390927047e-07,1.9999970390927047e-07,0.006639899998845067,backbone,cayley_only,cayley,60,2.9999999999999987,0.006639699999141158,False,2,,False,1,cayley,64,4,RL+Backbone,0
best,C:\Users\erich\Documents\AFRL\Algebraic-Connectivity-Optimization-CDC2026\lite_trials\sweep\resistance_leaning\checkpoints\best.pt,ppo,7000,C:\Users\erich\Documents\AFRL\Algebraic-Connectivity-Optimization-CDC2026\lite_trials\lite_config.yaml,full,24,0.146245059289,1,60,60,0.14624505928853754,0,0.12499999999999979,2.999999999999995,1.9999970390927047e-07,1.9999970390927047e-07,0.0064134000003832625,backbone,cayley_only,cayley,60,2.9999999999999987,0.006413200000679353,False,2,,False,1,cayley,64,4,RL+Backbone,1
best,C:\Users\erich\Documents\AFRL\Algebraic-Connectivity-Optimization-CDC2026\lite_trials\sweep\resistance_leaning\checkpoints\best.pt,ppo,7000,C:\Users\erich\Documents\AFRL\Algebraic-Connectivity-Optimization-CDC2026\lite_trials\lite_config.yaml,full,24,0.146245059289,2,60,60,0.14624505928853754,0,0.12499999999999993,2.9999999999999982,3.9999940781854093e-07,3.9999940781854093e-07,0.008603299998867442,backbone,cayley_only,cayley,60,2.999999999999999,0.008602899999459623,False,2,,False,1,cayley,64,4,RL+Backbone,2
best,C:\Users\erich\Documents\AFRL\Algebraic-Connectivity-Optimization-CDC2026\lite_trials\sweep\resistance_leaning\checkpoints\best.pt,ppo,7000,C:\Users\erich\Documents\AFRL\Algebraic-Connectivity-Optimization-CDC2026\lite_trials\lite_config.yaml,full,24,0.146245059289,3,60,60,0.14624505928853754,0,0.12499999999999989,2.9999999999999973,2.999986463692039e-07,2.999986463692039e-07,0.007415599999148981,backbone,cayley_only,cayley,60,2.9999999999999987,0.0074153000005026115,False,2,,False,1,cayley,64,4,RL+Backbone,3
best,C:\Users\erich\Documents\AFRL\Algebraic-Connectivity-Optimization-CDC2026\lite_trials\sweep\resistance_leaning\checkpoints\best.pt,ppo,7000,C:\Users\erich\Documents\AFRL\Algebraic-Connectivity-Optimization-CDC2026\lite_trials\lite_config.yaml,full,24,0.146245059289,4,60,60,0.14624505928853754,0,0.12499999999999993,2.9999999999999982,2.00001522898674e-07,2.00001522898674e-07,0.006364200002280995,backbone,cayley_only,cayley,60,2.999999999999999,0.006364000000758097,False,2,,False,1,cayley,64,4,RL+Backbone,4
best,C:\Users\erich\Documents\AFRL\Algebraic-Connectivity-Optimization-CDC2026\lite_trials\sweep\resistance_leaning\checkpoints\best.pt,ppo,7000,C:\Users\erich\Documents\AFRL\Algebraic-Connectivity-Optimization-CDC2026\lite_trials\lite_config.yaml,full,24,0.217391304348,0,78,78,0.21739130434782608,6,0.23172339726640034,5.561361534393608,0.006396999999196851,0.006396999999196851,0.013651499997649807,backbone,cayley_only,cayley,72,3.7639320225002106,0.007254499998452957,False,2,,False,1,cayley,64,4,RL+Backbone,0
best,C:\Users\erich\Documents\AFRL\Algebraic-Connectivity-Optimization-CDC2026\lite_trials\sweep\resistance_leaning\checkpoints\best.pt,ppo,7000,C:\Users\erich\Documents\AFRL\Algebraic-Connectivity-Optimization-CDC2026\lite_trials\lite_config.yaml,full,24,0.217391304348,1,78,78,0.21739130434782608,6,0.23172339726640034,5.561361534393608,0.005782900001577218,0.005782900001577218,0.013022799999816925,backbone,cayley_only,cayley,72,3.7639320225002106,0.007239899998239707,False,2,,False,1,cayley,64,4,RL+Backbone,1
best,C:\Users\erich\Documents\AFRL\Algebraic-Connectivity-Optimization-CDC2026\lite_trials\sweep\resistance_leaning\checkpoints\best.pt,ppo,7000,C:\Users\erich\Documents\AFRL\Algebraic-Connectivity-Optimization-CDC2026\lite_trials\lite_config.yaml,full,24,0.217391304348,2,78,78,0.21739130434782608,6,0.19571685256653035,4.697204461596728,0.007192400000349153,0.007192400000349153,0.014254100000471226,backbone,cayley_only,cayley,72,3.7639320225002106,0.007061700000122073,False,2,,False,1,cayley,64,4,RL+Backbone,2
best,C:\Users\erich\Documents\AFRL\Algebraic-Connectivity-Optimization-CDC2026\lite_trials\sweep\resistance_leaning\checkpoints\best.pt,ppo,7000,C:\Users\erich\Documents\AFRL\Algebraic-Connectivity-Optimization-CDC2026\lite_trials\lite_config.yaml,full,24,0.217391304348,3,78,78,0.21739130434782608,6,0.18929185197913612,4.543004447499267,0.00586959999964165,0.00586959999964165,0.013151400000424474,backbone,cayley_only,cayley,72,3.763932022500211,0.007281800000782823,False,2,,False,1,cayley,64,4,RL+Backbone,3
best,C:\Users\erich\Documents\AFRL\Algebraic-Connectivity-Optimization-CDC2026\lite_trials\sweep\resistance_leaning\checkpoints\best.pt,ppo,7000,C:\Users\erich\Documents\AFRL\Algebraic-Connectivity-Optimization-CDC2026\lite_trials\lite_config.yaml,full,24,0.217391304348,4,78,78,0.21739130434782608,6,0.18929185197913612,4.543004447499267,0.005952499999693828,0.005952499999693828,0.013826899999912712,backbone,cayley_only,cayley,72,3.763932022500211,0.007874400000218884,False,2,,False,1,cayley,64,4,RL+Backbone,4
best,C:\Users\erich\Documents\AFRL\Algebraic-Connectivity-Optimization-CDC2026\lite_trials\sweep\resistance_leaning\checkpoints\best.pt,ppo,7000,C:\Users\erich\Documents\AFRL\Algebraic-Connectivity-Optimization-CDC2026\lite_trials\lite_config.yaml,full,24,0.288537549407,0,96,96,0.2885375494071146,0,0.24999999999999975,5.999999999999994,3.0000046535860747e-07,3.0000046535860747e-07,0.006523300000480958,backbone,cayley_only,cayley,96,6.0,0.0065230000000156,False,2,,False,1,cayley,64,4,RL+Backbone,0
best,C:\Users\erich\Documents\AFRL\Algebraic-Connectivity-Optimization-CDC2026\lite_trials\sweep\resistance_leaning\checkpoints\best.pt,ppo,7000,C:\Users\erich\Documents\AFRL\Algebraic-Connectivity-Optimization-CDC2026\lite_trials\lite_config.yaml,full,24,0.288537549407,1,96,96,0.2885375494071146,0,0.24999999999999975,5.999999999999994,1.9999970390927047e-07,1.9999970390927047e-07,0.008209800000258838,backbone,cayley_only,cayley,96,6.0,0.008209600000554929,False,2,,False,1,cayley,64,4,RL+Backbone,1
best,C:\Users\erich\Documents\AFRL\Algebraic-Connectivity-Optimization-CDC2026\lite_trials\sweep\resistance_leaning\checkpoints\best.pt,ppo,7000,C:\Users\erich\Documents\AFRL\Algebraic-Connectivity-Optimization-CDC2026\lite_trials\lite_config.yaml,full,24,0.288537549407,2,96,96,0.2885375494071146,0,0.2499999999999999,5.999999999999997,2.00001522898674e-07,2.00001522898674e-07,0.007562600001620012,backbone,cayley_only,cayley,96,6.0,0.007562400000097114,False,2,,False,1,cayley,64,4,RL+Backbone,2
best,C:\Users\erich\Documents\AFRL\Algebraic-Connectivity-Optimization-CDC2026\lite_trials\sweep\resistance_leaning\checkpoints\best.pt,ppo,7000,C:\Users\erich\Documents\AFRL\Algebraic-Connectivity-Optimization-CDC2026\lite_trials\lite_config.yaml,full,24,0.288537549407,3,96,96,0.2885375494071146,0,0.2499999999999999,5.999999999999997,3.0000046535860747e-07,3.0000046535860747e-07,0.007770000000164146,backbone,cayley_only,cayley,96,6.0,0.007769699999698787,False,2,,False,1,cayley,64,4,RL+Backbone,3
best,C:\Users\erich\Documents\AFRL\Algebraic-Connectivity-Optimization-CDC2026\lite_trials\sweep\resistance_leaning\checkpoints\best.pt,ppo,7000,C:\Users\erich\Documents\AFRL\Algebraic-Connectivity-Optimization-CDC2026\lite_trials\lite_config.yaml,full,24,0.288537549407,4,96,96,0.2885375494071146,0,0.24999999999999975,5.999999999999994,2.00001522898674e-07,2.00001522898674e-07,0.008229100001699408,backbone,cayley_only,cayley,96,6.0,0.008228900000176509,False,2,,False,1,cayley,64,4,RL+Backbone,4
best,C:\Users\erich\Documents\AFRL\Algebraic-Connectivity-Optimization-CDC2026\lite_trials\sweep\resistance_leaning\checkpoints\best.pt,ppo,7000,C:\Users\erich\Documents\AFRL\Algebraic-Connectivity-Optimization-CDC2026\lite_trials\lite_config.yaml,full,24,0.359683794466,0,114,114,0.35968379446640314,6,0.32790419512474517,7.869700682993884,0.008093799999187468,0.008093799999187468,0.014531799999531358,backbone,cayley_only,cayley,108,6.763932022500214,0.006438000000343891,False,2,,False,1,cayley,64,4,RL+Backbone,0
best,C:\Users\erich\Documents\AFRL\Algebraic-Connectivity-Optimization-CDC2026\lite_trials\sweep\resistance_leaning\checkpoints\best.pt,ppo,7000,C:\Users\erich\Documents\AFRL\Algebraic-Connectivity-Optimization-CDC2026\lite_trials\lite_config.yaml,full,24,0.359683794466,1,114,114,0.35968379446640314,6,0.32790419512474517,7.869700682993884,0.007203900000604335,0.007203900000604335,0.013741500000833184,backbone,cayley_only,cayley,108,6.763932022500214,0.006537600000228849,False,2,,False,1,cayley,64,4,RL+Backbone,1
best,C:\Users\erich\Documents\AFRL\Algebraic-Connectivity-Optimization-CDC2026\lite_trials\sweep\resistance_leaning\checkpoints\best.pt,ppo,7000,C:\Users\erich\Documents\AFRL\Algebraic-Connectivity-Optimization-CDC2026\lite_trials\lite_config.yaml,full,24,0.359683794466,2,114,114,0.35968379446640314,6,0.32790419512474517,7.869700682993884,0.007261599999765167,0.007261599999765167,0.013592399998742621,backbone,cayley_only,cayley,108,6.763932022500214,0.006330799998977454,False,2,,False,1,cayley,64,4,RL+Backbone,2
best,C:\Users\erich\Documents\AFRL\Algebraic-Connectivity-Optimization-CDC2026\lite_trials\sweep\resistance_leaning\checkpoints\best.pt,ppo,7000,C:\Users\erich\Documents\AFRL\Algebraic-Connectivity-Optimization-CDC2026\lite_trials\lite_config.yaml,full,24,0.359683794466,3,114,114,0.35968379446640314,6,0.32790419512474517,7.869700682993884,0.007583000000522588,0.007583000000522588,0.01334569999926316,backbone,cayley_only,cayley,108,6.763932022500214,0.0057626999987405725,False,2,,False,1,cayley,64,4,RL+Backbone,3
best,C:\Users\erich\Documents\AFRL\Algebraic-Connectivity-Optimization-CDC2026\lite_trials\sweep\resistance_leaning\checkpoints\best.pt,ppo,7000,C:\Users\erich\Documents\AFRL\Algebraic-Connectivity-Optimization-CDC2026\lite_trials\lite_config.yaml,full,24,0.359683794466,4,114,114,0.35968379446640314,6,0.32790419512474517,7.869700682993884,0.00644300000021758,0.00644300000021758,0.012957999999343883,backbone,cayley_only,cayley,108,6.763932022500214,0.006514999999126303,False,2,,False,1,cayley,64,4,RL+Backbone,4
best,C:\Users\erich\Documents\AFRL\Algebraic-Connectivity-Optimization-CDC2026\lite_trials\sweep\resistance_leaning\checkpoints\best.pt,ppo,7000,C:\Users\erich\Documents\AFRL\Algebraic-Connectivity-Optimization-CDC2026\lite_trials\lite_config.yaml,full,24,0.430830039526,0,132,132,0.4308300395256917,0,0.4166666666666665,9.999999999999996,1.00000761449337e-07,1.00000761449337e-07,0.002787999999782187,backbone,cayley_only,cayley,132,9.999999999999995,0.0027878999990207376,False,2,,False,1,cayley,64,4,RL+Backbone,0
best,C:\Users\erich\Documents\AFRL\Algebraic-Connectivity-Optimization-CDC2026\lite_trials\sweep\resistance_leaning\checkpoints\best.pt,ppo,7000,C:\Users\erich\Documents\AFRL\Algebraic-Connectivity-Optimization-CDC2026\lite_trials\lite_config.yaml,full,24,0.430830039526,1,132,132,0.4308300395256917,0,0.4166666666666665,9.999999999999996,1.00000761449337e-07,1.00000761449337e-07,0.0026571000016701873,backbone,cayley_only,cayley,132,9.999999999999995,0.002657000000908738,False,2,,False,1,cayley,64,4,RL+Backbone,1
best,C:\Users\erich\Documents\AFRL\Algebraic-Connectivity-Optimization-CDC2026\lite_trials\sweep\resistance_leaning\checkpoints\best.pt,ppo,7000,C:\Users\erich\Documents\AFRL\Algebraic-Connectivity-Optimization-CDC2026\lite_trials\lite_config.yaml,full,24,0.430830039526,2,132,132,0.4308300395256917,0,0.4166666666666665,9.999999999999996,3.0000046535860747e-07,3.0000046535860747e-07,0.003765900000871625,backbone,cayley_only,cayley,132,9.999999999999995,0.003765600000406266,False,2,,False,1,cayley,64,4,RL+Backbone,2
best,C:\Users\erich\Documents\AFRL\Algebraic-Connectivity-Optimization-CDC2026\lite_trials\sweep\resistance_leaning\checkpoints\best.pt,ppo,7000,C:\Users\erich\Documents\AFRL\Algebraic-Connectivity-Optimization-CDC2026\lite_trials\lite_config.yaml,full,24,0.430830039526,3,132,132,0.4308300395256917,0,0.4166666666666665,9.999999999999996,1.00000761449337e-07,1.00000761449337e-07,0.003073600000789156,backbone,cayley_only,cayley,132,9.999999999999995,0.003073500000027707,False,2,,False,1,cayley,64,4,RL+Backbone,3
best,C:\Users\erich\Documents\AFRL\Algebraic-Connectivity-Optimization-CDC2026\lite_trials\sweep\resistance_leaning\checkpoints\best.pt,ppo,7000,C:\Users\erich\Documents\AFRL\Algebraic-Connectivity-Optimization-CDC2026\lite_trials\lite_config.yaml,full,24,0.430830039526,4,132,132,0.4308300395256917,0,0.4166666666666665,9.999999999999996,1.9999970390927047e-07,1.9999970390927047e-07,0.002984400000059395,backbone,cayley_only,cayley,132,9.999999999999995,0.002984200000355486,False,2,,False,1,cayley,64,4,RL+Backbone,4
best,C:\Users\erich\Documents\AFRL\Algebraic-Connectivity-Optimization-CDC2026\lite_trials\sweep\resistance_leaning\checkpoints\best.pt,ppo,7000,C:\Users\erich\Documents\AFRL\Algebraic-Connectivity-Optimization-CDC2026\lite_trials\lite_config.yaml,full,24,0.498023715415,0,149,149,0.4980237154150198,5,0.5878086607156248,14.107407857174994,0.007777299999361276,0.007777299999361276,0.01167639999948733,backbone,cayley_only,cayley,144,11.999999999999986,0.0038991000001260545,False,2,,False,1,cayley,64,4,RL+Backbone,0
best,C:\Users\erich\Documents\AFRL\Algebraic-Connectivity-Optimization-CDC2026\lite_trials\sweep\resistance_leaning\checkpoints\best.pt,ppo,7000,C:\Users\erich\Documents\AFRL\Algebraic-Connectivity-Optimization-CDC2026\lite_trials\lite_config.yaml,full,24,0.498023715415,1,149,149,0.4980237154150198,5,0.5878086607156248,14.107407857174994,0.006363700000292738,0.006363700000292738,0.010044100001323386,backbone,cayley_only,cayley,144,11.999999999999986,0.003680400001030648,False,2,,False,1,cayley,64,4,RL+Backbone,1
best,C:\Users\erich\Documents\AFRL\Algebraic-Connectivity-Optimization-CDC2026\lite_trials\sweep\resistance_leaning\checkpoints\best.pt,ppo,7000,C:\Users\erich\Documents\AFRL\Algebraic-Connectivity-Optimization-CDC2026\lite_trials\lite_config.yaml,full,24,0.498023715415,2,149,149,0.4980237154150198,5,0.5878086607156248,14.107407857174994,0.006544599998960621,0.006544599998960621,0.0103263999990304,backbone,cayley_only,cayley,144,11.999999999999986,0.0037818000000697793,False,2,,False,1,cayley,64,4,RL+Backbone,2
best,C:\Users\erich\Documents\AFRL\Algebraic-Connectivity-Optimization-CDC2026\lite_trials\sweep\resistance_leaning\checkpoints\best.pt,ppo,7000,C:\Users\erich\Documents\AFRL\Algebraic-Connectivity-Optimization-CDC2026\lite_trials\lite_config.yaml,full,24,0.498023715415,3,149,149,0.4980237154150198,5,0.5878086607156248,14.107407857174994,0.006277099999351776,0.006277099999351776,0.010160699999687495,backbone,cayley_only,cayley,144,11.999999999999986,0.0038836000003357185,False,2,,False,1,cayley,64,4,RL+Backbone,3
best,C:\Users\erich\Documents\AFRL\Algebraic-Connectivity-Optimization-CDC2026\lite_trials\sweep\resistance_leaning\checkpoints\best.pt,ppo,7000,C:\Users\erich\Documents\AFRL\Algebraic-Connectivity-Optimization-CDC2026\lite_trials\lite_config.yaml,full,24,0.498023715415,4,149,149,0.4980237154150198,5,0.5878086607156248,14.107407857174994,0.007092699999702745,0.007092699999702745,0.010928399999102112,backbone,cayley_only,cayley,144,11.999999999999986,0.003835699999399367,False,2,,False,1,cayley,64,4,RL+Backbone,4
best,C:\Users\erich\Documents\AFRL\Algebraic-Connectivity-Optimization-CDC2026\lite_trials\sweep\resistance_leaning\checkpoints\best.pt,ppo,7000,C:\Users\erich\Documents\AFRL\Algebraic-Connectivity-Optimization-CDC2026\lite_trials\lite_config.yaml,full,24,0.569169960474,0,167,167,0.5691699604743083,11,0.6446964314469846,15.472714354727632,0.014760499998374144,0.014760499998374144,0.02171229999839852,backbone,both,cayley,156,11.999999999999996,0.006951800000024377,False,2,,True,2,"cayley,envelope",64,4,RL+Backbone,0
best,C:\Users\erich\Documents\AFRL\Algebraic-Connectivity-Optimization-CDC2026\lite_trials\sweep\resistance_leaning\checkpoints\best.pt,ppo,7000,C:\Users\erich\Documents\AFRL\Algebraic-Connectivity-Optimization-CDC2026\lite_trials\lite_config.yaml,full,24,0.569169960474,1,167,167,0.5691699604743083,11,0.6446964314469846,15.472714354727632,0.014229700000214507,0.014229700000214507,0.021154300000489457,backbone,both,cayley,156,11.999999999999996,0.00692460000027495,False,2,,True,2,"cayley,envelope",64,4,RL+Backbone,1
best,C:\Users\erich\Documents\AFRL\Algebraic-Connectivity-Optimization-CDC2026\lite_trials\sweep\resistance_leaning\checkpoints\best.pt,ppo,7000,C:\Users\erich\Documents\AFRL\Algebraic-Connectivity-Optimization-CDC2026\lite_trials\lite_config.yaml,full,24,0.569169960474,2,167,167,0.5691699604743083,11,0.6446964314469846,15.472714354727632,0.01119499999913387,0.01119499999913387,0.018142700000680634,backbone,both,cayley,156,11.999999999999996,0.006947700001546764,False,2,,True,2,"cayley,envelope",64,4,RL+Backbone,2
best,C:\Users\erich\Documents\AFRL\Algebraic-Connectivity-Optimization-CDC2026\lite_trials\sweep\resistance_leaning\checkpoints\best.pt,ppo,7000,C:\Users\erich\Documents\AFRL\Algebraic-Connectivity-Optimization-CDC2026\lite_trials\lite_config.yaml,full,24,0.569169960474,3,167,167,0.5691699604743083,11,0.6446964314469846,15.472714354727632,0.013470800000504823,0.013470800000504823,0.018389100001513725,backbone,both,cayley,156,11.999999999999996,0.004918300001008902,False,2,,True,2,"cayley,envelope",64,4,RL+Backbone,3
best,C:\Users\erich\Documents\AFRL\Algebraic-Connectivity-Optimization-CDC2026\lite_trials\sweep\resistance_leaning\checkpoints\best.pt,ppo,7000,C:\Users\erich\Documents\AFRL\Algebraic-Connectivity-Optimization-CDC2026\lite_trials\lite_config.yaml,full,24,0.569169960474,4,167,167,0.5691699604743083,11,0.6446964314469846,15.472714354727632,0.014104899999438203,0.014104899999438203,0.020742799999425188,backbone,both,cayley,156,11.999999999999996,0.006637899999986985,False,2,,True,2,"cayley,envelope",64,4,RL+Backbone,4
best,C:\Users\erich\Documents\AFRL\Algebraic-Connectivity-Optimization-CDC2026\lite_trials\sweep\resistance_leaning\checkpoints\best.pt,ppo,7000,C:\Users\erich\Documents\AFRL\Algebraic-Connectivity-Optimization-CDC2026\lite_trials\lite_config.yaml,full,24,0.640316205534,0,185,185,0.6403162055335968,5,0.6423262059799583,15.415828943519,0.018819299999449868,0.018819299999449868,0.02258599999913713,backbone,both,envelope,180,14.0,0.003766699999687262,False,,,True,2,"cayley,envelope",64,4,RL+Backbone,0
best,C:\Users\erich\Documents\AFRL\Algebraic-Connectivity-Optimization-CDC2026\lite_trials\sweep\resistance_leaning\checkpoints\best.pt,ppo,7000,C:\Users\erich\Documents\AFRL\Algebraic-Connectivity-Optimization-CDC2026\lite_trials\lite_config.yaml,full,24,0.640316205534,1,185,185,0.6403162055335968,5,0.6423262059799583,15.415828943519,0.02071330000035232,0.02071330000035232,0.024511100000381703,backbone,both,envelope,180,14.0,0.0037978000000293832,False,,,True,2,"cayley,envelope",64,4,RL+Backbone,1
best,C:\Users\erich\Documents\AFRL\Algebraic-Connectivity-Optimization-CDC2026\lite_trials\sweep\resistance_leaning\checkpoints\best.pt,ppo,7000,C:\Users\erich\Documents\AFRL\Algebraic-Connectivity-Optimization-CDC2026\lite_trials\lite_config.yaml,full,24,0.640316205534,2,185,185,0.6403162055335968,5,0.6423262059799583,15.415828943519,0.02123799999935727,0.02123799999935727,0.023990599998796824,backbone,both,envelope,180,14.0,0.0027525999994395534,False,,,True,2,"cayley,envelope",64,4,RL+Backbone,2
best,C:\Users\erich\Documents\AFRL\Algebraic-Connectivity-Optimization-CDC2026\lite_trials\sweep\resistance_leaning\checkpoints\best.pt,ppo,7000,C:\Users\erich\Documents\AFRL\Algebraic-Connectivity-Optimization-CDC2026\lite_trials\lite_config.yaml,full,24,0.640316205534,3,185,185,0.6403162055335968,5,0.6423262059799583,15.415828943519,0.021604600000500795,0.021604600000500795,0.025376300000061747,backbone,both,envelope,180,14.0,0.0037716999995609513,False,,,True,2,"cayley,envelope",64,4,RL+Backbone,3
best,C:\Users\erich\Documents\AFRL\Algebraic-Connectivity-Optimization-CDC2026\lite_trials\sweep\resistance_leaning\checkpoints\best.pt,ppo,7000,C:\Users\erich\Documents\AFRL\Algebraic-Connectivity-Optimization-CDC2026\lite_trials\lite_config.yaml,full,24,0.640316205534,4,185,185,0.6403162055335968,5,0.6423262059799583,15.415828943519,0.021275500001138425,0.021275500001138425,0.024999800001751282,backbone,both,envelope,180,14.0,0.003724300000612857,False,,,True,2,"cayley,envelope",64,4,RL+Backbone,4
best,C:\Users\erich\Documents\AFRL\Algebraic-Connectivity-Optimization-CDC2026\lite_trials\sweep\resistance_leaning\checkpoints\best.pt,ppo,7000,C:\Users\erich\Documents\AFRL\Algebraic-Connectivity-Optimization-CDC2026\lite_trials\lite_config.yaml,full,24,0.711462450593,0,203,203,0.7114624505928854,11,0.7311220131865045,17.54692831647611,0.01502249999975902,0.01502249999975902,0.015270899999450194,backbone,both,envelope,192,16.0,0.00024839999969117343,False,,"cayley:No feasible backbone candidate for (n=24, m=203, rho=0.711462, seed=0); errors=['cayley:no_candidate']",True,1,envelope,64,4,RL+Backbone,0
best,C:\Users\erich\Documents\AFRL\Algebraic-Connectivity-Optimization-CDC2026\lite_trials\sweep\resistance_leaning\checkpoints\best.pt,ppo,7000,C:\Users\erich\Documents\AFRL\Algebraic-Connectivity-Optimization-CDC2026\lite_trials\lite_config.yaml,full,24,0.711462450593,1,203,203,0.7114624505928854,11,0.7311220131865045,17.54692831647611,0.013132099998983904,0.013132099998983904,0.013347699998121243,backbone,both,envelope,192,16.0,0.00021559999913733918,False,,"cayley:No feasible backbone candidate for (n=24, m=203, rho=0.711462, seed=1); errors=['cayley:no_candidate']",True,1,envelope,64,4,RL+Backbone,1
best,C:\Users\erich\Documents\AFRL\Algebraic-Connectivity-Optimization-CDC2026\lite_trials\sweep\resistance_leaning\checkpoints\best.pt,ppo,7000,C:\Users\erich\Documents\AFRL\Algebraic-Connectivity-Optimization-CDC2026\lite_trials\lite_config.yaml,full,24,0.711462450593,2,203,203,0.7114624505928854,11,0.7311220131865045,17.54692831647611,0.01436670000111917,0.01436670000111917,0.014573000002201297,backbone,both,envelope,192,16.0,0.00020630000108212698,False,,"cayley:No feasible backbone candidate for (n=24, m=203, rho=0.711462, seed=2); errors=['cayley:no_candidate']",True,1,envelope,64,4,RL+Backbone,2
best,C:\Users\erich\Documents\AFRL\Algebraic-Connectivity-Optimization-CDC2026\lite_trials\sweep\resistance_leaning\checkpoints\best.pt,ppo,7000,C:\Users\erich\Documents\AFRL\Algebraic-Connectivity-Optimization-CDC2026\lite_trials\lite_config.yaml,full,24,0.711462450593,3,203,203,0.7114624505928854,11,0.7311220131865045,17.54692831647611,0.014956999999412801,0.014956999999412801,0.015325599999414408,backbone,both,envelope,192,16.0,0.00036860000000160653,False,,"cayley:No feasible backbone candidate for (n=24, m=203, rho=0.711462, seed=3); errors=['cayley:no_candidate']",True,1,envelope,64,4,RL+Backbone,3
best,C:\Users\erich\Documents\AFRL\Algebraic-Connectivity-Optimization-CDC2026\lite_trials\sweep\resistance_leaning\checkpoints\best.pt,ppo,7000,C:\Users\erich\Documents\AFRL\Algebraic-Connectivity-Optimization-CDC2026\lite_trials\lite_config.yaml,full,24,0.711462450593,4,203,203,0.7114624505928854,11,0.7311220131865045,17.54692831647611,0.014346699999805423,0.014346699999805423,0.01460380000025907,backbone,both,envelope,192,16.0,0.0002571000004536472,False,,"cayley:No feasible backbone candidate for (n=24, m=203, rho=0.711462, seed=4); errors=['cayley:no_candidate']",True,1,envelope,64,4,RL+Backbone,4
best,C:\Users\erich\Documents\AFRL\Algebraic-Connectivity-Optimization-CDC2026\lite_trials\sweep\resistance_leaning\checkpoints\best.pt,ppo,7000,C:\Users\erich\Documents\AFRL\Algebraic-Connectivity-Optimization-CDC2026\lite_trials\lite_config.yaml,full,24,0.782608695652,0,221,221,0.782608695652174,5,0.8253206048932703,19.807694517438488,0.006777399999918998,0.006777399999918998,0.00706739999986894,backbone,envelope_only,envelope,216,18.0,0.0002899999999499414,False,,,False,1,envelope,64,4,RL+Backbone,0
best,C:\Users\erich\Documents\AFRL\Algebraic-Connectivity-Optimization-CDC2026\lite_trials\sweep\resistance_leaning\checkpoints\best.pt,ppo,7000,C:\Users\erich\Documents\AFRL\Algebraic-Connectivity-Optimization-CDC2026\lite_trials\lite_config.yaml,full,24,0.782608695652,1,221,221,0.782608695652174,5,0.8253206048932703,19.807694517438488,0.0068840000003547175,0.0068840000003547175,0.007168199999796343,backbone,envelope_only,envelope,216,18.0,0.00028419999944162555,False,,,False,1,envelope,64,4,RL+Backbone,1
best,C:\Users\erich\Documents\AFRL\Algebraic-Connectivity-Optimization-CDC2026\lite_trials\sweep\resistance_leaning\checkpoints\best.pt,ppo,7000,C:\Users\erich\Documents\AFRL\Algebraic-Connectivity-Optimization-CDC2026\lite_trials\lite_config.yaml,full,24,0.782608695652,2,221,221,0.782608695652174,5,0.8253206048932703,19.807694517438488,0.006315299999187118,0.006315299999187118,0.0066103999997721985,backbone,envelope_only,envelope,216,18.0,0.0002951000005850801,False,,,False,1,envelope,64,4,RL+Backbone,2
best,C:\Users\erich\Documents\AFRL\Algebraic-Connectivity-Optimization-CDC2026\lite_trials\sweep\resistance_leaning\checkpoints\best.pt,ppo,7000,C:\Users\erich\Documents\AFRL\Algebraic-Connectivity-Optimization-CDC2026\lite_trials\lite_config.yaml,full,24,0.782608695652,3,221,221,0.782608695652174,5,0.8253206048932703,19.807694517438488,0.006704800000079558,0.006704800000079558,0.0069948000000295,backbone,envelope_only,envelope,216,18.0,0.0002899999999499414,False,,,False,1,envelope,64,4,RL+Backbone,3
best,C:\Users\erich\Documents\AFRL\Algebraic-Connectivity-Optimization-CDC2026\lite_trials\sweep\resistance_leaning\checkpoints\best.pt,ppo,7000,C:\Users\erich\Documents\AFRL\Algebraic-Connectivity-Optimization-CDC2026\lite_trials\lite_config.yaml,full,24,0.782608695652,4,221,221,0.782608695652174,5,0.8253206048932703,19.807694517438488,0.006656499999735388,0.006656499999735388,0.0069358000000647735,backbone,envelope_only,envelope,216,18.0,0.0002793000003293855,False,,,False,1,envelope,64,4,RL+Backbone,4
best,C:\Users\erich\Documents\AFRL\Algebraic-Connectivity-Optimization-CDC2026\lite_trials\sweep\resistance_leaning\checkpoints\best.pt,ppo,7000,C:\Users\erich\Documents\AFRL\Algebraic-Connectivity-Optimization-CDC2026\lite_trials\lite_config.yaml,full,24,0.853754940711,0,239,239,0.8537549407114624,9,0.8676881579574004,20.82451579097761,0.012697299998762901,0.012697299998762901,0.013151599998309393,backbone,envelope_only,envelope,230,19.0,0.00045429999954649247,False,,,False,1,envelope,64,4,RL+Backbone,0
best,C:\Users\erich\Documents\AFRL\Algebraic-Connectivity-Optimization-CDC2026\lite_trials\sweep\resistance_leaning\checkpoints\best.pt,ppo,7000,C:\Users\erich\Documents\AFRL\Algebraic-Connectivity-Optimization-CDC2026\lite_trials\lite_config.yaml,full,24,0.853754940711,1,239,239,0.8537549407114624,9,0.8676881579574004,20.82451579097761,0.012251599999217433,0.012251599999217433,0.012689699999100412,backbone,envelope_only,envelope,230,19.0,0.0004380999998829793,False,,,False,1,envelope,64,4,RL+Backbone,1
best,C:\Users\erich\Documents\AFRL\Algebraic-Connectivity-Optimization-CDC2026\lite_trials\sweep\resistance_leaning\checkpoints\best.pt,ppo,7000,C:\Users\erich\Documents\AFRL\Algebraic-Connectivity-Optimization-CDC2026\lite_trials\lite_config.yaml,full,24,0.853754940711,2,239,239,0.8537549407114624,9,0.8676881579574004,20.82451579097761,0.012059399999998277,0.012059399999998277,0.01239729999906558,backbone,envelope_only,envelope,230,19.0,0.0003378999990673037,False,,,False,1,envelope,64,4,RL+Backbone,2
best,C:\Users\erich\Documents\AFRL\Algebraic-Connectivity-Optimization-CDC2026\lite_trials\sweep\resistance_leaning\checkpoints\best.pt,ppo,7000,C:\Users\erich\Documents\AFRL\Algebraic-Connectivity-Optimization-CDC2026\lite_trials\lite_config.yaml,full,24,0.853754940711,3,239,239,0.8537549407114624,9,0.8676881579574004,20.82451579097761,0.012699599999905331,0.012699599999905331,0.013017699999181787,backbone,envelope_only,envelope,230,19.0,0.0003180999992764555,False,,,False,1,envelope,64,4,RL+Backbone,3
best,C:\Users\erich\Documents\AFRL\Algebraic-Connectivity-Optimization-CDC2026\lite_trials\sweep\resistance_leaning\checkpoints\best.pt,ppo,7000,C:\Users\erich\Documents\AFRL\Algebraic-Connectivity-Optimization-CDC2026\lite_trials\lite_config.yaml,full,24,0.853754940711,4,239,239,0.8537549407114624,9,0.8676881579574004,20.82451579097761,0.013441099999909056,0.013441099999909056,0.013779699998849537,backbone,envelope_only,envelope,230,19.0,0.0003385999989404809,False,,,False,1,envelope,64,4,RL+Backbone,4
best,C:\Users\erich\Documents\AFRL\Algebraic-Connectivity-Optimization-CDC2026\lite_trials\sweep\resistance_leaning\checkpoints\best.pt,ppo,7000,C:\Users\erich\Documents\AFRL\Algebraic-Connectivity-Optimization-CDC2026\lite_trials\lite_config.yaml,full,24,0.924901185771,0,257,257,0.924901185770751,5,0.9320617922706589,22.369483014495813,0.007317400000829366,0.007317400000829366,0.007607500001540757,backbone,envelope_only,envelope,252,21.0,0.00029010000071139075,False,,,False,1,envelope,64,4,RL+Backbone,0
best,C:\Users\erich\Documents\AFRL\Algebraic-Connectivity-Optimization-CDC2026\lite_trials\sweep\resistance_leaning\checkpoints\best.pt,ppo,7000,C:\Users\erich\Documents\AFRL\Algebraic-Connectivity-Optimization-CDC2026\lite_trials\lite_config.yaml,full,24,0.924901185771,1,257,257,0.924901185770751,5,0.9320617922706589,22.369483014495813,0.007207800001197029,0.007207800001197029,0.007565000001704902,backbone,envelope_only,envelope,252,21.0,0.0003572000005078735,False,,,False,1,envelope,64,4,RL+Backbone,1
best,C:\Users\erich\Documents\AFRL\Algebraic-Connectivity-Optimization-CDC2026\lite_trials\sweep\resistance_leaning\checkpoints\best.pt,ppo,7000,C:\Users\erich\Documents\AFRL\Algebraic-Connectivity-Optimization-CDC2026\lite_trials\lite_config.yaml,full,24,0.924901185771,2,257,257,0.924901185770751,5,0.9320617922706589,22.369483014495813,0.006952299998374656,0.006952299998374656,0.0073448999974061735,backbone,envelope_only,envelope,252,21.0,0.00039259999903151765,False,,,False,1,envelope,64,4,RL+Backbone,2
best,C:\Users\erich\Documents\AFRL\Algebraic-Connectivity-Optimization-CDC2026\lite_trials\sweep\resistance_leaning\checkpoints\best.pt,ppo,7000,C:\Users\erich\Documents\AFRL\Algebraic-Connectivity-Optimization-CDC2026\lite_trials\lite_config.yaml,full,24,0.924901185771,3,257,257,0.924901185770751,5,0.9320617922706589,22.369483014495813,0.007249099999171449,0.007249099999171449,0.007498599999962607,backbone,envelope_only,envelope,252,21.0,0.00024950000079115853,False,,,False,1,envelope,64,4,RL+Backbone,3
best,C:\Users\erich\Documents\AFRL\Algebraic-Connectivity-Optimization-CDC2026\lite_trials\sweep\resistance_leaning\checkpoints\best.pt,ppo,7000,C:\Users\erich\Documents\AFRL\Algebraic-Connectivity-Optimization-CDC2026\lite_trials\lite_config.yaml,full,24,0.924901185771,4,257,257,0.924901185770751,5,0.9320617922706589,22.369483014495813,0.006188200000906363,0.006188200000906363,0.006596800001716474,backbone,envelope_only,envelope,252,21.0,0.00040860000081011094,False,,,False,1,envelope,64,4,RL+Backbone,4
best,C:\Users\erich\Documents\AFRL\Algebraic-Connectivity-Optimization-CDC2026\lite_trials\sweep\resistance_leaning\checkpoints\best.pt,ppo,7000,C:\Users\erich\Documents\AFRL\Algebraic-Connectivity-Optimization-CDC2026\lite_trials\lite_config.yaml,full,24,0.99604743083,0,275,275,0.9960474308300395,11,0.9554907122947554,22.93177709507413,0.014570999999705236,0.014570999999705236,0.014934099999663886,backbone,envelope_only,envelope,264,22.0,0.0003630999999586493,False,,,False,1,envelope,64,4,RL+Backbone,0
best,C:\Users\erich\Documents\AFRL\Algebraic-Connectivity-Optimization-CDC2026\lite_trials\sweep\resistance_leaning\checkpoints\best.pt,ppo,7000,C:\Users\erich\Documents\AFRL\Algebraic-Connectivity-Optimization-CDC2026\lite_trials\lite_config.yaml,full,24,0.99604743083,1,275,275,0.9960474308300395,11,0.9554907122947554,22.93177709507413,0.015275100000508246,0.015275100000508246,0.015604700000039884,backbone,envelope_only,envelope,264,22.0,0.0003295999995316379,False,,,False,1,envelope,64,4,RL+Backbone,1
best,C:\Users\erich\Documents\AFRL\Algebraic-Connectivity-Optimization-CDC2026\lite_trials\sweep\resistance_leaning\checkpoints\best.pt,ppo,7000,C:\Users\erich\Documents\AFRL\Algebraic-Connectivity-Optimization-CDC2026\lite_trials\lite_config.yaml,full,24,0.99604743083,2,275,275,0.9960474308300395,11,0.9554907122947554,22.93177709507413,0.015578399999867543,0.015578399999867543,0.015950900000461843,backbone,envelope_only,envelope,264,22.0,0.0003725000005943002,False,,,False,1,envelope,64,4,RL+Backbone,2
best,C:\Users\erich\Documents\AFRL\Algebraic-Connectivity-Optimization-CDC2026\lite_trials\sweep\resistance_leaning\checkpoints\best.pt,ppo,7000,C:\Users\erich\Documents\AFRL\Algebraic-Connectivity-Optimization-CDC2026\lite_trials\lite_config.yaml,full,24,0.99604743083,3,275,275,0.9960474308300395,11,0.9554907122947554,22.93177709507413,0.014043799999853945,0.014043799999853945,0.014416500000152155,backbone,envelope_only,envelope,264,22.0,0.0003727000002982095,False,,,False,1,envelope,64,4,RL+Backbone,3
best,C:\Users\erich\Documents\AFRL\Algebraic-Connectivity-Optimization-CDC2026\lite_trials\sweep\resistance_leaning\checkpoints\best.pt,ppo,7000,C:\Users\erich\Documents\AFRL\Algebraic-Connectivity-Optimization-CDC2026\lite_trials\lite_config.yaml,full,24,0.99604743083,4,275,275,0.9960474308300395,11,0.9554907122947554,22.93177709507413,0.015454499998668325,0.015454499998668325,0.015931399999317364,backbone,envelope_only,envelope,264,22.0,0.0004769000006490387,False,,,False,1,envelope,64,4,RL+Backbone,4
best,C:\Users\erich\Documents\AFRL\Algebraic-Connectivity-Optimization-CDC2026\lite_trials\sweep\resistance_leaning\checkpoints\best.pt,ppo,7000,C:\Users\erich\Documents\AFRL\Algebraic-Connectivity-Optimization-CDC2026\lite_trials\lite_config.yaml,full,32,0.002150537634,0,32,32,0.002150537634408602,1,0.00809464492155096,0.25902863748963073,0.0033386000013706507,0.0033386000013706507,0.0033386000013706507,path,path,path,31,0.0,0.0,False,,,False,1,path,64,4,RL+Path,0
best,C:\Users\erich\Documents\AFRL\Algebraic-Connectivity-Optimization-CDC2026\lite_trials\sweep\resistance_leaning\checkpoints\best.pt,ppo,7000,C:\Users\erich\Documents\AFRL\Algebraic-Connectivity-Optimization-CDC2026\lite_trials\lite_config.yaml,full,32,0.002150537634,1,32,32,0.002150537634408602,1,0.00809464492155096,0.25902863748963073,0.0010265000000799773,0.0010265000000799773,0.0010265000000799773,path,path,path,31,0.0,0.0,False,,,False,1,path,64,4,RL+Path,1
best,C:\Users\erich\Documents\AFRL\Algebraic-Connectivity-Optimization-CDC2026\lite_trials\sweep\resistance_leaning\checkpoints\best.pt,ppo,7000,C:\Users\erich\Documents\AFRL\Algebraic-Connectivity-Optimization-CDC2026\lite_trials\lite_config.yaml,full,32,0.002150537634,2,32,32,0.002150537634408602,1,0.00809464492155096,0.25902863748963073,0.0009749999990162905,0.0009749999990162905,0.0009749999990162905,path,path,path,31,0.0,0.0,False,,,False,1,path,64,4,RL+Path,2
best,C:\Users\erich\Documents\AFRL\Algebraic-Connectivity-Optimization-CDC2026\lite_trials\sweep\resistance_leaning\checkpoints\best.pt,ppo,7000,C:\Users\erich\Documents\AFRL\Algebraic-Connectivity-Optimization-CDC2026\lite_trials\lite_config.yaml,full,32,0.002150537634,3,32,32,0.002150537634408602,1,0.00809464492155096,0.25902863748963073,0.0013233999998192303,0.0013233999998192303,0.0013233999998192303,path,path,path,31,0.0,0.0,False,,,False,1,path,64,4,RL+Path,3
best,C:\Users\erich\Documents\AFRL\Algebraic-Connectivity-Optimization-CDC2026\lite_trials\sweep\resistance_leaning\checkpoints\best.pt,ppo,7000,C:\Users\erich\Documents\AFRL\Algebraic-Connectivity-Optimization-CDC2026\lite_trials\lite_config.yaml,full,32,0.002150537634,4,32,32,0.002150537634408602,1,0.00809464492155096,0.25902863748963073,0.0010702999989007367,0.0010702999989007367,0.0010702999989007367,path,path,path,31,0.0,0.0,False,,,False,1,path,64,4,RL+Path,4
best,C:\Users\erich\Documents\AFRL\Algebraic-Connectivity-Optimization-CDC2026\lite_trials\sweep\resistance_leaning\checkpoints\best.pt,ppo,7000,C:\Users\erich\Documents\AFRL\Algebraic-Connectivity-Optimization-CDC2026\lite_trials\lite_config.yaml,full,32,0.07311827957,0,65,65,0.07311827956989247,34,0.01538947226810872,0.49246311257947906,0.033810999999332125,0.033810999999332125,0.033810999999332125,path,path,path,31,0.0,0.0,False,,,False,1,path,64,4,RL+Path,0
best,C:\Users\erich\Documents\AFRL\Algebraic-Connectivity-Optimization-CDC2026\lite_trials\sweep\resistance_leaning\checkpoints\best.pt,ppo,7000,C:\Users\erich\Documents\AFRL\Algebraic-Connectivity-Optimization-CDC2026\lite_trials\lite_config.yaml,full,32,0.07311827957,1,65,65,0.07311827956989247,34,0.01538947226810872,0.49246311257947906,0.032189999999900465,0.032189999999900465,0.032189999999900465,path,path,path,31,0.0,0.0,False,,,False,1,path,64,4,RL+Path,1
best,C:\Users\erich\Documents\AFRL\Algebraic-Connectivity-Optimization-CDC2026\lite_trials\sweep\resistance_leaning\checkpoints\best.pt,ppo,7000,C:\Users\erich\Documents\AFRL\Algebraic-Connectivity-Optimization-CDC2026\lite_trials\lite_config.yaml,full,32,0.07311827957,2,65,65,0.07311827956989247,34,0.01538947226810872,0.49246311257947906,0.032153899999684654,0.032153899999684654,0.032153899999684654,path,path,path,31,0.0,0.0,False,,,False,1,path,64,4,RL+Path,2
best,C:\Users\erich\Documents\AFRL\Algebraic-Connectivity-Optimization-CDC2026\lite_trials\sweep\resistance_leaning\checkpoints\best.pt,ppo,7000,C:\Users\erich\Documents\AFRL\Algebraic-Connectivity-Optimization-CDC2026\lite_trials\lite_config.yaml,full,32,0.07311827957,3,65,65,0.07311827956989247,34,0.01538947226810872,0.49246311257947906,0.03186140000070736,0.03186140000070736,0.03186140000070736,path,path,path,31,0.0,0.0,False,,,False,1,path,64,4,RL+Path,3
best,C:\Users\erich\Documents\AFRL\Algebraic-Connectivity-Optimization-CDC2026\lite_trials\sweep\resistance_leaning\checkpoints\best.pt,ppo,7000,C:\Users\erich\Documents\AFRL\Algebraic-Connectivity-Optimization-CDC2026\lite_trials\lite_config.yaml,full,32,0.07311827957,4,65,65,0.07311827956989247,34,0.01538947226810872,0.49246311257947906,0.030107399999906193,0.030107399999906193,0.030107399999906193,path,path,path,31,0.0,0.0,False,,,False,1,path,64,4,RL+Path,4
best,C:\Users\erich\Documents\AFRL\Algebraic-Connectivity-Optimization-CDC2026\lite_trials\sweep\resistance_leaning\checkpoints\best.pt,ppo,7000,C:\Users\erich\Documents\AFRL\Algebraic-Connectivity-Optimization-CDC2026\lite_trials\lite_config.yaml,full,32,0.144086021505,0,98,98,0.14408602150537633,67,0.05662889962282745,1.8121247879304785,0.0640159999984462,0.0640159999984462,0.0640159999984462,path,path,path,31,0.0,0.0,False,,,False,1,path,64,4,RL+Path,0
best,C:\Users\erich\Documents\AFRL\Algebraic-Connectivity-Optimization-CDC2026\lite_trials\sweep\resistance_leaning\checkpoints\best.pt,ppo,7000,C:\Users\erich\Documents\AFRL\Algebraic-Connectivity-Optimization-CDC2026\lite_trials\lite_config.yaml,full,32,0.144086021505,1,98,98,0.14408602150537633,67,0.05662889962282745,1.8121247879304785,0.06524589999935415,0.06524589999935415,0.06524589999935415,path,path,path,31,0.0,0.0,False,,,False,1,path,64,4,RL+Path,1
best,C:\Users\erich\Documents\AFRL\Algebraic-Connectivity-Optimization-CDC2026\lite_trials\sweep\resistance_leaning\checkpoints\best.pt,ppo,7000,C:\Users\erich\Documents\AFRL\Algebraic-Connectivity-Optimization-CDC2026\lite_trials\lite_config.yaml,full,32,0.144086021505,2,98,98,0.14408602150537633,67,0.05662889962282745,1.8121247879304785,0.06270219999896653,0.06270219999896653,0.06270219999896653,path,path,path,31,0.0,0.0,False,,,False,1,path,64,4,RL+Path,2
best,C:\Users\erich\Documents\AFRL\Algebraic-Connectivity-Optimization-CDC2026\lite_trials\sweep\resistance_leaning\checkpoints\best.pt,ppo,7000,C:\Users\erich\Documents\AFRL\Algebraic-Connectivity-Optimization-CDC2026\lite_trials\lite_config.yaml,full,32,0.144086021505,3,98,98,0.14408602150537633,67,0.05662889962282745,1.8121247879304785,0.0650381000014022,0.0650381000014022,0.0650381000014022,path,path,path,31,0.0,0.0,False,,,False,1,path,64,4,RL+Path,3
best,C:\Users\erich\Documents\AFRL\Algebraic-Connectivity-Optimization-CDC2026\lite_trials\sweep\resistance_leaning\checkpoints\best.pt,ppo,7000,C:\Users\erich\Documents\AFRL\Algebraic-Connectivity-Optimization-CDC2026\lite_trials\lite_config.yaml,full,32,0.144086021505,4,98,98,0.14408602150537633,67,0.05662889962282745,1.8121247879304785,0.0639167000008456,0.0639167000008456,0.0639167000008456,path,path,path,31,0.0,0.0,False,,,False,1,path,64,4,RL+Path,4
best,C:\Users\erich\Documents\AFRL\Algebraic-Connectivity-Optimization-CDC2026\lite_trials\sweep\resistance_leaning\checkpoints\best.pt,ppo,7000,C:\Users\erich\Documents\AFRL\Algebraic-Connectivity-Optimization-CDC2026\lite_trials\lite_config.yaml,full,32,0.215053763441,0,131,131,0.21505376344086022,100,0.06270360738377444,2.006515436280782,0.10758770000029472,0.10758770000029472,0.10758770000029472,path,path,path,31,0.0,0.0,False,,,False,1,path,64,4,RL+Path,0
best,C:\Users\erich\Documents\AFRL\Algebraic-Connectivity-Optimization-CDC2026\lite_trials\sweep\resistance_leaning\checkpoints\best.pt,ppo,7000,C:\Users\erich\Documents\AFRL\Algebraic-Connectivity-Optimization-CDC2026\lite_trials\lite_config.yaml,full,32,0.215053763441,1,131,131,0.21505376344086022,100,0.06270360738377444,2.006515436280782,0.11171970000032161,0.11171970000032161,0.11171970000032161,path,path,path,31,0.0,0.0,False,,,False,1,path,64,4,RL+Path,1
best,C:\Users\erich\Documents\AFRL\Algebraic-Connectivity-Optimization-CDC2026\lite_trials\sweep\resistance_leaning\checkpoints\best.pt,ppo,7000,C:\Users\erich\Documents\AFRL\Algebraic-Connectivity-Optimization-CDC2026\lite_trials\lite_config.yaml,full,32,0.215053763441,2,131,131,0.21505376344086022,100,0.06270360738377444,2.006515436280782,0.11357719999978144,0.11357719999978144,0.11357719999978144,path,path,path,31,0.0,0.0,False,,,False,1,path,64,4,RL+Path,2
best,C:\Users\erich\Documents\AFRL\Algebraic-Connectivity-Optimization-CDC2026\lite_trials\sweep\resistance_leaning\checkpoints\best.pt,ppo,7000,C:\Users\erich\Documents\AFRL\Algebraic-Connectivity-Optimization-CDC2026\lite_trials\lite_config.yaml,full,32,0.215053763441,3,131,131,0.21505376344086022,100,0.06270360738377444,2.006515436280782,0.11506989999907091,0.11506989999907091,0.11506989999907091,path,path,path,31,0.0,0.0,False,,,False,1,path,64,4,RL+Path,3
best,C:\Users\erich\Documents\AFRL\Algebraic-Connectivity-Optimization-CDC2026\lite_trials\sweep\resistance_leaning\checkpoints\best.pt,ppo,7000,C:\Users\erich\Documents\AFRL\Algebraic-Connectivity-Optimization-CDC2026\lite_trials\lite_config.yaml,full,32,0.215053763441,4,131,131,0.21505376344086022,100,0.06270360738377444,2.006515436280782,0.11034400000062305,0.11034400000062305,0.11034400000062305,path,path,path,31,0.0,0.0,False,,,False,1,path,64,4,RL+Path,4
best,C:\Users\erich\Documents\AFRL\Algebraic-Connectivity-Optimization-CDC2026\lite_trials\sweep\resistance_leaning\checkpoints\best.pt,ppo,7000,C:\Users\erich\Documents\AFRL\Algebraic-Connectivity-Optimization-CDC2026\lite_trials\lite_config.yaml,full,32,0.286021505376,0,164,164,0.2860215053763441,133,0.28556030474247696,9.137929751759263,0.1505726000013965,0.1505726000013965,0.1505726000013965,path,path,path,31,0.0,0.0,False,,,False,1,path,64,4,RL+Path,0
best,C:\Users\erich\Documents\AFRL\Algebraic-Connectivity-Optimization-CDC2026\lite_trials\sweep\resistance_leaning\checkpoints\best.pt,ppo,7000,C:\Users\erich\Documents\AFRL\Algebraic-Connectivity-Optimization-CDC2026\lite_trials\lite_config.yaml,full,32,0.286021505376,1,164,164,0.2860215053763441,133,0.28556030474247696,9.137929751759263,0.15294839999842225,0.15294839999842225,0.15294839999842225,path,path,path,31,0.0,0.0,False,,,False,1,path,64,4,RL+Path,1
best,C:\Users\erich\Documents\AFRL\Algebraic-Connectivity-Optimization-CDC2026\lite_trials\sweep\resistance_leaning\checkpoints\best.pt,ppo,7000,C:\Users\erich\Documents\AFRL\Algebraic-Connectivity-Optimization-CDC2026\lite_trials\lite_config.yaml,full,32,0.286021505376,2,164,164,0.2860215053763441,133,0.28556030474247696,9.137929751759263,0.14294429999972635,0.14294429999972635,0.14294429999972635,path,path,path,31,0.0,0.0,False,,,False,1,path,64,4,RL+Path,2
best,C:\Users\erich\Documents\AFRL\Algebraic-Connectivity-Optimization-CDC2026\lite_trials\sweep\resistance_leaning\checkpoints\best.pt,ppo,7000,C:\Users\erich\Documents\AFRL\Algebraic-Connectivity-Optimization-CDC2026\lite_trials\lite_config.yaml,full,32,0.286021505376,3,164,164,0.2860215053763441,133,0.28556030474247696,9.137929751759263,0.16270069999882253,0.16270069999882253,0.16270069999882253,path,path,path,31,0.0,0.0,False,,,False,1,path,64,4,RL+Path,3
best,C:\Users\erich\Documents\AFRL\Algebraic-Connectivity-Optimization-CDC2026\lite_trials\sweep\resistance_leaning\checkpoints\best.pt,ppo,7000,C:\Users\erich\Documents\AFRL\Algebraic-Connectivity-Optimization-CDC2026\lite_trials\lite_config.yaml,full,32,0.286021505376,4,164,164,0.2860215053763441,133,0.28556030474247696,9.137929751759263,0.1500471999988804,0.1500471999988804,0.1500471999988804,path,path,path,31,0.0,0.0,False,,,False,1,path,64,4,RL+Path,4
best,C:\Users\erich\Documents\AFRL\Algebraic-Connectivity-Optimization-CDC2026\lite_trials\sweep\resistance_leaning\checkpoints\best.pt,ppo,7000,C:\Users\erich\Documents\AFRL\Algebraic-Connectivity-Optimization-CDC2026\lite_trials\lite_config.yaml,full,32,0.356989247312,0,197,197,0.35698924731182796,166,0.3598122434695931,11.51399179102698,0.19129729999986012,0.19129729999986012,0.19129729999986012,path,path,path,31,0.0,0.0,False,,,False,1,path,64,4,RL+Path,0
best,C:\Users\erich\Documents\AFRL\Algebraic-Connectivity-Optimization-CDC2026\lite_trials\sweep\resistance_leaning\checkpoints\best.pt,ppo,7000,C:\Users\erich\Documents\AFRL\Algebraic-Connectivity-Optimization-CDC2026\lite_trials\lite_config.yaml,full,32,0.356989247312,1,197,197,0.35698924731182796,166,0.3598122434695931,11.51399179102698,0.19462670000029902,0.19462670000029902,0.19462670000029902,path,path,path,31,0.0,0.0,False,,,False,1,path,64,4,RL+Path,1
best,C:\Users\erich\Documents\AFRL\Algebraic-Connectivity-Optimization-CDC2026\lite_trials\sweep\resistance_leaning\checkpoints\best.pt,ppo,7000,C:\Users\erich\Documents\AFRL\Algebraic-Connectivity-Optimization-CDC2026\lite_trials\lite_config.yaml,full,32,0.356989247312,2,197,197,0.35698924731182796,166,0.3598122434695931,11.51399179102698,0.19689870000001974,0.19689870000001974,0.19689870000001974,path,path,path,31,0.0,0.0,False,,,False,1,path,64,4,RL+Path,2
best,C:\Users\erich\Documents\AFRL\Algebraic-Connectivity-Optimization-CDC2026\lite_trials\sweep\resistance_leaning\checkpoints\best.pt,ppo,7000,C:\Users\erich\Documents\AFRL\Algebraic-Connectivity-Optimization-CDC2026\lite_trials\lite_config.yaml,full,32,0.356989247312,3,197,197,0.35698924731182796,166,0.3598122434695931,11.51399179102698,0.19568129999970552,0.19568129999970552,0.19568129999970552,path,path,path,31,0.0,0.0,False,,,False,1,path,64,4,RL+Path,3
best,C:\Users\erich\Documents\AFRL\Algebraic-Connectivity-Optimization-CDC2026\lite_trials\sweep\resistance_leaning\checkpoints\best.pt,ppo,7000,C:\Users\erich\Documents\AFRL\Algebraic-Connectivity-Optimization-CDC2026\lite_trials\lite_config.yaml,full,32,0.356989247312,4,197,197,0.35698924731182796,166,0.3598122434695931,11.51399179102698,0.19438569999874744,0.19438569999874744,0.19438569999874744,path,path,path,31,0.0,0.0,False,,,False,1,path,64,4,RL+Path,4
best,C:\Users\erich\Documents\AFRL\Algebraic-Connectivity-Optimization-CDC2026\lite_trials\sweep\resistance_leaning\checkpoints\best.pt,ppo,7000,C:\Users\erich\Documents\AFRL\Algebraic-Connectivity-Optimization-CDC2026\lite_trials\lite_config.yaml,full,32,0.427956989247,0,230,230,0.42795698924731185,199,0.365945544825075,11.7102574344024,0.23367470000084722,0.23367470000084722,0.23367470000084722,path,path,path,31,0.0,0.0,False,,,False,1,path,64,4,RL+Path,0
best,C:\Users\erich\Documents\AFRL\Algebraic-Connectivity-Optimization-CDC2026\lite_trials\sweep\resistance_leaning\checkpoints\best.pt,ppo,7000,C:\Users\erich\Documents\AFRL\Algebraic-Connectivity-Optimization-CDC2026\lite_trials\lite_config.yaml,full,32,0.427956989247,1,230,230,0.42795698924731185,199,0.365945544825075,11.7102574344024,0.23992419999922276,0.23992419999922276,0.23992419999922276,path,path,path,31,0.0,0.0,False,,,False,1,path,64,4,RL+Path,1
best,C:\Users\erich\Documents\AFRL\Algebraic-Connectivity-Optimization-CDC2026\lite_trials\sweep\resistance_leaning\checkpoints\best.pt,ppo,7000,C:\Users\erich\Documents\AFRL\Algebraic-Connectivity-Optimization-CDC2026\lite_trials\lite_config.yaml,full,32,0.427956989247,2,230,230,0.42795698924731185,199,0.365945544825075,11.7102574344024,0.23862589999953343,0.23862589999953343,0.23862589999953343,path,path,path,31,0.0,0.0,False,,,False,1,path,64,4,RL+Path,2
best,C:\Users\erich\Documents\AFRL\Algebraic-Connectivity-Optimization-CDC2026\lite_trials\sweep\resistance_leaning\checkpoints\best.pt,ppo,7000,C:\Users\erich\Documents\AFRL\Algebraic-Connectivity-Optimization-CDC2026\lite_trials\lite_config.yaml,full,32,0.427956989247,3,230,230,0.42795698924731185,199,0.365945544825075,11.7102574344024,0.22569429999930435,0.22569429999930435,0.22569429999930435,path,path,path,31,0.0,0.0,False,,,False,1,path,64,4,RL+Path,3
best,C:\Users\erich\Documents\AFRL\Algebraic-Connectivity-Optimization-CDC2026\lite_trials\sweep\resistance_leaning\checkpoints\best.pt,ppo,7000,C:\Users\erich\Documents\AFRL\Algebraic-Connectivity-Optimization-CDC2026\lite_trials\lite_config.yaml,full,32,0.427956989247,4,230,230,0.42795698924731185,199,0.365945544825075,11.7102574344024,0.22895680000146967,0.22895680000146967,0.22895680000146967,path,path,path,31,0.0,0.0,False,,,False,1,path,64,4,RL+Path,4
best,C:\Users\erich\Documents\AFRL\Algebraic-Connectivity-Optimization-CDC2026\lite_trials\sweep\resistance_leaning\checkpoints\best.pt,ppo,7000,C:\Users\erich\Documents\AFRL\Algebraic-Connectivity-Optimization-CDC2026\lite_trials\lite_config.yaml,full,32,0.501075268817,0,264,264,0.5010752688172043,233,0.477857186094257,15.291429955016223,0.28153670000028796,0.28153670000028796,0.28153670000028796,path,path,path,31,0.0,0.0,False,,,False,1,path,64,4,RL+Path,0
best,C:\Users\erich\Documents\AFRL\Algebraic-Connectivity-Optimization-CDC2026\lite_trials\sweep\resistance_leaning\checkpoints\best.pt,ppo,7000,C:\Users\erich\Documents\AFRL\Algebraic-Connectivity-Optimization-CDC2026\lite_trials\lite_config.yaml,full,32,0.501075268817,1,264,264,0.5010752688172043,233,0.477857186094257,15.291429955016223,0.2765185999996902,0.2765185999996902,0.2765185999996902,path,path,path,31,0.0,0.0,False,,,False,1,path,64,4,RL+Path,1
best,C:\Users\erich\Documents\AFRL\Algebraic-Connectivity-Optimization-CDC2026\lite_trials\sweep\resistance_leaning\checkpoints\best.pt,ppo,7000,C:\Users\erich\Documents\AFRL\Algebraic-Connectivity-Optimization-CDC2026\lite_trials\lite_config.yaml,full,32,0.501075268817,2,264,264,0.5010752688172043,233,0.477857186094257,15.291429955016223,0.2829533000003721,0.2829533000003721,0.2829533000003721,path,path,path,31,0.0,0.0,False,,,False,1,path,64,4,RL+Path,2
best,C:\Users\erich\Documents\AFRL\Algebraic-Connectivity-Optimization-CDC2026\lite_trials\sweep\resistance_leaning\checkpoints\best.pt,ppo,7000,C:\Users\erich\Documents\AFRL\Algebraic-Connectivity-Optimization-CDC2026\lite_trials\lite_config.yaml,full,32,0.501075268817,3,264,264,0.5010752688172043,233,0.477857186094257,15.291429955016223,0.27172040000004927,0.27172040000004927,0.27172040000004927,path,path,path,31,0.0,0.0,False,,,False,1,path,64,4,RL+Path,3
best,C:\Users\erich\Documents\AFRL\Algebraic-Connectivity-Optimization-CDC2026\lite_trials\sweep\resistance_leaning\checkpoints\best.pt,ppo,7000,C:\Users\erich\Documents\AFRL\Algebraic-Connectivity-Optimization-CDC2026\lite_trials\lite_config.yaml,full,32,0.501075268817,4,264,264,0.5010752688172043,233,0.477857186094257,15.291429955016223,0.2837061000009271,0.2837061000009271,0.2837061000009271,path,path,path,31,0.0,0.0,False,,,False,1,path,64,4,RL+Path,4
best,C:\Users\erich\Documents\AFRL\Algebraic-Connectivity-Optimization-CDC2026\lite_trials\sweep\resistance_leaning\checkpoints\best.pt,ppo,7000,C:\Users\erich\Documents\AFRL\Algebraic-Connectivity-Optimization-CDC2026\lite_trials\lite_config.yaml,full,32,0.572043010753,0,297,297,0.5720430107526882,266,0.6333360443943556,20.26675342061938,0.33381659999940894,0.33381659999940894,0.33381659999940894,path,path,path,31,0.0,0.0,False,,,False,1,path,64,4,RL+Path,0
best,C:\Users\erich\Documents\AFRL\Algebraic-Connectivity-Optimization-CDC2026\lite_trials\sweep\resistance_leaning\checkpoints\best.pt,ppo,7000,C:\Users\erich\Documents\AFRL\Algebraic-Connectivity-Optimization-CDC2026\lite_trials\lite_config.yaml,full,32,0.572043010753,1,297,297,0.5720430107526882,266,0.6333360443943556,20.26675342061938,0.33130789999995613,0.33130789999995613,0.33130789999995613,path,path,path,31,0.0,0.0,False,,,False,1,path,64,4,RL+Path,1
best,C:\Users\erich\Documents\AFRL\Algebraic-Connectivity-Optimization-CDC2026\lite_trials\sweep\resistance_leaning\checkpoints\best.pt,ppo,7000,C:\Users\erich\Documents\AFRL\Algebraic-Connectivity-Optimization-CDC2026\lite_trials\lite_config.yaml,full,32,0.572043010753,2,297,297,0.5720430107526882,266,0.6333360443943556,20.26675342061938,0.33799919999910344,0.33799919999910344,0.33799919999910344,path,path,path,31,0.0,0.0,False,,,False,1,path,64,4,RL+Path,2
best,C:\Users\erich\Documents\AFRL\Algebraic-Connectivity-Optimization-CDC2026\lite_trials\sweep\resistance_leaning\checkpoints\best.pt,ppo,7000,C:\Users\erich\Documents\AFRL\Algebraic-Connectivity-Optimization-CDC2026\lite_trials\lite_config.yaml,full,32,0.572043010753,3,297,297,0.5720430107526882,266,0.6333360443943556,20.26675342061938,0.32610380000005534,0.32610380000005534,0.32610380000005534,path,path,path,31,0.0,0.0,False,,,False,1,path,64,4,RL+Path,3
best,C:\Users\erich\Documents\AFRL\Algebraic-Connectivity-Optimization-CDC2026\lite_trials\sweep\resistance_leaning\checkpoints\best.pt,ppo,7000,C:\Users\erich\Documents\AFRL\Algebraic-Connectivity-Optimization-CDC2026\lite_trials\lite_config.yaml,full,32,0.572043010753,4,297,297,0.5720430107526882,266,0.6333360443943556,20.26675342061938,0.33207729999958246,0.33207729999958246,0.33207729999958246,path,path,path,31,0.0,0.0,False,,,False,1,path,64,4,RL+Path,4
best,C:\Users\erich\Documents\AFRL\Algebraic-Connectivity-Optimization-CDC2026\lite_trials\sweep\resistance_leaning\checkpoints\best.pt,ppo,7000,C:\Users\erich\Documents\AFRL\Algebraic-Connectivity-Optimization-CDC2026\lite_trials\lite_config.yaml,full,32,0.643010752688,0,330,330,0.6430107526881721,299,0.5900473711288183,18.881515876122187,0.37481790000128967,0.37481790000128967,0.37481790000128967,path,path,path,31,0.0,0.0,False,,,False,1,path,64,4,RL+Path,0
best,C:\Users\erich\Documents\AFRL\Algebraic-Connectivity-Optimization-CDC2026\lite_trials\sweep\resistance_leaning\checkpoints\best.pt,ppo,7000,C:\Users\erich\Documents\AFRL\Algebraic-Connectivity-Optimization-CDC2026\lite_trials\lite_config.yaml,full,32,0.643010752688,1,330,330,0.6430107526881721,299,0.5900473711288183,18.881515876122187,0.37253700000110257,0.37253700000110257,0.37253700000110257,path,path,path,31,0.0,0.0,False,,,False,1,path,64,4,RL+Path,1
best,C:\Users\erich\Documents\AFRL\Algebraic-Connectivity-Optimization-CDC2026\lite_trials\sweep\resistance_leaning\checkpoints\best.pt,ppo,7000,C:\Users\erich\Documents\AFRL\Algebraic-Connectivity-Optimization-CDC2026\lite_trials\lite_config.yaml,full,32,0.643010752688,2,330,330,0.6430107526881721,299,0.5900473711288183,18.881515876122187,0.3771431000004668,0.3771431000004668,0.3771431000004668,path,path,path,31,0.0,0.0,False,,,False,1,path,64,4,RL+Path,2
best,C:\Users\erich\Documents\AFRL\Algebraic-Connectivity-Optimization-CDC2026\lite_trials\sweep\resistance_leaning\checkpoints\best.pt,ppo,7000,C:\Users\erich\Documents\AFRL\Algebraic-Connectivity-Optimization-CDC2026\lite_trials\lite_config.yaml,full,32,0.643010752688,3,330,330,0.6430107526881721,299,0.5900473711288183,18.881515876122187,0.36844859999837354,0.36844859999837354,0.36844859999837354,path,path,path,31,0.0,0.0,False,,,False,1,path,64,4,RL+Path,3
best,C:\Users\erich\Documents\AFRL\Algebraic-Connectivity-Optimization-CDC2026\lite_trials\sweep\resistance_leaning\checkpoints\best.pt,ppo,7000,C:\Users\erich\Documents\AFRL\Algebraic-Connectivity-Optimization-CDC2026\lite_trials\lite_config.yaml,full,32,0.643010752688,4,330,330,0.6430107526881721,299,0.5900473711288183,18.881515876122187,0.36859410000033677,0.36859410000033677,0.36859410000033677,path,path,path,31,0.0,0.0,False,,,False,1,path,64,4,RL+Path,4
best,C:\Users\erich\Documents\AFRL\Algebraic-Connectivity-Optimization-CDC2026\lite_trials\sweep\resistance_leaning\checkpoints\best.pt,ppo,7000,C:\Users\erich\Documents\AFRL\Algebraic-Connectivity-Optimization-CDC2026\lite_trials\lite_config.yaml,full,32,0.713978494624,0,363,363,0.7139784946236559,332,0.8550244727636481,27.36078312843674,0.436603299998751,0.436603299998751,0.436603299998751,path,path,path,31,0.0,0.0,False,,,False,1,path,64,4,RL+Path,0
best,C:\Users\erich\Documents\AFRL\Algebraic-Connectivity-Optimization-CDC2026\lite_trials\sweep\resistance_leaning\checkpoints\best.pt,ppo,7000,C:\Users\erich\Documents\AFRL\Algebraic-Connectivity-Optimization-CDC2026\lite_trials\lite_config.yaml,full,32,0.713978494624,1,363,363,0.7139784946236559,332,0.8550244727636481,27.36078312843674,0.42344520000006014,0.42344520000006014,0.42344520000006014,path,path,path,31,0.0,0.0,False,,,False,1,path,64,4,RL+Path,1
best,C:\Users\erich\Documents\AFRL\Algebraic-Connectivity-Optimization-CDC2026\lite_trials\sweep\resistance_leaning\checkpoints\best.pt,ppo,7000,C:\Users\erich\Documents\AFRL\Algebraic-Connectivity-Optimization-CDC2026\lite_trials\lite_config.yaml,full,32,0.713978494624,2,363,363,0.7139784946236559,332,0.8550244727636481,27.36078312843674,0.41262669999923673,0.41262669999923673,0.41262669999923673,path,path,path,31,0.0,0.0,False,,,False,1,path,64,4,RL+Path,2
best,C:\Users\erich\Documents\AFRL\Algebraic-Connectivity-Optimization-CDC2026\lite_trials\sweep\resistance_leaning\checkpoints\best.pt,ppo,7000,C:\Users\erich\Documents\AFRL\Algebraic-Connectivity-Optimization-CDC2026\lite_trials\lite_config.yaml,full,32,0.713978494624,3,363,363,0.7139784946236559,332,0.8550244727636481,27.36078312843674,0.4312124000007316,0.4312124000007316,0.4312124000007316,path,path,path,31,0.0,0.0,False,,,False,1,path,64,4,RL+Path,3
best,C:\Users\erich\Documents\AFRL\Algebraic-Connectivity-Optimization-CDC2026\lite_trials\sweep\resistance_leaning\checkpoints\best.pt,ppo,7000,C:\Users\erich\Documents\AFRL\Algebraic-Connectivity-Optimization-CDC2026\lite_trials\lite_config.yaml,full,32,0.713978494624,4,363,363,0.7139784946236559,332,0.8550244727636481,27.36078312843674,0.42357350000020233,0.42357350000020233,0.42357350000020233,path,path,path,31,0.0,0.0,False,,,False,1,path,64,4,RL+Path,4
best,C:\Users\erich\Documents\AFRL\Algebraic-Connectivity-Optimization-CDC2026\lite_trials\sweep\resistance_leaning\checkpoints\best.pt,ppo,7000,C:\Users\erich\Documents\AFRL\Algebraic-Connectivity-Optimization-CDC2026\lite_trials\lite_config.yaml,full,32,0.784946236559,0,396,396,0.7849462365591398,365,0.7709020040805551,24.668864130577763,0.47934189999978116,0.47934189999978116,0.47934189999978116,path,path,path,31,0.0,0.0,False,,,False,1,path,64,4,RL+Path,0
best,C:\Users\erich\Documents\AFRL\Algebraic-Connectivity-Optimization-CDC2026\lite_trials\sweep\resistance_leaning\checkpoints\best.pt,ppo,7000,C:\Users\erich\Documents\AFRL\Algebraic-Connectivity-Optimization-CDC2026\lite_trials\lite_config.yaml,full,32,0.784946236559,1,396,396,0.7849462365591398,365,0.7709020040805551,24.668864130577763,0.4845143000002281,0.4845143000002281,0.4845143000002281,path,path,path,31,0.0,0.0,False,,,False,1,path,64,4,RL+Path,1
best,C:\Users\erich\Documents\AFRL\Algebraic-Connectivity-Optimization-CDC2026\lite_trials\sweep\resistance_leaning\checkpoints\best.pt,ppo,7000,C:\Users\erich\Documents\AFRL\Algebraic-Connectivity-Optimization-CDC2026\lite_trials\lite_config.yaml,full,32,0.784946236559,2,396,396,0.7849462365591398,365,0.7709020040805551,24.668864130577763,0.4704046000006201,0.4704046000006201,0.4704046000006201,path,path,path,31,0.0,0.0,False,,,False,1,path,64,4,RL+Path,2
best,C:\Users\erich\Documents\AFRL\Algebraic-Connectivity-Optimization-CDC2026\lite_trials\sweep\resistance_leaning\checkpoints\best.pt,ppo,7000,C:\Users\erich\Documents\AFRL\Algebraic-Connectivity-Optimization-CDC2026\lite_trials\lite_config.yaml,full,32,0.784946236559,3,396,396,0.7849462365591398,365,0.7709020040805551,24.668864130577763,0.47461959999964165,0.47461959999964165,0.47461959999964165,path,path,path,31,0.0,0.0,False,,,False,1,path,64,4,RL+Path,3
best,C:\Users\erich\Documents\AFRL\Algebraic-Connectivity-Optimization-CDC2026\lite_trials\sweep\resistance_leaning\checkpoints\best.pt,ppo,7000,C:\Users\erich\Documents\AFRL\Algebraic-Connectivity-Optimization-CDC2026\lite_trials\lite_config.yaml,full,32,0.784946236559,4,396,396,0.7849462365591398,365,0.7709020040805551,24.668864130577763,0.47031240000069374,0.47031240000069374,0.47031240000069374,path,path,path,31,0.0,0.0,False,,,False,1,path,64,4,RL+Path,4
best,C:\Users\erich\Documents\AFRL\Algebraic-Connectivity-Optimization-CDC2026\lite_trials\sweep\resistance_leaning\checkpoints\best.pt,ppo,7000,C:\Users\erich\Documents\AFRL\Algebraic-Connectivity-Optimization-CDC2026\lite_trials\lite_config.yaml,full,32,0.855913978495,0,429,429,0.8559139784946237,398,0.8901819745095078,28.485823184304248,0.5263927999985754,0.5263927999985754,0.5263927999985754,path,path,path,31,0.0,0.0,False,,,False,1,path,64,4,RL+Path,0
best,C:\Users\erich\Documents\AFRL\Algebraic-Connectivity-Optimization-CDC2026\lite_trials\sweep\resistance_leaning\checkpoints\best.pt,ppo,7000,C:\Users\erich\Documents\AFRL\Algebraic-Connectivity-Optimization-CDC2026\lite_trials\lite_config.yaml,full,32,0.855913978495,1,429,429,0.8559139784946237,398,0.8901819745095078,28.485823184304248,0.536973799999032,0.536973799999032,0.536973799999032,path,path,path,31,0.0,0.0,False,,,False,1,path,64,4,RL+Path,1
best,C:\Users\erich\Documents\AFRL\Algebraic-Connectivity-Optimization-CDC2026\lite_trials\sweep\resistance_leaning\checkpoints\best.pt,ppo,7000,C:\Users\erich\Documents\AFRL\Algebraic-Connectivity-Optimization-CDC2026\lite_trials\lite_config.yaml,full,32,0.855913978495,2,429,429,0.8559139784946237,398,0.8901819745095078,28.485823184304248,0.5224775999995472,0.5224775999995472,0.5224775999995472,path,path,path,31,0.0,0.0,False,,,False,1,path,64,4,RL+Path,2
best,C:\Users\erich\Documents\AFRL\Algebraic-Connectivity-Optimization-CDC2026\lite_trials\sweep\resistance_leaning\checkpoints\best.pt,ppo,7000,C:\Users\erich\Documents\AFRL\Algebraic-Connectivity-Optimization-CDC2026\lite_trials\lite_config.yaml,full,32,0.855913978495,3,429,429,0.8559139784946237,398,0.8901819745095078,28.485823184304248,0.5254990000012185,0.5254990000012185,0.5254990000012185,path,path,path,31,0.0,0.0,False,,,False,1,path,64,4,RL+Path,3
best,C:\Users\erich\Documents\AFRL\Algebraic-Connectivity-Optimization-CDC2026\lite_trials\sweep\resistance_leaning\checkpoints\best.pt,ppo,7000,C:\Users\erich\Documents\AFRL\Algebraic-Connectivity-Optimization-CDC2026\lite_trials\lite_config.yaml,full,32,0.855913978495,4,429,429,0.8559139784946237,398,0.8901819745095078,28.485823184304248,0.5406285999997635,0.5406285999997635,0.5406285999997635,path,path,path,31,0.0,0.0,False,,,False,1,path,64,4,RL+Path,4
best,C:\Users\erich\Documents\AFRL\Algebraic-Connectivity-Optimization-CDC2026\lite_trials\sweep\resistance_leaning\checkpoints\best.pt,ppo,7000,C:\Users\erich\Documents\AFRL\Algebraic-Connectivity-Optimization-CDC2026\lite_trials\lite_config.yaml,full,32,0.92688172043,0,462,462,0.9268817204301075,431,0.9641321039535955,30.852227326515056,0.5616528999998991,0.5616528999998991,0.5616528999998991,path,path,path,31,0.0,0.0,False,,,False,1,path,64,4,RL+Path,0
best,C:\Users\erich\Documents\AFRL\Algebraic-Connectivity-Optimization-CDC2026\lite_trials\sweep\resistance_leaning\checkpoints\best.pt,ppo,7000,C:\Users\erich\Documents\AFRL\Algebraic-Connectivity-Optimization-CDC2026\lite_trials\lite_config.yaml,full,32,0.92688172043,1,462,462,0.9268817204301075,431,0.9641321039535955,30.852227326515056,0.5766746000008425,0.5766746000008425,0.5766746000008425,path,path,path,31,0.0,0.0,False,,,False,1,path,64,4,RL+Path,1
best,C:\Users\erich\Documents\AFRL\Algebraic-Connectivity-Optimization-CDC2026\lite_trials\sweep\resistance_leaning\checkpoints\best.pt,ppo,7000,C:\Users\erich\Documents\AFRL\Algebraic-Connectivity-Optimization-CDC2026\lite_trials\lite_config.yaml,full,32,0.92688172043,2,462,462,0.9268817204301075,431,0.9641321039535955,30.852227326515056,0.5787854999998672,0.5787854999998672,0.5787854999998672,path,path,path,31,0.0,0.0,False,,,False,1,path,64,4,RL+Path,2
best,C:\Users\erich\Documents\AFRL\Algebraic-Connectivity-Optimization-CDC2026\lite_trials\sweep\resistance_leaning\checkpoints\best.pt,ppo,7000,C:\Users\erich\Documents\AFRL\Algebraic-Connectivity-Optimization-CDC2026\lite_trials\lite_config.yaml,full,32,0.92688172043,3,462,462,0.9268817204301075,431,0.9641321039535955,30.852227326515056,0.577070499999536,0.577070499999536,0.577070499999536,path,path,path,31,0.0,0.0,False,,,False,1,path,64,4,RL+Path,3
best,C:\Users\erich\Documents\AFRL\Algebraic-Connectivity-Optimization-CDC2026\lite_trials\sweep\resistance_leaning\checkpoints\best.pt,ppo,7000,C:\Users\erich\Documents\AFRL\Algebraic-Connectivity-Optimization-CDC2026\lite_trials\lite_config.yaml,full,32,0.92688172043,4,462,462,0.9268817204301075,431,0.9641321039535955,30.852227326515056,0.5969655999997485,0.5969655999997485,0.5969655999997485,path,path,path,31,0.0,0.0,False,,,False,1,path,64,4,RL+Path,4
best,C:\Users\erich\Documents\AFRL\Algebraic-Connectivity-Optimization-CDC2026\lite_trials\sweep\resistance_leaning\checkpoints\best.pt,ppo,7000,C:\Users\erich\Documents\AFRL\Algebraic-Connectivity-Optimization-CDC2026\lite_trials\lite_config.yaml,full,32,0.997849462366,0,495,495,0.9978494623655914,464,0.9640861767787593,30.850757656920297,0.6467169000006834,0.6467169000006834,0.6467169000006834,path,path,path,31,0.0,0.0,False,,,False,1,path,64,4,RL+Path,0
best,C:\Users\erich\Documents\AFRL\Algebraic-Connectivity-Optimization-CDC2026\lite_trials\sweep\resistance_leaning\checkpoints\best.pt,ppo,7000,C:\Users\erich\Documents\AFRL\Algebraic-Connectivity-Optimization-CDC2026\lite_trials\lite_config.yaml,full,32,0.997849462366,1,495,495,0.9978494623655914,464,0.9640861767787593,30.850757656920297,0.6333128999995097,0.6333128999995097,0.6333128999995097,path,path,path,31,0.0,0.0,False,,,False,1,path,64,4,RL+Path,1
best,C:\Users\erich\Documents\AFRL\Algebraic-Connectivity-Optimization-CDC2026\lite_trials\sweep\resistance_leaning\checkpoints\best.pt,ppo,7000,C:\Users\erich\Documents\AFRL\Algebraic-Connectivity-Optimization-CDC2026\lite_trials\lite_config.yaml,full,32,0.997849462366,2,495,495,0.9978494623655914,464,0.9640861767787593,30.850757656920297,0.635147599999982,0.635147599999982,0.635147599999982,path,path,path,31,0.0,0.0,False,,,False,1,path,64,4,RL+Path,2
best,C:\Users\erich\Documents\AFRL\Algebraic-Connectivity-Optimization-CDC2026\lite_trials\sweep\resistance_leaning\checkpoints\best.pt,ppo,7000,C:\Users\erich\Documents\AFRL\Algebraic-Connectivity-Optimization-CDC2026\lite_trials\lite_config.yaml,full,32,0.997849462366,3,495,495,0.9978494623655914,464,0.9640861767787593,30.850757656920297,0.6208576999997604,0.6208576999997604,0.6208576999997604,path,path,path,31,0.0,0.0,False,,,False,1,path,64,4,RL+Path,3
best,C:\Users\erich\Documents\AFRL\Algebraic-Connectivity-Optimization-CDC2026\lite_trials\sweep\resistance_leaning\checkpoints\best.pt,ppo,7000,C:\Users\erich\Documents\AFRL\Algebraic-Connectivity-Optimization-CDC2026\lite_trials\lite_config.yaml,full,32,0.997849462366,4,495,495,0.9978494623655914,464,0.9640861767787593,30.850757656920297,0.6382143999999244,0.6382143999999244,0.6382143999999244,path,path,path,31,0.0,0.0,False,,,False,1,path,64,4,RL+Path,4
best,C:\Users\erich\Documents\AFRL\Algebraic-Connectivity-Optimization-CDC2026\lite_trials\sweep\resistance_leaning\checkpoints\best.pt,ppo,7000,C:\Users\erich\Documents\AFRL\Algebraic-Connectivity-Optimization-CDC2026\lite_trials\lite_config.yaml,full,32,0.002150537634,0,32,32,0.002150537634408602,1,0.03124999999999995,0.9999999999999984,0.003289000000222586,0.003289000000222586,0.003756400001293514,backbone,envelope_only,envelope,31,1.0,0.00046740000107092783,False,,,False,1,envelope,64,4,RL+Backbone,0
best,C:\Users\erich\Documents\AFRL\Algebraic-Connectivity-Optimization-CDC2026\lite_trials\sweep\resistance_leaning\checkpoints\best.pt,ppo,7000,C:\Users\erich\Documents\AFRL\Algebraic-Connectivity-Optimization-CDC2026\lite_trials\lite_config.yaml,full,32,0.002150537634,1,32,32,0.002150537634408602,1,0.03124999999999995,0.9999999999999984,0.0010028999986388953,0.0010028999986388953,0.001123499998357147,backbone,envelope_only,envelope,31,1.0,0.00012059999971825164,False,,,False,1,envelope,64,4,RL+Backbone,1
best,C:\Users\erich\Documents\AFRL\Algebraic-Connectivity-Optimization-CDC2026\lite_trials\sweep\resistance_leaning\checkpoints\best.pt,ppo,7000,C:\Users\erich\Documents\AFRL\Algebraic-Connectivity-Optimization-CDC2026\lite_trials\lite_config.yaml,full,32,0.002150537634,2,32,32,0.002150537634408602,1,0.03124999999999995,0.9999999999999984,0.0011140999995404854,0.0011140999995404854,0.0012076000002707588,backbone,envelope_only,envelope,31,1.0,9.350000073027331e-05,False,,,False,1,envelope,64,4,RL+Backbone,2
best,C:\Users\erich\Documents\AFRL\Algebraic-Connectivity-Optimization-CDC2026\lite_trials\sweep\resistance_leaning\checkpoints\best.pt,ppo,7000,C:\Users\erich\Documents\AFRL\Algebraic-Connectivity-Optimization-CDC2026\lite_trials\lite_config.yaml,full,32,0.002150537634,3,32,32,0.002150537634408602,1,0.03124999999999995,0.9999999999999984,0.0015084999995451653,0.0015084999995451653,0.0016166000004886882,backbone,envelope_only,envelope,31,1.0,0.0001081000009435229,False,,,False,1,envelope,64,4,RL+Backbone,3
best,C:\Users\erich\Documents\AFRL\Algebraic-Connectivity-Optimization-CDC2026\lite_trials\sweep\resistance_leaning\checkpoints\best.pt,ppo,7000,C:\Users\erich\Documents\AFRL\Algebraic-Connectivity-Optimization-CDC2026\lite_trials\lite_config.yaml,full,32,0.002150537634,4,32,32,0.002150537634408602,1,0.03124999999999995,0.9999999999999984,0.0010653000008460367,0.0010653000008460367,0.0011855000011564698,backbone,envelope_only,envelope,31,1.0,0.0001202000003104331,False,,,False,1,envelope,64,4,RL+Backbone,4
best,C:\Users\erich\Documents\AFRL\Algebraic-Connectivity-Optimization-CDC2026\lite_trials\sweep\resistance_leaning\checkpoints\best.pt,ppo,7000,C:\Users\erich\Documents\AFRL\Algebraic-Connectivity-Optimization-CDC2026\lite_trials\lite_config.yaml,full,32,0.07311827957,0,65,65,0.07311827956989247,5,0.1876881431349969,6.006020580319901,0.0044940000007045455,0.0044940000007045455,0.00863289999870176,backbone,both,envelope,60,2.0,0.007392799998342525,False,,,True,2,"cayley,envelope",64,4,RL+Backbone,0
best,C:\Users\erich\Documents\AFRL\Algebraic-Connectivity-Optimization-CDC2026\lite_trials\sweep\resistance_leaning\checkpoints\best.pt,ppo,7000,C:\Users\erich\Documents\AFRL\Algebraic-Connectivity-Optimization-CDC2026\lite_trials\lite_config.yaml,full,32,0.07311827957,1,65,65,0.07311827956989247,5,0.1876881431349969,6.006020580319901,0.0044928999996045604,0.0044928999996045604,0.007194699997853604,backbone,both,envelope,60,2.0,0.006156699999337434,False,,,True,2,"cayley,envelope",64,4,RL+Backbone,1
best,C:\Users\erich\Documents\AFRL\Algebraic-Connectivity-Optimization-CDC2026\lite_trials\sweep\resistance_leaning\checkpoints\best.pt,ppo,7000,C:\Users\erich\Documents\AFRL\Algebraic-Connectivity-Optimization-CDC2026\lite_trials\lite_config.yaml,full,32,0.07311827957,2,65,65,0.07311827956989247,5,0.1876881431349969,6.006020580319901,0.004694799999924726,0.004694799999924726,0.007114600000932114,backbone,both,envelope,60,2.0,0.005960500000583124,False,,,True,2,"cayley,envelope",64,4,RL+Backbone,2
best,C:\Users\erich\Documents\AFRL\Algebraic-Connectivity-Optimization-CDC2026\lite_trials\sweep\resistance_leaning\checkpoints\best.pt,ppo,7000,C:\Users\erich\Documents\AFRL\Algebraic-Connectivity-Optimization-CDC2026\lite_trials\lite_config.yaml,full,32,0.07311827957,3,65,65,0.07311827956989247,5,0.1876881431349969,6.006020580319901,0.004510599999775877,0.004510599999775877,0.006865500001367764,backbone,both,envelope,60,2.0,0.005846800000654184,False,,,True,2,"cayley,envelope",64,4,RL+Backbone,3
best,C:\Users\erich\Documents\AFRL\Algebraic-Connectivity-Optimization-CDC2026\lite_trials\sweep\resistance_leaning\checkpoints\best.pt,ppo,7000,C:\Users\erich\Documents\AFRL\Algebraic-Connectivity-Optimization-CDC2026\lite_trials\lite_config.yaml,full,32,0.07311827957,4,65,65,0.07311827956989247,5,0.1876881431349969,6.006020580319901,0.00474459999895771,0.00474459999895771,0.006955599998036632,backbone,both,envelope,60,2.0,0.005926299998463946,False,,,True,2,"cayley,envelope",64,4,RL+Backbone,4
best,C:\Users\erich\Documents\AFRL\Algebraic-Connectivity-Optimization-CDC2026\lite_trials\sweep\resistance_leaning\checkpoints\best.pt,ppo,7000,C:\Users\erich\Documents\AFRL\Algebraic-Connectivity-Optimization-CDC2026\lite_trials\lite_config.yaml,full,32,0.144086021505,0,98,98,0.14408602150537633,2,0.1106439969947246,3.5406079038311873,0.0023163000005297363,0.0023163000005297363,0.00995619999957853,backbone,cayley_only,cayley,96,3.386874070247247,0.007639899999048794,False,2,,False,1,cayley,64,4,RL+Backbone,0
best,C:\Users\erich\Documents\AFRL\Algebraic-Connectivity-Optimization-CDC2026\lite_trials\sweep\resistance_leaning\checkpoints\best.pt,ppo,7000,C:\Users\erich\Documents\AFRL\Algebraic-Connectivity-Optimization-CDC2026\lite_trials\lite_config.yaml,full,32,0.144086021505,1,98,98,0.14408602150537633,2,0.119913736002489,3.837239552079648,0.0029239000014058547,0.0029239000014058547,0.013015800001085154,backbone,cayley_only,cayley,96,3.3868740702472473,0.010091899999679299,False,2,,False,1,cayley,64,4,RL+Backbone,1
best,C:\Users\erich\Documents\AFRL\Algebraic-Connectivity-Optimization-CDC2026\lite_trials\sweep\resistance_leaning\checkpoints\best.pt,ppo,7000,C:\Users\erich\Documents\AFRL\Algebraic-Connectivity-Optimization-CDC2026\lite_trials\lite_config.yaml,full,32,0.144086021505,2,98,98,0.14408602150537633,2,0.1106439969947246,3.5406079038311873,0.0024944999986473704,0.0024944999986473704,0.0101182999987941,backbone,cayley_only,cayley,96,3.386874070247247,0.00762380000014673,False,2,,False,1,cayley,64,4,RL+Backbone,2
best,C:\Users\erich\Documents\AFRL\Algebraic-Connectivity-Optimization-CDC2026\lite_trials\sweep\resistance_leaning\checkpoints\best.pt,ppo,7000,C:\Users\erich\Documents\AFRL\Algebraic-Connectivity-Optimization-CDC2026\lite_trials\lite_config.yaml,full,32,0.144086021505,3,98,98,0.14408602150537633,2,0.1106439969947246,3.5406079038311873,0.0020760999996127794,0.0020760999996127794,0.010257500000079744,backbone,cayley_only,cayley,96,3.386874070247247,0.008181400000466965,False,2,,False,1,cayley,64,4,RL+Backbone,3
best,C:\Users\erich\Documents\AFRL\Algebraic-Connectivity-Optimization-CDC2026\lite_trials\sweep\resistance_leaning\checkpoints\best.pt,ppo,7000,C:\Users\erich\Documents\AFRL\Algebraic-Connectivity-Optimization-CDC2026\lite_trials\lite_config.yaml,full,32,0.144086021505,4,98,98,0.14408602150537633,2,0.112187739083731,3.590007650679392,0.002384699999311124,0.002384699999311124,0.009996599999794853,backbone,cayley_only,cayley,96,3.3868740702472473,0.007611900000483729,False,2,,False,1,cayley,64,4,RL+Backbone,4
best,C:\Users\erich\Documents\AFRL\Algebraic-Connectivity-Optimization-CDC2026\lite_trials\sweep\resistance_leaning\checkpoints\best.pt,ppo,7000,C:\Users\erich\Documents\AFRL\Algebraic-Connectivity-Optimization-CDC2026\lite_trials\lite_config.yaml,full,32,0.215053763441,0,131,131,0.21505376344086022,3,0.1618568277062051,5.179418486598563,0.00340420000065933,0.00340420000065933,0.0117660000014439,backbone,cayley_only,cayley,128,5.171572875253809,0.00836180000078457,False,2,,False,1,cayley,64,4,RL+Backbone,0
best,C:\Users\erich\Documents\AFRL\Algebraic-Connectivity-Optimization-CDC2026\lite_trials\sweep\resistance_leaning\checkpoints\best.pt,ppo,7000,C:\Users\erich\Documents\AFRL\Algebraic-Connectivity-Optimization-CDC2026\lite_trials\lite_config.yaml,full,32,0.215053763441,1,131,131,0.21505376344086022,3,0.16696944299614105,5.343022175876514,0.003494799999316456,0.003494799999316456,0.01174419999915699,backbone,cayley_only,cayley,128,5.171572875253811,0.008249399999840534,False,2,,False,1,cayley,64,4,RL+Backbone,1
best,C:\Users\erich\Documents\AFRL\Algebraic-Connectivity-Optimization-CDC2026\lite_trials\sweep\resistance_leaning\checkpoints\best.pt,ppo,7000,C:\Users\erich\Documents\AFRL\Algebraic-Connectivity-Optimization-CDC2026\lite_trials\lite_config.yaml,full,32,0.215053763441,2,131,131,0.21505376344086022,3,0.1873449512234342,5.995038439149894,0.003458199998931377,0.003458199998931377,0.011596099997404963,backbone,cayley_only,cayley,128,5.171572875253808,0.008137899998473586,False,2,,False,1,cayley,64,4,RL+Backbone,2
best,C:\Users\erich\Documents\AFRL\Algebraic-Connectivity-Optimization-CDC2026\lite_trials\sweep\resistance_leaning\checkpoints\best.pt,ppo,7000,C:\Users\erich\Documents\AFRL\Algebraic-Connectivity-Optimization-CDC2026\lite_trials\lite_config.yaml,full,32,0.215053763441,3,131,131,0.21505376344086022,3,0.17299246206000593,5.53575878592019,0.003203199999916251,0.003203199999916251,0.011442799999713316,backbone,cayley_only,cayley,128,5.171572875253809,0.008239599999797065,False,2,,False,1,cayley,64,4,RL+Backbone,3
best,C:\Users\erich\Documents\AFRL\Algebraic-Connectivity-Optimization-CDC2026\lite_trials\sweep\resistance_leaning\checkpoints\best.pt,ppo,7000,C:\Users\erich\Documents\AFRL\Algebraic-Connectivity-Optimization-CDC2026\lite_trials\lite_config.yaml,full,32,0.215053763441,4,131,131,0.21505376344086022,3,0.16161165235168146,5.171572875253807,0.003421500001422828,0.003421500001422828,0.011444800000390387,backbone,cayley_only,cayley,128,5.17157287525381,0.008023299998967559,False,2,,False,1,cayley,64,4,RL+Backbone,4
best,C:\Users\erich\Documents\AFRL\Algebraic-Connectivity-Optimization-CDC2026\lite_trials\sweep\resistance_leaning\checkpoints\best.pt,ppo,7000,C:\Users\erich\Documents\AFRL\Algebraic-Connectivity-Optimization-CDC2026\lite_trials\lite_config.yaml,full,32,0.286021505376,0,164,164,0.2860215053763441,4,0.25550700801543197,8.176224256493823,0.0049140999999508495,0.0049140999999508495,0.012916199999381206,backbone,cayley_only,cayley,160,7.386874070247248,0.008002099999430357,False,2,,False,1,cayley,64,4,RL+Backbone,0
best,C:\Users\erich\Documents\AFRL\Algebraic-Connectivity-Optimization-CDC2026\lite_trials\sweep\resistance_leaning\checkpoints\best.pt,ppo,7000,C:\Users\erich\Documents\AFRL\Algebraic-Connectivity-Optimization-CDC2026\lite_trials\lite_config.yaml,full,32,0.286021505376,1,164,164,0.2860215053763441,4,0.2692178817747009,8.614972216790429,0.005125799998495495,0.005125799998495495,0.013759199999185512,backbone,cayley_only,cayley,160,7.386874070247249,0.008633400000690017,False,2,,False,1,cayley,64,4,RL+Backbone,1
best,C:\Users\erich\Documents\AFRL\Algebraic-Connectivity-Optimization-CDC2026\lite_trials\sweep\resistance_leaning\checkpoints\best.pt,ppo,7000,C:\Users\erich\Documents\AFRL\Algebraic-Connectivity-Optimization-CDC2026\lite_trials\lite_config.yaml,full,32,0.286021505376,2,164,164,0.2860215053763441,4,0.2692178817747009,8.614972216790429,0.004225000000587897,0.004225000000587897,0.012221200000567478,backbone,cayley_only,cayley,160,7.386874070247249,0.00799619999997958,False,2,,False,1,cayley,64,4,RL+Backbone,2
best,C:\Users\erich\Documents\AFRL\Algebraic-Connectivity-Optimization-CDC2026\lite_trials\sweep\resistance_leaning\checkpoints\best.pt,ppo,7000,C:\Users\erich\Documents\AFRL\Algebraic-Connectivity-Optimization-CDC2026\lite_trials\lite_config.yaml,full,32,0.286021505376,3,164,164,0.2860215053763441,4,0.26154842143875767,8.369549486040246,0.004453100000318955,0.004453100000318955,0.012726700000712299,backbone,cayley_only,cayley,160,7.386874070247247,0.008273600000393344,False,2,,False,1,cayley,64,4,RL+Backbone,3
best,C:\Users\erich\Documents\AFRL\Algebraic-Connectivity-Optimization-CDC2026\lite_trials\sweep\resistance_leaning\checkpoints\best.pt,ppo,7000,C:\Users\erich\Documents\AFRL\Algebraic-Connectivity-Optimization-CDC2026\lite_trials\lite_config.yaml,full,32,0.286021505376,4,164,164,0.2860215053763441,4,0.25550700801543197,8.176224256493823,0.004126600000745384,0.004126600000745384,0.012333900001976872,backbone,cayley_only,cayley,160,7.386874070247248,0.008207300001231488,False,2,,False,1,cayley,64,4,RL+Backbone,4
best,C:\Users\erich\Documents\AFRL\Algebraic-Connectivity-Optimization-CDC2026\lite_trials\sweep\resistance_leaning\checkpoints\best.pt,ppo,7000,C:\Users\erich\Documents\AFRL\Algebraic-Connectivity-Optimization-CDC2026\lite_trials\lite_config.yaml,full,32,0.356989247312,0,197,197,0.35698924731182796,5,0.29845344553802566,9.550510257216821,0.0069602000003214926,0.0069602000003214926,0.01525720000063302,backbone,cayley_only,cayley,192,9.550510257216825,0.008297000000311527,False,2,,False,1,cayley,64,4,RL+Backbone,0
best,C:\Users\erich\Documents\AFRL\Algebraic-Connectivity-Optimization-CDC2026\lite_trials\sweep\resistance_leaning\checkpoints\best.pt,ppo,7000,C:\Users\erich\Documents\AFRL\Algebraic-Connectivity-Optimization-CDC2026\lite_trials\lite_config.yaml,full,32,0.356989247312,1,197,197,0.35698924731182796,5,0.29845344553802566,9.550510257216821,0.006350199999360484,0.006350199999360484,0.015263099998264806,backbone,cayley_only,cayley,192,9.550510257216825,0.008912899998904322,False,2,,False,1,cayley,64,4,RL+Backbone,1
best,C:\Users\erich\Documents\AFRL\Algebraic-Connectivity-Optimization-CDC2026\lite_trials\sweep\resistance_leaning\checkpoints\best.pt,ppo,7000,C:\Users\erich\Documents\AFRL\Algebraic-Connectivity-Optimization-CDC2026\lite_trials\lite_config.yaml,full,32,0.356989247312,2,197,197,0.35698924731182796,5,0.29845344553802566,9.550510257216821,0.005494400000316091,0.005494400000316091,0.013853500000550412,backbone,cayley_only,cayley,192,9.550510257216825,0.00835910000023432,False,2,,False,1,cayley,64,4,RL+Backbone,2
best,C:\Users\erich\Documents\AFRL\Algebraic-Connectivity-Optimization-CDC2026\lite_trials\sweep\resistance_leaning\checkpoints\best.pt,ppo,7000,C:\Users\erich\Documents\AFRL\Algebraic-Connectivity-Optimization-CDC2026\lite_trials\lite_config.yaml,full,32,0.356989247312,3,197,197,0.35698924731182796,5,0.29845344553802566,9.550510257216821,0.0074202999985573115,0.0074202999985573115,0.014327400000183843,backbone,cayley_only,cayley,192,9.550510257216825,0.006907100001626532,False,2,,False,1,cayley,64,4,RL+Backbone,3
best,C:\Users\erich\Documents\AFRL\Algebraic-Connectivity-Optimization-CDC2026\lite_trials\sweep\resistance_leaning\checkpoints\best.pt,ppo,7000,C:\Users\erich\Documents\AFRL\Algebraic-Connectivity-Optimization-CDC2026\lite_trials\lite_config.yaml,full,32,0.356989247312,4,197,197,0.35698924731182796,5,0.2984534455380254,9.550510257216812,0.006991599999309983,0.006991599999309983,0.015625899999577086,backbone,cayley_only,cayley,192,9.550510257216823,0.008634300000267103,False,2,,False,1,cayley,64,4,RL+Backbone,4
best,C:\Users\erich\Documents\AFRL\Algebraic-Connectivity-Optimization-CDC2026\lite_trials\sweep\resistance_leaning\checkpoints\best.pt,ppo,7000,C:\Users\erich\Documents\AFRL\Algebraic-Connectivity-Optimization-CDC2026\lite_trials\lite_config.yaml,full,32,0.427956989247,0,230,230,0.42795698924731185,6,0.398437500000001,12.750000000000032,0.008536499999536318,0.008536499999536318,0.01378149999800371,backbone,cayley_only,cayley,224,12.000000000000007,0.005244999998467392,False,2,,False,1,cayley,64,4,RL+Backbone,0
best,C:\Users\erich\Documents\AFRL\Algebraic-Connectivity-Optimization-CDC2026\lite_trials\sweep\resistance_leaning\checkpoints\best.pt,ppo,7000,C:\Users\erich\Documents\AFRL\Algebraic-Connectivity-Optimization-CDC2026\lite_trials\lite_config.yaml,full,32,0.427956989247,1,230,230,0.42795698924731185,6,0.398437500000001,12.750000000000032,0.00822859999971115,0.00822859999971115,0.014430400000492227,backbone,cayley_only,cayley,224,12.000000000000007,0.006201800000781077,False,2,,False,1,cayley,64,4,RL+Backbone,1
best,C:\Users\erich\Documents\AFRL\Algebraic-Connectivity-Optimization-CDC2026\lite_trials\sweep\resistance_leaning\checkpoints\best.pt,ppo,7000,C:\Users\erich\Documents\AFRL\Algebraic-Connectivity-Optimization-CDC2026\lite_trials\lite_config.yaml,full,32,0.427956989247,2,230,230,0.42795698924731185,6,0.398437500000001,12.750000000000032,0.008363299999473384,0.008363299999473384,0.012110199999369797,backbone,cayley_only,cayley,224,12.000000000000007,0.0037468999998964136,False,2,,False,1,cayley,64,4,RL+Backbone,2
best,C:\Users\erich\Documents\AFRL\Algebraic-Connectivity-Optimization-CDC2026\lite_trials\sweep\resistance_leaning\checkpoints\best.pt,ppo,7000,C:\Users\erich\Documents\AFRL\Algebraic-Connectivity-Optimization-CDC2026\lite_trials\lite_config.yaml,full,32,0.427956989247,3,230,230,0.42795698924731185,6,0.398437500000001,12.750000000000032,0.00868810000065423,0.00868810000065423,0.013748500001383945,backbone,cayley_only,cayley,224,12.000000000000007,0.0050604000007297145,False,2,,False,1,cayley,64,4,RL+Backbone,3
best,C:\Users\erich\Documents\AFRL\Algebraic-Connectivity-Optimization-CDC2026\lite_trials\sweep\resistance_leaning\checkpoints\best.pt,ppo,7000,C:\Users\erich\Documents\AFRL\Algebraic-Connectivity-Optimization-CDC2026\lite_trials\lite_config.yaml,full,32,0.427956989247,4,230,230,0.42795698924731185,6,0.398437500000001,12.750000000000032,0.008069800000157556,0.008069800000157556,0.013214100001277984,backbone,cayley_only,cayley,224,12.000000000000007,0.005144300001120428,False,2,,False,1,cayley,64,4,RL+Backbone,4
best,C:\Users\erich\Documents\AFRL\Algebraic-Connectivity-Optimization-CDC2026\lite_trials\sweep\resistance_leaning\checkpoints\best.pt,ppo,7000,C:\Users\erich\Documents\AFRL\Algebraic-Connectivity-Optimization-CDC2026\lite_trials\lite_config.yaml,full,32,0.501075268817,0,264,264,0.5010752688172043,8,0.6175668913099476,19.762140521918322,0.01229599999896891,0.01229599999896891,0.02677889999904437,backbone,both,envelope,256,16.0,0.01448290000007546,False,,,True,2,"cayley,envelope",64,4,RL+Backbone,0
best,C:\Users\erich\Documents\AFRL\Algebraic-Connectivity-Optimization-CDC2026\lite_trials\sweep\resistance_leaning\checkpoints\best.pt,ppo,7000,C:\Users\erich\Documents\AFRL\Algebraic-Connectivity-Optimization-CDC2026\lite_trials\lite_config.yaml,full,32,0.501075268817,1,264,264,0.5010752688172043,8,0.6175668913099476,19.762140521918322,0.012224500000229455,0.012224500000229455,0.026294000001144013,backbone,both,envelope,256,16.0,0.014069500000914559,False,,,True,2,"cayley,envelope",64,4,RL+Backbone,1
best,C:\Users\erich\Documents\AFRL\Algebraic-Connectivity-Optimization-CDC2026\lite_trials\sweep\resistance_leaning\checkpoints\best.pt,ppo,7000,C:\Users\erich\Documents\AFRL\Algebraic-Connectivity-Optimization-CDC2026\lite_trials\lite_config.yaml,full,32,0.501075268817,2,264,264,0.5010752688172043,8,0.6175668913099476,19.762140521918322,0.012541299998702016,0.012541299998702016,0.026388300000689924,backbone,both,envelope,256,16.0,0.0141395000009652,False,,,True,2,"cayley,envelope",64,4,RL+Backbone,2
best,C:\Users\erich\Documents\AFRL\Algebraic-Connectivity-Optimization-CDC2026\lite_trials\sweep\resistance_leaning\checkpoints\best.pt,ppo,7000,C:\Users\erich\Documents\AFRL\Algebraic-Connectivity-Optimization-CDC2026\lite_trials\lite_config.yaml,full,32,0.501075268817,3,264,264,0.5010752688172043,8,0.6175668913099476,19.762140521918322,0.01232029999846418,0.01232029999846418,0.026313299997127615,backbone,both,envelope,256,16.0,0.014264599998568883,False,,,True,2,"cayley,envelope",64,4,RL+Backbone,3
best,C:\Users\erich\Documents\AFRL\Algebraic-Connectivity-Optimization-CDC2026\lite_trials\sweep\resistance_leaning\checkpoints\best.pt,ppo,7000,C:\Users\erich\Documents\AFRL\Algebraic-Connectivity-Optimization-CDC2026\lite_trials\lite_config.yaml,full,32,0.501075268817,4,264,264,0.5010752688172043,8,0.6175668913099476,19.762140521918322,0.010585599999103579,0.010585599999103579,0.023318199999266653,backbone,both,envelope,256,16.0,0.012732600000163075,False,,,True,2,"cayley,envelope",64,4,RL+Backbone,4
best,C:\Users\erich\Documents\AFRL\Algebraic-Connectivity-Optimization-CDC2026\lite_trials\sweep\resistance_leaning\checkpoints\best.pt,ppo,7000,C:\Users\erich\Documents\AFRL\Algebraic-Connectivity-Optimization-CDC2026\lite_trials\lite_config.yaml,full,32,0.572043010753,0,297,297,0.5720430107526882,12,0.5786945338951889,18.518225084646044,0.014819099998931051,0.014819099998931051,0.01980329999969399,backbone,both,envelope,285,17.0,0.0071613000000070315,False,,,True,2,"cayley,envelope",64,4,RL+Backbone,0
best,C:\Users\erich\Documents\AFRL\Algebraic-Connectivity-Optimization-CDC2026\lite_trials\sweep\resistance_leaning\checkpoints\best.pt,ppo,7000,C:\Users\erich\Documents\AFRL\Algebraic-Connectivity-Optimization-CDC2026\lite_trials\lite_config.yaml,full,32,0.572043010753,1,297,297,0.5720430107526882,12,0.5786945338951889,18.518225084646044,0.017673199999990175,0.017673199999990175,0.021670599999197293,backbone,both,envelope,285,17.0,0.007537199999205768,False,,,True,2,"cayley,envelope",64,4,RL+Backbone,1
best,C:\Users\erich\Documents\AFRL\Algebraic-Connectivity-Optimization-CDC2026\lite_trials\sweep\resistance_leaning\checkpoints\best.pt,ppo,7000,C:\Users\erich\Documents\AFRL\Algebraic-Connectivity-Optimization-CDC2026\lite_trials\lite_config.yaml,full,32,0.572043010753,2,297,297,0.5720430107526882,12,0.5786945338951889,18.518225084646044,0.01916470000105619,0.01916470000105619,0.02047359999960463,backbone,both,envelope,285,17.0,0.009609599999748752,False,,,True,2,"cayley,envelope",64,4,RL+Backbone,2
best,C:\Users\erich\Documents\AFRL\Algebraic-Connectivity-Optimization-CDC2026\lite_trials\sweep\resistance_leaning\checkpoints\best.pt,ppo,7000,C:\Users\erich\Documents\AFRL\Algebraic-Connectivity-Optimization-CDC2026\lite_trials\lite_config.yaml,full,32,0.572043010753,3,297,297,0.5720430107526882,12,0.5786945338951889,18.518225084646044,0.01696529999935592,0.01696529999935592,0.02225650000036694,backbone,both,envelope,285,17.0,0.009932599999956437,False,,,True,2,"cayley,envelope",64,4,RL+Backbone,3
best,C:\Users\erich\Documents\AFRL\Algebraic-Connectivity-Optimization-CDC2026\lite_trials\sweep\resistance_leaning\checkpoints\best.pt,ppo,7000,C:\Users\erich\Documents\AFRL\Algebraic-Connectivity-Optimization-CDC2026\lite_trials\lite_config.yaml,full,32,0.572043010753,4,297,297,0.5720430107526882,12,0.5786945338951889,18.518225084646044,0.017660299999988638,0.017660299999988638,0.0224119000013161,backbone,both,envelope,285,17.0,0.009938700000930112,False,,,True,2,"cayley,envelope",64,4,RL+Backbone,4
best,C:\Users\erich\Documents\AFRL\Algebraic-Connectivity-Optimization-CDC2026\lite_trials\sweep\resistance_leaning\checkpoints\best.pt,ppo,7000,C:\Users\erich\Documents\AFRL\Algebraic-Connectivity-Optimization-CDC2026\lite_trials\lite_config.yaml,full,32,0.643010752688,0,330,330,0.6430107526881721,20,0.706264409592417,22.600461106957344,0.03169590000106837,0.03169590000106837,0.03698240000085207,backbone,both,cayley,310,17.999999999999968,0.0052864999997837,False,3,,True,2,"cayley,envelope",64,4,RL+Backbone,0
best,C:\Users\erich\Documents\AFRL\Algebraic-Connectivity-Optimization-CDC2026\lite_trials\sweep\resistance_leaning\checkpoints\best.pt,ppo,7000,C:\Users\erich\Documents\AFRL\Algebraic-Connectivity-Optimization-CDC2026\lite_trials\lite_config.yaml,full,32,0.643010752688,1,330,330,0.6430107526881721,20,0.6944111400441897,22.22115648141407,0.03049269999974058,0.03049269999974058,0.03528980000010051,backbone,both,cayley,310,17.999999999999993,0.004797100000359933,False,3,,True,2,"cayley,envelope",64,4,RL+Backbone,1
best,C:\Users\erich\Documents\AFRL\Algebraic-Connectivity-Optimization-CDC2026\lite_trials\sweep\resistance_leaning\checkpoints\best.pt,ppo,7000,C:\Users\erich\Documents\AFRL\Algebraic-Connectivity-Optimization-CDC2026\lite_trials\lite_config.yaml,full,32,0.643010752688,2,330,330,0.6430107526881721,20,0.7133593396023239,22.827498867274365,0.03060840000034659,0.03060840000034659,0.034510200001022895,backbone,both,cayley,310,17.999999999999986,0.003901800000676303,False,3,,True,2,"cayley,envelope",64,4,RL+Backbone,2
best,C:\Users\erich\Documents\AFRL\Algebraic-Connectivity-Optimization-CDC2026\lite_trials\sweep\resistance_leaning\checkpoints\best.pt,ppo,7000,C:\Users\erich\Documents\AFRL\Algebraic-Connectivity-Optimization-CDC2026\lite_trials\lite_config.yaml,full,32,0.643010752688,3,330,330,0.6430107526881721,20,0.6817044170810906,21.8145413465949,0.032170799999221344,0.032170799999221344,0.03686789999846951,backbone,both,cayley,310,17.99999999999998,0.004697099999248167,False,3,,True,2,"cayley,envelope",64,4,RL+Backbone,3
best,C:\Users\erich\Documents\AFRL\Algebraic-Connectivity-Optimization-CDC2026\lite_trials\sweep\resistance_leaning\checkpoints\best.pt,ppo,7000,C:\Users\erich\Documents\AFRL\Algebraic-Connectivity-Optimization-CDC2026\lite_trials\lite_config.yaml,full,32,0.643010752688,4,330,330,0.6430107526881721,20,0.7183873315252032,22.9883946088065,0.026869199999055127,0.026869199999055127,0.03224959999897692,backbone,both,cayley,310,17.99999999999999,0.005380399999921792,False,3,,True,2,"cayley,envelope",64,4,RL+Backbone,4
best,C:\Users\erich\Documents\AFRL\Algebraic-Connectivity-Optimization-CDC2026\lite_trials\sweep\resistance_leaning\checkpoints\best.pt,ppo,7000,C:\Users\erich\Documents\AFRL\Algebraic-Connectivity-Optimization-CDC2026\lite_trials\lite_config.yaml,full,32,0.713978494624,0,363,363,0.7139784946236559,11,0.730321602611507,23.370291283568225,0.01979160000155389,0.01979160000155389,0.024607200000900775,backbone,both,cayley,352,20.152240934977424,0.004815599999346887,False,4,,True,2,"cayley,envelope",64,4,RL+Backbone,0
best,C:\Users\erich\Documents\AFRL\Algebraic-Connectivity-Optimization-CDC2026\lite_trials\sweep\resistance_leaning\checkpoints\best.pt,ppo,7000,C:\Users\erich\Documents\AFRL\Algebraic-Connectivity-Optimization-CDC2026\lite_trials\lite_config.yaml,full,32,0.713978494624,1,363,363,0.7139784946236559,11,0.730321602611507,23.370291283568225,0.017730999999912456,0.017730999999912456,0.022997600000962848,backbone,both,cayley,352,20.152240934977424,0.005266600001050392,False,4,,True,2,"cayley,envelope",64,4,RL+Backbone,1
best,C:\Users\erich\Documents\AFRL\Algebraic-Connectivity-Optimization-CDC2026\lite_trials\sweep\resistance_leaning\checkpoints\best.pt,ppo,7000,C:\Users\erich\Documents\AFRL\Algebraic-Connectivity-Optimization-CDC2026\lite_trials\lite_config.yaml,full,32,0.713978494624,2,363,363,0.7139784946236559,11,0.730321602611507,23.370291283568225,0.018265400000018417,0.018265400000018417,0.023518500000136555,backbone,both,cayley,352,20.152240934977424,0.005253100000118138,False,4,,True,2,"cayley,envelope",64,4,RL+Backbone,2
best,C:\Users\erich\Documents\AFRL\Algebraic-Connectivity-Optimization-CDC2026\lite_trials\sweep\resistance_leaning\checkpoints\best.pt,ppo,7000,C:\Users\erich\Documents\AFRL\Algebraic-Connectivity-Optimization-CDC2026\lite_trials\lite_config.yaml,full,32,0.713978494624,3,363,363,0.7139784946236559,11,0.730321602611507,23.370291283568225,0.013941699999122648,0.013941699999122648,0.01891099999920698,backbone,both,cayley,352,20.152240934977424,0.004969300000084331,False,4,,True,2,"cayley,envelope",64,4,RL+Backbone,3
best,C:\Users\erich\Documents\AFRL\Algebraic-Connectivity-Optimization-CDC2026\lite_trials\sweep\resistance_leaning\checkpoints\best.pt,ppo,7000,C:\Users\erich\Documents\AFRL\Algebraic-Connectivity-Optimization-CDC2026\lite_trials\lite_config.yaml,full,32,0.713978494624,4,363,363,0.7139784946236559,11,0.730321602611507,23.370291283568225,0.01753379999900062,0.01753379999900062,0.022074099999372265,backbone,both,cayley,352,20.152240934977424,0.004540300000371644,False,4,,True,2,"cayley,envelope",64,4,RL+Backbone,4
best,C:\Users\erich\Documents\AFRL\Algebraic-Connectivity-Optimization-CDC2026\lite_trials\sweep\resistance_leaning\checkpoints\best.pt,ppo,7000,C:\Users\erich\Documents\AFRL\Algebraic-Connectivity-Optimization-CDC2026\lite_trials\lite_config.yaml,full,32,0.784946236559,0,396,396,0.7849462365591398,12,0.840405629917485,26.89298015735952,0.02138310000009369,0.02138310000009369,0.021824600000400096,backbone,envelope_only,envelope,384,24.0,0.0004415000003064051,False,,,False,1,envelope,64,4,RL+Backbone,0
best,C:\Users\erich\Documents\AFRL\Algebraic-Connectivity-Optimization-CDC2026\lite_trials\sweep\resistance_leaning\checkpoints\best.pt,ppo,7000,C:\Users\erich\Documents\AFRL\Algebraic-Connectivity-Optimization-CDC2026\lite_trials\lite_config.yaml,full,32,0.784946236559,1,396,396,0.7849462365591398,12,0.840405629917485,26.89298015735952,0.02061839999987569,0.02061839999987569,0.02109070000005886,backbone,envelope_only,envelope,384,24.0,0.00047230000018316787,False,,,False,1,envelope,64,4,RL+Backbone,1
best,C:\Users\erich\Documents\AFRL\Algebraic-Connectivity-Optimization-CDC2026\lite_trials\sweep\resistance_leaning\checkpoints\best.pt,ppo,7000,C:\Users\erich\Documents\AFRL\Algebraic-Connectivity-Optimization-CDC2026\lite_trials\lite_config.yaml,full,32,0.784946236559,2,396,396,0.7849462365591398,12,0.840405629917485,26.89298015735952,0.019937900000513764,0.019937900000513764,0.020354399999632733,backbone,envelope_only,envelope,384,24.0,0.00041649999911896884,False,,,False,1,envelope,64,4,RL+Backbone,2
best,C:\Users\erich\Documents\AFRL\Algebraic-Connectivity-Optimization-CDC2026\lite_trials\sweep\resistance_leaning\checkpoints\best.pt,ppo,7000,C:\Users\erich\Documents\AFRL\Algebraic-Connectivity-Optimization-CDC2026\lite_trials\lite_config.yaml,full,32,0.784946236559,3,396,396,0.7849462365591398,12,0.840405629917485,26.89298015735952,0.020745699999679346,0.020745699999679346,0.021173500001168577,backbone,envelope_only,envelope,384,24.0,0.00042780000148923136,False,,,False,1,envelope,64,4,RL+Backbone,3
best,C:\Users\erich\Documents\AFRL\Algebraic-Connectivity-Optimization-CDC2026\lite_trials\sweep\resistance_leaning\checkpoints\best.pt,ppo,7000,C:\Users\erich\Documents\AFRL\Algebraic-Connectivity-Optimization-CDC2026\lite_trials\lite_config.yaml,full,32,0.784946236559,4,396,396,0.7849462365591398,12,0.840405629917485,26.89298015735952,0.020629099999496248,0.020629099999496248,0.021091999999043765,backbone,envelope_only,envelope,384,24.0,0.00046289999954751693,False,,,False,1,envelope,64,4,RL+Backbone,4
best,C:\Users\erich\Documents\AFRL\Algebraic-Connectivity-Optimization-CDC2026\lite_trials\sweep\resistance_leaning\checkpoints\best.pt,ppo,7000,C:\Users\erich\Documents\AFRL\Algebraic-Connectivity-Optimization-CDC2026\lite_trials\lite_config.yaml,full,32,0.855913978495,0,429,429,0.8559139784946237,9,0.8685521850247429,27.79366992079177,0.015065799998410512,0.015065799998410512,0.0155598999990616,backbone,envelope_only,envelope,420,26.0,0.0004941000006510876,False,,,False,1,envelope,64,4,RL+Backbone,0
best,C:\Users\erich\Documents\AFRL\Algebraic-Connectivity-Optimization-CDC2026\lite_trials\sweep\resistance_leaning\checkpoints\best.pt,ppo,7000,C:\Users\erich\Documents\AFRL\Algebraic-Connectivity-Optimization-CDC2026\lite_trials\lite_config.yaml,full,32,0.855913978495,1,429,429,0.8559139784946237,9,0.8685521850247429,27.79366992079177,0.012763200000335928,0.012763200000335928,0.013176899999962188,backbone,envelope_only,envelope,420,26.0,0.00041369999962626025,False,,,False,1,envelope,64,4,RL+Backbone,1
best,C:\Users\erich\Documents\AFRL\Algebraic-Connectivity-Optimization-CDC2026\lite_trials\sweep\resistance_leaning\checkpoints\best.pt,ppo,7000,C:\Users\erich\Documents\AFRL\Algebraic-Connectivity-Optimization-CDC2026\lite_trials\lite_config.yaml,full,32,0.855913978495,2,429,429,0.8559139784946237,9,0.8685521850247429,27.79366992079177,0.014034799998626113,0.014034799998626113,0.014512799998556147,backbone,envelope_only,envelope,420,26.0,0.0004779999999300344,False,,,False,1,envelope,64,4,RL+Backbone,2
best,C:\Users\erich\Documents\AFRL\Algebraic-Connectivity-Optimization-CDC2026\lite_trials\sweep\resistance_leaning\checkpoints\best.pt,ppo,7000,C:\Users\erich\Documents\AFRL\Algebraic-Connectivity-Optimization-CDC2026\lite_trials\lite_config.yaml,full,32,0.855913978495,3,429,429,0.8559139784946237,9,0.8685521850247429,27.79366992079177,0.011719000000084634,0.011719000000084634,0.012064399999871966,backbone,envelope_only,envelope,420,26.0,0.0003453999997873325,False,,,False,1,envelope,64,4,RL+Backbone,3
best,C:\Users\erich\Documents\AFRL\Algebraic-Connectivity-Optimization-CDC2026\lite_trials\sweep\resistance_leaning\checkpoints\best.pt,ppo,7000,C:\Users\erich\Documents\AFRL\Algebraic-Connectivity-Optimization-CDC2026\lite_trials\lite_config.yaml,full,32,0.855913978495,4,429,429,0.8559139784946237,9,0.8685521850247429,27.79366992079177,0.01097010000012233,0.01097010000012233,0.011314900000797934,backbone,envelope_only,envelope,420,26.0,0.0003448000006756047,False,,,False,1,envelope,64,4,RL+Backbone,4
best,C:\Users\erich\Documents\AFRL\Algebraic-Connectivity-Optimization-CDC2026\lite_trials\sweep\resistance_leaning\checkpoints\best.pt,ppo,7000,C:\Users\erich\Documents\AFRL\Algebraic-Connectivity-Optimization-CDC2026\lite_trials\lite_config.yaml,full,32,0.92688172043,0,462,462,0.9268817204301075,14,0.9117439970559822,29.17580790579143,0.018042999998215237,0.018042999998215237,0.01843629999893892,backbone,envelope_only,envelope,448,28.0,0.0003933000007236842,False,,,False,1,envelope,64,4,RL+Backbone,0
best,C:\Users\erich\Documents\AFRL\Algebraic-Connectivity-Optimization-CDC2026\lite_trials\sweep\resistance_leaning\checkpoints\best.pt,ppo,7000,C:\Users\erich\Documents\AFRL\Algebraic-Connectivity-Optimization-CDC2026\lite_trials\lite_config.yaml,full,32,0.92688172043,1,462,462,0.9268817204301075,14,0.9117439970559822,29.17580790579143,0.017724399998769513,0.017724399998769513,0.018079800000123214,backbone,envelope_only,envelope,448,28.0,0.00035540000135370065,False,,,False,1,envelope,64,4,RL+Backbone,1
best,C:\Users\erich\Documents\AFRL\Algebraic-Connectivity-Optimization-CDC2026\lite_trials\sweep\resistance_leaning\checkpoints\best.pt,ppo,7000,C:\Users\erich\Documents\AFRL\Algebraic-Connectivity-Optimization-CDC2026\lite_trials\lite_config.yaml,full,32,0.92688172043,2,462,462,0.9268817204301075,14,0.9117439970559822,29.17580790579143,0.023796100000254228,0.023796100000254228,0.02415570000084699,backbone,envelope_only,envelope,448,28.0,0.00035960000059276354,False,,,False,1,envelope,64,4,RL+Backbone,2
best,C:\Users\erich\Documents\AFRL\Algebraic-Connectivity-Optimization-CDC2026\lite_trials\sweep\resistance_leaning\checkpoints\best.pt,ppo,7000,C:\Users\erich\Documents\AFRL\Algebraic-Connectivity-Optimization-CDC2026\lite_trials\lite_config.yaml,full,32,0.92688172043,3,462,462,0.9268817204301075,14,0.9117439970559822,29.17580790579143,0.024636699999973644,0.024636699999973644,0.025139400000625756,backbone,envelope_only,envelope,448,28.0,0.0005027000006521121,False,,,False,1,envelope,64,4,RL+Backbone,3
best,C:\Users\erich\Documents\AFRL\Algebraic-Connectivity-Optimization-CDC2026\lite_trials\sweep\resistance_leaning\checkpoints\best.pt,ppo,7000,C:\Users\erich\Documents\AFRL\Algebraic-Connectivity-Optimization-CDC2026\lite_trials\lite_config.yaml,full,32,0.92688172043,4,462,462,0.9268817204301075,14,0.9117439970559822,29.17580790579143,0.01982979999957024,0.01982979999957024,0.02039379999951052,backbone,envelope_only,envelope,448,28.0,0.0005639999999402789,False,,,False,1,envelope,64,4,RL+Backbone,4
best,C:\Users\erich\Documents\AFRL\Algebraic-Connectivity-Optimization-CDC2026\lite_trials\sweep\resistance_leaning\checkpoints\best.pt,ppo,7000,C:\Users\erich\Documents\AFRL\Algebraic-Connectivity-Optimization-CDC2026\lite_trials\lite_config.yaml,full,32,0.997849462366,0,495,495,0.9978494623655914,15,0.9469845745036086,30.303506384115476,0.026661800000510993,0.026661800000510993,0.027236500000071828,backbone,envelope_only,envelope,480,30.0,0.0005746999995608348,False,,,False,1,envelope,64,4,RL+Backbone,0
best,C:\Users\erich\Documents\AFRL\Algebraic-Connectivity-Optimization-CDC2026\lite_trials\sweep\resistance_leaning\checkpoints\best.pt,ppo,7000,C:\Users\erich\Documents\AFRL\Algebraic-Connectivity-Optimization-CDC2026\lite_trials\lite_config.yaml,full,32,0.997849462366,1,495,495,0.9978494623655914,15,0.9469845745036086,30.303506384115476,0.026714999999967404,0.026714999999967404,0.027312399999573245,backbone,envelope_only,envelope,480,30.0,0.000597399999605841,False,,,False,1,envelope,64,4,RL+Backbone,1
best,C:\Users\erich\Documents\AFRL\Algebraic-Connectivity-Optimization-CDC2026\lite_trials\sweep\resistance_leaning\checkpoints\best.pt,ppo,7000,C:\Users\erich\Documents\AFRL\Algebraic-Connectivity-Optimization-CDC2026\lite_trials\lite_config.yaml,full,32,0.997849462366,2,495,495,0.9978494623655914,15,0.9469845745036086,30.303506384115476,0.026428699999087257,0.026428699999087257,0.0270498999980191,backbone,envelope_only,envelope,480,30.0,0.0006211999989318429,False,,,False,1,envelope,64,4,RL+Backbone,2
best,C:\Users\erich\Documents\AFRL\Algebraic-Connectivity-Optimization-CDC2026\lite_trials\sweep\resistance_leaning\checkpoints\best.pt,ppo,7000,C:\Users\erich\Documents\AFRL\Algebraic-Connectivity-Optimization-CDC2026\lite_trials\lite_config.yaml,full,32,0.997849462366,3,495,495,0.9978494623655914,15,0.9469845745036086,30.303506384115476,0.02533640000001469,0.02533640000001469,0.02591220000067551,backbone,envelope_only,envelope,480,30.0,0.0005758000006608199,False,,,False,1,envelope,64,4,RL+Backbone,3
best,C:\Users\erich\Documents\AFRL\Algebraic-Connectivity-Optimization-CDC2026\lite_trials\sweep\resistance_leaning\checkpoints\best.pt,ppo,7000,C:\Users\erich\Documents\AFRL\Algebraic-Connectivity-Optimization-CDC2026\lite_trials\lite_config.yaml,full,32,0.997849462366,4,495,495,0.9978494623655914,15,0.9469845745036086,30.303506384115476,0.027038700000048266,0.027038700000048266,0.027623800000583287,backbone,envelope_only,envelope,480,30.0,0.0005851000005350215,False,,,False,1,envelope,64,4,RL+Backbone,4
best,C:\Users\erich\Documents\AFRL\Algebraic-Connectivity-Optimization-CDC2026\lite_trials\sweep\resistance_leaning\checkpoints\best.pt,ppo,7000,C:\Users\erich\Documents\AFRL\Algebraic-Connectivity-Optimization-CDC2026\lite_trials\lite_config.yaml,full,48,0.00092506938,0,48,48,0.0009250693802035153,1,0.003557716606791888,0.1707703971260106,0.004008300000350573,0.004008300000350573,0.004008300000350573,path,path,path,47,0.0,0.0,False,,,False,1,path,64,4,RL+Path,0
best,C:\Users\erich\Documents\AFRL\Algebraic-Connectivity-Optimization-CDC2026\lite_trials\sweep\resistance_leaning\checkpoints\best.pt,ppo,7000,C:\Users\erich\Documents\AFRL\Algebraic-Connectivity-Optimization-CDC2026\lite_trials\lite_config.yaml,full,48,0.00092506938,1,48,48,0.0009250693802035153,1,0.003557716606791888,0.1707703971260106,0.0010933000012300909,0.0010933000012300909,0.0010933000012300909,path,path,path,47,0.0,0.0,False,,,False,1,path,64,4,RL+Path,1
best,C:\Users\erich\Documents\AFRL\Algebraic-Connectivity-Optimization-CDC2026\lite_trials\sweep\resistance_leaning\checkpoints\best.pt,ppo,7000,C:\Users\erich\Documents\AFRL\Algebraic-Connectivity-Optimization-CDC2026\lite_trials\lite_config.yaml,full,48,0.00092506938,2,48,48,0.0009250693802035153,1,0.003557716606791888,0.1707703971260106,0.0010571999991952907,0.0010571999991952907,0.0010571999991952907,path,path,path,47,0.0,0.0,False,,,False,1,path,64,4,RL+Path,2
best,C:\Users\erich\Documents\AFRL\Algebraic-Connectivity-Optimization-CDC2026\lite_trials\sweep\resistance_leaning\checkpoints\best.pt,ppo,7000,C:\Users\erich\Documents\AFRL\Algebraic-Connectivity-Optimization-CDC2026\lite_trials\lite_config.yaml,full,48,0.00092506938,3,48,48,0.0009250693802035153,1,0.003557716606791888,0.1707703971260106,0.0014400000000023283,0.0014400000000023283,0.0014400000000023283,path,path,path,47,0.0,0.0,False,,,False,1,path,64,4,RL+Path,3
best,C:\Users\erich\Documents\AFRL\Algebraic-Connectivity-Optimization-CDC2026\lite_trials\sweep\resistance_leaning\checkpoints\best.pt,ppo,7000,C:\Users\erich\Documents\AFRL\Algebraic-Connectivity-Optimization-CDC2026\lite_trials\lite_config.yaml,full,48,0.00092506938,4,48,48,0.0009250693802035153,1,0.003557716606791888,0.1707703971260106,0.001336200000878307,0.001336200000878307,0.001336200000878307,path,path,path,47,0.0,0.0,False,,,False,1,path,64,4,RL+Path,4
best,C:\Users\erich\Documents\AFRL\Algebraic-Connectivity-Optimization-CDC2026\lite_trials\sweep\resistance_leaning\checkpoints\best.pt,ppo,7000,C:\Users\erich\Documents\AFRL\Algebraic-Connectivity-Optimization-CDC2026\lite_trials\lite_config.yaml,full,48,0.072155411656,0,125,125,0.07215541165587419,78,0.08141622691827076,3.9079788920769962,0.0773207000002003,0.0773207000002003,0.0773207000002003,path,path,path,47,0.0,0.0,False,,,False,1,path,64,4,RL+Path,0
best,C:\Users\erich\Documents\AFRL\Algebraic-Connectivity-Optimization-CDC2026\lite_trials\sweep\resistance_leaning\checkpoints\best.pt,ppo,7000,C:\Users\erich\Documents\AFRL\Algebraic-Connectivity-Optimization-CDC2026\lite_trials\lite_config.yaml,full,48,0.072155411656,1,125,125,0.07215541165587419,78,0.08141622691827076,3.9079788920769962,0.08222319999913452,0.08222319999913452,0.08222319999913452,path,path,path,47,0.0,0.0,False,,,False,1,path,64,4,RL+Path,1
best,C:\Users\erich\Documents\AFRL\Algebraic-Connectivity-Optimization-CDC2026\lite_trials\sweep\resistance_leaning\checkpoints\best.pt,ppo,7000,C:\Users\erich\Documents\AFRL\Algebraic-Connectivity-Optimization-CDC2026\lite_trials\lite_config.yaml,full,48,0.072155411656,2,125,125,0.07215541165587419,78,0.08141622691827076,3.9079788920769962,0.08354289999988396,0.08354289999988396,0.08354289999988396,path,path,path,47,0.0,0.0,False,,,False,1,path,64,4,RL+Path,2
best,C:\Users\erich\Documents\AFRL\Algebraic-Connectivity-Optimization-CDC2026\lite_trials\sweep\resistance_leaning\checkpoints\best.pt,ppo,7000,C:\Users\erich\Documents\AFRL\Algebraic-Connectivity-Optimization-CDC2026\lite_trials\lite_config.yaml,full,48,0.072155411656,3,125,125,0.07215541165587419,78,0.08141622691827076,3.9079788920769962,0.07852910000110569,0.07852910000110569,0.07852910000110569,path,path,path,47,0.0,0.0,False,,,False,1,path,64,4,RL+Path,3
best,C:\Users\erich\Documents\AFRL\Algebraic-Connectivity-Optimization-CDC2026\lite_trials\sweep\resistance_leaning\checkpoints\best.pt,ppo,7000,C:\Users\erich\Documents\AFRL\Algebraic-Connectivity-Optimization-CDC2026\lite_trials\lite_config.yaml,full,48,0.072155411656,4,125,125,0.07215541165587419,78,0.08141622691827076,3.9079788920769962,0.08308969999961846,0.08308969999961846,0.08308969999961846,path,path,path,47,0.0,0.0,False,,,False,1,path,64,4,RL+Path,4
best,C:\Users\erich\Documents\AFRL\Algebraic-Connectivity-Optimization-CDC2026\lite_trials\sweep\resistance_leaning\checkpoints\best.pt,ppo,7000,C:\Users\erich\Documents\AFRL\Algebraic-Connectivity-Optimization-CDC2026\lite_trials\lite_config.yaml,full,48,0.143385753932,0,202,202,0.14338575393154487,155,0.2775987711883213,13.324741017039424,0.19214689999898837,0.19214689999898837,0.19214689999898837,path,path,path,47,0.0,0.0,False,,,False,1,path,64,4,RL+Path,0
best,C:\Users\erich\Documents\AFRL\Algebraic-Connectivity-Optimization-CDC2026\lite_trials\sweep\resistance_leaning\checkpoints\best.pt,ppo,7000,C:\Users\erich\Documents\AFRL\Algebraic-Connectivity-Optimization-CDC2026\lite_trials\lite_config.yaml,full,48,0.143385753932,1,202,202,0.14338575393154487,155,0.2775987711883213,13.324741017039424,0.20105419999890728,0.20105419999890728,0.20105419999890728,path,path,path,47,0.0,0.0,False,,,False,1,path,64,4,RL+Path,1
best,C:\Users\erich\Documents\AFRL\Algebraic-Connectivity-Optimization-CDC2026\lite_trials\sweep\resistance_leaning\checkpoints\best.pt,ppo,7000,C:\Users\erich\Documents\AFRL\Algebraic-Connectivity-Optimization-CDC2026\lite_trials\lite_config.yaml,full,48,0.143385753932,2,202,202,0.14338575393154487,155,0.2775987711883213,13.324741017039424,0.20028280000042287,0.20028280000042287,0.20028280000042287,path,path,path,47,0.0,0.0,False,,,False,1,path,64,4,RL+Path,2
best,C:\Users\erich\Documents\AFRL\Algebraic-Connectivity-Optimization-CDC2026\lite_trials\sweep\resistance_leaning\checkpoints\best.pt,ppo,7000,C:\Users\erich\Documents\AFRL\Algebraic-Connectivity-Optimization-CDC2026\lite_trials\lite_config.yaml,full,48,0.143385753932,3,202,202,0.14338575393154487,155,0.2775987711883213,13.324741017039424,0.18829749999895284,0.18829749999895284,0.18829749999895284,path,path,path,47,0.0,0.0,False,,,False,1,path,64,4,RL+Path,3
best,C:\Users\erich\Documents\AFRL\Algebraic-Connectivity-Optimization-CDC2026\lite_trials\sweep\resistance_leaning\checkpoints\best.pt,ppo,7000,C:\Users\erich\Documents\AFRL\Algebraic-Connectivity-Optimization-CDC2026\lite_trials\lite_config.yaml,full,48,0.143385753932,4,202,202,0.14338575393154487,155,0.2775987711883213,13.324741017039424,0.19890140000097745,0.19890140000097745,0.19890140000097745,path,path,path,47,0.0,0.0,False,,,False,1,path,64,4,RL+Path,4
best,C:\Users\erich\Documents\AFRL\Algebraic-Connectivity-Optimization-CDC2026\lite_trials\sweep\resistance_leaning\checkpoints\best.pt,ppo,7000,C:\Users\erich\Documents\AFRL\Algebraic-Connectivity-Optimization-CDC2026\lite_trials\lite_config.yaml,full,48,0.214616096207,0,279,279,0.21461609620721553,232,0.21070739650458314,10.113955032219991,0.3168318000007275,0.3168318000007275,0.3168318000007275,path,path,path,47,0.0,0.0,False,,,False,1,path,64,4,RL+Path,0
best,C:\Users\erich\Documents\AFRL\Algebraic-Connectivity-Optimization-CDC2026\lite_trials\sweep\resistance_leaning\checkpoints\best.pt,ppo,7000,C:\Users\erich\Documents\AFRL\Algebraic-Connectivity-Optimization-CDC2026\lite_trials\lite_config.yaml,full,48,0.214616096207,1,279,279,0.21461609620721553,232,0.21070739650458314,10.113955032219991,0.30847279999943567,0.30847279999943567,0.30847279999943567,path,path,path,47,0.0,0.0,False,,,False,1,path,64,4,RL+Path,1
best,C:\Users\erich\Documents\AFRL\Algebraic-Connectivity-Optimization-CDC2026\lite_trials\sweep\resistance_leaning\checkpoints\best.pt,ppo,7000,C:\Users\erich\Documents\AFRL\Algebraic-Connectivity-Optimization-CDC2026\lite_trials\lite_config.yaml,full,48,0.214616096207,2,279,279,0.21461609620721553,232,0.21070739650458314,10.113955032219991,0.29396559999986493,0.29396559999986493,0.29396559999986493,path,path,path,47,0.0,0.0,False,,,False,1,path,64,4,RL+Path,2
best,C:\Users\erich\Documents\AFRL\Algebraic-Connectivity-Optimization-CDC2026\lite_trials\sweep\resistance_leaning\checkpoints\best.pt,ppo,7000,C:\Users\erich\Documents\AFRL\Algebraic-Connectivity-Optimization-CDC2026\lite_trials\lite_config.yaml,full,48,0.214616096207,3,279,279,0.21461609620721553,232,0.21070739650458314,10.113955032219991,0.3037877999995544,0.3037877999995544,0.3037877999995544,path,path,path,47,0.0,0.0,False,,,False,1,path,64,4,RL+Path,3
best,C:\Users\erich\Documents\AFRL\Algebraic-Connectivity-Optimization-CDC2026\lite_trials\sweep\resistance_leaning\checkpoints\best.pt,ppo,7000,C:\Users\erich\Documents\AFRL\Algebraic-Connectivity-Optimization-CDC2026\lite_trials\lite_config.yaml,full,48,0.214616096207,4,279,279,0.21461609620721553,232,0.21070739650458314,10.113955032219991,0.308348800001113,0.308348800001113,0.308348800001113,path,path,path,47,0.0,0.0,False,,,False,1,path,64,4,RL+Path,4
best,C:\Users\erich\Documents\AFRL\Algebraic-Connectivity-Optimization-CDC2026\lite_trials\sweep\resistance_leaning\checkpoints\best.pt,ppo,7000,C:\Users\erich\Documents\AFRL\Algebraic-Connectivity-Optimization-CDC2026\lite_trials\lite_config.yaml,full,48,0.285846438483,0,356,356,0.2858464384828862,309,0.2623810969529523,12.59429265374171,0.4320215999996435,0.4320215999996435,0.4320215999996435,path,path,path,47,0.0,0.0,False,,,False,1,path,64,4,RL+Path,0
best,C:\Users\erich\Documents\AFRL\Algebraic-Connectivity-Optimization-CDC2026\lite_trials\sweep\resistance_leaning\checkpoints\best.pt,ppo,7000,C:\Users\erich\Documents\AFRL\Algebraic-Connectivity-Optimization-CDC2026\lite_trials\lite_config.yaml,full,48,0.285846438483,1,356,356,0.2858464384828862,309,0.2623810969529523,12.59429265374171,0.4326161000008142,0.4326161000008142,0.4326161000008142,path,path,path,47,0.0,0.0,False,,,False,1,path,64,4,RL+Path,1
best,C:\Users\erich\Documents\AFRL\Algebraic-Connectivity-Optimization-CDC2026\lite_trials\sweep\resistance_leaning\checkpoints\best.pt,ppo,7000,C:\Users\erich\Documents\AFRL\Algebraic-Connectivity-Optimization-CDC2026\lite_trials\lite_config.yaml,full,48,0.285846438483,2,356,356,0.2858464384828862,309,0.2623810969529523,12.59429265374171,0.4180498000005173,0.4180498000005173,0.4180498000005173,path,path,path,47,0.0,0.0,False,,,False,1,path,64,4,RL+Path,2
best,C:\Users\erich\Documents\AFRL\Algebraic-Connectivity-Optimization-CDC2026\lite_trials\sweep\resistance_leaning\checkpoints\best.pt,ppo,7000,C:\Users\erich\Documents\AFRL\Algebraic-Connectivity-Optimization-CDC2026\lite_trials\lite_config.yaml,full,48,0.285846438483,3,356,356,0.2858464384828862,309,0.2623810969529523,12.59429265374171,0.4247832000000926,0.4247832000000926,0.4247832000000926,path,path,path,47,0.0,0.0,False,,,False,1,path,64,4,RL+Path,3
best,C:\Users\erich\Documents\AFRL\Algebraic-Connectivity-Optimization-CDC2026\lite_trials\sweep\resistance_leaning\checkpoints\best.pt,ppo,7000,C:\Users\erich\Documents\AFRL\Algebraic-Connectivity-Optimization-CDC2026\lite_trials\lite_config.yaml,full,48,0.285846438483,4,356,356,0.2858464384828862,309,0.2623810969529523,12.59429265374171,0.41345170000022335,0.41345170000022335,0.41345170000022335,path,path,path,47,0.0,0.0,False,,,False,1,path,64,4,RL+Path,4
best,C:\Users\erich\Documents\AFRL\Algebraic-Connectivity-Optimization-CDC2026\lite_trials\sweep\resistance_leaning\checkpoints\best.pt,ppo,7000,C:\Users\erich\Documents\AFRL\Algebraic-Connectivity-Optimization-CDC2026\lite_trials\lite_config.yaml,full,48,0.357076780759,0,433,433,0.35707678075855687,386,0.2411885946139554,11.57705254146986,0.5532573000000411,0.5532573000000411,0.5532573000000411,path,path,path,47,0.0,0.0,False,,,False,1,path,64,4,RL+Path,0
best,C:\Users\erich\Documents\AFRL\Algebraic-Connectivity-Optimization-CDC2026\lite_trials\sweep\resistance_leaning\checkpoints\best.pt,ppo,7000,C:\Users\erich\Documents\AFRL\Algebraic-Connectivity-Optimization-CDC2026\lite_trials\lite_config.yaml,full,48,0.357076780759,1,433,433,0.35707678075855687,386,0.2411885946139554,11.57705254146986,0.5733430000000226,0.5733430000000226,0.5733430000000226,path,path,path,47,0.0,0.0,False,,,False,1,path,64,4,RL+Path,1
best,C:\Users\erich\Documents\AFRL\Algebraic-Connectivity-Optimization-CDC2026\lite_trials\sweep\resistance_leaning\checkpoints\best.pt,ppo,7000,C:\Users\erich\Documents\AFRL\Algebraic-Connectivity-Optimization-CDC2026\lite_trials\lite_config.yaml,full,48,0.357076780759,2,433,433,0.35707678075855687,386,0.2411885946139554,11.57705254146986,0.5635440999994898,0.5635440999994898,0.5635440999994898,path,path,path,47,0.0,0.0,False,,,False,1,path,64,4,RL+Path,2
best,C:\Users\erich\Documents\AFRL\Algebraic-Connectivity-Optimization-CDC2026\lite_trials\sweep\resistance_leaning\checkpoints\best.pt,ppo,7000,C:\Users\erich\Documents\AFRL\Algebraic-Connectivity-Optimization-CDC2026\lite_trials\lite_config.yaml,full,48,0.357076780759,3,433,433,0.35707678075855687,386,0.2411885946139554,11.57705254146986,0.5607329000013124,0.5607329000013124,0.5607329000013124,path,path,path,47,0.0,0.0,False,,,False,1,path,64,4,RL+Path,3
best,C:\Users\erich\Documents\AFRL\Algebraic-Connectivity-Optimization-CDC2026\lite_trials\sweep\resistance_leaning\checkpoints\best.pt,ppo,7000,C:\Users\erich\Documents\AFRL\Algebraic-Connectivity-Optimization-CDC2026\lite_trials\lite_config.yaml,full,48,0.357076780759,4,433,433,0.35707678075855687,386,0.2411885946139554,11.57705254146986,0.5541351000010764,0.5541351000010764,0.5541351000010764,path,path,path,47,0.0,0.0,False,,,False,1,path,64,4,RL+Path,4
best,C:\Users\erich\Documents\AFRL\Algebraic-Connectivity-Optimization-CDC2026\lite_trials\sweep\resistance_leaning\checkpoints\best.pt,ppo,7000,C:\Users\erich\Documents\AFRL\Algebraic-Connectivity-Optimization-CDC2026\lite_trials\lite_config.yaml,full,48,0.428307123034,0,510,510,0.4283071230342276,463,0.3758625808838083,18.0414038824228,0.7018633999996382,0.7018633999996382,0.7018633999996382,path,path,path,47,0.0,0.0,False,,,False,1,path,64,4,RL+Path,0
best,C:\Users\erich\Documents\AFRL\Algebraic-Connectivity-Optimization-CDC2026\lite_trials\sweep\resistance_leaning\checkpoints\best.pt,ppo,7000,C:\Users\erich\Documents\AFRL\Algebraic-Connectivity-Optimization-CDC2026\lite_trials\lite_config.yaml,full,48,0.428307123034,1,510,510,0.4283071230342276,463,0.3758625808838083,18.0414038824228,0.7204654999986815,0.7204654999986815,0.7204654999986815,path,path,path,47,0.0,0.0,False,,,False,1,path,64,4,RL+Path,1
best,C:\Users\erich\Documents\AFRL\Algebraic-Connectivity-Optimization-CDC2026\lite_trials\sweep\resistance_leaning\checkpoints\best.pt,ppo,7000,C:\Users\erich\Documents\AFRL\Algebraic-Connectivity-Optimization-CDC2026\lite_trials\lite_config.yaml,full,48,0.428307123034,2,510,510,0.4283071230342276,463,0.3758625808838083,18.0414038824228,0.6804537000007258,0.6804537000007258,0.6804537000007258,path,path,path,47,0.0,0.0,False,,,False,1,path,64,4,RL+Path,2
best,C:\Users\erich\Documents\AFRL\Algebraic-Connectivity-Optimization-CDC2026\lite_trials\sweep\resistance_leaning\checkpoints\best.pt,ppo,7000,C:\Users\erich\Documents\AFRL\Algebraic-Connectivity-Optimization-CDC2026\lite_trials\lite_config.yaml,full,48,0.428307123034,3,510,510,0.4283071230342276,463,0.3758625808838083,18.0414038824228,0.7098817000005511,0.7098817000005511,0.7098817000005511,path,path,path,47,0.0,0.0,False,,,False,1,path,64,4,RL+Path,3
best,C:\Users\erich\Documents\AFRL\Algebraic-Connectivity-Optimization-CDC2026\lite_trials\sweep\resistance_leaning\checkpoints\best.pt,ppo,7000,C:\Users\erich\Documents\AFRL\Algebraic-Connectivity-Optimization-CDC2026\lite_trials\lite_config.yaml,full,48,0.428307123034,4,510,510,0.4283071230342276,463,0.3758625808838083,18.0414038824228,0.6824065000000701,0.6824065000000701,0.6824065000000701,path,path,path,47,0.0,0.0,False,,,False,1,path,64,4,RL+Path,4
best,C:\Users\erich\Documents\AFRL\Algebraic-Connectivity-Optimization-CDC2026\lite_trials\sweep\resistance_leaning\checkpoints\best.pt,ppo,7000,C:\Users\erich\Documents\AFRL\Algebraic-Connectivity-Optimization-CDC2026\lite_trials\lite_config.yaml,full,48,0.50046253469,0,588,588,0.5004625346901017,541,0.48056231322102155,23.066991034609035,0.8336450999995577,0.8336450999995577,0.8336450999995577,path,path,path,47,0.0,0.0,False,,,False,1,path,64,4,RL+Path,0
best,C:\Users\erich\Documents\AFRL\Algebraic-Connectivity-Optimization-CDC2026\lite_trials\sweep\resistance_leaning\checkpoints\best.pt,ppo,7000,C:\Users\erich\Documents\AFRL\Algebraic-Connectivity-Optimization-CDC2026\lite_trials\lite_config.yaml,full,48,0.50046253469,1,588,588,0.5004625346901017,541,0.48056231322102155,23.066991034609035,0.8252288999992743,0.8252288999992743,0.8252288999992743,path,path,path,47,0.0,0.0,False,,,False,1,path,64,4,RL+Path,1
best,C:\Users\erich\Documents\AFRL\Algebraic-Connectivity-Optimization-CDC2026\lite_trials\sweep\resistance_leaning\checkpoints\best.pt,ppo,7000,C:\Users\erich\Documents\AFRL\Algebraic-Connectivity-Optimization-CDC2026\lite_trials\lite_config.yaml,full,48,0.50046253469,2,588,588,0.5004625346901017,541,0.48056231322102155,23.066991034609035,0.8505353000000468,0.8505353000000468,0.8505353000000468,path,path,path,47,0.0,0.0,False,,,False,1,path,64,4,RL+Path,2
best,C:\Users\erich\Documents\AFRL\Algebraic-Connectivity-Optimization-CDC2026\lite_trials\sweep\resistance_leaning\checkpoints\best.pt,ppo,7000,C:\Users\erich\Documents\AFRL\Algebraic-Connectivity-Optimization-CDC2026\lite_trials\lite_config.yaml,full,48,0.50046253469,3,588,588,0.5004625346901017,541,0.48056231322102155,23.066991034609035,0.8568713999993633,0.8568713999993633,0.8568713999993633,path,path,path,47,0.0,0.0,False,,,False,1,path,64,4,RL+Path,3
best,C:\Users\erich\Documents\AFRL\Algebraic-Connectivity-Optimization-CDC2026\lite_trials\sweep\resistance_leaning\checkpoints\best.pt,ppo,7000,C:\Users\erich\Documents\AFRL\Algebraic-Connectivity-Optimization-CDC2026\lite_trials\lite_config.yaml,full,48,0.50046253469,4,588,588,0.5004625346901017,541,0.48056231322102155,23.066991034609035,0.8379084999996849,0.8379084999996849,0.8379084999996849,path,path,path,47,0.0,0.0,False,,,False,1,path,64,4,RL+Path,4
best,C:\Users\erich\Documents\AFRL\Algebraic-Connectivity-Optimization-CDC2026\lite_trials\sweep\resistance_leaning\checkpoints\best.pt,ppo,7000,C:\Users\erich\Documents\AFRL\Algebraic-Connectivity-Optimization-CDC2026\lite_trials\lite_config.yaml,full,48,0.571692876966,0,665,665,0.5716928769657724,618,0.4969326407727978,23.852766757094294,1.0157656999999745,1.0157656999999745,1.0157656999999745,path,path,path,47,0.0,0.0,False,,,False,1,path,64,4,RL+Path,0
best,C:\Users\erich\Documents\AFRL\Algebraic-Connectivity-Optimization-CDC2026\lite_trials\sweep\resistance_leaning\checkpoints\best.pt,ppo,7000,C:\Users\erich\Documents\AFRL\Algebraic-Connectivity-Optimization-CDC2026\lite_trials\lite_config.yaml,full,48,0.571692876966,1,665,665,0.5716928769657724,618,0.4969326407727978,23.852766757094294,0.9439298999986931,0.9439298999986931,0.9439298999986931,path,path,path,47,0.0,0.0,False,,,False,1,path,64,4,RL+Path,1
best,C:\Users\erich\Documents\AFRL\Algebraic-Connectivity-Optimization-CDC2026\lite_trials\sweep\resistance_leaning\checkpoints\best.pt,ppo,7000,C:\Users\erich\Documents\AFRL\Algebraic-Connectivity-Optimization-CDC2026\lite_trials\lite_config.yaml,full,48,0.571692876966,2,665,665,0.5716928769657724,618,0.4969326407727978,23.852766757094294,0.9732997999999498,0.9732997999999498,0.9732997999999498,path,path,path,47,0.0,0.0,False,,,False,1,path,64,4,RL+Path,2
best,C:\Users\erich\Documents\AFRL\Algebraic-Connectivity-Optimization-CDC2026\lite_trials\sweep\resistance_leaning\checkpoints\best.pt,ppo,7000,C:\Users\erich\Documents\AFRL\Algebraic-Connectivity-Optimization-CDC2026\lite_trials\lite_config.yaml,full,48,0.571692876966,3,665,665,0.5716928769657724,618,0.4969326407727978,23.852766757094294,0.9782959999993182,0.9782959999993182,0.9782959999993182,path,path,path,47,0.0,0.0,False,,,False,1,path,64,4,RL+Path,3
best,C:\Users\erich\Documents\AFRL\Algebraic-Connectivity-Optimization-CDC2026\lite_trials\sweep\resistance_leaning\checkpoints\best.pt,ppo,7000,C:\Users\erich\Documents\AFRL\Algebraic-Connectivity-Optimization-CDC2026\lite_trials\lite_config.yaml,full,48,0.571692876966,4,665,665,0.5716928769657724,618,0.4969326407727978,23.852766757094294,0.970608200001152,0.970608200001152,0.970608200001152,path,path,path,47,0.0,0.0,False,,,False,1,path,64,4,RL+Path,4
best,C:\Users\erich\Documents\AFRL\Algebraic-Connectivity-Optimization-CDC2026\lite_trials\sweep\resistance_leaning\checkpoints\best.pt,ppo,7000,C:\Users\erich\Documents\AFRL\Algebraic-Connectivity-Optimization-CDC2026\lite_trials\lite_config.yaml,full,48,0.642923219241,0,742,742,0.6429232192414431,695,0.6533982676765456,31.363116848474192,1.14095400000042,1.14095400000042,1.14095400000042,path,path,path,47,0.0,0.0,False,,,False,1,path,64,4,RL+Path,0
best,C:\Users\erich\Documents\AFRL\Algebraic-Connectivity-Optimization-CDC2026\lite_trials\sweep\resistance_leaning\checkpoints\best.pt,ppo,7000,C:\Users\erich\Documents\AFRL\Algebraic-Connectivity-Optimization-CDC2026\lite_trials\lite_config.yaml,full,48,0.642923219241,1,742,742,0.6429232192414431,695,0.6533982676765456,31.363116848474192,1.134732599999552,1.134732599999552,1.134732599999552,path,path,path,47,0.0,0.0,False,,,False,1,path,64,4,RL+Path,1
best,C:\Users\erich\Documents\AFRL\Algebraic-Connectivity-Optimization-CDC2026\lite_trials\sweep\resistance_leaning\checkpoints\best.pt,ppo,7000,C:\Users\erich\Documents\AFRL\Algebraic-Connectivity-Optimization-CDC2026\lite_trials\lite_config.yaml,full,48,0.642923219241,2,742,742,0.6429232192414431,695,0.6533982676765456,31.363116848474192,1.1395030999992741,1.1395030999992741,1.1395030999992741,path,path,path,47,0.0,0.0,False,,,False,1,path,64,4,RL+Path,2
best,C:\Users\erich\Documents\AFRL\Algebraic-Connectivity-Optimization-CDC2026\lite_trials\sweep\resistance_leaning\checkpoints\best.pt,ppo,7000,C:\Users\erich\Documents\AFRL\Algebraic-Connectivity-Optimization-CDC2026\lite_trials\lite_config.yaml,full,48,0.642923219241,3,742,742,0.6429232192414431,695,0.6533982676765456,31.363116848474192,1.1131592000001547,1.1131592000001547,1.1131592000001547,path,path,path,47,0.0,0.0,False,,,False,1,path,64,4,RL+Path,3
best,C:\Users\erich\Documents\AFRL\Algebraic-Connectivity-Optimization-CDC2026\lite_trials\sweep\resistance_leaning\checkpoints\best.pt,ppo,7000,C:\Users\erich\Documents\AFRL\Algebraic-Connectivity-Optimization-CDC2026\lite_trials\lite_config.yaml,full,48,0.642923219241,4,742,742,0.6429232192414431,695,0.6533982676765456,31.363116848474192,1.1444627000000764,1.1444627000000764,1.1444627000000764,path,path,path,47,0.0,0.0,False,,,False,1,path,64,4,RL+Path,4
best,C:\Users\erich\Documents\AFRL\Algebraic-Connectivity-Optimization-CDC2026\lite_trials\sweep\resistance_leaning\checkpoints\best.pt,ppo,7000,C:\Users\erich\Documents\AFRL\Algebraic-Connectivity-Optimization-CDC2026\lite_trials\lite_config.yaml,full,48,0.714153561517,0,819,819,0.7141535615171137,772,0.62560875197112,30.02922009461376,1.2911702999990666,1.2911702999990666,1.2911702999990666,path,path,path,47,0.0,0.0,False,,,False,1,path,64,4,RL+Path,0
best,C:\Users\erich\Documents\AFRL\Algebraic-Connectivity-Optimization-CDC2026\lite_trials\sweep\resistance_leaning\checkpoints\best.pt,ppo,7000,C:\Users\erich\Documents\AFRL\Algebraic-Connectivity-Optimization-CDC2026\lite_trials\lite_config.yaml,full,48,0.714153561517,1,819,819,0.7141535615171137,772,0.62560875197112,30.02922009461376,1.2870636000006925,1.2870636000006925,1.2870636000006925,path,path,path,47,0.0,0.0,False,,,False,1,path,64,4,RL+Path,1
best,C:\Users\erich\Documents\AFRL\Algebraic-Connectivity-Optimization-CDC2026\lite_trials\sweep\resistance_leaning\checkpoints\best.pt,ppo,7000,C:\Users\erich\Documents\AFRL\Algebraic-Connectivity-Optimization-CDC2026\lite_trials\lite_config.yaml,full,48,0.714153561517,2,819,819,0.7141535615171137,772,0.62560875197112,30.02922009461376,1.3255604000005405,1.3255604000005405,1.3255604000005405,path,path,path,47,0.0,0.0,False,,,False,1,path,64,4,RL+Path,2
best,C:\Users\erich\Documents\AFRL\Algebraic-Connectivity-Optimization-CDC2026\lite_trials\sweep\resistance_leaning\checkpoints\best.pt,ppo,7000,C:\Users\erich\Documents\AFRL\Algebraic-Connectivity-Optimization-CDC2026\lite_trials\lite_config.yaml,full,48,0.714153561517,3,819,819,0.7141535615171137,772,0.62560875197112,30.02922009461376,1.3143153999990318,1.3143153999990318,1.3143153999990318,path,path,path,47,0.0,0.0,False,,,False,1,path,64,4,RL+Path,3
best,C:\Users\erich\Documents\AFRL\Algebraic-Connectivity-Optimization-CDC2026\lite_trials\sweep\resistance_leaning\checkpoints\best.pt,ppo,7000,C:\Users\erich\Documents\AFRL\Algebraic-Connectivity-Optimization-CDC2026\lite_trials\lite_config.yaml,full,48,0.714153561517,4,819,819,0.7141535615171137,772,0.62560875197112,30.02922009461376,1.317396500000541,1.317396500000541,1.317396500000541,path,path,path,47,0.0,0.0,False,,,False,1,path,64,4,RL+Path,4
best,C:\Users\erich\Documents\AFRL\Algebraic-Connectivity-Optimization-CDC2026\lite_trials\sweep\resistance_leaning\checkpoints\best.pt,ppo,7000,C:\Users\erich\Documents\AFRL\Algebraic-Connectivity-Optimization-CDC2026\lite_trials\lite_config.yaml,full,48,0.785383903793,0,896,896,0.7853839037927844,849,0.924203116365276,44.361749585533246,1.5154885000010836,1.5154885000010836,1.5154885000010836,path,path,path,47,0.0,0.0,False,,,False,1,path,64,4,RL+Path,0
best,C:\Users\erich\Documents\AFRL\Algebraic-Connectivity-Optimization-CDC2026\lite_trials\sweep\resistance_leaning\checkpoints\best.pt,ppo,7000,C:\Users\erich\Documents\AFRL\Algebraic-Connectivity-Optimization-CDC2026\lite_trials\lite_config.yaml,full,48,0.785383903793,1,896,896,0.7853839037927844,849,0.924203116365276,44.361749585533246,1.5045422000002873,1.5045422000002873,1.5045422000002873,path,path,path,47,0.0,0.0,False,,,False,1,path,64,4,RL+Path,1
best,C:\Users\erich\Documents\AFRL\Algebraic-Connectivity-Optimization-CDC2026\lite_trials\sweep\resistance_leaning\checkpoints\best.pt,ppo,7000,C:\Users\erich\Documents\AFRL\Algebraic-Connectivity-Optimization-CDC2026\lite_trials\lite_config.yaml,full,48,0.785383903793,2,896,896,0.7853839037927844,849,0.924203116365276,44.361749585533246,1.4800030999995215,1.4800030999995215,1.4800030999995215,path,path,path,47,0.0,0.0,False,,,False,1,path,64,4,RL+Path,2
best,C:\Users\erich\Documents\AFRL\Algebraic-Connectivity-Optimization-CDC2026\lite_trials\sweep\resistance_leaning\checkpoints\best.pt,ppo,7000,C:\Users\erich\Documents\AFRL\Algebraic-Connectivity-Optimization-CDC2026\lite_trials\lite_config.yaml,full,48,0.785383903793,3,896,896,0.7853839037927844,849,0.924203116365276,44.361749585533246,1.52014489999965,1.52014489999965,1.52014489999965,path,path,path,47,0.0,0.0,False,,,False,1,path,64,4,RL+Path,3
best,C:\Users\erich\Documents\AFRL\Algebraic-Connectivity-Optimization-CDC2026\lite_trials\sweep\resistance_leaning\checkpoints\best.pt,ppo,7000,C:\Users\erich\Documents\AFRL\Algebraic-Connectivity-Optimization-CDC2026\lite_trials\lite_config.yaml,full,48,0.785383903793,4,896,896,0.7853839037927844,849,0.924203116365276,44.361749585533246,1.4650841000002401,1.4650841000002401,1.4650841000002401,path,path,path,47,0.0,0.0,False,,,False,1,path,64,4,RL+Path,4
best,C:\Users\erich\Documents\AFRL\Algebraic-Connectivity-Optimization-CDC2026\lite_trials\sweep\resistance_leaning\checkpoints\best.pt,ppo,7000,C:\Users\erich\Documents\AFRL\Algebraic-Connectivity-Optimization-CDC2026\lite_trials\lite_config.yaml,full,48,0.856614246068,0,973,973,0.8566142460684552,926,0.9418784699349952,45.21016655687977,1.6548466999993252,1.6548466999993252,1.6548466999993252,path,path,path,47,0.0,0.0,False,,,False,1,path,64,4,RL+Path,0
best,C:\Users\erich\Documents\AFRL\Algebraic-Connectivity-Optimization-CDC2026\lite_trials\sweep\resistance_leaning\checkpoints\best.pt,ppo,7000,C:\Users\erich\Documents\AFRL\Algebraic-Connectivity-Optimization-CDC2026\lite_trials\lite_config.yaml,full,48,0.856614246068,1,973,973,0.8566142460684552,926,0.9418784699349952,45.21016655687977,1.6647071999996115,1.6647071999996115,1.6647071999996115,path,path,path,47,0.0,0.0,False,,,False,1,path,64,4,RL+Path,1
best,C:\Users\erich\Documents\AFRL\Algebraic-Connectivity-Optimization-CDC2026\lite_trials\sweep\resistance_leaning\checkpoints\best.pt,ppo,7000,C:\Users\erich\Documents\AFRL\Algebraic-Connectivity-Optimization-CDC2026\lite_trials\lite_config.yaml,full,48,0.856614246068,2,973,973,0.8566142460684552,926,0.9418784699349952,45.21016655687977,1.6462956000013946,1.6462956000013946,1.6462956000013946,path,path,path,47,0.0,0.0,False,,,False,1,path,64,4,RL+Path,2
best,C:\Users\erich\Documents\AFRL\Algebraic-Connectivity-Optimization-CDC2026\lite_trials\sweep\resistance_leaning\checkpoints\best.pt,ppo,7000,C:\Users\erich\Documents\AFRL\Algebraic-Connectivity-Optimization-CDC2026\lite_trials\lite_config.yaml,full,48,0.856614246068,3,973,973,0.8566142460684552,926,0.9418784699349952,45.21016655687977,1.6614117000008264,1.6614117000008264,1.6614117000008264,path,path,path,47,0.0,0.0,False,,,False,1,path,64,4,RL+Path,3
best,C:\Users\erich\Documents\AFRL\Algebraic-Connectivity-Optimization-CDC2026\lite_trials\sweep\resistance_leaning\checkpoints\best.pt,ppo,7000,C:\Users\erich\Documents\AFRL\Algebraic-Connectivity-Optimization-CDC2026\lite_trials\lite_config.yaml,full,48,0.856614246068,4,973,973,0.8566142460684552,926,0.9418784699349952,45.21016655687977,1.618774399999893,1.618774399999893,1.618774399999893,path,path,path,47,0.0,0.0,False,,,False,1,path,64,4,RL+Path,4
best,C:\Users\erich\Documents\AFRL\Algebraic-Connectivity-Optimization-CDC2026\lite_trials\sweep\resistance_leaning\checkpoints\best.pt,ppo,7000,C:\Users\erich\Documents\AFRL\Algebraic-Connectivity-Optimization-CDC2026\lite_trials\lite_config.yaml,full,48,0.927844588344,0,1050,1050,0.9278445883441259,1003,0.9224610747519302,44.27813158809265,1.8524660999992193,1.8524660999992193,1.8524660999992193,path,path,path,47,0.0,0.0,False,,,False,1,path,64,4,RL+Path,0
best,C:\Users\erich\Documents\AFRL\Algebraic-Connectivity-Optimization-CDC2026\lite_trials\sweep\resistance_leaning\checkpoints\best.pt,ppo,7000,C:\Users\erich\Documents\AFRL\Algebraic-Connectivity-Optimization-CDC2026\lite_trials\lite_config.yaml,full,48,0.927844588344,1,1050,1050,0.9278445883441259,1003,0.9224610747519302,44.27813158809265,1.8228409999992436,1.8228409999992436,1.8228409999992436,path,path,path,47,0.0,0.0,False,,,False,1,path,64,4,RL+Path,1
best,C:\Users\erich\Documents\AFRL\Algebraic-Connectivity-Optimization-CDC2026\lite_trials\sweep\resistance_leaning\checkpoints\best.pt,ppo,7000,C:\Users\erich\Documents\AFRL\Algebraic-Connectivity-Optimization-CDC2026\lite_trials\lite_config.yaml,full,48,0.927844588344,2,1050,1050,0.9278445883441259,1003,0.9224610747519302,44.27813158809265,1.8387094999998226,1.8387094999998226,1.8387094999998226,path,path,path,47,0.0,0.0,False,,,False,1,path,64,4,RL+Path,2
best,C:\Users\erich\Documents\AFRL\Algebraic-Connectivity-Optimization-CDC2026\lite_trials\sweep\resistance_leaning\checkpoints\best.pt,ppo,7000,C:\Users\erich\Documents\AFRL\Algebraic-Connectivity-Optimization-CDC2026\lite_trials\lite_config.yaml,full,48,0.927844588344,3,1050,1050,0.9278445883441259,1003,0.9224610747519302,44.27813158809265,1.8540701000001718,1.8540701000001718,1.8540701000001718,path,path,path,47,0.0,0.0,False,,,False,1,path,64,4,RL+Path,3
best,C:\Users\erich\Documents\AFRL\Algebraic-Connectivity-Optimization-CDC2026\lite_trials\sweep\resistance_leaning\checkpoints\best.pt,ppo,7000,C:\Users\erich\Documents\AFRL\Algebraic-Connectivity-Optimization-CDC2026\lite_trials\lite_config.yaml,full,48,0.927844588344,4,1050,1050,0.9278445883441259,1003,0.9224610747519302,44.27813158809265,1.8844089999984135,1.8844089999984135,1.8844089999984135,path,path,path,47,0.0,0.0,False,,,False,1,path,64,4,RL+Path,4
best,C:\Users\erich\Documents\AFRL\Algebraic-Connectivity-Optimization-CDC2026\lite_trials\sweep\resistance_leaning\checkpoints\best.pt,ppo,7000,C:\Users\erich\Documents\AFRL\Algebraic-Connectivity-Optimization-CDC2026\lite_trials\lite_config.yaml,full,48,0.99907493062,0,1127,1127,0.9990749306197965,1080,1.0000000000000007,48.00000000000003,2.0486326000009285,2.0486326000009285,2.0486326000009285,path,path,path,47,0.0,0.0,False,,,False,1,path,64,4,RL+Path,0
best,C:\Users\erich\Documents\AFRL\Algebraic-Connectivity-Optimization-CDC2026\lite_trials\sweep\resistance_leaning\checkpoints\best.pt,ppo,7000,C:\Users\erich\Documents\AFRL\Algebraic-Connectivity-Optimization-CDC2026\lite_trials\lite_config.yaml,full,48,0.99907493062,1,1127,1127,0.9990749306197965,1080,1.0000000000000007,48.00000000000003,2.045794899999237,2.045794899999237,2.045794899999237,path,path,path,47,0.0,0.0,False,,,False,1,path,64,4,RL+Path,1
best,C:\Users\erich\Documents\AFRL\Algebraic-Connectivity-Optimization-CDC2026\lite_trials\sweep\resistance_leaning\checkpoints\best.pt,ppo,7000,C:\Users\erich\Documents\AFRL\Algebraic-Connectivity-Optimization-CDC2026\lite_trials\lite_config.yaml,full,48,0.99907493062,2,1127,1127,0.9990749306197965,1080,1.0000000000000007,48.00000000000003,2.0431197000016255,2.0431197000016255,2.0431197000016255,path,path,path,47,0.0,0.0,False,,,False,1,path,64,4,RL+Path,2
best,C:\Users\erich\Documents\AFRL\Algebraic-Connectivity-Optimization-CDC2026\lite_trials\sweep\resistance_leaning\checkpoints\best.pt,ppo,7000,C:\Users\erich\Documents\AFRL\Algebraic-Connectivity-Optimization-CDC2026\lite_trials\lite_config.yaml,full,48,0.99907493062,3,1127,1127,0.9990749306197965,1080,1.0000000000000007,48.00000000000003,2.0395214000000124,2.0395214000000124,2.0395214000000124,path,path,path,47,0.0,0.0,False,,,False,1,path,64,4,RL+Path,3
best,C:\Users\erich\Documents\AFRL\Algebraic-Connectivity-Optimization-CDC2026\lite_trials\sweep\resistance_leaning\checkpoints\best.pt,ppo,7000,C:\Users\erich\Documents\AFRL\Algebraic-Connectivity-Optimization-CDC2026\lite_trials\lite_config.yaml,full,48,0.99907493062,4,1127,1127,0.9990749306197965,1080,1.0000000000000007,48.00000000000003,2.0833182000005763,2.0833182000005763,2.0833182000005763,path,path,path,47,0.0,0.0,False,,,False,1,path,64,4,RL+Path,4
best,C:\Users\erich\Documents\AFRL\Algebraic-Connectivity-Optimization-CDC2026\lite_trials\sweep\resistance_leaning\checkpoints\best.pt,ppo,7000,C:\Users\erich\Documents\AFRL\Algebraic-Connectivity-Optimization-CDC2026\lite_trials\lite_config.yaml,full,48,0.00092506938,0,48,48,0.0009250693802035153,1,0.020833333333333277,0.9999999999999973,0.0034808000000339234,0.0034808000000339234,0.004029800000353134,backbone,envelope_only,envelope,47,1.0,0.0005490000003192108,False,,,False,1,envelope,64,4,RL+Backbone,0
best,C:\Users\erich\Documents\AFRL\Algebraic-Connectivity-Optimization-CDC2026\lite_trials\sweep\resistance_leaning\checkpoints\best.pt,ppo,7000,C:\Users\erich\Documents\AFRL\Algebraic-Connectivity-Optimization-CDC2026\lite_trials\lite_config.yaml,full,48,0.00092506938,1,48,48,0.0009250693802035153,1,0.020833333333333277,0.9999999999999973,0.0012060000008204952,0.0012060000008204952,0.0014599000005546259,backbone,envelope_only,envelope,47,1.0,0.0002538999997341307,False,,,False,1,envelope,64,4,RL+Backbone,1
best,C:\Users\erich\Documents\AFRL\Algebraic-Connectivity-Optimization-CDC2026\lite_trials\sweep\resistance_leaning\checkpoints\best.pt,ppo,7000,C:\Users\erich\Documents\AFRL\Algebraic-Connectivity-Optimization-CDC2026\lite_trials\lite_config.yaml,full,48,0.00092506938,2,48,48,0.0009250693802035153,1,0.020833333333333277,0.9999999999999973,0.001173900000139838,0.001173900000139838,0.0012915999996039318,backbone,envelope_only,envelope,47,1.0,0.00011769999946409371,False,,,False,1,envelope,64,4,RL+Backbone,2
best,C:\Users\erich\Documents\AFRL\Algebraic-Connectivity-Optimization-CDC2026\lite_trials\sweep\resistance_leaning\checkpoints\best.pt,ppo,7000,C:\Users\erich\Documents\AFRL\Algebraic-Connectivity-Optimization-CDC2026\lite_trials\lite_config.yaml,full,48,0.00092506938,3,48,48,0.0009250693802035153,1,0.020833333333333277,0.9999999999999973,0.001357099999950151,0.001357099999950151,0.0015333999999711523,backbone,envelope_only,envelope,47,1.0,0.00017630000002100132,False,,,False,1,envelope,64,4,RL+Backbone,3
best,C:\Users\erich\Documents\AFRL\Algebraic-Connectivity-Optimization-CDC2026\lite_trials\sweep\resistance_leaning\checkpoints\best.pt,ppo,7000,C:\Users\erich\Documents\AFRL\Algebraic-Connectivity-Optimization-CDC2026\lite_trials\lite_config.yaml,full,48,0.00092506938,4,48,48,0.0009250693802035153,1,0.020833333333333277,0.9999999999999973,0.0012607000007847091,0.0012607000007847091,0.001396900001054746,backbone,envelope_only,envelope,47,1.0,0.00013620000027003698,False,,,False,1,envelope,64,4,RL+Backbone,4
best,C:\Users\erich\Documents\AFRL\Algebraic-Connectivity-Optimization-CDC2026\lite_trials\sweep\resistance_leaning\checkpoints\best.pt,ppo,7000,C:\Users\erich\Documents\AFRL\Algebraic-Connectivity-Optimization-CDC2026\lite_trials\lite_config.yaml,full,48,0.072155411656,0,125,125,0.07215541165587419,5,0.07916129788025379,3.7997422982521822,0.037600099998599035,0.037600099998599035,0.03999609999846143,backbone,both,cayley,120,2.7639320225002084,0.03410519999852113,False,2,,True,2,"cayley,envelope",64,4,RL+Backbone,0
best,C:\Users\erich\Documents\AFRL\Algebraic-Connectivity-Optimization-CDC2026\lite_trials\sweep\resistance_leaning\checkpoints\best.pt,ppo,7000,C:\Users\erich\Documents\AFRL\Algebraic-Connectivity-Optimization-CDC2026\lite_trials\lite_config.yaml,full,48,0.072155411656,1,125,125,0.07215541165587419,5,0.07151858106262268,3.4328918910058888,0.03652689999944414,0.03652689999944414,0.03685430000041379,backbone,both,cayley,120,2.7639320225002075,0.030779400000028545,False,2,,True,2,"cayley,envelope",64,4,RL+Backbone,1
best,C:\Users\erich\Documents\AFRL\Algebraic-Connectivity-Optimization-CDC2026\lite_trials\sweep\resistance_leaning\checkpoints\best.pt,ppo,7000,C:\Users\erich\Documents\AFRL\Algebraic-Connectivity-Optimization-CDC2026\lite_trials\lite_config.yaml,full,48,0.072155411656,2,125,125,0.07215541165587419,5,0.07646021586611995,3.6700903615737577,0.039083199999367935,0.039083199999367935,0.03922069999862288,backbone,both,cayley,120,2.7639320225002053,0.029872000000978005,False,2,,True,2,"cayley,envelope",64,4,RL+Backbone,2
best,C:\Users\erich\Documents\AFRL\Algebraic-Connectivity-Optimization-CDC2026\lite_trials\sweep\resistance_leaning\checkpoints\best.pt,ppo,7000,C:\Users\erich\Documents\AFRL\Algebraic-Connectivity-Optimization-CDC2026\lite_trials\lite_config.yaml,full,48,0.072155411656,3,125,125,0.07215541165587419,5,0.0697354537995954,3.3473017823805797,0.04487599999993108,0.04487599999993108,0.0450314999998227,backbone,both,cayley,120,2.405380411781164,0.029392599999482627,False,2,,True,2,"cayley,envelope",64,4,RL+Backbone,3
best,C:\Users\erich\Documents\AFRL\Algebraic-Connectivity-Optimization-CDC2026\lite_trials\sweep\resistance_leaning\checkpoints\best.pt,ppo,7000,C:\Users\erich\Documents\AFRL\Algebraic-Connectivity-Optimization-CDC2026\lite_trials\lite_config.yaml,full,48,0.072155411656,4,125,125,0.07215541165587419,5,0.06870791764951223,3.297980047176587,0.04266790000110632,0.04266790000110632,0.04417690000082075,backbone,both,cayley,120,2.4053804117811626,0.036527800000840216,False,2,,True,2,"cayley,envelope",64,4,RL+Backbone,4
best,C:\Users\erich\Documents\AFRL\Algebraic-Connectivity-Optimization-CDC2026\lite_trials\sweep\resistance_leaning\checkpoints\best.pt,ppo,7000,C:\Users\erich\Documents\AFRL\Algebraic-Connectivity-Optimization-CDC2026\lite_trials\lite_config.yaml,full,48,0.143385753932,0,202,202,0.14338575393154487,10,0.13482916916278573,6.4718001198137145,0.01661019999846758,0.01661019999846758,0.062094699998851866,backbone,cayley_only,cayley,192,5.039032761414107,0.04548450000038429,False,2,,False,1,cayley,64,4,RL+Backbone,0
best,C:\Users\erich\Documents\AFRL\Algebraic-Connectivity-Optimization-CDC2026\lite_trials\sweep\resistance_leaning\checkpoints\best.pt,ppo,7000,C:\Users\erich\Documents\AFRL\Algebraic-Connectivity-Optimization-CDC2026\lite_trials\lite_config.yaml,full,48,0.143385753932,1,202,202,0.14338575393154487,10,0.13906347186130372,6.675046649342578,0.014540000000124564,0.014540000000124564,0.05005410000012489,backbone,cayley_only,cayley,192,5.028733077499398,0.035514100000000326,False,2,,False,1,cayley,64,4,RL+Backbone,1
best,C:\Users\erich\Documents\AFRL\Algebraic-Connectivity-Optimization-CDC2026\lite_trials\sweep\resistance_leaning\checkpoints\best.pt,ppo,7000,C:\Users\erich\Documents\AFRL\Algebraic-Connectivity-Optimization-CDC2026\lite_trials\lite_config.yaml,full,48,0.143385753932,2,202,202,0.14338575393154487,10,0.12760416666666674,6.1250000000000036,0.01304119999986142,0.01304119999986142,0.04841639999904146,backbone,cayley_only,cayley,192,4.999999999999999,0.03537519999918004,False,2,,False,1,cayley,64,4,RL+Backbone,2
best,C:\Users\erich\Documents\AFRL\Algebraic-Connectivity-Optimization-CDC2026\lite_trials\sweep\resistance_leaning\checkpoints\best.pt,ppo,7000,C:\Users\erich\Documents\AFRL\Algebraic-Connectivity-Optimization-CDC2026\lite_trials\lite_config.yaml,full,48,0.143385753932,3,202,202,0.14338575393154487,10,0.12760416666666685,6.125000000000009,0.01234920000024431,0.01234920000024431,0.04428400000142574,backbone,cayley_only,cayley,192,4.999999999999999,0.03193480000118143,False,2,,False,1,cayley,64,4,RL+Backbone,3
best,C:\Users\erich\Documents\AFRL\Algebraic-Connectivity-Optimization-CDC2026\lite_trials\sweep\resistance_leaning\checkpoints\best.pt,ppo,7000,C:\Users\erich\Documents\AFRL\Algebraic-Connectivity-Optimization-CDC2026\lite_trials\lite_config.yaml,full,48,0.143385753932,4,202,202,0.14338575393154487,10,0.1348291691627859,6.471800119813723,0.014446299999690382,0.014446299999690382,0.0486918999995396,backbone,cayley_only,cayley,192,5.039032761414109,0.03424559999984922,False,2,,False,1,cayley,64,4,RL+Backbone,4
best,C:\Users\erich\Documents\AFRL\Algebraic-Connectivity-Optimization-CDC2026\lite_trials\sweep\resistance_leaning\checkpoints\best.pt,ppo,7000,C:\Users\erich\Documents\AFRL\Algebraic-Connectivity-Optimization-CDC2026\lite_trials\lite_config.yaml,full,48,0.214616096207,0,279,279,0.21461609620721553,15,0.2050237622420119,9.841140587616572,0.02310330000000249,0.02310330000000249,0.05967609999970591,backbone,cayley_only,cayley,264,7.7186394608365605,0.03657279999970342,False,2,,False,1,cayley,64,4,RL+Backbone,0
best,C:\Users\erich\Documents\AFRL\Algebraic-Connectivity-Optimization-CDC2026\lite_trials\sweep\resistance_leaning\checkpoints\best.pt,ppo,7000,C:\Users\erich\Documents\AFRL\Algebraic-Connectivity-Optimization-CDC2026\lite_trials\lite_config.yaml,full,48,0.214616096207,1,279,279,0.21461609620721553,15,0.19435429363280646,9.32900609437471,0.024939099999755854,0.024939099999755854,0.061735299999782,backbone,cayley_only,cayley,264,7.925997764674983,0.03679620000002615,False,2,,False,1,cayley,64,4,RL+Backbone,1
best,C:\Users\erich\Documents\AFRL\Algebraic-Connectivity-Optimization-CDC2026\lite_trials\sweep\resistance_leaning\checkpoints\best.pt,ppo,7000,C:\Users\erich\Documents\AFRL\Algebraic-Connectivity-Optimization-CDC2026\lite_trials\lite_config.yaml,full,48,0.214616096207,2,279,279,0.21461609620721553,15,0.21455675635189594,10.298724304891005,0.023567399999592453,0.023567399999592453,0.06196780000027502,backbone,cayley_only,cayley,264,7.837722339831611,0.038400400000682566,False,2,,False,1,cayley,64,4,RL+Backbone,2
best,C:\Users\erich\Documents\AFRL\Algebraic-Connectivity-Optimization-CDC2026\lite_trials\sweep\resistance_leaning\checkpoints\best.pt,ppo,7000,C:\Users\erich\Documents\AFRL\Algebraic-Connectivity-Optimization-CDC2026\lite_trials\lite_config.yaml,full,48,0.214616096207,3,279,279,0.21461609620721553,15,0.21504456612705614,10.322139174098695,0.023369299999103532,0.023369299999103532,0.06017469999824243,backbone,cayley_only,cayley,264,7.9999999999999964,0.0368053999991389,False,2,,False,1,cayley,64,4,RL+Backbone,3
best,C:\Users\erich\Documents\AFRL\Algebraic-Connectivity-Optimization-CDC2026\lite_trials\sweep\resistance_leaning\checkpoints\best.pt,ppo,7000,C:\Users\erich\Documents\AFRL\Algebraic-Connectivity-Optimization-CDC2026\lite_trials\lite_config.yaml,full,48,0.214616096207,4,279,279,0.21461609620721553,15,0.19804687643916327,9.506250069079837,0.02389269999912358,0.02389269999912358,0.06016049999925599,backbone,cayley_only,cayley,264,7.85702128904587,0.03626780000013241,False,2,,False,1,cayley,64,4,RL+Backbone,4
best,C:\Users\erich\Documents\AFRL\Algebraic-Connectivity-Optimization-CDC2026\lite_trials\sweep\resistance_leaning\checkpoints\best.pt,ppo,7000,C:\Users\erich\Documents\AFRL\Algebraic-Connectivity-Optimization-CDC2026\lite_trials\lite_config.yaml,full,48,0.285846438483,0,356,356,0.2858464384828862,20,0.2814818274980829,13.51112771990798,0.0321328000009089,0.0321328000009089,0.0717822000005981,backbone,cayley_only,cayley,336,10.999999999999998,0.039649399999689194,False,2,,False,1,cayley,64,4,RL+Backbone,0
best,C:\Users\erich\Documents\AFRL\Algebraic-Connectivity-Optimization-CDC2026\lite_trials\sweep\resistance_leaning\checkpoints\best.pt,ppo,7000,C:\Users\erich\Documents\AFRL\Algebraic-Connectivity-Optimization-CDC2026\lite_trials\lite_config.yaml,full,48,0.285846438483,1,356,356,0.2858464384828862,20,0.2655344505759499,12.745653627645595,0.02869040000041423,0.02869040000041423,0.06582600000001548,backbone,cayley_only,cayley,336,10.999999999999995,0.037135599999601254,False,2,,False,1,cayley,64,4,RL+Backbone,1
best,C:\Users\erich\Documents\AFRL\Algebraic-Connectivity-Optimization-CDC2026\lite_trials\sweep\resistance_leaning\checkpoints\best.pt,ppo,7000,C:\Users\erich\Documents\AFRL\Algebraic-Connectivity-Optimization-CDC2026\lite_trials\lite_config.yaml,full,48,0.285846438483,2,356,356,0.2858464384828862,20,0.27991130226395317,13.435742508669751,0.03287399999862828,0.03287399999862828,0.07101229999898351,backbone,cayley_only,cayley,336,10.765173634468493,0.03813830000035523,False,2,,False,1,cayley,64,4,RL+Backbone,2
best,C:\Users\erich\Documents\AFRL\Algebraic-Connectivity-Optimization-CDC2026\lite_trials\sweep\resistance_leaning\checkpoints\best.pt,ppo,7000,C:\Users\erich\Documents\AFRL\Algebraic-Connectivity-Optimization-CDC2026\lite_trials\lite_config.yaml,full,48,0.285846438483,3,356,356,0.2858464384828862,20,0.22916666666666655,10.999999999999995,0.03520759999992151,0.03520759999992151,0.07487189999847033,backbone,cayley_only,cayley,336,11.0,0.03966429999854881,False,2,,False,1,cayley,64,4,RL+Backbone,3
best,C:\Users\erich\Documents\AFRL\Algebraic-Connectivity-Optimization-CDC2026\lite_trials\sweep\resistance_leaning\checkpoints\best.pt,ppo,7000,C:\Users\erich\Documents\AFRL\Algebraic-Connectivity-Optimization-CDC2026\lite_trials\lite_config.yaml,full,48,0.285846438483,4,356,356,0.2858464384828862,20,0.2763637776378389,13.265461326616268,0.028177700000014738,0.028177700000014738,0.06220020000000659,backbone,cayley_only,cayley,336,10.880376495862219,0.03402249999999185,False,2,,False,1,cayley,64,4,RL+Backbone,4
best,C:\Users\erich\Documents\AFRL\Algebraic-Connectivity-Optimization-CDC2026\lite_trials\sweep\resistance_leaning\checkpoints\best.pt,ppo,7000,C:\Users\erich\Documents\AFRL\Algebraic-Connectivity-Optimization-CDC2026\lite_trials\lite_config.yaml,full,48,0.357076780759,0,433,433,0.35707678075855687,1,0.3193072963136245,15.326750223053974,0.0020128000014665304,0.0020128000014665304,0.04090410000026168,backbone,cayley_only,cayley,432,15.326750223053972,0.03889129999879515,False,2,,False,1,cayley,64,4,RL+Backbone,0
best,C:\Users\erich\Documents\AFRL\Algebraic-Connectivity-Optimization-CDC2026\lite_trials\sweep\resistance_leaning\checkpoints\best.pt,ppo,7000,C:\Users\erich\Documents\AFRL\Algebraic-Connectivity-Optimization-CDC2026\lite_trials\lite_config.yaml,full,48,0.357076780759,1,433,433,0.35707678075855687,1,0.3193072963136245,15.326750223053974,0.002145800001017051,0.002145800001017051,0.04036210000049323,backbone,cayley_only,cayley,432,15.326750223053978,0.03821629999947618,False,2,,False,1,cayley,64,4,RL+Backbone,1
best,C:\Users\erich\Documents\AFRL\Algebraic-Connectivity-Optimization-CDC2026\lite_trials\sweep\resistance_leaning\checkpoints\best.pt,ppo,7000,C:\Users\erich\Documents\AFRL\Algebraic-Connectivity-Optimization-CDC2026\lite_trials\lite_config.yaml,full,48,0.357076780759,2,433,433,0.35707678075855687,1,0.3160744349011207,15.171572875253794,0.002319100000022445,0.002319100000022445,0.040070200000627665,backbone,cayley_only,cayley,432,15.171572875253807,0.03775110000060522,False,2,,False,1,cayley,64,4,RL+Backbone,2
best,C:\Users\erich\Documents\AFRL\Algebraic-Connectivity-Optimization-CDC2026\lite_trials\sweep\resistance_leaning\checkpoints\best.pt,ppo,7000,C:\Users\erich\Documents\AFRL\Algebraic-Connectivity-Optimization-CDC2026\lite_trials\lite_config.yaml,full,48,0.357076780759,3,433,433,0.35707678075855687,1,0.3193072963136244,15.326750223053972,0.0022142999987408984,0.0022142999987408984,0.04168699999900127,backbone,cayley_only,cayley,432,15.326750223053978,0.039472700000260375,False,2,,False,1,cayley,64,4,RL+Backbone,3
best,C:\Users\erich\Documents\AFRL\Algebraic-Connectivity-Optimization-CDC2026\lite_trials\sweep\resistance_leaning\checkpoints\best.pt,ppo,7000,C:\Users\erich\Documents\AFRL\Algebraic-Connectivity-Optimization-CDC2026\lite_trials\lite_config.yaml,full,48,0.357076780759,4,433,433,0.35707678075855687,1,0.31930729631362437,15.32675022305397,0.0023151000004872913,0.0023151000004872913,0.04004220000024361,backbone,cayley_only,cayley,432,15.326750223053972,0.03772709999975632,False,2,,False,1,cayley,64,4,RL+Backbone,4
best,C:\Users\erich\Documents\AFRL\Algebraic-Connectivity-Optimization-CDC2026\lite_trials\sweep\resistance_leaning\checkpoints\best.pt,ppo,7000,C:\Users\erich\Documents\AFRL\Algebraic-Connectivity-Optimization-CDC2026\lite_trials\lite_config.yaml,full,48,0.428307123034,0,510,510,0.4283071230342276,6,0.40706800734167303,19.539264352400306,0.010871299999053008,0.010871299999053008,0.048076499999297084,backbone,cayley_only,cayley,504,18.460415438938252,0.037205200000244076,False,2,,False,1,cayley,64,4,RL+Backbone,0
best,C:\Users\erich\Documents\AFRL\Algebraic-Connectivity-Optimization-CDC2026\lite_trials\sweep\resistance_leaning\checkpoints\best.pt,ppo,7000,C:\Users\erich\Documents\AFRL\Algebraic-Connectivity-Optimization-CDC2026\lite_trials\lite_config.yaml,full,48,0.428307123034,1,510,510,0.4283071230342276,6,0.40558151939278275,19.467912930853572,0.012163900000814465,0.012163900000814465,0.04797290000169596,backbone,cayley_only,cayley,504,18.460415438938256,0.0358090000008815,False,2,,False,1,cayley,64,4,RL+Backbone,1
best,C:\Users\erich\Documents\AFRL\Algebraic-Connectivity-Optimization-CDC2026\lite_trials\sweep\resistance_leaning\checkpoints\best.pt,ppo,7000,C:\Users\erich\Documents\AFRL\Algebraic-Connectivity-Optimization-CDC2026\lite_trials\lite_config.yaml,full,48,0.428307123034,2,510,510,0.4283071230342276,6,0.4042649592334922,19.404718043207627,0.010038000000349712,0.010038000000349712,0.042315200000302866,backbone,cayley_only,cayley,504,18.460415438938256,0.032277199999953154,False,2,,False,1,cayley,64,4,RL+Backbone,2
best,C:\Users\erich\Documents\AFRL\Algebraic-Connectivity-Optimization-CDC2026\lite_trials\sweep\resistance_leaning\checkpoints\best.pt,ppo,7000,C:\Users\erich\Documents\AFRL\Algebraic-Connectivity-Optimization-CDC2026\lite_trials\lite_config.yaml,full,48,0.428307123034,3,510,510,0.4283071230342276,6,0.40883716291049815,19.624183819703912,0.01102819999869098,0.01102819999869098,0.0441486999989138,backbone,cayley_only,cayley,504,18.460415438938252,0.03312050000022282,False,2,,False,1,cayley,64,4,RL+Backbone,3
best,C:\Users\erich\Documents\AFRL\Algebraic-Connectivity-Optimization-CDC2026\lite_trials\sweep\resistance_leaning\checkpoints\best.pt,ppo,7000,C:\Users\erich\Documents\AFRL\Algebraic-Connectivity-Optimization-CDC2026\lite_trials\lite_config.yaml,full,48,0.428307123034,4,510,510,0.4283071230342276,6,0.40883716291049815,19.624183819703912,0.009289699999499135,0.009289699999499135,0.04391199999918172,backbone,cayley_only,cayley,504,18.460415438938252,0.03462229999968258,False,2,,False,1,cayley,64,4,RL+Backbone,4
best,C:\Users\erich\Documents\AFRL\Algebraic-Connectivity-Optimization-CDC2026\lite_trials\sweep\resistance_leaning\checkpoints\best.pt,ppo,7000,C:\Users\erich\Documents\AFRL\Algebraic-Connectivity-Optimization-CDC2026\lite_trials\lite_config.yaml,full,48,0.50046253469,0,588,588,0.5004625346901017,12,0.5002947864156607,24.014149747951713,0.025804500000958797,0.025804500000958797,0.026420000000143773,backbone,both,envelope,576,24.0,0.005744199999753619,False,,,True,2,"cayley,envelope",64,4,RL+Backbone,0
best,C:\Users\erich\Documents\AFRL\Algebraic-Connectivity-Optimization-CDC2026\lite_trials\sweep\resistance_leaning\checkpoints\best.pt,ppo,7000,C:\Users\erich\Documents\AFRL\Algebraic-Connectivity-Optimization-CDC2026\lite_trials\lite_config.yaml,full,48,0.50046253469,1,588,588,0.5004625346901017,12,0.5002947864156607,24.014149747951713,0.02395059999980731,0.02395059999980731,0.026209699999526492,backbone,both,envelope,576,24.0,0.006671900000583264,False,,,True,2,"cayley,envelope",64,4,RL+Backbone,1
best,C:\Users\erich\Documents\AFRL\Algebraic-Connectivity-Optimization-CDC2026\lite_trials\sweep\resistance_leaning\checkpoints\best.pt,ppo,7000,C:\Users\erich\Documents\AFRL\Algebraic-Connectivity-Optimization-CDC2026\lite_trials\lite_config.yaml,full,48,0.50046253469,2,588,588,0.5004625346901017,12,0.5002947864156607,24.014149747951713,0.024623900000733556,0.024623900000733556,0.029350099999646773,backbone,both,envelope,576,24.0,0.005922700000155601,False,,,True,2,"cayley,envelope",64,4,RL+Backbone,2
best,C:\Users\erich\Documents\AFRL\Algebraic-Connectivity-Optimization-CDC2026\lite_trials\sweep\resistance_leaning\checkpoints\best.pt,ppo,7000,C:\Users\erich\Documents\AFRL\Algebraic-Connectivity-Optimization-CDC2026\lite_trials\lite_config.yaml,full,48,0.50046253469,3,588,588,0.5004625346901017,12,0.5002947864156607,24.014149747951713,0.024657699999806937,0.024657699999806937,0.031163799998466857,backbone,both,envelope,576,24.0,0.00650609999865992,False,,,True,2,"cayley,envelope",64,4,RL+Backbone,3
best,C:\Users\erich\Documents\AFRL\Algebraic-Connectivity-Optimization-CDC2026\lite_trials\sweep\resistance_leaning\checkpoints\best.pt,ppo,7000,C:\Users\erich\Documents\AFRL\Algebraic-Connectivity-Optimization-CDC2026\lite_trials\lite_config.yaml,full,48,0.50046253469,4,588,588,0.5004625346901017,12,0.5002947864156607,24.014149747951713,0.024818099998810794,0.024818099998810794,0.030517899998812936,backbone,both,envelope,576,24.0,0.0066853999996965285,False,,,True,2,"cayley,envelope",64,4,RL+Backbone,4
best,C:\Users\erich\Documents\AFRL\Algebraic-Connectivity-Optimization-CDC2026\lite_trials\sweep\resistance_leaning\checkpoints\best.pt,ppo,7000,C:\Users\erich\Documents\AFRL\Algebraic-Connectivity-Optimization-CDC2026\lite_trials\lite_config.yaml,full,48,0.571692876966,0,665,665,0.5716928769657724,17,0.5895944755885503,28.300534828250413,0.03985889999967185,0.03985889999967185,0.07470379999904253,backbone,both,cayley,648,24.267949192431107,0.03484489999937068,False,2,,True,2,"cayley,envelope",64,4,RL+Backbone,0
best,C:\Users\erich\Documents\AFRL\Algebraic-Connectivity-Optimization-CDC2026\lite_trials\sweep\resistance_leaning\checkpoints\best.pt,ppo,7000,C:\Users\erich\Documents\AFRL\Algebraic-Connectivity-Optimization-CDC2026\lite_trials\lite_config.yaml,full,48,0.571692876966,1,665,665,0.5716928769657724,17,0.5895944755885503,28.300534828250413,0.03510409999944386,0.03510409999944386,0.06904079999912938,backbone,both,cayley,648,24.267949192431107,0.033936699999685516,False,2,,True,2,"cayley,envelope",64,4,RL+Backbone,1
best,C:\Users\erich\Documents\AFRL\Algebraic-Connectivity-Optimization-CDC2026\lite_trials\sweep\resistance_leaning\checkpoints\best.pt,ppo,7000,C:\Users\erich\Documents\AFRL\Algebraic-Connectivity-Optimization-CDC2026\lite_trials\lite_config.yaml,full,48,0.571692876966,2,665,665,0.5716928769657724,17,0.5895944755885503,28.300534828250413,0.03292169999986072,0.03292169999986072,0.06370739999874786,backbone,both,cayley,648,24.267949192431107,0.03078569999888714,False,2,,True,2,"cayley,envelope",64,4,RL+Backbone,2
best,C:\Users\erich\Documents\AFRL\Algebraic-Connectivity-Optimization-CDC2026\lite_trials\sweep\resistance_leaning\checkpoints\best.pt,ppo,7000,C:\Users\erich\Documents\AFRL\Algebraic-Connectivity-Optimization-CDC2026\lite_trials\lite_config.yaml,full,48,0.571692876966,3,665,665,0.5716928769657724,17,0.5895944755885503,28.300534828250413,0.029814800000167452,0.029814800000167452,0.0639236000006349,backbone,both,cayley,648,24.267949192431107,0.034108800000467454,False,2,,True,2,"cayley,envelope",64,4,RL+Backbone,3
best,C:\Users\erich\Documents\AFRL\Algebraic-Connectivity-Optimization-CDC2026\lite_trials\sweep\resistance_leaning\checkpoints\best.pt,ppo,7000,C:\Users\erich\Documents\AFRL\Algebraic-Connectivity-Optimization-CDC2026\lite_trials\lite_config.yaml,full,48,0.571692876966,4,665,665,0.5716928769657724,17,0.5895944755885503,28.300534828250413,0.03396029999930761,0.03396029999930761,0.06583160000081989,backbone,both,cayley,648,24.267949192431107,0.03187130000151228,False,2,,True,2,"cayley,envelope",64,4,RL+Backbone,4
best,C:\Users\erich\Documents\AFRL\Algebraic-Connectivity-Optimization-CDC2026\lite_trials\sweep\resistance_leaning\checkpoints\best.pt,ppo,7000,C:\Users\erich\Documents\AFRL\Algebraic-Connectivity-Optimization-CDC2026\lite_trials\lite_config.yaml,full,48,0.642923219241,0,742,742,0.6429232192414431,22,0.637720912285698,30.610603789713508,0.048243299999739975,0.048243299999739975,0.0550574000008055,backbone,both,cayley,720,28.999999999999947,0.006814100001065526,False,3,,True,2,"cayley,envelope",64,4,RL+Backbone,0
best,C:\Users\erich\Documents\AFRL\Algebraic-Connectivity-Optimization-CDC2026\lite_trials\sweep\resistance_leaning\checkpoints\best.pt,ppo,7000,C:\Users\erich\Documents\AFRL\Algebraic-Connectivity-Optimization-CDC2026\lite_trials\lite_config.yaml,full,48,0.642923219241,1,742,742,0.6429232192414431,22,0.637720912285698,30.610603789713508,0.03950210000039078,0.03950210000039078,0.0450063999996928,backbone,both,cayley,720,28.999999999999947,0.00550429999930202,False,3,,True,2,"cayley,envelope",64,4,RL+Backbone,1
best,C:\Users\erich\Documents\AFRL\Algebraic-Connectivity-Optimization-CDC2026\lite_trials\sweep\resistance_leaning\checkpoints\best.pt,ppo,7000,C:\Users\erich\Documents\AFRL\Algebraic-Connectivity-Optimization-CDC2026\lite_trials\lite_config.yaml,full,48,0.642923219241,2,742,742,0.6429232192414431,22,0.637720912285698,30.610603789713508,0.04806970000026922,0.04806970000026922,0.05443849999937811,backbone,both,cayley,720,28.999999999999947,0.006368799999108887,False,3,,True,2,"cayley,envelope",64,4,RL+Backbone,2
best,C:\Users\erich\Documents\AFRL\Algebraic-Connectivity-Optimization-CDC2026\lite_trials\sweep\resistance_leaning\checkpoints\best.pt,ppo,7000,C:\Users\erich\Documents\AFRL\Algebraic-Connectivity-Optimization-CDC2026\lite_trials\lite_config.yaml,full,48,0.642923219241,3,742,742,0.6429232192414431,22,0.637720912285698,30.610603789713508,0.043466999999509426,0.043466999999509426,0.05032690000007278,backbone,both,cayley,720,28.999999999999947,0.006859900000563357,False,3,,True,2,"cayley,envelope",64,4,RL+Backbone,3
best,C:\Users\erich\Documents\AFRL\Algebraic-Connectivity-Optimization-CDC2026\lite_trials\sweep\resistance_leaning\checkpoints\best.pt,ppo,7000,C:\Users\erich\Documents\AFRL\Algebraic-Connectivity-Optimization-CDC2026\lite_trials\lite_config.yaml,full,48,0.642923219241,4,742,742,0.6429232192414431,22,0.637720912285698,30.610603789713508,0.049561899999389425,0.049561899999389425,0.05637390000083542,backbone,both,cayley,720,28.999999999999947,0.006812000001445995,False,3,,True,2,"cayley,envelope",64,4,RL+Backbone,4
best,C:\Users\erich\Documents\AFRL\Algebraic-Connectivity-Optimization-CDC2026\lite_trials\sweep\resistance_leaning\checkpoints\best.pt,ppo,7000,C:\Users\erich\Documents\AFRL\Algebraic-Connectivity-Optimization-CDC2026\lite_trials\lite_config.yaml,full,48,0.714153561517,0,819,819,0.7141535615171137,9,0.7099704366548917,34.0785809594348,0.02178740000090329,0.02178740000090329,0.022616300002482603,backbone,both,envelope,810,33.0,0.005694499999663094,False,,,True,2,"cayley,envelope",64,4,RL+Backbone,0
best,C:\Users\erich\Documents\AFRL\Algebraic-Connectivity-Optimization-CDC2026\lite_trials\sweep\resistance_leaning\checkpoints\best.pt,ppo,7000,C:\Users\erich\Documents\AFRL\Algebraic-Connectivity-Optimization-CDC2026\lite_trials\lite_config.yaml,full,48,0.714153561517,1,819,819,0.7141535615171137,9,0.7099704366548917,34.0785809594348,0.020350900000266847,0.020350900000266847,0.021101399999679415,backbone,both,envelope,810,33.0,0.007341200000155368,False,,,True,2,"cayley,envelope",64,4,RL+Backbone,1
best,C:\Users\erich\Documents\AFRL\Algebraic-Connectivity-Optimization-CDC2026\lite_trials\sweep\resistance_leaning\checkpoints\best.pt,ppo,7000,C:\Users\erich\Documents\AFRL\Algebraic-Connectivity-Optimization-CDC2026\lite_trials\lite_config.yaml,full,48,0.714153561517,2,819,819,0.7141535615171137,9,0.7099704366548917,34.0785809594348,0.01548709999951825,0.01548709999951825,0.016061599999375176,backbone,both,envelope,810,33.0,0.0056476000008842675,False,,,True,2,"cayley,envelope",64,4,RL+Backbone,2
best,C:\Users\erich\Documents\AFRL\Algebraic-Connectivity-Optimization-CDC2026\lite_trials\sweep\resistance_leaning\checkpoints\best.pt,ppo,7000,C:\Users\erich\Documents\AFRL\Algebraic-Connectivity-Optimization-CDC2026\lite_trials\lite_config.yaml,full,48,0.714153561517,3,819,819,0.7141535615171137,9,0.7099704366548917,34.0785809594348,0.021277799998642877,0.021277799998642877,0.0220484999990731,backbone,both,envelope,810,33.0,0.0069922000002407,False,,,True,2,"cayley,envelope",64,4,RL+Backbone,3
best,C:\Users\erich\Documents\AFRL\Algebraic-Connectivity-Optimization-CDC2026\lite_trials\sweep\resistance_leaning\checkpoints\best.pt,ppo,7000,C:\Users\erich\Documents\AFRL\Algebraic-Connectivity-Optimization-CDC2026\lite_trials\lite_config.yaml,full,48,0.714153561517,4,819,819,0.7141535615171137,9,0.7099704366548917,34.0785809594348,0.022840699999505887,0.022840699999505887,0.023595899998326786,backbone,both,envelope,810,33.0,0.007417400000122143,False,,,True,2,"cayley,envelope",64,4,RL+Backbone,4
best,C:\Users\erich\Documents\AFRL\Algebraic-Connectivity-Optimization-CDC2026\lite_trials\sweep\resistance_leaning\checkpoints\best.pt,ppo,7000,C:\Users\erich\Documents\AFRL\Algebraic-Connectivity-Optimization-CDC2026\lite_trials\lite_config.yaml,full,48,0.785383903793,0,896,896,0.7853839037927844,32,0.7499999999999991,35.99999999999996,0.08032670000102371,0.08032670000102371,0.08116650000192749,backbone,envelope_only,envelope,864,36.0,0.0008398000009037787,False,,,False,1,envelope,64,4,RL+Backbone,0
best,C:\Users\erich\Documents\AFRL\Algebraic-Connectivity-Optimization-CDC2026\lite_trials\sweep\resistance_leaning\checkpoints\best.pt,ppo,7000,C:\Users\erich\Documents\AFRL\Algebraic-Connectivity-Optimization-CDC2026\lite_trials\lite_config.yaml,full,48,0.785383903793,1,896,896,0.7853839037927844,32,0.7499999999999991,35.99999999999996,0.08050320000074862,0.08050320000074862,0.0810341000014887,backbone,envelope_only,envelope,864,36.0,0.0005309000007400755,False,,,False,1,envelope,64,4,RL+Backbone,1
best,C:\Users\erich\Documents\AFRL\Algebraic-Connectivity-Optimization-CDC2026\lite_trials\sweep\resistance_leaning\checkpoints\best.pt,ppo,7000,C:\Users\erich\Documents\AFRL\Algebraic-Connectivity-Optimization-CDC2026\lite_trials\lite_config.yaml,full,48,0.785383903793,2,896,896,0.7853839037927844,32,0.7499999999999991,35.99999999999996,0.07014750000053027,0.07014750000053027,0.0709835000016028,backbone,envelope_only,envelope,864,36.0,0.0008360000010725344,False,,,False,1,envelope,64,4,RL+Backbone,2
best,C:\Users\erich\Documents\AFRL\Algebraic-Connectivity-Optimization-CDC2026\lite_trials\sweep\resistance_leaning\checkpoints\best.pt,ppo,7000,C:\Users\erich\Documents\AFRL\Algebraic-Connectivity-Optimization-CDC2026\lite_trials\lite_config.yaml,full,48,0.785383903793,3,896,896,0.7853839037927844,32,0.7499999999999991,35.99999999999996,0.07929080000030808,0.07929080000030808,0.0798614000013913,backbone,envelope_only,envelope,864,36.0,0.0005706000010832213,False,,,False,1,envelope,64,4,RL+Backbone,3
best,C:\Users\erich\Documents\AFRL\Algebraic-Connectivity-Optimization-CDC2026\lite_trials\sweep\resistance_leaning\checkpoints\best.pt,ppo,7000,C:\Users\erich\Documents\AFRL\Algebraic-Connectivity-Optimization-CDC2026\lite_trials\lite_config.yaml,full,48,0.785383903793,4,896,896,0.7853839037927844,32,0.7499999999999991,35.99999999999996,0.08206169999903068,0.08206169999903068,0.08323059999929683,backbone,envelope_only,envelope,864,36.0,0.0011689000002661487,False,,,False,1,envelope,64,4,RL+Backbone,4
best,C:\Users\erich\Documents\AFRL\Algebraic-Connectivity-Optimization-CDC2026\lite_trials\sweep\resistance_leaning\checkpoints\best.pt,ppo,7000,C:\Users\erich\Documents\AFRL\Algebraic-Connectivity-Optimization-CDC2026\lite_trials\lite_config.yaml,full,48,0.856614246068,0,973,973,0.8566142460684552,13,0.8610068637140139,41.32832945827267,0.03432240000074671,0.03432240000074671,0.035039900001720525,backbone,envelope_only,envelope,960,40.0,0.0007175000009738142,False,,,False,1,envelope,64,4,RL+Backbone,0
best,C:\Users\erich\Documents\AFRL\Algebraic-Connectivity-Optimization-CDC2026\lite_trials\sweep\resistance_leaning\checkpoints\best.pt,ppo,7000,C:\Users\erich\Documents\AFRL\Algebraic-Connectivity-Optimization-CDC2026\lite_trials\lite_config.yaml,full,48,0.856614246068,1,973,973,0.8566142460684552,13,0.8610068637140139,41.32832945827267,0.03372289999970235,0.03372289999970235,0.03464739999981248,backbone,envelope_only,envelope,960,40.0,0.0009245000001101289,False,,,False,1,envelope,64,4,RL+Backbone,1
best,C:\Users\erich\Documents\AFRL\Algebraic-Connectivity-Optimization-CDC2026\lite_trials\sweep\resistance_leaning\checkpoints\best.pt,ppo,7000,C:\Users\erich\Documents\AFRL\Algebraic-Connectivity-Optimization-CDC2026\lite_trials\lite_config.yaml,full,48,0.856614246068,2,973,973,0.8566142460684552,13,0.8610068637140139,41.32832945827267,0.03341079999881913,0.03341079999881913,0.03432209999846236,backbone,envelope_only,envelope,960,40.0,0.0009112999996432336,False,,,False,1,envelope,64,4,RL+Backbone,2
best,C:\Users\erich\Documents\AFRL\Algebraic-Connectivity-Optimization-CDC2026\lite_trials\sweep\resistance_leaning\checkpoints\best.pt,ppo,7000,C:\Users\erich\Documents\AFRL\Algebraic-Connectivity-Optimization-CDC2026\lite_trials\lite_config.yaml,full,48,0.856614246068,3,973,973,0.8566142460684552,13,0.8610068637140139,41.32832945827267,0.033409499999834225,0.033409499999834225,0.03434490000108781,backbone,envelope_only,envelope,960,40.0,0.0009354000012535835,False,,,False,1,envelope,64,4,RL+Backbone,3
best,C:\Users\erich\Documents\AFRL\Algebraic-Connectivity-Optimization-CDC2026\lite_trials\sweep\resistance_leaning\checkpoints\best.pt,ppo,7000,C:\Users\erich\Documents\AFRL\Algebraic-Connectivity-Optimization-CDC2026\lite_trials\lite_config.yaml,full,48,0.856614246068,4,973,973,0.8566142460684552,13,0.8610068637140139,41.32832945827267,0.035134100000504986,0.035134100000504986,0.036039500000697444,backbone,envelope_only,envelope,960,40.0,0.0009054000001924578,False,,,False,1,envelope,64,4,RL+Backbone,4
best,C:\Users\erich\Documents\AFRL\Algebraic-Connectivity-Optimization-CDC2026\lite_trials\sweep\resistance_leaning\checkpoints\best.pt,ppo,7000,C:\Users\erich\Documents\AFRL\Algebraic-Connectivity-Optimization-CDC2026\lite_trials\lite_config.yaml,full,48,0.927844588344,0,1050,1050,0.9278445883441259,15,0.9398695208284202,45.11373699976417,0.03956860000107554,0.03956860000107554,0.040602100001706276,backbone,envelope_only,envelope,1035,43.0,0.0010335000006307382,False,,,False,1,envelope,64,4,RL+Backbone,0
best,C:\Users\erich\Documents\AFRL\Algebraic-Connectivity-Optimization-CDC2026\lite_trials\sweep\resistance_leaning\checkpoints\best.pt,ppo,7000,C:\Users\erich\Documents\AFRL\Algebraic-Connectivity-Optimization-CDC2026\lite_trials\lite_config.yaml,full,48,0.927844588344,1,1050,1050,0.9278445883441259,15,0.9398695208284202,45.11373699976417,0.033658899999863934,0.033658899999863934,0.034653099999559345,backbone,envelope_only,envelope,1035,43.0,0.000994199999695411,False,,,False,1,envelope,64,4,RL+Backbone,1
best,C:\Users\erich\Documents\AFRL\Algebraic-Connectivity-Optimization-CDC2026\lite_trials\sweep\resistance_leaning\checkpoints\best.pt,ppo,7000,C:\Users\erich\Documents\AFRL\Algebraic-Connectivity-Optimization-CDC2026\lite_trials\lite_config.yaml,full,48,0.927844588344,2,1050,1050,0.9278445883441259,15,0.9398695208284202,45.11373699976417,0.04052620000038587,0.04052620000038587,0.04150389999995241,backbone,envelope_only,envelope,1035,43.0,0.0009776999995665392,False,,,False,1,envelope,64,4,RL+Backbone,2
best,C:\Users\erich\Documents\AFRL\Algebraic-Connectivity-Optimization-CDC2026\lite_trials\sweep\resistance_leaning\checkpoints\best.pt,ppo,7000,C:\Users\erich\Documents\AFRL\Algebraic-Connectivity-Optimization-CDC2026\lite_trials\lite_config.yaml,full,48,0.927844588344,3,1050,1050,0.9278445883441259,15,0.9398695208284202,45.11373699976417,0.03797389999999723,0.03797389999999723,0.03917820000060601,backbone,envelope_only,envelope,1035,43.0,0.0012043000006087823,False,,,False,1,envelope,64,4,RL+Backbone,3
best,C:\Users\erich\Documents\AFRL\Algebraic-Connectivity-Optimization-CDC2026\lite_trials\sweep\resistance_leaning\checkpoints\best.pt,ppo,7000,C:\Users\erich\Documents\AFRL\Algebraic-Connectivity-Optimization-CDC2026\lite_trials\lite_config.yaml,full,48,0.927844588344,4,1050,1050,0.9278445883441259,15,0.9398695208284202,45.11373699976417,0.04103649999888148,0.04103649999888148,0.04204899999785994,backbone,envelope_only,envelope,1035,43.0,0.0010124999989784556,False,,,False,1,envelope,64,4,RL+Backbone,4
best,C:\Users\erich\Documents\AFRL\Algebraic-Connectivity-Optimization-CDC2026\lite_trials\sweep\resistance_leaning\checkpoints\best.pt,ppo,7000,C:\Users\erich\Documents\AFRL\Algebraic-Connectivity-Optimization-CDC2026\lite_trials\lite_config.yaml,full,48,0.99907493062,0,1127,1127,0.9990749306197965,23,0.9857012487191145,47.313659938517496,0.06380800000079034,0.06380800000079034,0.06466070000169566,backbone,envelope_only,envelope,1104,46.0,0.0008527000009053154,False,,,False,1,envelope,64,4,RL+Backbone,0
best,C:\Users\erich\Documents\AFRL\Algebraic-Connectivity-Optimization-CDC2026\lite_trials\sweep\resistance_leaning\checkpoints\best.pt,ppo,7000,C:\Users\erich\Documents\AFRL\Algebraic-Connectivity-Optimization-CDC2026\lite_trials\lite_config.yaml,full,48,0.99907493062,1,1127,1127,0.9990749306197965,23,0.9857012487191145,47.313659938517496,0.05421270000078948,0.05421270000078948,0.05535580000105256,backbone,envelope_only,envelope,1104,46.0,0.0011431000002630753,False,,,False,1,envelope,64,4,RL+Backbone,1
best,C:\Users\erich\Documents\AFRL\Algebraic-Connectivity-Optimization-CDC2026\lite_trials\sweep\resistance_leaning\checkpoints\best.pt,ppo,7000,C:\Users\erich\Documents\AFRL\Algebraic-Connectivity-Optimization-CDC2026\lite_trials\lite_config.yaml,full,48,0.99907493062,2,1127,1127,0.9990749306197965,23,0.9857012487191145,47.313659938517496,0.06325269999979355,0.06325269999979355,0.06405520000043907,backbone,envelope_only,envelope,1104,46.0,0.000802500000645523,False,,,False,1,envelope,64,4,RL+Backbone,2
best,C:\Users\erich\Documents\AFRL\Algebraic-Connectivity-Optimization-CDC2026\lite_trials\sweep\resistance_leaning\checkpoints\best.pt,ppo,7000,C:\Users\erich\Documents\AFRL\Algebraic-Connectivity-Optimization-CDC2026\lite_trials\lite_config.yaml,full,48,0.99907493062,3,1127,1127,0.9990749306197965,23,0.9857012487191145,47.313659938517496,0.05251200000020617,0.05251200000020617,0.0536857000006421,backbone,envelope_only,envelope,1104,46.0,0.0011737000004359288,False,,,False,1,envelope,64,4,RL+Backbone,3
best,C:\Users\erich\Documents\AFRL\Algebraic-Connectivity-Optimization-CDC2026\lite_trials\sweep\resistance_leaning\checkpoints\best.pt,ppo,7000,C:\Users\erich\Documents\AFRL\Algebraic-Connectivity-Optimization-CDC2026\lite_trials\lite_config.yaml,full,48,0.99907493062,4,1127,1127,0.9990749306197965,23,0.9857012487191145,47.313659938517496,0.052803599999606377,0.052803599999606377,0.05356000000028871,backbone,envelope_only,envelope,1104,46.0,0.0007564000006823335,False,,,False,1,envelope,64,4,RL+Backbone,4
best,C:\Users\erich\Documents\AFRL\Algebraic-Connectivity-Optimization-CDC2026\lite_trials\sweep\resistance_leaning\checkpoints\best.pt,ppo,7000,C:\Users\erich\Documents\AFRL\Algebraic-Connectivity-Optimization-CDC2026\lite_trials\lite_config.yaml,full,91,0.00024968789,0,91,91,0.00024968789013732833,1,0.0009788748921518895,0.08907761518582194,0.003772799998841947,0.003772799998841947,0.003772799998841947,path,path,path,90,0.0,0.0,False,,,False,1,path,64,4,RL+Path,0
best,C:\Users\erich\Documents\AFRL\Algebraic-Connectivity-Optimization-CDC2026\lite_trials\sweep\resistance_leaning\checkpoints\best.pt,ppo,7000,C:\Users\erich\Documents\AFRL\Algebraic-Connectivity-Optimization-CDC2026\lite_trials\lite_config.yaml,full,91,0.00024968789,1,91,91,0.00024968789013732833,1,0.0009788748921518895,0.08907761518582194,0.0018899000006058486,0.0018899000006058486,0.0018899000006058486,path,path,path,90,0.0,0.0,False,,,False,1,path,64,4,RL+Path,1
best,C:\Users\erich\Documents\AFRL\Algebraic-Connectivity-Optimization-CDC2026\lite_trials\sweep\resistance_leaning\checkpoints\best.pt,ppo,7000,C:\Users\erich\Documents\AFRL\Algebraic-Connectivity-Optimization-CDC2026\lite_trials\lite_config.yaml,full,91,0.00024968789,2,91,91,0.00024968789013732833,1,0.0009788748921518895,0.08907761518582194,0.0018858000003092457,0.0018858000003092457,0.0018858000003092457,path,path,path,90,0.0,0.0,False,,,False,1,path,64,4,RL+Path,2
best,C:\Users\erich\Documents\AFRL\Algebraic-Connectivity-Optimization-CDC2026\lite_trials\sweep\resistance_leaning\checkpoints\best.pt,ppo,7000,C:\Users\erich\Documents\AFRL\Algebraic-Connectivity-Optimization-CDC2026\lite_trials\lite_config.yaml,full,91,0.00024968789,3,91,91,0.00024968789013732833,1,0.0009788748921518895,0.08907761518582194,0.0020670000012614764,0.0020670000012614764,0.0020670000012614764,path,path,path,90,0.0,0.0,False,,,False,1,path,64,4,RL+Path,3
best,C:\Users\erich\Documents\AFRL\Algebraic-Connectivity-Optimization-CDC2026\lite_trials\sweep\resistance_leaning\checkpoints\best.pt,ppo,7000,C:\Users\erich\Documents\AFRL\Algebraic-Connectivity-Optimization-CDC2026\lite_trials\lite_config.yaml,full,91,0.00024968789,4,91,91,0.00024968789013732833,1,0.0009788748921518895,0.08907761518582194,0.001429199999620323,0.001429199999620323,0.001429199999620323,path,path,path,90,0.0,0.0,False,,,False,1,path,64,4,RL+Path,4
best,C:\Users\erich\Documents\AFRL\Algebraic-Connectivity-Optimization-CDC2026\lite_trials\sweep\resistance_leaning\checkpoints\best.pt,ppo,7000,C:\Users\erich\Documents\AFRL\Algebraic-Connectivity-Optimization-CDC2026\lite_trials\lite_config.yaml,full,91,0.071660424469,0,377,377,0.07166042446941323,287,0.16074826424972274,14.62809204672477,0.46876160000101663,0.46876160000101663,0.46876160000101663,path,path,path,90,0.0,0.0,False,,,False,1,path,64,4,RL+Path,0
best,C:\Users\erich\Documents\AFRL\Algebraic-Connectivity-Optimization-CDC2026\lite_trials\sweep\resistance_leaning\checkpoints\best.pt,ppo,7000,C:\Users\erich\Documents\AFRL\Algebraic-Connectivity-Optimization-CDC2026\lite_trials\lite_config.yaml,full,91,0.071660424469,1,377,377,0.07166042446941323,287,0.16074826424972274,14.62809204672477,0.5240472000004956,0.5240472000004956,0.5240472000004956,path,path,path,90,0.0,0.0,False,,,False,1,path,64,4,RL+Path,1
best,C:\Users\erich\Documents\AFRL\Algebraic-Connectivity-Optimization-CDC2026\lite_trials\sweep\resistance_leaning\checkpoints\best.pt,ppo,7000,C:\Users\erich\Documents\AFRL\Algebraic-Connectivity-Optimization-CDC2026\lite_trials\lite_config.yaml,full,91,0.071660424469,2,377,377,0.07166042446941323,287,0.16074826424972274,14.62809204672477,0.5209343999995326,0.5209343999995326,0.5209343999995326,path,path,path,90,0.0,0.0,False,,,False,1,path,64,4,RL+Path,2
best,C:\Users\erich\Documents\AFRL\Algebraic-Connectivity-Optimization-CDC2026\lite_trials\sweep\resistance_leaning\checkpoints\best.pt,ppo,7000,C:\Users\erich\Documents\AFRL\Algebraic-Connectivity-Optimization-CDC2026\lite_trials\lite_config.yaml,full,91,0.071660424469,3,377,377,0.07166042446941323,287,0.16074826424972274,14.62809204672477,0.5092048999995313,0.5092048999995313,0.5092048999995313,path,path,path,90,0.0,0.0,False,,,False,1,path,64,4,RL+Path,3
best,C:\Users\erich\Documents\AFRL\Algebraic-Connectivity-Optimization-CDC2026\lite_trials\sweep\resistance_leaning\checkpoints\best.pt,ppo,7000,C:\Users\erich\Documents\AFRL\Algebraic-Connectivity-Optimization-CDC2026\lite_trials\lite_config.yaml,full,91,0.071660424469,4,377,377,0.07166042446941323,287,0.16074826424972274,14.62809204672477,0.5132333000001381,0.5132333000001381,0.5132333000001381,path,path,path,90,0.0,0.0,False,,,False,1,path,64,4,RL+Path,4
best,C:\Users\erich\Documents\AFRL\Algebraic-Connectivity-Optimization-CDC2026\lite_trials\sweep\resistance_leaning\checkpoints\best.pt,ppo,7000,C:\Users\erich\Documents\AFRL\Algebraic-Connectivity-Optimization-CDC2026\lite_trials\lite_config.yaml,full,91,0.143071161049,0,663,663,0.14307116104868914,573,0.16262376392669214,14.798762517328985,1.1198423000005278,1.1198423000005278,1.1198423000005278,path,path,path,90,0.0,0.0,False,,,False,1,path,64,4,RL+Path,0
best,C:\Users\erich\Documents\AFRL\Algebraic-Connectivity-Optimization-CDC2026\lite_trials\sweep\resistance_leaning\checkpoints\best.pt,ppo,7000,C:\Users\erich\Documents\AFRL\Algebraic-Connectivity-Optimization-CDC2026\lite_trials\lite_config.yaml,full,91,0.143071161049,1,663,663,0.14307116104868914,573,0.16262376392669214,14.798762517328985,1.1483903000007558,1.1483903000007558,1.1483903000007558,path,path,path,90,0.0,0.0,False,,,False,1,path,64,4,RL+Path,1
best,C:\Users\erich\Documents\AFRL\Algebraic-Connectivity-Optimization-CDC2026\lite_trials\sweep\resistance_leaning\checkpoints\best.pt,ppo,7000,C:\Users\erich\Documents\AFRL\Algebraic-Connectivity-Optimization-CDC2026\lite_trials\lite_config.yaml,full,91,0.143071161049,2,663,663,0.14307116104868914,573,0.16262376392669214,14.798762517328985,1.151630499998646,1.151630499998646,1.151630499998646,path,path,path,90,0.0,0.0,False,,,False,1,path,64,4,RL+Path,2
best,C:\Users\erich\Documents\AFRL\Algebraic-Connectivity-Optimization-CDC2026\lite_trials\sweep\resistance_leaning\checkpoints\best.pt,ppo,7000,C:\Users\erich\Documents\AFRL\Algebraic-Connectivity-Optimization-CDC2026\lite_trials\lite_config.yaml,full,91,0.143071161049,3,663,663,0.14307116104868914,573,0.16262376392669214,14.798762517328985,1.1880598000007012,1.1880598000007012,1.1880598000007012,path,path,path,90,0.0,0.0,False,,,False,1,path,64,4,RL+Path,3
best,C:\Users\erich\Documents\AFRL\Algebraic-Connectivity-Optimization-CDC2026\lite_trials\sweep\resistance_leaning\checkpoints\best.pt,ppo,7000,C:\Users\erich\Documents\AFRL\Algebraic-Connectivity-Optimization-CDC2026\lite_trials\lite_config.yaml,full,91,0.143071161049,4,663,663,0.14307116104868914,573,0.16262376392669214,14.798762517328985,1.1785923999996157,1.1785923999996157,1.1785923999996157,path,path,path,90,0.0,0.0,False,,,False,1,path,64,4,RL+Path,4
best,C:\Users\erich\Documents\AFRL\Algebraic-Connectivity-Optimization-CDC2026\lite_trials\sweep\resistance_leaning\checkpoints\best.pt,ppo,7000,C:\Users\erich\Documents\AFRL\Algebraic-Connectivity-Optimization-CDC2026\lite_trials\lite_config.yaml,full,91,0.214481897628,0,949,949,0.21448189762796505,859,0.16419307181742637,14.9415695353858,1.9470629999996163,1.9470629999996163,1.9470629999996163,path,path,path,90,0.0,0.0,False,,,False,1,path,64,4,RL+Path,0
best,C:\Users\erich\Documents\AFRL\Algebraic-Connectivity-Optimization-CDC2026\lite_trials\sweep\resistance_leaning\checkpoints\best.pt,ppo,7000,C:\Users\erich\Documents\AFRL\Algebraic-Connectivity-Optimization-CDC2026\lite_trials\lite_config.yaml,full,91,0.214481897628,1,949,949,0.21448189762796505,859,0.16419307181742637,14.9415695353858,1.9156998000016756,1.9156998000016756,1.9156998000016756,path,path,path,90,0.0,0.0,False,,,False,1,path,64,4,RL+Path,1
best,C:\Users\erich\Documents\AFRL\Algebraic-Connectivity-Optimization-CDC2026\lite_trials\sweep\resistance_leaning\checkpoints\best.pt,ppo,7000,C:\Users\erich\Documents\AFRL\Algebraic-Connectivity-Optimization-CDC2026\lite_trials\lite_config.yaml,full,91,0.214481897628,2,949,949,0.21448189762796505,859,0.16419307181742637,14.9415695353858,1.9892431999996916,1.9892431999996916,1.9892431999996916,path,path,path,90,0.0,0.0,False,,,False,1,path,64,4,RL+Path,2
best,C:\Users\erich\Documents\AFRL\Algebraic-Connectivity-Optimization-CDC2026\lite_trials\sweep\resistance_leaning\checkpoints\best.pt,ppo,7000,C:\Users\erich\Documents\AFRL\Algebraic-Connectivity-Optimization-CDC2026\lite_trials\lite_config.yaml,full,91,0.214481897628,3,949,949,0.21448189762796505,859,0.16419307181742637,14.9415695353858,1.9297570999988238,1.9297570999988238,1.9297570999988238,path,path,path,90,0.0,0.0,False,,,False,1,path,64,4,RL+Path,3
best,C:\Users\erich\Documents\AFRL\Algebraic-Connectivity-Optimization-CDC2026\lite_trials\sweep\resistance_leaning\checkpoints\best.pt,ppo,7000,C:\Users\erich\Documents\AFRL\Algebraic-Connectivity-Optimization-CDC2026\lite_trials\lite_config.yaml,full,91,0.214481897628,4,949,949,0.21448189762796505,859,0.16419307181742637,14.9415695353858,1.8954095999997662,1.8954095999997662,1.8954095999997662,path,path,path,90,0.0,0.0,False,,,False,1,path,64,4,RL+Path,4
best,C:\Users\erich\Documents\AFRL\Algebraic-Connectivity-Optimization-CDC2026\lite_trials\sweep\resistance_leaning\checkpoints\best.pt,ppo,7000,C:\Users\erich\Documents\AFRL\Algebraic-Connectivity-Optimization-CDC2026\lite_trials\lite_config.yaml,full,91,0.285892634207,0,1235,1235,0.2858926342072409,1145,0.260511589998373,23.70655468985194,2.8441834000004746,2.8441834000004746,2.8441834000004746,path,path,path,90,0.0,0.0,False,,,False,1,path,64,4,RL+Path,0
best,C:\Users\erich\Documents\AFRL\Algebraic-Connectivity-Optimization-CDC2026\lite_trials\sweep\resistance_leaning\checkpoints\best.pt,ppo,7000,C:\Users\erich\Documents\AFRL\Algebraic-Connectivity-Optimization-CDC2026\lite_trials\lite_config.yaml,full,91,0.285892634207,1,1235,1235,0.2858926342072409,1145,0.260511589998373,23.70655468985194,2.8371454999996786,2.8371454999996786,2.8371454999996786,path,path,path,90,0.0,0.0,False,,,False,1,path,64,4,RL+Path,1
best,C:\Users\erich\Documents\AFRL\Algebraic-Connectivity-Optimization-CDC2026\lite_trials\sweep\resistance_leaning\checkpoints\best.pt,ppo,7000,C:\Users\erich\Documents\AFRL\Algebraic-Connectivity-Optimization-CDC2026\lite_trials\lite_config.yaml,full,91,0.285892634207,2,1235,1235,0.2858926342072409,1145,0.260511589998373,23.70655468985194,2.7822811999994883,2.7822811999994883,2.7822811999994883,path,path,path,90,0.0,0.0,False,,,False,1,path,64,4,RL+Path,2
best,C:\Users\erich\Documents\AFRL\Algebraic-Connectivity-Optimization-CDC2026\lite_trials\sweep\resistance_leaning\checkpoints\best.pt,ppo,7000,C:\Users\erich\Documents\AFRL\Algebraic-Connectivity-Optimization-CDC2026\lite_trials\lite_config.yaml,full,91,0.285892634207,3,1235,1235,0.2858926342072409,1145,0.260511589998373,23.70655468985194,2.8203859999994165,2.8203859999994165,2.8203859999994165,path,path,path,90,0.0,0.0,False,,,False,1,path,64,4,RL+Path,3
best,C:\Users\erich\Documents\AFRL\Algebraic-Connectivity-Optimization-CDC2026\lite_trials\sweep\resistance_leaning\checkpoints\best.pt,ppo,7000,C:\Users\erich\Documents\AFRL\Algebraic-Connectivity-Optimization-CDC2026\lite_trials\lite_config.yaml,full,91,0.285892634207,4,1235,1235,0.2858926342072409,1145,0.260511589998373,23.70655468985194,2.7846652000007452,2.7846652000007452,2.7846652000007452,path,path,path,90,0.0,0.0,False,,,False,1,path,64,4,RL+Path,4
best,C:\Users\erich\Documents\AFRL\Algebraic-Connectivity-Optimization-CDC2026\lite_trials\sweep\resistance_leaning\checkpoints\best.pt,ppo,7000,C:\Users\erich\Documents\AFRL\Algebraic-Connectivity-Optimization-CDC2026\lite_trials\lite_config.yaml,full,91,0.357303370787,0,1521,1521,0.35730337078651686,1431,0.29513225840628066,26.85703551497154,3.795541699999376,3.795541699999376,3.795541699999376,path,path,path,90,0.0,0.0,False,,,False,1,path,64,4,RL+Path,0
best,C:\Users\erich\Documents\AFRL\Algebraic-Connectivity-Optimization-CDC2026\lite_trials\sweep\resistance_leaning\checkpoints\best.pt,ppo,7000,C:\Users\erich\Documents\AFRL\Algebraic-Connectivity-Optimization-CDC2026\lite_trials\lite_config.yaml,full,91,0.357303370787,1,1521,1521,0.35730337078651686,1431,0.29513225840628066,26.85703551497154,3.7552249999989726,3.7552249999989726,3.7552249999989726,path,path,path,90,0.0,0.0,False,,,False,1,path,64,4,RL+Path,1
best,C:\Users\erich\Documents\AFRL\Algebraic-Connectivity-Optimization-CDC2026\lite_trials\sweep\resistance_leaning\checkpoints\best.pt,ppo,7000,C:\Users\erich\Documents\AFRL\Algebraic-Connectivity-Optimization-CDC2026\lite_trials\lite_config.yaml,full,91,0.357303370787,2,1521,1521,0.35730337078651686,1431,0.29513225840628066,26.85703551497154,3.6791302999990876,3.6791302999990876,3.6791302999990876,path,path,path,90,0.0,0.0,False,,,False,1,path,64,4,RL+Path,2
best,C:\Users\erich\Documents\AFRL\Algebraic-Connectivity-Optimization-CDC2026\lite_trials\sweep\resistance_leaning\checkpoints\best.pt,ppo,7000,C:\Users\erich\Documents\AFRL\Algebraic-Connectivity-Optimization-CDC2026\lite_trials\lite_config.yaml,full,91,0.357303370787,3,1521,1521,0.35730337078651686,1431,0.29513225840628066,26.85703551497154,3.611276400000861,3.611276400000861,3.611276400000861,path,path,path,90,0.0,0.0,False,,,False,1,path,64,4,RL+Path,3
best,C:\Users\erich\Documents\AFRL\Algebraic-Connectivity-Optimization-CDC2026\lite_trials\sweep\resistance_leaning\checkpoints\best.pt,ppo,7000,C:\Users\erich\Documents\AFRL\Algebraic-Connectivity-Optimization-CDC2026\lite_trials\lite_config.yaml,full,91,0.357303370787,4,1521,1521,0.35730337078651686,1431,0.29513225840628066,26.85703551497154,3.701753400000598,3.701753400000598,3.701753400000598,path,path,path,90,0.0,0.0,False,,,False,1,path,64,4,RL+Path,4
best,C:\Users\erich\Documents\AFRL\Algebraic-Connectivity-Optimization-CDC2026\lite_trials\sweep\resistance_leaning\checkpoints\best.pt,ppo,7000,C:\Users\erich\Documents\AFRL\Algebraic-Connectivity-Optimization-CDC2026\lite_trials\lite_config.yaml,full,91,0.428714107366,0,1807,1807,0.42871410736579274,1717,0.3795081687420016,34.53524335552215,4.719733400001132,4.719733400001132,4.719733400001132,path,path,path,90,0.0,0.0,False,,,False,1,path,64,4,RL+Path,0
best,C:\Users\erich\Documents\AFRL\Algebraic-Connectivity-Optimization-CDC2026\lite_trials\sweep\resistance_leaning\checkpoints\best.pt,ppo,7000,C:\Users\erich\Documents\AFRL\Algebraic-Connectivity-Optimization-CDC2026\lite_trials\lite_config.yaml,full,91,0.428714107366,1,1807,1807,0.42871410736579274,1717,0.3795081687420016,34.53524335552215,4.780849200000375,4.780849200000375,4.780849200000375,path,path,path,90,0.0,0.0,False,,,False,1,path,64,4,RL+Path,1
best,C:\Users\erich\Documents\AFRL\Algebraic-Connectivity-Optimization-CDC2026\lite_trials\sweep\resistance_leaning\checkpoints\best.pt,ppo,7000,C:\Users\erich\Documents\AFRL\Algebraic-Connectivity-Optimization-CDC2026\lite_trials\lite_config.yaml,full,91,0.428714107366,2,1807,1807,0.42871410736579274,1717,0.3795081687420016,34.53524335552215,4.688462199999776,4.688462199999776,4.688462199999776,path,path,path,90,0.0,0.0,False,,,False,1,path,64,4,RL+Path,2
best,C:\Users\erich\Documents\AFRL\Algebraic-Connectivity-Optimization-CDC2026\lite_trials\sweep\resistance_leaning\checkpoints\best.pt,ppo,7000,C:\Users\erich\Documents\AFRL\Algebraic-Connectivity-Optimization-CDC2026\lite_trials\lite_config.yaml,full,91,0.428714107366,3,1807,1807,0.42871410736579274,1717,0.3795081687420016,34.53524335552215,4.793767099999968,4.793767099999968,4.793767099999968,path,path,path,90,0.0,0.0,False,,,False,1,path,64,4,RL+Path,3
best,C:\Users\erich\Documents\AFRL\Algebraic-Connectivity-Optimization-CDC2026\lite_trials\sweep\resistance_leaning\checkpoints\best.pt,ppo,7000,C:\Users\erich\Documents\AFRL\Algebraic-Connectivity-Optimization-CDC2026\lite_trials\lite_config.yaml,full,91,0.428714107366,4,1807,1807,0.42871410736579274,1717,0.3795081687420016,34.53524335552215,4.735526200000095,4.735526200000095,4.735526200000095,path,path,path,90,0.0,0.0,False,,,False,1,path,64,4,RL+Path,4
best,C:\Users\erich\Documents\AFRL\Algebraic-Connectivity-Optimization-CDC2026\lite_trials\sweep\resistance_leaning\checkpoints\best.pt,ppo,7000,C:\Users\erich\Documents\AFRL\Algebraic-Connectivity-Optimization-CDC2026\lite_trials\lite_config.yaml,full,91,0.500124843945,0,2093,2093,0.5001248439450686,2003,0.4668928955047255,42.48725349093002,5.918930699999692,5.918930699999692,5.918930699999692,path,path,path,90,0.0,0.0,False,,,False,1,path,64,4,RL+Path,0
best,C:\Users\erich\Documents\AFRL\Algebraic-Connectivity-Optimization-CDC2026\lite_trials\sweep\resistance_leaning\checkpoints\best.pt,ppo,7000,C:\Users\erich\Documents\AFRL\Algebraic-Connectivity-Optimization-CDC2026\lite_trials\lite_config.yaml,full,91,0.500124843945,1,2093,2093,0.5001248439450686,2003,0.4668928955047255,42.48725349093002,5.988836099999389,5.988836099999389,5.988836099999389,path,path,path,90,0.0,0.0,False,,,False,1,path,64,4,RL+Path,1
best,C:\Users\erich\Documents\AFRL\Algebraic-Connectivity-Optimization-CDC2026\lite_trials\sweep\resistance_leaning\checkpoints\best.pt,ppo,7000,C:\Users\erich\Documents\AFRL\Algebraic-Connectivity-Optimization-CDC2026\lite_trials\lite_config.yaml,full,91,0.500124843945,2,2093,2093,0.5001248439450686,2003,0.4668928955047255,42.48725349093002,5.9580960999992385,5.9580960999992385,5.9580960999992385,path,path,path,90,0.0,0.0,False,,,False,1,path,64,4,RL+Path,2
best,C:\Users\erich\Documents\AFRL\Algebraic-Connectivity-Optimization-CDC2026\lite_trials\sweep\resistance_leaning\checkpoints\best.pt,ppo,7000,C:\Users\erich\Documents\AFRL\Algebraic-Connectivity-Optimization-CDC2026\lite_trials\lite_config.yaml,full,91,0.500124843945,3,2093,2093,0.5001248439450686,2003,0.4668928955047255,42.48725349093002,5.8973115000007965,5.8973115000007965,5.8973115000007965,path,path,path,90,0.0,0.0,False,,,False,1,path,64,4,RL+Path,3
best,C:\Users\erich\Documents\AFRL\Algebraic-Connectivity-Optimization-CDC2026\lite_trials\sweep\resistance_leaning\checkpoints\best.pt,ppo,7000,C:\Users\erich\Documents\AFRL\Algebraic-Connectivity-Optimization-CDC2026\lite_trials\lite_config.yaml,full,91,0.500124843945,4,2093,2093,0.5001248439450686,2003,0.4668928955047255,42.48725349093002,5.863830899999812,5.863830899999812,5.863830899999812,path,path,path,90,0.0,0.0,False,,,False,1,path,64,4,RL+Path,4
best,C:\Users\erich\Documents\AFRL\Algebraic-Connectivity-Optimization-CDC2026\lite_trials\sweep\resistance_leaning\checkpoints\best.pt,ppo,7000,C:\Users\erich\Documents\AFRL\Algebraic-Connectivity-Optimization-CDC2026\lite_trials\lite_config.yaml,full,91,0.571285892634,0,2378,2378,0.5712858926342073,2288,0.5334031445586394,48.53968615483618,7.296158400000422,7.296158400000422,7.296158400000422,path,path,path,90,0.0,0.0,False,,,False,1,path,64,4,RL+Path,0
best,C:\Users\erich\Documents\AFRL\Algebraic-Connectivity-Optimization-CDC2026\lite_trials\sweep\resistance_leaning\checkpoints\best.pt,ppo,7000,C:\Users\erich\Documents\AFRL\Algebraic-Connectivity-Optimization-CDC2026\lite_trials\lite_config.yaml,full,91,0.571285892634,1,2378,2378,0.5712858926342073,2288,0.5334031445586394,48.53968615483618,7.216330499999458,7.216330499999458,7.216330499999458,path,path,path,90,0.0,0.0,False,,,False,1,path,64,4,RL+Path,1
best,C:\Users\erich\Documents\AFRL\Algebraic-Connectivity-Optimization-CDC2026\lite_trials\sweep\resistance_leaning\checkpoints\best.pt,ppo,7000,C:\Users\erich\Documents\AFRL\Algebraic-Connectivity-Optimization-CDC2026\lite_trials\lite_config.yaml,full,91,0.571285892634,2,2378,2378,0.5712858926342073,2288,0.5334031445586394,48.53968615483618,7.308306800001446,7.308306800001446,7.308306800001446,path,path,path,90,0.0,0.0,False,,,False,1,path,64,4,RL+Path,2
best,C:\Users\erich\Documents\AFRL\Algebraic-Connectivity-Optimization-CDC2026\lite_trials\sweep\resistance_leaning\checkpoints\best.pt,ppo,7000,C:\Users\erich\Documents\AFRL\Algebraic-Connectivity-Optimization-CDC2026\lite_trials\lite_config.yaml,full,91,0.571285892634,3,2378,2378,0.5712858926342073,2288,0.5334031445586394,48.53968615483618,7.33459589999984,7.33459589999984,7.33459589999984,path,path,path,90,0.0,0.0,False,,,False,1,path,64,4,RL+Path,3
best,C:\Users\erich\Documents\AFRL\Algebraic-Connectivity-Optimization-CDC2026\lite_trials\sweep\resistance_leaning\checkpoints\best.pt,ppo,7000,C:\Users\erich\Documents\AFRL\Algebraic-Connectivity-Optimization-CDC2026\lite_trials\lite_config.yaml,full,91,0.571285892634,4,2378,2378,0.5712858926342073,2288,0.5334031445586394,48.53968615483618,7.2034192999999505,7.2034192999999505,7.2034192999999505,path,path,path,90,0.0,0.0,False,,,False,1,path,64,4,RL+Path,4
best,C:\Users\erich\Documents\AFRL\Algebraic-Connectivity-Optimization-CDC2026\lite_trials\sweep\resistance_leaning\checkpoints\best.pt,ppo,7000,C:\Users\erich\Documents\AFRL\Algebraic-Connectivity-Optimization-CDC2026\lite_trials\lite_config.yaml,full,91,0.642696629213,0,2664,2664,0.6426966292134831,2574,0.5858985593491004,53.31676890076814,8.679629199999908,8.679629199999908,8.679629199999908,path,path,path,90,0.0,0.0,False,,,False,1,path,64,4,RL+Path,0
best,C:\Users\erich\Documents\AFRL\Algebraic-Connectivity-Optimization-CDC2026\lite_trials\sweep\resistance_leaning\checkpoints\best.pt,ppo,7000,C:\Users\erich\Documents\AFRL\Algebraic-Connectivity-Optimization-CDC2026\lite_trials\lite_config.yaml,full,91,0.642696629213,1,2664,2664,0.6426966292134831,2574,0.5858985593491004,53.31676890076814,8.785141000000294,8.785141000000294,8.785141000000294,path,path,path,90,0.0,0.0,False,,,False,1,path,64,4,RL+Path,1
best,C:\Users\erich\Documents\AFRL\Algebraic-Connectivity-Optimization-CDC2026\lite_trials\sweep\resistance_leaning\checkpoints\best.pt,ppo,7000,C:\Users\erich\Documents\AFRL\Algebraic-Connectivity-Optimization-CDC2026\lite_trials\lite_config.yaml,full,91,0.642696629213,2,2664,2664,0.6426966292134831,2574,0.5858985593491004,53.31676890076814,8.749069900000904,8.749069900000904,8.749069900000904,path,path,path,90,0.0,0.0,False,,,False,1,path,64,4,RL+Path,2
best,C:\Users\erich\Documents\AFRL\Algebraic-Connectivity-Optimization-CDC2026\lite_trials\sweep\resistance_leaning\checkpoints\best.pt,ppo,7000,C:\Users\erich\Documents\AFRL\Algebraic-Connectivity-Optimization-CDC2026\lite_trials\lite_config.yaml,full,91,0.642696629213,3,2664,2664,0.6426966292134831,2574,0.5858985593491004,53.31676890076814,8.75395059999937,8.75395059999937,8.75395059999937,path,path,path,90,0.0,0.0,False,,,False,1,path,64,4,RL+Path,3
best,C:\Users\erich\Documents\AFRL\Algebraic-Connectivity-Optimization-CDC2026\lite_trials\sweep\resistance_leaning\checkpoints\best.pt,ppo,7000,C:\Users\erich\Documents\AFRL\Algebraic-Connectivity-Optimization-CDC2026\lite_trials\lite_config.yaml,full,91,0.642696629213,4,2664,2664,0.6426966292134831,2574,0.5858985593491004,53.31676890076814,8.71975719999864,8.71975719999864,8.71975719999864,path,path,path,90,0.0,0.0,False,,,False,1,path,64,4,RL+Path,4
best,C:\Users\erich\Documents\AFRL\Algebraic-Connectivity-Optimization-CDC2026\lite_trials\sweep\resistance_leaning\checkpoints\best.pt,ppo,7000,C:\Users\erich\Documents\AFRL\Algebraic-Connectivity-Optimization-CDC2026\lite_trials\lite_config.yaml,full,91,0.714107365793,0,2950,2950,0.714107365792759,2860,0.6612209768582545,60.17110889410116,10.126326300000073,10.126326300000073,10.126326300000073,path,path,path,90,0.0,0.0,False,,,False,1,path,64,4,RL+Path,0
best,C:\Users\erich\Documents\AFRL\Algebraic-Connectivity-Optimization-CDC2026\lite_trials\sweep\resistance_leaning\checkpoints\best.pt,ppo,7000,C:\Users\erich\Documents\AFRL\Algebraic-Connectivity-Optimization-CDC2026\lite_trials\lite_config.yaml,full,91,0.714107365793,1,2950,2950,0.714107365792759,2860,0.6612209768582545,60.17110889410116,10.150417000000743,10.150417000000743,10.150417000000743,path,path,path,90,0.0,0.0,False,,,False,1,path,64,4,RL+Path,1
best,C:\Users\erich\Documents\AFRL\Algebraic-Connectivity-Optimization-CDC2026\lite_trials\sweep\resistance_leaning\checkpoints\best.pt,ppo,7000,C:\Users\erich\Documents\AFRL\Algebraic-Connectivity-Optimization-CDC2026\lite_trials\lite_config.yaml,full,91,0.714107365793,2,2950,2950,0.714107365792759,2860,0.6612209768582545,60.17110889410116,9.888781100000415,9.888781100000415,9.888781100000415,path,path,path,90,0.0,0.0,False,,,False,1,path,64,4,RL+Path,2
best,C:\Users\erich\Documents\AFRL\Algebraic-Connectivity-Optimization-CDC2026\lite_trials\sweep\resistance_leaning\checkpoints\best.pt,ppo,7000,C:\Users\erich\Documents\AFRL\Algebraic-Connectivity-Optimization-CDC2026\lite_trials\lite_config.yaml,full,91,0.714107365793,3,2950,2950,0.714107365792759,2860,0.6612209768582545,60.17110889410116,9.916784800001551,9.916784800001551,9.916784800001551,path,path,path,90,0.0,0.0,False,,,False,1,path,64,4,RL+Path,3
best,C:\Users\erich\Documents\AFRL\Algebraic-Connectivity-Optimization-CDC2026\lite_trials\sweep\resistance_leaning\checkpoints\best.pt,ppo,7000,C:\Users\erich\Documents\AFRL\Algebraic-Connectivity-Optimization-CDC2026\lite_trials\lite_config.yaml,full,91,0.714107365793,4,2950,2950,0.714107365792759,2860,0.6612209768582545,60.17110889410116,10.013136499999746,10.013136499999746,10.013136499999746,path,path,path,90,0.0,0.0,False,,,False,1,path,64,4,RL+Path,4
best,C:\Users\erich\Documents\AFRL\Algebraic-Connectivity-Optimization-CDC2026\lite_trials\sweep\resistance_leaning\checkpoints\best.pt,ppo,7000,C:\Users\erich\Documents\AFRL\Algebraic-Connectivity-Optimization-CDC2026\lite_trials\lite_config.yaml,full,91,0.785518102372,0,3236,3236,0.785518102372035,3146,0.7411451649278294,67.44421000843248,11.652938799999902,11.652938799999902,11.652938799999902,path,path,path,90,0.0,0.0,False,,,False,1,path,64,4,RL+Path,0
best,C:\Users\erich\Documents\AFRL\Algebraic-Connectivity-Optimization-CDC2026\lite_trials\sweep\resistance_leaning\checkpoints\best.pt,ppo,7000,C:\Users\erich\Documents\AFRL\Algebraic-Connectivity-Optimization-CDC2026\lite_trials\lite_config.yaml,full,91,0.785518102372,1,3236,3236,0.785518102372035,3146,0.7411451649278294,67.44421000843248,11.638894499999878,11.638894499999878,11.638894499999878,path,path,path,90,0.0,0.0,False,,,False,1,path,64,4,RL+Path,1
best,C:\Users\erich\Documents\AFRL\Algebraic-Connectivity-Optimization-CDC2026\lite_trials\sweep\resistance_leaning\checkpoints\best.pt,ppo,7000,C:\Users\erich\Documents\AFRL\Algebraic-Connectivity-Optimization-CDC2026\lite_trials\lite_config.yaml,full,91,0.785518102372,2,3236,3236,0.785518102372035,3146,0.7411451649278294,67.44421000843248,11.707053199999791,11.707053199999791,11.707053199999791,path,path,path,90,0.0,0.0,False,,,False,1,path,64,4,RL+Path,2
best,C:\Users\erich\Documents\AFRL\Algebraic-Connectivity-Optimization-CDC2026\lite_trials\sweep\resistance_leaning\checkpoints\best.pt,ppo,7000,C:\Users\erich\Documents\AFRL\Algebraic-Connectivity-Optimization-CDC2026\lite_trials\lite_config.yaml,full,91,0.785518102372,3,3236,3236,0.785518102372035,3146,0.7411451649278294,67.44421000843248,11.480702299999393,11.480702299999393,11.480702299999393,path,path,path,90,0.0,0.0,False,,,False,1,path,64,4,RL+Path,3
best,C:\Users\erich\Documents\AFRL\Algebraic-Connectivity-Optimization-CDC2026\lite_trials\sweep\resistance_leaning\checkpoints\best.pt,ppo,7000,C:\Users\erich\Documents\AFRL\Algebraic-Connectivity-Optimization-CDC2026\lite_trials\lite_config.yaml,full,91,0.785518102372,4,3236,3236,0.785518102372035,3146,0.7411451649278294,67.44421000843248,11.548124000000826,11.548124000000826,11.548124000000826,path,path,path,90,0.0,0.0,False,,,False,1,path,64,4,RL+Path,4
best,C:\Users\erich\Documents\AFRL\Algebraic-Connectivity-Optimization-CDC2026\lite_trials\sweep\resistance_leaning\checkpoints\best.pt,ppo,7000,C:\Users\erich\Documents\AFRL\Algebraic-Connectivity-Optimization-CDC2026\lite_trials\lite_config.yaml,full,91,0.856928838951,0,3522,3522,0.8569288389513109,3432,0.8037303130680323,73.13945848919094,12.271185199999309,12.271185199999309,12.271185199999309,path,path,path,90,0.0,0.0,False,,,False,1,path,64,4,RL+Path,0
best,C:\Users\erich\Documents\AFRL\Algebraic-Connectivity-Optimization-CDC2026\lite_trials\sweep\resistance_leaning\checkpoints\best.pt,ppo,7000,C:\Users\erich\Documents\AFRL\Algebraic-Connectivity-Optimization-CDC2026\lite_trials\lite_config.yaml,full,91,0.856928838951,1,3522,3522,0.8569288389513109,3432,0.8037303130680323,73.13945848919094,13.335804800000915,13.335804800000915,13.335804800000915,path,path,path,90,0.0,0.0,False,,,False,1,path,64,4,RL+Path,1
best,C:\Users\erich\Documents\AFRL\Algebraic-Connectivity-Optimization-CDC2026\lite_trials\sweep\resistance_leaning\checkpoints\best.pt,ppo,7000,C:\Users\erich\Documents\AFRL\Algebraic-Connectivity-Optimization-CDC2026\lite_trials\lite_config.yaml,full,91,0.856928838951,2,3522,3522,0.8569288389513109,3432,0.8037303130680323,73.13945848919094,12.44743709999966,12.44743709999966,12.44743709999966,path,path,path,90,0.0,0.0,False,,,False,1,path,64,4,RL+Path,2
best,C:\Users\erich\Documents\AFRL\Algebraic-Connectivity-Optimization-CDC2026\lite_trials\sweep\resistance_leaning\checkpoints\best.pt,ppo,7000,C:\Users\erich\Documents\AFRL\Algebraic-Connectivity-Optimization-CDC2026\lite_trials\lite_config.yaml,full,91,0.856928838951,3,3522,3522,0.8569288389513109,3432,0.8037303130680323,73.13945848919094,13.625709200001438,13.625709200001438,13.625709200001438,path,path,path,90,0.0,0.0,False,,,False,1,path,64,4,RL+Path,3
best,C:\Users\erich\Documents\AFRL\Algebraic-Connectivity-Optimization-CDC2026\lite_trials\sweep\resistance_leaning\checkpoints\best.pt,ppo,7000,C:\Users\erich\Documents\AFRL\Algebraic-Connectivity-Optimization-CDC2026\lite_trials\lite_config.yaml,full,91,0.856928838951,4,3522,3522,0.8569288389513109,3432,0.8037303130680323,73.13945848919094,13.350268799998958,13.350268799998958,13.350268799998958,path,path,path,90,0.0,0.0,False,,,False,1,path,64,4,RL+Path,4
best,C:\Users\erich\Documents\AFRL\Algebraic-Connectivity-Optimization-CDC2026\lite_trials\sweep\resistance_leaning\checkpoints\best.pt,ppo,7000,C:\Users\erich\Documents\AFRL\Algebraic-Connectivity-Optimization-CDC2026\lite_trials\lite_config.yaml,full,91,0.928339575531,0,3808,3808,0.9283395755305868,3718,0.903350489265372,82.20489452314885,15.516701599999578,15.516701599999578,15.516701599999578,path,path,path,90,0.0,0.0,False,,,False,1,path,64,4,RL+Path,0
best,C:\Users\erich\Documents\AFRL\Algebraic-Connectivity-Optimization-CDC2026\lite_trials\sweep\resistance_leaning\checkpoints\best.pt,ppo,7000,C:\Users\erich\Documents\AFRL\Algebraic-Connectivity-Optimization-CDC2026\lite_trials\lite_config.yaml,full,91,0.928339575531,1,3808,3808,0.9283395755305868,3718,0.903350489265372,82.20489452314885,15.654360000000452,15.654360000000452,15.654360000000452,path,path,path,90,0.0,0.0,False,,,False,1,path,64,4,RL+Path,1
best,C:\Users\erich\Documents\AFRL\Algebraic-Connectivity-Optimization-CDC2026\lite_trials\sweep\resistance_leaning\checkpoints\best.pt,ppo,7000,C:\Users\erich\Documents\AFRL\Algebraic-Connectivity-Optimization-CDC2026\lite_trials\lite_config.yaml,full,91,0.928339575531,2,3808,3808,0.9283395755305868,3718,0.903350489265372,82.20489452314885,15.64310899999873,15.64310899999873,15.64310899999873,path,path,path,90,0.0,0.0,False,,,False,1,path,64,4,RL+Path,2
best,C:\Users\erich\Documents\AFRL\Algebraic-Connectivity-Optimization-CDC2026\lite_trials\sweep\resistance_leaning\checkpoints\best.pt,ppo,7000,C:\Users\erich\Documents\AFRL\Algebraic-Connectivity-Optimization-CDC2026\lite_trials\lite_config.yaml,full,91,0.928339575531,3,3808,3808,0.9283395755305868,3718,0.903350489265372,82.20489452314885,15.440570799999477,15.440570799999477,15.440570799999477,path,path,path,90,0.0,0.0,False,,,False,1,path,64,4,RL+Path,3
best,C:\Users\erich\Documents\AFRL\Algebraic-Connectivity-Optimization-CDC2026\lite_trials\sweep\resistance_leaning\checkpoints\best.pt,ppo,7000,C:\Users\erich\Documents\AFRL\Algebraic-Connectivity-Optimization-CDC2026\lite_trials\lite_config.yaml,full,91,0.928339575531,4,3808,3808,0.9283395755305868,3718,0.903350489265372,82.20489452314885,15.288674399998854,15.288674399998854,15.288674399998854,path,path,path,90,0.0,0.0,False,,,False,1,path,64,4,RL+Path,4
best,C:\Users\erich\Documents\AFRL\Algebraic-Connectivity-Optimization-CDC2026\lite_trials\sweep\resistance_leaning\checkpoints\best.pt,ppo,7000,C:\Users\erich\Documents\AFRL\Algebraic-Connectivity-Optimization-CDC2026\lite_trials\lite_config.yaml,full,91,0.99975031211,0,4094,4094,0.9997503121098626,4004,1.0000000000000004,91.00000000000004,17.053551700000753,17.053551700000753,17.053551700000753,path,path,path,90,0.0,0.0,False,,,False,1,path,64,4,RL+Path,0
best,C:\Users\erich\Documents\AFRL\Algebraic-Connectivity-Optimization-CDC2026\lite_trials\sweep\resistance_leaning\checkpoints\best.pt,ppo,7000,C:\Users\erich\Documents\AFRL\Algebraic-Connectivity-Optimization-CDC2026\lite_trials\lite_config.yaml,full,91,0.99975031211,1,4094,4094,0.9997503121098626,4004,1.0000000000000004,91.00000000000004,16.984754999999495,16.984754999999495,16.984754999999495,path,path,path,90,0.0,0.0,False,,,False,1,path,64,4,RL+Path,1
best,C:\Users\erich\Documents\AFRL\Algebraic-Connectivity-Optimization-CDC2026\lite_trials\sweep\resistance_leaning\checkpoints\best.pt,ppo,7000,C:\Users\erich\Documents\AFRL\Algebraic-Connectivity-Optimization-CDC2026\lite_trials\lite_config.yaml,full,91,0.99975031211,2,4094,4094,0.9997503121098626,4004,1.0000000000000004,91.00000000000004,17.20468340000116,17.20468340000116,17.20468340000116,path,path,path,90,0.0,0.0,False,,,False,1,path,64,4,RL+Path,2
best,C:\Users\erich\Documents\AFRL\Algebraic-Connectivity-Optimization-CDC2026\lite_trials\sweep\resistance_leaning\checkpoints\best.pt,ppo,7000,C:\Users\erich\Documents\AFRL\Algebraic-Connectivity-Optimization-CDC2026\lite_trials\lite_config.yaml,full,91,0.99975031211,3,4094,4094,0.9997503121098626,4004,1.0000000000000004,91.00000000000004,17.10658020000119,17.10658020000119,17.10658020000119,path,path,path,90,0.0,0.0,False,,,False,1,path,64,4,RL+Path,3
best,C:\Users\erich\Documents\AFRL\Algebraic-Connectivity-Optimization-CDC2026\lite_trials\sweep\resistance_leaning\checkpoints\best.pt,ppo,7000,C:\Users\erich\Documents\AFRL\Algebraic-Connectivity-Optimization-CDC2026\lite_trials\lite_config.yaml,full,91,0.99975031211,4,4094,4094,0.9997503121098626,4004,1.0000000000000004,91.00000000000004,17.12490429999889,17.12490429999889,17.12490429999889,path,path,path,90,0.0,0.0,False,,,False,1,path,64,4,RL+Path,4
best,C:\Users\erich\Documents\AFRL\Algebraic-Connectivity-Optimization-CDC2026\lite_trials\sweep\resistance_leaning\checkpoints\best.pt,ppo,7000,C:\Users\erich\Documents\AFRL\Algebraic-Connectivity-Optimization-CDC2026\lite_trials\lite_config.yaml,full,91,0.00024968789,0,91,91,0.00024968789013732833,1,0.01098901098901096,0.9999999999999974,0.005421199999545934,0.005421199999545934,0.005972299999484676,backbone,envelope_only,envelope,90,1.0,0.0005510999999387423,False,,,False,1,envelope,64,4,RL+Backbone,0
best,C:\Users\erich\Documents\AFRL\Algebraic-Connectivity-Optimization-CDC2026\lite_trials\sweep\resistance_leaning\checkpoints\best.pt,ppo,7000,C:\Users\erich\Documents\AFRL\Algebraic-Connectivity-Optimization-CDC2026\lite_trials\lite_config.yaml,full,91,0.00024968789,1,91,91,0.00024968789013732833,1,0.01098901098901096,0.9999999999999974,0.005062299998826347,0.005062299998826347,0.005287899997711065,backbone,envelope_only,envelope,90,1.0,0.00022559999888471793,False,,,False,1,envelope,64,4,RL+Backbone,1
best,C:\Users\erich\Documents\AFRL\Algebraic-Connectivity-Optimization-CDC2026\lite_trials\sweep\resistance_leaning\checkpoints\best.pt,ppo,7000,C:\Users\erich\Documents\AFRL\Algebraic-Connectivity-Optimization-CDC2026\lite_trials\lite_config.yaml,full,91,0.00024968789,2,91,91,0.00024968789013732833,1,0.01098901098901096,0.9999999999999974,0.003146000000924687,0.003146000000924687,0.003403600001547602,backbone,envelope_only,envelope,90,1.0,0.0002576000006229151,False,,,False,1,envelope,64,4,RL+Backbone,2
best,C:\Users\erich\Documents\AFRL\Algebraic-Connectivity-Optimization-CDC2026\lite_trials\sweep\resistance_leaning\checkpoints\best.pt,ppo,7000,C:\Users\erich\Documents\AFRL\Algebraic-Connectivity-Optimization-CDC2026\lite_trials\lite_config.yaml,full,91,0.00024968789,3,91,91,0.00024968789013732833,1,0.01098901098901096,0.9999999999999974,0.0030138000001898035,0.0030138000001898035,0.003397899999981746,backbone,envelope_only,envelope,90,1.0,0.00038409999979194254,False,,,False,1,envelope,64,4,RL+Backbone,3
best,C:\Users\erich\Documents\AFRL\Algebraic-Connectivity-Optimization-CDC2026\lite_trials\sweep\resistance_leaning\checkpoints\best.pt,ppo,7000,C:\Users\erich\Documents\AFRL\Algebraic-Connectivity-Optimization-CDC2026\lite_trials\lite_config.yaml,full,91,0.00024968789,4,91,91,0.00024968789013732833,1,0.01098901098901096,0.9999999999999974,0.0032149999988178024,0.0032149999988178024,0.003412899999602814,backbone,envelope_only,envelope,90,1.0,0.0001979000007850118,False,,,False,1,envelope,64,4,RL+Backbone,4
best,C:\Users\erich\Documents\AFRL\Algebraic-Connectivity-Optimization-CDC2026\lite_trials\sweep\resistance_leaning\checkpoints\best.pt,ppo,7000,C:\Users\erich\Documents\AFRL\Algebraic-Connectivity-Optimization-CDC2026\lite_trials\lite_config.yaml,full,91,0.071660424469,0,377,377,0.07166042446941323,17,0.07784773169778587,7.084143584498515,0.1034419000006892,0.1034419000006892,0.16101720000006026,backbone,both,cayley,360,4.188989839037466,0.12374340000133088,False,2,,True,2,"cayley,envelope",64,4,RL+Backbone,0
best,C:\Users\erich\Documents\AFRL\Algebraic-Connectivity-Optimization-CDC2026\lite_trials\sweep\resistance_leaning\checkpoints\best.pt,ppo,7000,C:\Users\erich\Documents\AFRL\Algebraic-Connectivity-Optimization-CDC2026\lite_trials\lite_config.yaml,full,91,0.071660424469,1,377,377,0.07166042446941323,17,0.08956494377710376,8.150409883716442,0.09452469999996538,0.09452469999996538,0.16425960000015039,backbone,both,cayley,360,4.281660978444258,0.13034909999987576,False,2,,True,2,"cayley,envelope",64,4,RL+Backbone,1
best,C:\Users\erich\Documents\AFRL\Algebraic-Connectivity-Optimization-CDC2026\lite_trials\sweep\resistance_leaning\checkpoints\best.pt,ppo,7000,C:\Users\erich\Documents\AFRL\Algebraic-Connectivity-Optimization-CDC2026\lite_trials\lite_config.yaml,full,91,0.071660424469,2,377,377,0.07166042446941323,17,0.09271599629688429,8.43715566301647,0.10429300000032526,0.10429300000032526,0.15488200000072538,backbone,both,cayley,360,4.0504870286176615,0.12308190000112518,False,2,,True,2,"cayley,envelope",64,4,RL+Backbone,2
best,C:\Users\erich\Documents\AFRL\Algebraic-Connectivity-Optimization-CDC2026\lite_trials\sweep\resistance_leaning\checkpoints\best.pt,ppo,7000,C:\Users\erich\Documents\AFRL\Algebraic-Connectivity-Optimization-CDC2026\lite_trials\lite_config.yaml,full,91,0.071660424469,3,377,377,0.07166042446941323,17,0.08659196354372216,7.879868682478716,0.10152980000020762,0.10152980000020762,0.15508200000112993,backbone,both,cayley,360,4.064706988438584,0.1228701000000001,False,2,,True,2,"cayley,envelope",64,4,RL+Backbone,3
best,C:\Users\erich\Documents\AFRL\Algebraic-Connectivity-Optimization-CDC2026\lite_trials\sweep\resistance_leaning\checkpoints\best.pt,ppo,7000,C:\Users\erich\Documents\AFRL\Algebraic-Connectivity-Optimization-CDC2026\lite_trials\lite_config.yaml,full,91,0.071660424469,4,377,377,0.07166042446941323,17,0.07882598907230225,7.173165005579505,0.10281709999981103,0.10281709999981103,0.15661219999856257,backbone,both,cayley,360,4.077422640634839,0.12648559999979625,False,2,,True,2,"cayley,envelope",64,4,RL+Backbone,4
best,C:\Users\erich\Documents\AFRL\Algebraic-Connectivity-Optimization-CDC2026\lite_trials\sweep\resistance_leaning\checkpoints\best.pt,ppo,7000,C:\Users\erich\Documents\AFRL\Algebraic-Connectivity-Optimization-CDC2026\lite_trials\lite_config.yaml,full,91,0.143071161049,0,663,663,0.14307116104868914,33,0.10604994771119805,9.650545241719023,0.08009909999964293,0.08009909999964293,0.21289980000074138,backbone,cayley_only,cayley,630,9.321127444799135,0.13280070000109845,False,2,,False,1,cayley,64,4,RL+Backbone,0
best,C:\Users\erich\Documents\AFRL\Algebraic-Connectivity-Optimization-CDC2026\lite_trials\sweep\resistance_leaning\checkpoints\best.pt,ppo,7000,C:\Users\erich\Documents\AFRL\Algebraic-Connectivity-Optimization-CDC2026\lite_trials\lite_config.yaml,full,91,0.143071161049,1,663,663,0.14307116104868914,33,0.11131095709437609,10.129297095588225,0.08645389999946929,0.08645389999946929,0.21355059999950754,backbone,cayley_only,cayley,630,9.555021578086814,0.12709670000003825,False,2,,False,1,cayley,64,4,RL+Backbone,1
best,C:\Users\erich\Documents\AFRL\Algebraic-Connectivity-Optimization-CDC2026\lite_trials\sweep\resistance_leaning\checkpoints\best.pt,ppo,7000,C:\Users\erich\Documents\AFRL\Algebraic-Connectivity-Optimization-CDC2026\lite_trials\lite_config.yaml,full,91,0.143071161049,2,663,663,0.14307116104868914,33,0.10667708752935946,9.707614965171711,0.07993019999958051,0.07993019999958051,0.21469119999892428,backbone,cayley_only,cayley,630,9.261418531066674,0.13476099999934377,False,2,,False,1,cayley,64,4,RL+Backbone,2
best,C:\Users\erich\Documents\AFRL\Algebraic-Connectivity-Optimization-CDC2026\lite_trials\sweep\resistance_leaning\checkpoints\best.pt,ppo,7000,C:\Users\erich\Documents\AFRL\Algebraic-Connectivity-Optimization-CDC2026\lite_trials\lite_config.yaml,full,91,0.143071161049,3,663,663,0.14307116104868914,33,0.10641948437788233,9.684173078387293,0.07414939999944181,0.07414939999944181,0.2088487000000896,backbone,cayley_only,cayley,630,9.302997676006079,0.13469930000064778,False,2,,False,1,cayley,64,4,RL+Backbone,3
best,C:\Users\erich\Documents\AFRL\Algebraic-Connectivity-Optimization-CDC2026\lite_trials\sweep\resistance_leaning\checkpoints\best.pt,ppo,7000,C:\Users\erich\Documents\AFRL\Algebraic-Connectivity-Optimization-CDC2026\lite_trials\lite_config.yaml,full,91,0.143071161049,4,663,663,0.14307116104868914,33,0.10614927698204386,9.659584205365991,0.07977860000028159,0.07977860000028159,0.20617510000010952,backbone,cayley_only,cayley,630,9.11108926306756,0.12639649999982794,False,2,,False,1,cayley,64,4,RL+Backbone,4
best,C:\Users\erich\Documents\AFRL\Algebraic-Connectivity-Optimization-CDC2026\lite_trials\sweep\resistance_leaning\checkpoints\best.pt,ppo,7000,C:\Users\erich\Documents\AFRL\Algebraic-Connectivity-Optimization-CDC2026\lite_trials\lite_config.yaml,full,91,0.214481897628,0,949,949,0.21448189762796505,4,0.18182499014416986,16.54607410311946,0.009951799998816568,0.009951799998816568,0.1462814000005892,backbone,cayley_only,cayley,945,15.840289429463455,0.13632960000177263,False,2,,False,1,cayley,64,4,RL+Backbone,0
best,C:\Users\erich\Documents\AFRL\Algebraic-Connectivity-Optimization-CDC2026\lite_trials\sweep\resistance_leaning\checkpoints\best.pt,ppo,7000,C:\Users\erich\Documents\AFRL\Algebraic-Connectivity-Optimization-CDC2026\lite_trials\lite_config.yaml,full,91,0.214481897628,1,949,949,0.21448189762796505,4,0.17950557997570507,16.335007777789162,0.013413299999228911,0.013413299999228911,0.14712889999827894,backbone,cayley_only,cayley,945,15.825378389093053,0.13371559999905003,False,2,,False,1,cayley,64,4,RL+Backbone,1
best,C:\Users\erich\Documents\AFRL\Algebraic-Connectivity-Optimization-CDC2026\lite_trials\sweep\resistance_leaning\checkpoints\best.pt,ppo,7000,C:\Users\erich\Documents\AFRL\Algebraic-Connectivity-Optimization-CDC2026\lite_trials\lite_config.yaml,full,91,0.214481897628,2,949,949,0.21448189762796505,4,0.1819367491032782,16.556244168398315,0.008834000000206288,0.008834000000206288,0.14345879999928002,backbone,cayley_only,cayley,945,15.595607203204986,0.13462479999907373,False,2,,False,1,cayley,64,4,RL+Backbone,2
best,C:\Users\erich\Documents\AFRL\Algebraic-Connectivity-Optimization-CDC2026\lite_trials\sweep\resistance_leaning\checkpoints\best.pt,ppo,7000,C:\Users\erich\Documents\AFRL\Algebraic-Connectivity-Optimization-CDC2026\lite_trials\lite_config.yaml,full,91,0.214481897628,3,949,949,0.21448189762796505,4,0.1787114282653237,16.26273997214446,0.012899999999717693,0.012899999999717693,0.1483647999993991,backbone,cayley_only,cayley,945,15.70543297670077,0.13546479999968142,False,2,,False,1,cayley,64,4,RL+Backbone,3
best,C:\Users\erich\Documents\AFRL\Algebraic-Connectivity-Optimization-CDC2026\lite_trials\sweep\resistance_leaning\checkpoints\best.pt,ppo,7000,C:\Users\erich\Documents\AFRL\Algebraic-Connectivity-Optimization-CDC2026\lite_trials\lite_config.yaml,full,91,0.214481897628,4,949,949,0.21448189762796505,4,0.17911842177421544,16.299776381453604,0.012387200000375742,0.012387200000375742,0.15378860000055283,backbone,cayley_only,cayley,945,15.780040026010091,0.1414014000001771,False,2,,False,1,cayley,64,4,RL+Backbone,4
best,C:\Users\erich\Documents\AFRL\Algebraic-Connectivity-Optimization-CDC2026\lite_trials\sweep\resistance_leaning\checkpoints\best.pt,ppo,7000,C:\Users\erich\Documents\AFRL\Algebraic-Connectivity-Optimization-CDC2026\lite_trials\lite_config.yaml,full,91,0.285892634207,0,1235,1235,0.2858926342072409,20,0.2691967670032925,24.496905797299615,0.06302779999896302,0.06302779999896302,0.2028383999986545,backbone,cayley_only,cayley,1215,21.893503443792007,0.13981059999969148,False,2,,False,1,cayley,64,4,RL+Backbone,0
best,C:\Users\erich\Documents\AFRL\Algebraic-Connectivity-Optimization-CDC2026\lite_trials\sweep\resistance_leaning\checkpoints\best.pt,ppo,7000,C:\Users\erich\Documents\AFRL\Algebraic-Connectivity-Optimization-CDC2026\lite_trials\lite_config.yaml,full,91,0.285892634207,1,1235,1235,0.2858926342072409,20,0.2723975434016834,24.788176449553188,0.06325860000106331,0.06325860000106331,0.19391920000089158,backbone,cayley_only,cayley,1215,21.717672622828523,0.13066059999982826,False,2,,False,1,cayley,64,4,RL+Backbone,1
best,C:\Users\erich\Documents\AFRL\Algebraic-Connectivity-Optimization-CDC2026\lite_trials\sweep\resistance_leaning\checkpoints\best.pt,ppo,7000,C:\Users\erich\Documents\AFRL\Algebraic-Connectivity-Optimization-CDC2026\lite_trials\lite_config.yaml,full,91,0.285892634207,2,1235,1235,0.2858926342072409,20,0.27188765549400595,24.74177664995454,0.062264299998787465,0.062264299998787465,0.19952289999855566,backbone,cayley_only,cayley,1215,21.73237283421249,0.1372585999997682,False,2,,False,1,cayley,64,4,RL+Backbone,2
best,C:\Users\erich\Documents\AFRL\Algebraic-Connectivity-Optimization-CDC2026\lite_trials\sweep\resistance_leaning\checkpoints\best.pt,ppo,7000,C:\Users\erich\Documents\AFRL\Algebraic-Connectivity-Optimization-CDC2026\lite_trials\lite_config.yaml,full,91,0.285892634207,3,1235,1235,0.2858926342072409,20,0.27076573531633985,24.639681913786927,0.06398269999954209,0.06398269999954209,0.20184409999819763,backbone,cayley_only,cayley,1215,21.74148138189659,0.13786139999865554,False,2,,False,1,cayley,64,4,RL+Backbone,3
best,C:\Users\erich\Documents\AFRL\Algebraic-Connectivity-Optimization-CDC2026\lite_trials\sweep\resistance_leaning\checkpoints\best.pt,ppo,7000,C:\Users\erich\Documents\AFRL\Algebraic-Connectivity-Optimization-CDC2026\lite_trials\lite_config.yaml,full,91,0.285892634207,4,1235,1235,0.2858926342072409,20,0.2649330819903436,24.10891046112127,0.06147819999932835,0.06147819999932835,0.1991063999994367,backbone,cayley_only,cayley,1215,21.630331782543152,0.13762820000010834,False,2,,False,1,cayley,64,4,RL+Backbone,4
best,C:\Users\erich\Documents\AFRL\Algebraic-Connectivity-Optimization-CDC2026\lite_trials\sweep\resistance_leaning\checkpoints\best.pt,ppo,7000,C:\Users\erich\Documents\AFRL\Algebraic-Connectivity-Optimization-CDC2026\lite_trials\lite_config.yaml,full,91,0.357303370787,0,1521,1521,0.35730337078651686,36,0.31958878032542665,29.082579009613823,0.1346561999998812,0.1346561999998812,0.2751351999995677,backbone,cayley_only,cayley,1485,28.23556926379106,0.1404789999996865,False,2,,False,1,cayley,64,4,RL+Backbone,0
best,C:\Users\erich\Documents\AFRL\Algebraic-Connectivity-Optimization-CDC2026\lite_trials\sweep\resistance_leaning\checkpoints\best.pt,ppo,7000,C:\Users\erich\Documents\AFRL\Algebraic-Connectivity-Optimization-CDC2026\lite_trials\lite_config.yaml,full,91,0.357303370787,1,1521,1521,0.35730337078651686,36,0.3179854440466688,28.93667540824686,0.13925680000102147,0.13925680000102147,0.27856810000048426,backbone,cayley_only,cayley,1485,28.195541762313884,0.1393112999994628,False,2,,False,1,cayley,64,4,RL+Backbone,1
best,C:\Users\erich\Documents\AFRL\Algebraic-Connectivity-Optimization-CDC2026\lite_trials\sweep\resistance_leaning\checkpoints\best.pt,ppo,7000,C:\Users\erich\Documents\AFRL\Algebraic-Connectivity-Optimization-CDC2026\lite_trials\lite_config.yaml,full,91,0.357303370787,2,1521,1521,0.35730337078651686,36,0.31676577985818377,28.825685967094724,0.12650980000034906,0.12650980000034906,0.2674041999998735,backbone,cayley_only,cayley,1485,28.035058008185892,0.14089439999952447,False,2,,False,1,cayley,64,4,RL+Backbone,2
best,C:\Users\erich\Documents\AFRL\Algebraic-Connectivity-Optimization-CDC2026\lite_trials\sweep\resistance_leaning\checkpoints\best.pt,ppo,7000,C:\Users\erich\Documents\AFRL\Algebraic-Connectivity-Optimization-CDC2026\lite_trials\lite_config.yaml,full,91,0.357303370787,3,1521,1521,0.35730337078651686,36,0.32035822349195553,29.15259833776795,0.1259317000003648,0.1259317000003648,0.26545010000154434,backbone,cayley_only,cayley,1485,28.14210041804453,0.13951840000117954,False,2,,False,1,cayley,64,4,RL+Backbone,3
best,C:\Users\erich\Documents\AFRL\Algebraic-Connectivity-Optimization-CDC2026\lite_trials\sweep\resistance_leaning\checkpoints\best.pt,ppo,7000,C:\Users\erich\Documents\AFRL\Algebraic-Connectivity-Optimization-CDC2026\lite_trials\lite_config.yaml,full,91,0.357303370787,4,1521,1521,0.35730337078651686,36,0.31967281775195855,29.090226415428226,0.1285120000011375,0.1285120000011375,0.2697312000018428,backbone,cayley_only,cayley,1485,28.14066524379569,0.1412192000007053,False,2,,False,1,cayley,64,4,RL+Backbone,4
best,C:\Users\erich\Documents\AFRL\Algebraic-Connectivity-Optimization-CDC2026\lite_trials\sweep\resistance_leaning\checkpoints\best.pt,ppo,7000,C:\Users\erich\Documents\AFRL\Algebraic-Connectivity-Optimization-CDC2026\lite_trials\lite_config.yaml,full,91,0.428714107366,0,1807,1807,0.42871410736579274,7,0.40865504170628186,37.18760879527165,0.029163699999116943,0.029163699999116943,0.17615679999835265,backbone,cayley_only,cayley,1800,36.20382543985903,0.1469930999992357,False,2,,False,1,cayley,64,4,RL+Backbone,0
best,C:\Users\erich\Documents\AFRL\Algebraic-Connectivity-Optimization-CDC2026\lite_trials\sweep\resistance_leaning\checkpoints\best.pt,ppo,7000,C:\Users\erich\Documents\AFRL\Algebraic-Connectivity-Optimization-CDC2026\lite_trials\lite_config.yaml,full,91,0.428714107366,1,1807,1807,0.42871410736579274,7,0.4102079174738841,37.32892049012345,0.029661200000191457,0.029661200000191457,0.1735889000010502,backbone,cayley_only,cayley,1800,36.31407738058467,0.14392770000085875,False,2,,False,1,cayley,64,4,RL+Backbone,1
best,C:\Users\erich\Documents\AFRL\Algebraic-Connectivity-Optimization-CDC2026\lite_trials\sweep\resistance_leaning\checkpoints\best.pt,ppo,7000,C:\Users\erich\Documents\AFRL\Algebraic-Connectivity-Optimization-CDC2026\lite_trials\lite_config.yaml,full,91,0.428714107366,2,1807,1807,0.42871410736579274,7,0.405484172462461,36.89905969408395,0.029064700000162702,0.029064700000162702,0.1732611999996152,backbone,cayley_only,cayley,1800,36.14062924823648,0.1441964999994525,False,2,,False,1,cayley,64,4,RL+Backbone,2
best,C:\Users\erich\Documents\AFRL\Algebraic-Connectivity-Optimization-CDC2026\lite_trials\sweep\resistance_leaning\checkpoints\best.pt,ppo,7000,C:\Users\erich\Documents\AFRL\Algebraic-Connectivity-Optimization-CDC2026\lite_trials\lite_config.yaml,full,91,0.428714107366,3,1807,1807,0.42871410736579274,7,0.41204682074183757,37.49626068750722,0.02897059999850171,0.02897059999850171,0.17191289999936998,backbone,cayley_only,cayley,1800,36.22801501270706,0.14294230000086827,False,2,,False,1,cayley,64,4,RL+Backbone,3
best,C:\Users\erich\Documents\AFRL\Algebraic-Connectivity-Optimization-CDC2026\lite_trials\sweep\resistance_leaning\checkpoints\best.pt,ppo,7000,C:\Users\erich\Documents\AFRL\Algebraic-Connectivity-Optimization-CDC2026\lite_trials\lite_config.yaml,full,91,0.428714107366,4,1807,1807,0.42871410736579274,7,0.41204245595118466,37.495863491557806,0.03026499999941734,0.03026499999941734,0.1730227999996714,backbone,cayley_only,cayley,1800,36.301903360329774,0.14275780000025406,False,2,,False,1,cayley,64,4,RL+Backbone,4
best,C:\Users\erich\Documents\AFRL\Algebraic-Connectivity-Optimization-CDC2026\lite_trials\sweep\resistance_leaning\checkpoints\best.pt,ppo,7000,C:\Users\erich\Documents\AFRL\Algebraic-Connectivity-Optimization-CDC2026\lite_trials\lite_config.yaml,full,91,0.500124843945,0,2093,2093,0.5001248439450686,23,0.5552193722466434,50.524962874444554,0.12044049999894924,0.12044049999894924,0.2786006999995152,backbone,both,envelope,2070,45.0,0.16141009999955713,False,,,True,2,"cayley,envelope",64,4,RL+Backbone,0
best,C:\Users\erich\Documents\AFRL\Algebraic-Connectivity-Optimization-CDC2026\lite_trials\sweep\resistance_leaning\checkpoints\best.pt,ppo,7000,C:\Users\erich\Documents\AFRL\Algebraic-Connectivity-Optimization-CDC2026\lite_trials\lite_config.yaml,full,91,0.500124843945,1,2093,2093,0.5001248439450686,23,0.5552193722466434,50.524962874444554,0.12486659999922267,0.12486659999922267,0.2663191999999981,backbone,both,envelope,2070,45.0,0.1529854999989766,False,,,True,2,"cayley,envelope",64,4,RL+Backbone,1
best,C:\Users\erich\Documents\AFRL\Algebraic-Connectivity-Optimization-CDC2026\lite_trials\sweep\resistance_leaning\checkpoints\best.pt,ppo,7000,C:\Users\erich\Documents\AFRL\Algebraic-Connectivity-Optimization-CDC2026\lite_trials\lite_config.yaml,full,91,0.500124843945,2,2093,2093,0.5001248439450686,23,0.5552193722466434,50.524962874444554,0.13092320000032487,0.13092320000032487,0.29210860000057437,backbone,both,envelope,2070,45.0,0.1611854000002495,False,,,True,2,"cayley,envelope",64,4,RL+Backbone,2
best,C:\Users\erich\Documents\AFRL\Algebraic-Connectivity-Optimization-CDC2026\lite_trials\sweep\resistance_leaning\checkpoints\best.pt,ppo,7000,C:\Users\erich\Documents\AFRL\Algebraic-Connectivity-Optimization-CDC2026\lite_trials\lite_config.yaml,full,91,0.500124843945,3,2093,2093,0.5001248439450686,23,0.5552193722466434,50.524962874444554,0.11908450000009907,0.11908450000009907,0.2701352999993105,backbone,both,envelope,2070,45.0,0.15105079999921145,False,,,True,2,"cayley,envelope",64,4,RL+Backbone,3
best,C:\Users\erich\Documents\AFRL\Algebraic-Connectivity-Optimization-CDC2026\lite_trials\sweep\resistance_leaning\checkpoints\best.pt,ppo,7000,C:\Users\erich\Documents\AFRL\Algebraic-Connectivity-Optimization-CDC2026\lite_trials\lite_config.yaml,full,91,0.500124843945,4,2093,2093,0.5001248439450686,23,0.5552193722466434,50.524962874444554,0.12213850000080129,0.12213850000080129,0.28179130000171426,backbone,both,envelope,2070,45.0,0.15965280000091298,False,,,True,2,"cayley,envelope",64,4,RL+Backbone,4
best,C:\Users\erich\Documents\AFRL\Algebraic-Connectivity-Optimization-CDC2026\lite_trials\sweep\resistance_leaning\checkpoints\best.pt,ppo,7000,C:\Users\erich\Documents\AFRL\Algebraic-Connectivity-Optimization-CDC2026\lite_trials\lite_config.yaml,full,91,0.571285892634,0,2378,2378,0.5712858926342073,26,0.5412962311568212,49.257957035270735,0.1760004999996454,0.1760004999996454,0.43954049999956624,backbone,both,envelope,2352,49.0,0.26353999999992084,False,,,True,2,"cayley,envelope",64,4,RL+Backbone,0
best,C:\Users\erich\Documents\AFRL\Algebraic-Connectivity-Optimization-CDC2026\lite_trials\sweep\resistance_leaning\checkpoints\best.pt,ppo,7000,C:\Users\erich\Documents\AFRL\Algebraic-Connectivity-Optimization-CDC2026\lite_trials\lite_config.yaml,full,91,0.571285892634,1,2378,2378,0.5712858926342073,38,0.542665114956409,49.38252546103322,0.17865699999856588,0.17865699999856588,0.4423698999980843,backbone,both,cayley,2340,47.78957007774037,0.2637128999995184,False,2,,True,2,"cayley,envelope",64,4,RL+Backbone,1
best,C:\Users\erich\Documents\AFRL\Algebraic-Connectivity-Optimization-CDC2026\lite_trials\sweep\resistance_leaning\checkpoints\best.pt,ppo,7000,C:\Users\erich\Documents\AFRL\Algebraic-Connectivity-Optimization-CDC2026\lite_trials\lite_config.yaml,full,91,0.571285892634,2,2378,2378,0.5712858926342073,38,0.542332263881572,49.35223601322305,0.15721990000020014,0.15721990000020014,0.40921650000018417,backbone,both,cayley,2340,47.78957007774038,0.25761290000082226,False,2,,True,2,"cayley,envelope",64,4,RL+Backbone,2
best,C:\Users\erich\Documents\AFRL\Algebraic-Connectivity-Optimization-CDC2026\lite_trials\sweep\resistance_leaning\checkpoints\best.pt,ppo,7000,C:\Users\erich\Documents\AFRL\Algebraic-Connectivity-Optimization-CDC2026\lite_trials\lite_config.yaml,full,91,0.571285892634,3,2378,2378,0.5712858926342073,38,0.5415082882706076,49.27725423262529,0.18281479999859584,0.18281479999859584,0.4379747999992105,backbone,both,cayley,2340,47.78957007774038,0.2551600000006147,False,2,,True,2,"cayley,envelope",64,4,RL+Backbone,3
best,C:\Users\erich\Documents\AFRL\Algebraic-Connectivity-Optimization-CDC2026\lite_trials\sweep\resistance_leaning\checkpoints\best.pt,ppo,7000,C:\Users\erich\Documents\AFRL\Algebraic-Connectivity-Optimization-CDC2026\lite_trials\lite_config.yaml,full,91,0.571285892634,4,2378,2378,0.5712858926342073,26,0.5412962311568212,49.257957035270735,0.1835676999999123,0.1835676999999123,0.4381305999995675,backbone,both,envelope,2352,49.0,0.2545628999996552,False,,,True,2,"cayley,envelope",64,4,RL+Backbone,4
best,C:\Users\erich\Documents\AFRL\Algebraic-Connectivity-Optimization-CDC2026\lite_trials\sweep\resistance_leaning\checkpoints\best.pt,ppo,7000,C:\Users\erich\Documents\AFRL\Algebraic-Connectivity-Optimization-CDC2026\lite_trials\lite_config.yaml,full,91,0.642696629213,0,2664,2664,0.6426966292134831,82,0.6797137193772776,61.853948463332266,0.42391479999969306,0.42391479999969306,0.5251933999988978,backbone,both,cayley,2582,54.274317797167534,0.10127859999920474,False,3,,True,2,"cayley,envelope",64,4,RL+Backbone,0
best,C:\Users\erich\Documents\AFRL\Algebraic-Connectivity-Optimization-CDC2026\lite_trials\sweep\resistance_leaning\checkpoints\best.pt,ppo,7000,C:\Users\erich\Documents\AFRL\Algebraic-Connectivity-Optimization-CDC2026\lite_trials\lite_config.yaml,full,91,0.642696629213,1,2664,2664,0.6426966292134831,82,0.679713719377278,61.853948463332294,0.43043050000051153,0.43043050000051153,0.5282131000003574,backbone,both,cayley,2582,54.274317797167505,0.09778259999984584,False,3,,True,2,"cayley,envelope",64,4,RL+Backbone,1
best,C:\Users\erich\Documents\AFRL\Algebraic-Connectivity-Optimization-CDC2026\lite_trials\sweep\resistance_leaning\checkpoints\best.pt,ppo,7000,C:\Users\erich\Documents\AFRL\Algebraic-Connectivity-Optimization-CDC2026\lite_trials\lite_config.yaml,full,91,0.642696629213,2,2664,2664,0.6426966292134831,82,0.6786647787556516,61.758494866764295,0.3915830999994796,0.3915830999994796,0.49218889999974635,backbone,both,cayley,2582,54.272990055601575,0.10060580000026675,False,3,,True,2,"cayley,envelope",64,4,RL+Backbone,2
best,C:\Users\erich\Documents\AFRL\Algebraic-Connectivity-Optimization-CDC2026\lite_trials\sweep\resistance_leaning\checkpoints\best.pt,ppo,7000,C:\Users\erich\Documents\AFRL\Algebraic-Connectivity-Optimization-CDC2026\lite_trials\lite_config.yaml,full,91,0.642696629213,3,2664,2664,0.6426966292134831,83,0.6727705389237988,61.22211904206569,0.40692269999999553,0.40692269999999553,0.49900200000047334,backbone,both,cayley,2581,54.002514646980956,0.09207930000047782,False,3,,True,2,"cayley,envelope",64,4,RL+Backbone,3
best,C:\Users\erich\Documents\AFRL\Algebraic-Connectivity-Optimization-CDC2026\lite_trials\sweep\resistance_leaning\checkpoints\best.pt,ppo,7000,C:\Users\erich\Documents\AFRL\Algebraic-Connectivity-Optimization-CDC2026\lite_trials\lite_config.yaml,full,91,0.642696629213,4,2664,2664,0.6426966292134831,82,0.6797137193772781,61.85394846333231,0.3897692000009556,0.3897692000009556,0.48311090000242984,backbone,both,cayley,2582,54.27431779716751,0.09334170000147424,False,3,,True,2,"cayley,envelope",64,4,RL+Backbone,4
best,C:\Users\erich\Documents\AFRL\Algebraic-Connectivity-Optimization-CDC2026\lite_trials\sweep\resistance_leaning\checkpoints\best.pt,ppo,7000,C:\Users\erich\Documents\AFRL\Algebraic-Connectivity-Optimization-CDC2026\lite_trials\lite_config.yaml,full,91,0.714107365793,0,2950,2950,0.714107365792759,25,0.7246937686830915,65.94713295016133,0.13118199999917124,0.13118199999917124,0.23513859999911801,backbone,both,cayley,2925,61.92128958041287,0.10395659999994677,False,4,,True,2,"cayley,envelope",64,4,RL+Backbone,0
best,C:\Users\erich\Documents\AFRL\Algebraic-Connectivity-Optimization-CDC2026\lite_trials\sweep\resistance_leaning\checkpoints\best.pt,ppo,7000,C:\Users\erich\Documents\AFRL\Algebraic-Connectivity-Optimization-CDC2026\lite_trials\lite_config.yaml,full,91,0.714107365793,1,2950,2950,0.714107365792759,25,0.724693768683136,65.94713295016537,0.13277089999974123,0.13277089999974123,0.2296595999996498,backbone,both,cayley,2925,61.92128958041285,0.09688869999990857,False,4,,True,2,"cayley,envelope",64,4,RL+Backbone,1
best,C:\Users\erich\Documents\AFRL\Algebraic-Connectivity-Optimization-CDC2026\lite_trials\sweep\resistance_leaning\checkpoints\best.pt,ppo,7000,C:\Users\erich\Documents\AFRL\Algebraic-Connectivity-Optimization-CDC2026\lite_trials\lite_config.yaml,full,91,0.714107365793,2,2950,2950,0.714107365792759,25,0.7246937686831076,65.9471329501628,0.14509309999994002,0.14509309999994002,0.24557540000023437,backbone,both,cayley,2925,61.92128958041286,0.10048230000029434,False,4,,True,2,"cayley,envelope",64,4,RL+Backbone,2
best,C:\Users\erich\Documents\AFRL\Algebraic-Connectivity-Optimization-CDC2026\lite_trials\sweep\resistance_leaning\checkpoints\best.pt,ppo,7000,C:\Users\erich\Documents\AFRL\Algebraic-Connectivity-Optimization-CDC2026\lite_trials\lite_config.yaml,full,91,0.714107365793,3,2950,2950,0.714107365792759,25,0.7246937686831334,65.94713295016514,0.13447369999994407,0.13447369999994407,0.23366770000029646,backbone,both,cayley,2925,61.92128958041287,0.09919400000035239,False,4,,True,2,"cayley,envelope",64,4,RL+Backbone,3
best,C:\Users\erich\Documents\AFRL\Algebraic-Connectivity-Optimization-CDC2026\lite_trials\sweep\resistance_leaning\checkpoints\best.pt,ppo,7000,C:\Users\erich\Documents\AFRL\Algebraic-Connectivity-Optimization-CDC2026\lite_trials\lite_config.yaml,full,91,0.714107365793,4,2950,2950,0.714107365792759,25,0.7246937686831106,65.94713295016307,0.1256415999996534,0.1256415999996534,0.22151889999986452,backbone,both,cayley,2925,61.92128958041289,0.09587730000021111,False,4,,True,2,"cayley,envelope",64,4,RL+Backbone,4
best,C:\Users\erich\Documents\AFRL\Algebraic-Connectivity-Optimization-CDC2026\lite_trials\sweep\resistance_leaning\checkpoints\best.pt,ppo,7000,C:\Users\erich\Documents\AFRL\Algebraic-Connectivity-Optimization-CDC2026\lite_trials\lite_config.yaml,full,91,0.785518102372,0,3236,3236,0.785518102372035,2,0.7698117449626013,70.05286879159672,0.016616400000202702,0.016616400000202702,0.018403800000669435,backbone,envelope_only,envelope,3234,70.0,0.0017874000004667323,False,,,False,1,envelope,64,4,RL+Backbone,0
best,C:\Users\erich\Documents\AFRL\Algebraic-Connectivity-Optimization-CDC2026\lite_trials\sweep\resistance_leaning\checkpoints\best.pt,ppo,7000,C:\Users\erich\Documents\AFRL\Algebraic-Connectivity-Optimization-CDC2026\lite_trials\lite_config.yaml,full,91,0.785518102372,1,3236,3236,0.785518102372035,2,0.7698117449626013,70.05286879159672,0.013128699998560478,0.013128699998560478,0.015194199997495161,backbone,envelope_only,envelope,3234,70.0,0.0020654999989346834,False,,,False,1,envelope,64,4,RL+Backbone,1
best,C:\Users\erich\Documents\AFRL\Algebraic-Connectivity-Optimization-CDC2026\lite_trials\sweep\resistance_leaning\checkpoints\best.pt,ppo,7000,C:\Users\erich\Documents\AFRL\Algebraic-Connectivity-Optimization-CDC2026\lite_trials\lite_config.yaml,full,91,0.785518102372,2,3236,3236,0.785518102372035,2,0.7698117449626013,70.05286879159672,0.012341199999355013,0.012341199999355013,0.01468369999929564,backbone,envelope_only,envelope,3234,70.0,0.002342499999940628,False,,,False,1,envelope,64,4,RL+Backbone,2
best,C:\Users\erich\Documents\AFRL\Algebraic-Connectivity-Optimization-CDC2026\lite_trials\sweep\resistance_leaning\checkpoints\best.pt,ppo,7000,C:\Users\erich\Documents\AFRL\Algebraic-Connectivity-Optimization-CDC2026\lite_trials\lite_config.yaml,full,91,0.785518102372,3,3236,3236,0.785518102372035,2,0.7698117449626013,70.05286879159672,0.01264660000015283,0.01264660000015283,0.014443300000493764,backbone,envelope_only,envelope,3234,70.0,0.001796700000340934,False,,,False,1,envelope,64,4,RL+Backbone,3
best,C:\Users\erich\Documents\AFRL\Algebraic-Connectivity-Optimization-CDC2026\lite_trials\sweep\resistance_leaning\checkpoints\best.pt,ppo,7000,C:\Users\erich\Documents\AFRL\Algebraic-Connectivity-Optimization-CDC2026\lite_trials\lite_config.yaml,full,91,0.785518102372,4,3236,3236,0.785518102372035,2,0.7698117449626013,70.05286879159672,0.016947100000834325,0.016947100000834325,0.01966020000145363,backbone,envelope_only,envelope,3234,70.0,0.0027131000006193062,False,,,False,1,envelope,64,4,RL+Backbone,4
best,C:\Users\erich\Documents\AFRL\Algebraic-Connectivity-Optimization-CDC2026\lite_trials\sweep\resistance_leaning\checkpoints\best.pt,ppo,7000,C:\Users\erich\Documents\AFRL\Algebraic-Connectivity-Optimization-CDC2026\lite_trials\lite_config.yaml,full,91,0.856928838951,0,3522,3522,0.8569288389513109,57,0.8397397454122225,76.41631683251225,0.4198875999991287,0.4198875999991287,0.42183879999902274,backbone,envelope_only,envelope,3465,76.0,0.0019511999998940155,False,,,False,1,envelope,64,4,RL+Backbone,0
best,C:\Users\erich\Documents\AFRL\Algebraic-Connectivity-Optimization-CDC2026\lite_trials\sweep\resistance_leaning\checkpoints\best.pt,ppo,7000,C:\Users\erich\Documents\AFRL\Algebraic-Connectivity-Optimization-CDC2026\lite_trials\lite_config.yaml,full,91,0.856928838951,1,3522,3522,0.8569288389513109,57,0.8397397454122225,76.41631683251225,0.4308289999989938,0.4308289999989938,0.4325941999995848,backbone,envelope_only,envelope,3465,76.0,0.001765200000590994,False,,,False,1,envelope,64,4,RL+Backbone,1
best,C:\Users\erich\Documents\AFRL\Algebraic-Connectivity-Optimization-CDC2026\lite_trials\sweep\resistance_leaning\checkpoints\best.pt,ppo,7000,C:\Users\erich\Documents\AFRL\Algebraic-Connectivity-Optimization-CDC2026\lite_trials\lite_config.yaml,full,91,0.856928838951,2,3522,3522,0.8569288389513109,57,0.8397397454122225,76.41631683251225,0.41683999999986554,0.41683999999986554,0.4195923999996012,backbone,envelope_only,envelope,3465,76.0,0.002752399999735644,False,,,False,1,envelope,64,4,RL+Backbone,2
best,C:\Users\erich\Documents\AFRL\Algebraic-Connectivity-Optimization-CDC2026\lite_trials\sweep\resistance_leaning\checkpoints\best.pt,ppo,7000,C:\Users\erich\Documents\AFRL\Algebraic-Connectivity-Optimization-CDC2026\lite_trials\lite_config.yaml,full,91,0.856928838951,3,3522,3522,0.8569288389513109,57,0.8397397454122225,76.41631683251225,0.4377885000012611,0.4377885000012611,0.4396280000019033,backbone,envelope_only,envelope,3465,76.0,0.001839500000642147,False,,,False,1,envelope,64,4,RL+Backbone,3
best,C:\Users\erich\Documents\AFRL\Algebraic-Connectivity-Optimization-CDC2026\lite_trials\sweep\resistance_leaning\checkpoints\best.pt,ppo,7000,C:\Users\erich\Documents\AFRL\Algebraic-Connectivity-Optimization-CDC2026\lite_trials\lite_config.yaml,full,91,0.856928838951,4,3522,3522,0.8569288389513109,57,0.8397397454122225,76.41631683251225,0.42895279999902414,0.42895279999902414,0.4313055999973585,backbone,envelope_only,envelope,3465,76.0,0.002352799998334376,False,,,False,1,envelope,64,4,RL+Backbone,4
best,C:\Users\erich\Documents\AFRL\Algebraic-Connectivity-Optimization-CDC2026\lite_trials\sweep\resistance_leaning\checkpoints\best.pt,ppo,7000,C:\Users\erich\Documents\AFRL\Algebraic-Connectivity-Optimization-CDC2026\lite_trials\lite_config.yaml,full,91,0.928339575531,0,3808,3808,0.9283395755305868,24,0.919180009934401,83.64538090403049,0.20399489999908837,0.20399489999908837,0.2071029999988241,backbone,envelope_only,envelope,3784,83.0,0.003108099999735714,False,,,False,1,envelope,64,4,RL+Backbone,0
best,C:\Users\erich\Documents\AFRL\Algebraic-Connectivity-Optimization-CDC2026\lite_trials\sweep\resistance_leaning\checkpoints\best.pt,ppo,7000,C:\Users\erich\Documents\AFRL\Algebraic-Connectivity-Optimization-CDC2026\lite_trials\lite_config.yaml,full,91,0.928339575531,1,3808,3808,0.9283395755305868,24,0.919180009934401,83.64538090403049,0.18304249999891908,0.18304249999891908,0.186230199999045,backbone,envelope_only,envelope,3784,83.0,0.003187700000125915,False,,,False,1,envelope,64,4,RL+Backbone,1
best,C:\Users\erich\Documents\AFRL\Algebraic-Connectivity-Optimization-CDC2026\lite_trials\sweep\resistance_leaning\checkpoints\best.pt,ppo,7000,C:\Users\erich\Documents\AFRL\Algebraic-Connectivity-Optimization-CDC2026\lite_trials\lite_config.yaml,full,91,0.928339575531,2,3808,3808,0.9283395755305868,24,0.919180009934401,83.64538090403049,0.19930179999937536,0.19930179999937536,0.2014469999994617,backbone,envelope_only,envelope,3784,83.0,0.0021452000000863336,False,,,False,1,envelope,64,4,RL+Backbone,2
best,C:\Users\erich\Documents\AFRL\Algebraic-Connectivity-Optimization-CDC2026\lite_trials\sweep\resistance_leaning\checkpoints\best.pt,ppo,7000,C:\Users\erich\Documents\AFRL\Algebraic-Connectivity-Optimization-CDC2026\lite_trials\lite_config.yaml,full,91,0.928339575531,3,3808,3808,0.9283395755305868,24,0.919180009934401,83.64538090403049,0.18914849999964645,0.18914849999964645,0.19216829999822949,backbone,envelope_only,envelope,3784,83.0,0.0030197999985830393,False,,,False,1,envelope,64,4,RL+Backbone,3
best,C:\Users\erich\Documents\AFRL\Algebraic-Connectivity-Optimization-CDC2026\lite_trials\sweep\resistance_leaning\checkpoints\best.pt,ppo,7000,C:\Users\erich\Documents\AFRL\Algebraic-Connectivity-Optimization-CDC2026\lite_trials\lite_config.yaml,full,91,0.928339575531,4,3808,3808,0.9283395755305868,24,0.919180009934401,83.64538090403049,0.20308119999936025,0.20308119999936025,0.2060899000007339,backbone,envelope_only,envelope,3784,83.0,0.0030087000013736542,False,,,False,1,envelope,64,4,RL+Backbone,4
best,C:\Users\erich\Documents\AFRL\Algebraic-Connectivity-Optimization-CDC2026\lite_trials\sweep\resistance_leaning\checkpoints\best.pt,ppo,7000,C:\Users\erich\Documents\AFRL\Algebraic-Connectivity-Optimization-CDC2026\lite_trials\lite_config.yaml,full,91,0.99975031211,0,4094,4094,0.9997503121098626,44,0.9912409430442305,90.20292581702498,0.3366088000002492,0.3366088000002492,0.3411199000001943,backbone,envelope_only,envelope,4050,89.0,0.004511099999945145,False,,,False,1,envelope,64,4,RL+Backbone,0
best,C:\Users\erich\Documents\AFRL\Algebraic-Connectivity-Optimization-CDC2026\lite_trials\sweep\resistance_leaning\checkpoints\best.pt,ppo,7000,C:\Users\erich\Documents\AFRL\Algebraic-Connectivity-Optimization-CDC2026\lite_trials\lite_config.yaml,full,91,0.99975031211,1,4094,4094,0.9997503121098626,44,0.9912409430442305,90.20292581702498,0.3347388000001956,0.3347388000001956,0.337469100000817,backbone,envelope_only,envelope,4050,89.0,0.002730300000621355,False,,,False,1,envelope,64,4,RL+Backbone,1
best,C:\Users\erich\Documents\AFRL\Algebraic-Connectivity-Optimization-CDC2026\lite_trials\sweep\resistance_leaning\checkpoints\best.pt,ppo,7000,C:\Users\erich\Documents\AFRL\Algebraic-Connectivity-Optimization-CDC2026\lite_trials\lite_config.yaml,full,91,0.99975031211,2,4094,4094,0.9997503121098626,44,0.9912409430442305,90.20292581702498,0.31637860000046203,0.31637860000046203,0.3203593999987788,backbone,envelope_only,envelope,4050,89.0,0.003980799998316797,False,,,False,1,envelope,64,4,RL+Backbone,2
best,C:\Users\erich\Documents\AFRL\Algebraic-Connectivity-Optimization-CDC2026\lite_trials\sweep\resistance_leaning\checkpoints\best.pt,ppo,7000,C:\Users\erich\Documents\AFRL\Algebraic-Connectivity-Optimization-CDC2026\lite_trials\lite_config.yaml,full,91,0.99975031211,3,4094,4094,0.9997503121098626,44,0.9912409430442305,90.20292581702498,0.32183139999870036,0.32183139999870036,0.32607979999920644,backbone,envelope_only,envelope,4050,89.0,0.004248400000506081,False,,,False,1,envelope,64,4,RL+Backbone,3
best,C:\Users\erich\Documents\AFRL\Algebraic-Connectivity-Optimization-CDC2026\lite_trials\sweep\resistance_leaning\checkpoints\best.pt,ppo,7000,C:\Users\erich\Documents\AFRL\Algebraic-Connectivity-Optimization-CDC2026\lite_trials\lite_config.yaml,full,91,0.99975031211,4,4094,4094,0.9997503121098626,44,0.9912409430442305,90.20292581702498,0.32188830000086455,0.32188830000086455,0.32559260000016366,backbone,envelope_only,envelope,4050,89.0,0.00370429999929911,False,,,False,1,envelope,64,4,RL+Backbone,4
