checkpoint_label,checkpoint_path,checkpoint_algo,checkpoint_global_env_steps,config_path,rl_variant,n,rho_target,seed,m_target,m_final,rho_final,episode_len,terminal_lambda2_norm,terminal_lambda2,rl_runtime_sec,runtime_sec,runtime_total_sec,init_mode,init_route_label,init_family,init_edges,init_lambda2,init_build_runtime_sec,init_cache_hit,init_selected_index,init_errors,overlap_post_completion_selection,overlap_candidate_count,overlap_evaluated_families,top_k,dist_cap,method,repeat_idx
best,C:\Users\erich\Documents\AFRL\Algebraic-Connectivity-Optimization-CDC2026\lite_trials\sweep\balanced\checkpoints\best.pt,ppo,7000,C:\Users\erich\Documents\AFRL\Algebraic-Connectivity-Optimization-CDC2026\lite_trials\lite_config.yaml,full,12,0.018181818182,0,12,12,0.01818181818181818,1,0.0602880796820738,0.7234569561848856,0.0033972999999605236,0.0033972999999605236,0.0033972999999605236,path,path,path,11,0.0,0.0,False,,,False,1,path,64,4,RL+Path,0
best,C:\Users\erich\Documents\AFRL\Algebraic-Connectivity-Optimization-CDC2026\lite_trials\sweep\balanced\checkpoints\best.pt,ppo,7000,C:\Users\erich\Documents\AFRL\Algebraic-Connectivity-Optimization-CDC2026\lite_trials\lite_config.yaml,full,12,0.018181818182,1,12,12,0.01818181818181818,1,0.0602880796820738,0.7234569561848856,0.000974800000221876,0.000974800000221876,0.000974800000221876,path,path,path,11,0.0,0.0,False,,,False,1,path,64,4,RL+Path,1
best,C:\Users\erich\Documents\AFRL\Algebraic-Connectivity-Optimization-CDC2026\lite_trials\sweep\balanced\checkpoints\best.pt,ppo,7000,C:\Users\erich\Documents\AFRL\Algebraic-Connectivity-Optimization-CDC2026\lite_trials\lite_config.yaml,full,12,0.018181818182,2,12,12,0.01818181818181818,1,0.0602880796820738,0.7234569561848856,0.0009732999997140723,0.0009732999997140723,0.0009732999997140723,path,path,path,11,0.0,0.0,False,,,False,1,path,64,4,RL+Path,2
best,C:\Users\erich\Documents\AFRL\Algebraic-Connectivity-Optimization-CDC2026\lite_trials\sweep\balanced\checkpoints\best.pt,ppo,7000,C:\Users\erich\Documents\AFRL\Algebraic-Connectivity-Optimization-CDC2026\lite_trials\lite_config.yaml,full,12,0.018181818182,3,12,12,0.01818181818181818,1,0.0602880796820738,0.7234569561848856,0.0008449000006294227,0.0008449000006294227,0.0008449000006294227,path,path,path,11,0.0,0.0,False,,,False,1,path,64,4,RL+Path,3
best,C:\Users\erich\Documents\AFRL\Algebraic-Connectivity-Optimization-CDC2026\lite_trials\sweep\balanced\checkpoints\best.pt,ppo,7000,C:\Users\erich\Documents\AFRL\Algebraic-Connectivity-Optimization-CDC2026\lite_trials\lite_config.yaml,full,12,0.018181818182,4,12,12,0.01818181818181818,1,0.0602880796820738,0.7234569561848856,0.0009496000002400251,0.0009496000002400251,0.0009496000002400251,path,path,path,11,0.0,0.0,False,,,False,1,path,64,4,RL+Path,4
best,C:\Users\erich\Documents\AFRL\Algebraic-Connectivity-Optimization-CDC2026\lite_trials\sweep\balanced\checkpoints\best.pt,ppo,7000,C:\Users\erich\Documents\AFRL\Algebraic-Connectivity-Optimization-CDC2026\lite_trials\lite_config.yaml,full,12,0.090909090909,0,16,16,0.09090909090909091,5,0.23116114765306953,2.7739337718368344,0.006625500000154716,0.006625500000154716,0.006625500000154716,path,path,path,11,0.0,0.0,False,,,False,1,path,64,4,RL+Path,0
best,C:\Users\erich\Documents\AFRL\Algebraic-Connectivity-Optimization-CDC2026\lite_trials\sweep\balanced\checkpoints\best.pt,ppo,7000,C:\Users\erich\Documents\AFRL\Algebraic-Connectivity-Optimization-CDC2026\lite_trials\lite_config.yaml,full,12,0.090909090909,1,16,16,0.09090909090909091,5,0.23116114765306953,2.7739337718368344,0.004958600000463775,0.004958600000463775,0.004958600000463775,path,path,path,11,0.0,0.0,False,,,False,1,path,64,4,RL+Path,1
best,C:\Users\erich\Documents\AFRL\Algebraic-Connectivity-Optimization-CDC2026\lite_trials\sweep\balanced\checkpoints\best.pt,ppo,7000,C:\Users\erich\Documents\AFRL\Algebraic-Connectivity-Optimization-CDC2026\lite_trials\lite_config.yaml,full,12,0.090909090909,2,16,16,0.09090909090909091,5,0.23116114765306953,2.7739337718368344,0.004721799999970244,0.004721799999970244,0.004721799999970244,path,path,path,11,0.0,0.0,False,,,False,1,path,64,4,RL+Path,2
best,C:\Users\erich\Documents\AFRL\Algebraic-Connectivity-Optimization-CDC2026\lite_trials\sweep\balanced\checkpoints\best.pt,ppo,7000,C:\Users\erich\Documents\AFRL\Algebraic-Connectivity-Optimization-CDC2026\lite_trials\lite_config.yaml,full,12,0.090909090909,3,16,16,0.09090909090909091,5,0.23116114765306953,2.7739337718368344,0.003885400000399386,0.003885400000399386,0.003885400000399386,path,path,path,11,0.0,0.0,False,,,False,1,path,64,4,RL+Path,3
best,C:\Users\erich\Documents\AFRL\Algebraic-Connectivity-Optimization-CDC2026\lite_trials\sweep\balanced\checkpoints\best.pt,ppo,7000,C:\Users\erich\Documents\AFRL\Algebraic-Connectivity-Optimization-CDC2026\lite_trials\lite_config.yaml,full,12,0.090909090909,4,16,16,0.09090909090909091,5,0.23116114765306953,2.7739337718368344,0.003983900000093854,0.003983900000093854,0.003983900000093854,path,path,path,11,0.0,0.0,False,,,False,1,path,64,4,RL+Path,4
best,C:\Users\erich\Documents\AFRL\Algebraic-Connectivity-Optimization-CDC2026\lite_trials\sweep\balanced\checkpoints\best.pt,ppo,7000,C:\Users\erich\Documents\AFRL\Algebraic-Connectivity-Optimization-CDC2026\lite_trials\lite_config.yaml,full,12,0.163636363636,0,20,20,0.16363636363636364,9,0.41497659968765044,4.979719196251805,0.008426200000030803,0.008426200000030803,0.008426200000030803,path,path,path,11,0.0,0.0,False,,,False,1,path,64,4,RL+Path,0
best,C:\Users\erich\Documents\AFRL\Algebraic-Connectivity-Optimization-CDC2026\lite_trials\sweep\balanced\checkpoints\best.pt,ppo,7000,C:\Users\erich\Documents\AFRL\Algebraic-Connectivity-Optimization-CDC2026\lite_trials\lite_config.yaml,full,12,0.163636363636,1,20,20,0.16363636363636364,9,0.41497659968765044,4.979719196251805,0.008063599999331927,0.008063599999331927,0.008063599999331927,path,path,path,11,0.0,0.0,False,,,False,1,path,64,4,RL+Path,1
best,C:\Users\erich\Documents\AFRL\Algebraic-Connectivity-Optimization-CDC2026\lite_trials\sweep\balanced\checkpoints\best.pt,ppo,7000,C:\Users\erich\Documents\AFRL\Algebraic-Connectivity-Optimization-CDC2026\lite_trials\lite_config.yaml,full,12,0.163636363636,2,20,20,0.16363636363636364,9,0.41497659968765044,4.979719196251805,0.009291000000303029,0.009291000000303029,0.009291000000303029,path,path,path,11,0.0,0.0,False,,,False,1,path,64,4,RL+Path,2
best,C:\Users\erich\Documents\AFRL\Algebraic-Connectivity-Optimization-CDC2026\lite_trials\sweep\balanced\checkpoints\best.pt,ppo,7000,C:\Users\erich\Documents\AFRL\Algebraic-Connectivity-Optimization-CDC2026\lite_trials\lite_config.yaml,full,12,0.163636363636,3,20,20,0.16363636363636364,9,0.41497659968765044,4.979719196251805,0.008268999999927473,0.008268999999927473,0.008268999999927473,path,path,path,11,0.0,0.0,False,,,False,1,path,64,4,RL+Path,3
best,C:\Users\erich\Documents\AFRL\Algebraic-Connectivity-Optimization-CDC2026\lite_trials\sweep\balanced\checkpoints\best.pt,ppo,7000,C:\Users\erich\Documents\AFRL\Algebraic-Connectivity-Optimization-CDC2026\lite_trials\lite_config.yaml,full,12,0.163636363636,4,20,20,0.16363636363636364,9,0.41497659968765044,4.979719196251805,0.007453399999576504,0.007453399999576504,0.007453399999576504,path,path,path,11,0.0,0.0,False,,,False,1,path,64,4,RL+Path,4
best,C:\Users\erich\Documents\AFRL\Algebraic-Connectivity-Optimization-CDC2026\lite_trials\sweep\balanced\checkpoints\best.pt,ppo,7000,C:\Users\erich\Documents\AFRL\Algebraic-Connectivity-Optimization-CDC2026\lite_trials\lite_config.yaml,full,12,0.218181818182,0,23,23,0.21818181818181817,12,0.5187308866388812,6.224770639666575,0.00995859999966342,0.00995859999966342,0.00995859999966342,path,path,path,11,0.0,0.0,False,,,False,1,path,64,4,RL+Path,0
best,C:\Users\erich\Documents\AFRL\Algebraic-Connectivity-Optimization-CDC2026\lite_trials\sweep\balanced\checkpoints\best.pt,ppo,7000,C:\Users\erich\Documents\AFRL\Algebraic-Connectivity-Optimization-CDC2026\lite_trials\lite_config.yaml,full,12,0.218181818182,1,23,23,0.21818181818181817,12,0.5187308866388812,6.224770639666575,0.010663399999430112,0.010663399999430112,0.010663399999430112,path,path,path,11,0.0,0.0,False,,,False,1,path,64,4,RL+Path,1
best,C:\Users\erich\Documents\AFRL\Algebraic-Connectivity-Optimization-CDC2026\lite_trials\sweep\balanced\checkpoints\best.pt,ppo,7000,C:\Users\erich\Documents\AFRL\Algebraic-Connectivity-Optimization-CDC2026\lite_trials\lite_config.yaml,full,12,0.218181818182,2,23,23,0.21818181818181817,12,0.5187308866388812,6.224770639666575,0.017825599999923725,0.017825599999923725,0.017825599999923725,path,path,path,11,0.0,0.0,False,,,False,1,path,64,4,RL+Path,2
best,C:\Users\erich\Documents\AFRL\Algebraic-Connectivity-Optimization-CDC2026\lite_trials\sweep\balanced\checkpoints\best.pt,ppo,7000,C:\Users\erich\Documents\AFRL\Algebraic-Connectivity-Optimization-CDC2026\lite_trials\lite_config.yaml,full,12,0.218181818182,3,23,23,0.21818181818181817,12,0.5187308866388812,6.224770639666575,0.009488499999861233,0.009488499999861233,0.009488499999861233,path,path,path,11,0.0,0.0,False,,,False,1,path,64,4,RL+Path,3
best,C:\Users\erich\Documents\AFRL\Algebraic-Connectivity-Optimization-CDC2026\lite_trials\sweep\balanced\checkpoints\best.pt,ppo,7000,C:\Users\erich\Documents\AFRL\Algebraic-Connectivity-Optimization-CDC2026\lite_trials\lite_config.yaml,full,12,0.218181818182,4,23,23,0.21818181818181817,12,0.5187308866388812,6.224770639666575,0.009447899999941,0.009447899999941,0.009447899999941,path,path,path,11,0.0,0.0,False,,,False,1,path,64,4,RL+Path,4
best,C:\Users\erich\Documents\AFRL\Algebraic-Connectivity-Optimization-CDC2026\lite_trials\sweep\balanced\checkpoints\best.pt,ppo,7000,C:\Users\erich\Documents\AFRL\Algebraic-Connectivity-Optimization-CDC2026\lite_trials\lite_config.yaml,full,12,0.290909090909,0,27,27,0.2909090909090909,16,0.6311110432850701,7.573332519420841,0.01210579999951733,0.01210579999951733,0.01210579999951733,path,path,path,11,0.0,0.0,False,,,False,1,path,64,4,RL+Path,0
best,C:\Users\erich\Documents\AFRL\Algebraic-Connectivity-Optimization-CDC2026\lite_trials\sweep\balanced\checkpoints\best.pt,ppo,7000,C:\Users\erich\Documents\AFRL\Algebraic-Connectivity-Optimization-CDC2026\lite_trials\lite_config.yaml,full,12,0.290909090909,1,27,27,0.2909090909090909,16,0.6311110432850701,7.573332519420841,0.013306100000590959,0.013306100000590959,0.013306100000590959,path,path,path,11,0.0,0.0,False,,,False,1,path,64,4,RL+Path,1
best,C:\Users\erich\Documents\AFRL\Algebraic-Connectivity-Optimization-CDC2026\lite_trials\sweep\balanced\checkpoints\best.pt,ppo,7000,C:\Users\erich\Documents\AFRL\Algebraic-Connectivity-Optimization-CDC2026\lite_trials\lite_config.yaml,full,12,0.290909090909,2,27,27,0.2909090909090909,16,0.6311110432850701,7.573332519420841,0.013782699999865144,0.013782699999865144,0.013782699999865144,path,path,path,11,0.0,0.0,False,,,False,1,path,64,4,RL+Path,2
best,C:\Users\erich\Documents\AFRL\Algebraic-Connectivity-Optimization-CDC2026\lite_trials\sweep\balanced\checkpoints\best.pt,ppo,7000,C:\Users\erich\Documents\AFRL\Algebraic-Connectivity-Optimization-CDC2026\lite_trials\lite_config.yaml,full,12,0.290909090909,3,27,27,0.2909090909090909,16,0.6311110432850701,7.573332519420841,0.013355899999623944,0.013355899999623944,0.013355899999623944,path,path,path,11,0.0,0.0,False,,,False,1,path,64,4,RL+Path,3
best,C:\Users\erich\Documents\AFRL\Algebraic-Connectivity-Optimization-CDC2026\lite_trials\sweep\balanced\checkpoints\best.pt,ppo,7000,C:\Users\erich\Documents\AFRL\Algebraic-Connectivity-Optimization-CDC2026\lite_trials\lite_config.yaml,full,12,0.290909090909,4,27,27,0.2909090909090909,16,0.6311110432850701,7.573332519420841,0.01286660000005213,0.01286660000005213,0.01286660000005213,path,path,path,11,0.0,0.0,False,,,False,1,path,64,4,RL+Path,4
best,C:\Users\erich\Documents\AFRL\Algebraic-Connectivity-Optimization-CDC2026\lite_trials\sweep\balanced\checkpoints\best.pt,ppo,7000,C:\Users\erich\Documents\AFRL\Algebraic-Connectivity-Optimization-CDC2026\lite_trials\lite_config.yaml,full,12,0.363636363636,0,31,31,0.36363636363636365,20,0.7264235613191968,8.717082735830362,0.01683509999929811,0.01683509999929811,0.01683509999929811,path,path,path,11,0.0,0.0,False,,,False,1,path,64,4,RL+Path,0
best,C:\Users\erich\Documents\AFRL\Algebraic-Connectivity-Optimization-CDC2026\lite_trials\sweep\balanced\checkpoints\best.pt,ppo,7000,C:\Users\erich\Documents\AFRL\Algebraic-Connectivity-Optimization-CDC2026\lite_trials\lite_config.yaml,full,12,0.363636363636,1,31,31,0.36363636363636365,20,0.7264235613191968,8.717082735830362,0.015829500000108965,0.015829500000108965,0.015829500000108965,path,path,path,11,0.0,0.0,False,,,False,1,path,64,4,RL+Path,1
best,C:\Users\erich\Documents\AFRL\Algebraic-Connectivity-Optimization-CDC2026\lite_trials\sweep\balanced\checkpoints\best.pt,ppo,7000,C:\Users\erich\Documents\AFRL\Algebraic-Connectivity-Optimization-CDC2026\lite_trials\lite_config.yaml,full,12,0.363636363636,2,31,31,0.36363636363636365,20,0.7264235613191968,8.717082735830362,0.01707280000027822,0.01707280000027822,0.01707280000027822,path,path,path,11,0.0,0.0,False,,,False,1,path,64,4,RL+Path,2
best,C:\Users\erich\Documents\AFRL\Algebraic-Connectivity-Optimization-CDC2026\lite_trials\sweep\balanced\checkpoints\best.pt,ppo,7000,C:\Users\erich\Documents\AFRL\Algebraic-Connectivity-Optimization-CDC2026\lite_trials\lite_config.yaml,full,12,0.363636363636,3,31,31,0.36363636363636365,20,0.7264235613191968,8.717082735830362,0.01715420000073209,0.01715420000073209,0.01715420000073209,path,path,path,11,0.0,0.0,False,,,False,1,path,64,4,RL+Path,3
best,C:\Users\erich\Documents\AFRL\Algebraic-Connectivity-Optimization-CDC2026\lite_trials\sweep\balanced\checkpoints\best.pt,ppo,7000,C:\Users\erich\Documents\AFRL\Algebraic-Connectivity-Optimization-CDC2026\lite_trials\lite_config.yaml,full,12,0.363636363636,4,31,31,0.36363636363636365,20,0.7264235613191968,8.717082735830362,0.015806399999746645,0.015806399999746645,0.015806399999746645,path,path,path,11,0.0,0.0,False,,,False,1,path,64,4,RL+Path,4
best,C:\Users\erich\Documents\AFRL\Algebraic-Connectivity-Optimization-CDC2026\lite_trials\sweep\balanced\checkpoints\best.pt,ppo,7000,C:\Users\erich\Documents\AFRL\Algebraic-Connectivity-Optimization-CDC2026\lite_trials\lite_config.yaml,full,12,0.436363636364,0,35,35,0.43636363636363634,24,0.7998091595342641,9.597709914411169,0.019866999999976542,0.019866999999976542,0.019866999999976542,path,path,path,11,0.0,0.0,False,,,False,1,path,64,4,RL+Path,0
best,C:\Users\erich\Documents\AFRL\Algebraic-Connectivity-Optimization-CDC2026\lite_trials\sweep\balanced\checkpoints\best.pt,ppo,7000,C:\Users\erich\Documents\AFRL\Algebraic-Connectivity-Optimization-CDC2026\lite_trials\lite_config.yaml,full,12,0.436363636364,1,35,35,0.43636363636363634,24,0.7998091595342641,9.597709914411169,0.019536600000719773,0.019536600000719773,0.019536600000719773,path,path,path,11,0.0,0.0,False,,,False,1,path,64,4,RL+Path,1
best,C:\Users\erich\Documents\AFRL\Algebraic-Connectivity-Optimization-CDC2026\lite_trials\sweep\balanced\checkpoints\best.pt,ppo,7000,C:\Users\erich\Documents\AFRL\Algebraic-Connectivity-Optimization-CDC2026\lite_trials\lite_config.yaml,full,12,0.436363636364,2,35,35,0.43636363636363634,24,0.7998091595342641,9.597709914411169,0.01985820000027161,0.01985820000027161,0.01985820000027161,path,path,path,11,0.0,0.0,False,,,False,1,path,64,4,RL+Path,2
best,C:\Users\erich\Documents\AFRL\Algebraic-Connectivity-Optimization-CDC2026\lite_trials\sweep\balanced\checkpoints\best.pt,ppo,7000,C:\Users\erich\Documents\AFRL\Algebraic-Connectivity-Optimization-CDC2026\lite_trials\lite_config.yaml,full,12,0.436363636364,3,35,35,0.43636363636363634,24,0.7998091595342641,9.597709914411169,0.018840800000361924,0.018840800000361924,0.018840800000361924,path,path,path,11,0.0,0.0,False,,,False,1,path,64,4,RL+Path,3
best,C:\Users\erich\Documents\AFRL\Algebraic-Connectivity-Optimization-CDC2026\lite_trials\sweep\balanced\checkpoints\best.pt,ppo,7000,C:\Users\erich\Documents\AFRL\Algebraic-Connectivity-Optimization-CDC2026\lite_trials\lite_config.yaml,full,12,0.436363636364,4,35,35,0.43636363636363634,24,0.7998091595342641,9.597709914411169,0.018736799999715004,0.018736799999715004,0.018736799999715004,path,path,path,11,0.0,0.0,False,,,False,1,path,64,4,RL+Path,4
best,C:\Users\erich\Documents\AFRL\Algebraic-Connectivity-Optimization-CDC2026\lite_trials\sweep\balanced\checkpoints\best.pt,ppo,7000,C:\Users\erich\Documents\AFRL\Algebraic-Connectivity-Optimization-CDC2026\lite_trials\lite_config.yaml,full,12,0.490909090909,0,38,38,0.4909090909090909,27,0.844343962004222,10.132127544050665,0.027988799999548064,0.027988799999548064,0.027988799999548064,path,path,path,11,0.0,0.0,False,,,False,1,path,64,4,RL+Path,0
best,C:\Users\erich\Documents\AFRL\Algebraic-Connectivity-Optimization-CDC2026\lite_trials\sweep\balanced\checkpoints\best.pt,ppo,7000,C:\Users\erich\Documents\AFRL\Algebraic-Connectivity-Optimization-CDC2026\lite_trials\lite_config.yaml,full,12,0.490909090909,1,38,38,0.4909090909090909,27,0.844343962004222,10.132127544050665,0.023582199999509612,0.023582199999509612,0.023582199999509612,path,path,path,11,0.0,0.0,False,,,False,1,path,64,4,RL+Path,1
best,C:\Users\erich\Documents\AFRL\Algebraic-Connectivity-Optimization-CDC2026\lite_trials\sweep\balanced\checkpoints\best.pt,ppo,7000,C:\Users\erich\Documents\AFRL\Algebraic-Connectivity-Optimization-CDC2026\lite_trials\lite_config.yaml,full,12,0.490909090909,2,38,38,0.4909090909090909,27,0.844343962004222,10.132127544050665,0.02436570000008942,0.02436570000008942,0.02436570000008942,path,path,path,11,0.0,0.0,False,,,False,1,path,64,4,RL+Path,2
best,C:\Users\erich\Documents\AFRL\Algebraic-Connectivity-Optimization-CDC2026\lite_trials\sweep\balanced\checkpoints\best.pt,ppo,7000,C:\Users\erich\Documents\AFRL\Algebraic-Connectivity-Optimization-CDC2026\lite_trials\lite_config.yaml,full,12,0.490909090909,3,38,38,0.4909090909090909,27,0.844343962004222,10.132127544050665,0.021727300000748073,0.021727300000748073,0.021727300000748073,path,path,path,11,0.0,0.0,False,,,False,1,path,64,4,RL+Path,3
best,C:\Users\erich\Documents\AFRL\Algebraic-Connectivity-Optimization-CDC2026\lite_trials\sweep\balanced\checkpoints\best.pt,ppo,7000,C:\Users\erich\Documents\AFRL\Algebraic-Connectivity-Optimization-CDC2026\lite_trials\lite_config.yaml,full,12,0.490909090909,4,38,38,0.4909090909090909,27,0.844343962004222,10.132127544050665,0.023461200000383542,0.023461200000383542,0.023461200000383542,path,path,path,11,0.0,0.0,False,,,False,1,path,64,4,RL+Path,4
best,C:\Users\erich\Documents\AFRL\Algebraic-Connectivity-Optimization-CDC2026\lite_trials\sweep\balanced\checkpoints\best.pt,ppo,7000,C:\Users\erich\Documents\AFRL\Algebraic-Connectivity-Optimization-CDC2026\lite_trials\lite_config.yaml,full,12,0.563636363636,0,42,42,0.5636363636363636,31,0.8898419638369718,10.678103566043662,0.028894000000036613,0.028894000000036613,0.028894000000036613,path,path,path,11,0.0,0.0,False,,,False,1,path,64,4,RL+Path,0
best,C:\Users\erich\Documents\AFRL\Algebraic-Connectivity-Optimization-CDC2026\lite_trials\sweep\balanced\checkpoints\best.pt,ppo,7000,C:\Users\erich\Documents\AFRL\Algebraic-Connectivity-Optimization-CDC2026\lite_trials\lite_config.yaml,full,12,0.563636363636,1,42,42,0.5636363636363636,31,0.8898419638369718,10.678103566043662,0.028796800000236544,0.028796800000236544,0.028796800000236544,path,path,path,11,0.0,0.0,False,,,False,1,path,64,4,RL+Path,1
best,C:\Users\erich\Documents\AFRL\Algebraic-Connectivity-Optimization-CDC2026\lite_trials\sweep\balanced\checkpoints\best.pt,ppo,7000,C:\Users\erich\Documents\AFRL\Algebraic-Connectivity-Optimization-CDC2026\lite_trials\lite_config.yaml,full,12,0.563636363636,2,42,42,0.5636363636363636,31,0.8898419638369718,10.678103566043662,0.028518699999949604,0.028518699999949604,0.028518699999949604,path,path,path,11,0.0,0.0,False,,,False,1,path,64,4,RL+Path,2
best,C:\Users\erich\Documents\AFRL\Algebraic-Connectivity-Optimization-CDC2026\lite_trials\sweep\balanced\checkpoints\best.pt,ppo,7000,C:\Users\erich\Documents\AFRL\Algebraic-Connectivity-Optimization-CDC2026\lite_trials\lite_config.yaml,full,12,0.563636363636,3,42,42,0.5636363636363636,31,0.8898419638369718,10.678103566043662,0.027986300000520714,0.027986300000520714,0.027986300000520714,path,path,path,11,0.0,0.0,False,,,False,1,path,64,4,RL+Path,3
best,C:\Users\erich\Documents\AFRL\Algebraic-Connectivity-Optimization-CDC2026\lite_trials\sweep\balanced\checkpoints\best.pt,ppo,7000,C:\Users\erich\Documents\AFRL\Algebraic-Connectivity-Optimization-CDC2026\lite_trials\lite_config.yaml,full,12,0.563636363636,4,42,42,0.5636363636363636,31,0.8898419638369718,10.678103566043662,0.028064099999937753,0.028064099999937753,0.028064099999937753,path,path,path,11,0.0,0.0,False,,,False,1,path,64,4,RL+Path,4
best,C:\Users\erich\Documents\AFRL\Algebraic-Connectivity-Optimization-CDC2026\lite_trials\sweep\balanced\checkpoints\best.pt,ppo,7000,C:\Users\erich\Documents\AFRL\Algebraic-Connectivity-Optimization-CDC2026\lite_trials\lite_config.yaml,full,12,0.636363636364,0,46,46,0.6363636363636364,35,0.6374806744132436,7.649768092958924,0.03210159999980533,0.03210159999980533,0.03210159999980533,path,path,path,11,0.0,0.0,False,,,False,1,path,64,4,RL+Path,0
best,C:\Users\erich\Documents\AFRL\Algebraic-Connectivity-Optimization-CDC2026\lite_trials\sweep\balanced\checkpoints\best.pt,ppo,7000,C:\Users\erich\Documents\AFRL\Algebraic-Connectivity-Optimization-CDC2026\lite_trials\lite_config.yaml,full,12,0.636363636364,1,46,46,0.6363636363636364,35,0.6374806744132436,7.649768092958924,0.03462239999953454,0.03462239999953454,0.03462239999953454,path,path,path,11,0.0,0.0,False,,,False,1,path,64,4,RL+Path,1
best,C:\Users\erich\Documents\AFRL\Algebraic-Connectivity-Optimization-CDC2026\lite_trials\sweep\balanced\checkpoints\best.pt,ppo,7000,C:\Users\erich\Documents\AFRL\Algebraic-Connectivity-Optimization-CDC2026\lite_trials\lite_config.yaml,full,12,0.636363636364,2,46,46,0.6363636363636364,35,0.6374806744132436,7.649768092958924,0.03383450000001176,0.03383450000001176,0.03383450000001176,path,path,path,11,0.0,0.0,False,,,False,1,path,64,4,RL+Path,2
best,C:\Users\erich\Documents\AFRL\Algebraic-Connectivity-Optimization-CDC2026\lite_trials\sweep\balanced\checkpoints\best.pt,ppo,7000,C:\Users\erich\Documents\AFRL\Algebraic-Connectivity-Optimization-CDC2026\lite_trials\lite_config.yaml,full,12,0.636363636364,3,46,46,0.6363636363636364,35,0.6374806744132436,7.649768092958924,0.033098299999437586,0.033098299999437586,0.033098299999437586,path,path,path,11,0.0,0.0,False,,,False,1,path,64,4,RL+Path,3
best,C:\Users\erich\Documents\AFRL\Algebraic-Connectivity-Optimization-CDC2026\lite_trials\sweep\balanced\checkpoints\best.pt,ppo,7000,C:\Users\erich\Documents\AFRL\Algebraic-Connectivity-Optimization-CDC2026\lite_trials\lite_config.yaml,full,12,0.636363636364,4,46,46,0.6363636363636364,35,0.6374806744132436,7.649768092958924,0.028977500000110012,0.028977500000110012,0.028977500000110012,path,path,path,11,0.0,0.0,False,,,False,1,path,64,4,RL+Path,4
best,C:\Users\erich\Documents\AFRL\Algebraic-Connectivity-Optimization-CDC2026\lite_trials\sweep\balanced\checkpoints\best.pt,ppo,7000,C:\Users\erich\Documents\AFRL\Algebraic-Connectivity-Optimization-CDC2026\lite_trials\lite_config.yaml,full,12,0.709090909091,0,50,50,0.7090909090909091,39,0.8712422182832711,10.454906619399253,0.03562500000043656,0.03562500000043656,0.03562500000043656,path,path,path,11,0.0,0.0,False,,,False,1,path,64,4,RL+Path,0
best,C:\Users\erich\Documents\AFRL\Algebraic-Connectivity-Optimization-CDC2026\lite_trials\sweep\balanced\checkpoints\best.pt,ppo,7000,C:\Users\erich\Documents\AFRL\Algebraic-Connectivity-Optimization-CDC2026\lite_trials\lite_config.yaml,full,12,0.709090909091,1,50,50,0.7090909090909091,39,0.8712422182832711,10.454906619399253,0.03288869999960298,0.03288869999960298,0.03288869999960298,path,path,path,11,0.0,0.0,False,,,False,1,path,64,4,RL+Path,1
best,C:\Users\erich\Documents\AFRL\Algebraic-Connectivity-Optimization-CDC2026\lite_trials\sweep\balanced\checkpoints\best.pt,ppo,7000,C:\Users\erich\Documents\AFRL\Algebraic-Connectivity-Optimization-CDC2026\lite_trials\lite_config.yaml,full,12,0.709090909091,2,50,50,0.7090909090909091,39,0.8712422182832711,10.454906619399253,0.03537400000004709,0.03537400000004709,0.03537400000004709,path,path,path,11,0.0,0.0,False,,,False,1,path,64,4,RL+Path,2
best,C:\Users\erich\Documents\AFRL\Algebraic-Connectivity-Optimization-CDC2026\lite_trials\sweep\balanced\checkpoints\best.pt,ppo,7000,C:\Users\erich\Documents\AFRL\Algebraic-Connectivity-Optimization-CDC2026\lite_trials\lite_config.yaml,full,12,0.709090909091,3,50,50,0.7090909090909091,39,0.8712422182832711,10.454906619399253,0.03251940000063769,0.03251940000063769,0.03251940000063769,path,path,path,11,0.0,0.0,False,,,False,1,path,64,4,RL+Path,3
best,C:\Users\erich\Documents\AFRL\Algebraic-Connectivity-Optimization-CDC2026\lite_trials\sweep\balanced\checkpoints\best.pt,ppo,7000,C:\Users\erich\Documents\AFRL\Algebraic-Connectivity-Optimization-CDC2026\lite_trials\lite_config.yaml,full,12,0.709090909091,4,50,50,0.7090909090909091,39,0.8712422182832711,10.454906619399253,0.03668370000013965,0.03668370000013965,0.03668370000013965,path,path,path,11,0.0,0.0,False,,,False,1,path,64,4,RL+Path,4
best,C:\Users\erich\Documents\AFRL\Algebraic-Connectivity-Optimization-CDC2026\lite_trials\sweep\balanced\checkpoints\best.pt,ppo,7000,C:\Users\erich\Documents\AFRL\Algebraic-Connectivity-Optimization-CDC2026\lite_trials\lite_config.yaml,full,12,0.781818181818,0,54,54,0.7818181818181819,43,0.9361002677651321,11.233203213181586,0.04114499999923282,0.04114499999923282,0.04114499999923282,path,path,path,11,0.0,0.0,False,,,False,1,path,64,4,RL+Path,0
best,C:\Users\erich\Documents\AFRL\Algebraic-Connectivity-Optimization-CDC2026\lite_trials\sweep\balanced\checkpoints\best.pt,ppo,7000,C:\Users\erich\Documents\AFRL\Algebraic-Connectivity-Optimization-CDC2026\lite_trials\lite_config.yaml,full,12,0.781818181818,1,54,54,0.7818181818181819,43,0.9361002677651321,11.233203213181586,0.037256100000377046,0.037256100000377046,0.037256100000377046,path,path,path,11,0.0,0.0,False,,,False,1,path,64,4,RL+Path,1
best,C:\Users\erich\Documents\AFRL\Algebraic-Connectivity-Optimization-CDC2026\lite_trials\sweep\balanced\checkpoints\best.pt,ppo,7000,C:\Users\erich\Documents\AFRL\Algebraic-Connectivity-Optimization-CDC2026\lite_trials\lite_config.yaml,full,12,0.781818181818,2,54,54,0.7818181818181819,43,0.9361002677651321,11.233203213181586,0.03977690000010625,0.03977690000010625,0.03977690000010625,path,path,path,11,0.0,0.0,False,,,False,1,path,64,4,RL+Path,2
best,C:\Users\erich\Documents\AFRL\Algebraic-Connectivity-Optimization-CDC2026\lite_trials\sweep\balanced\checkpoints\best.pt,ppo,7000,C:\Users\erich\Documents\AFRL\Algebraic-Connectivity-Optimization-CDC2026\lite_trials\lite_config.yaml,full,12,0.781818181818,3,54,54,0.7818181818181819,43,0.9361002677651321,11.233203213181586,0.03978579999966314,0.03978579999966314,0.03978579999966314,path,path,path,11,0.0,0.0,False,,,False,1,path,64,4,RL+Path,3
best,C:\Users\erich\Documents\AFRL\Algebraic-Connectivity-Optimization-CDC2026\lite_trials\sweep\balanced\checkpoints\best.pt,ppo,7000,C:\Users\erich\Documents\AFRL\Algebraic-Connectivity-Optimization-CDC2026\lite_trials\lite_config.yaml,full,12,0.781818181818,4,54,54,0.7818181818181819,43,0.9361002677651321,11.233203213181586,0.03969469999992725,0.03969469999992725,0.03969469999992725,path,path,path,11,0.0,0.0,False,,,False,1,path,64,4,RL+Path,4
best,C:\Users\erich\Documents\AFRL\Algebraic-Connectivity-Optimization-CDC2026\lite_trials\sweep\balanced\checkpoints\best.pt,ppo,7000,C:\Users\erich\Documents\AFRL\Algebraic-Connectivity-Optimization-CDC2026\lite_trials\lite_config.yaml,full,12,0.836363636364,0,57,57,0.8363636363636363,46,0.9703554296982899,11.644265156379479,0.042861299999458424,0.042861299999458424,0.042861299999458424,path,path,path,11,0.0,0.0,False,,,False,1,path,64,4,RL+Path,0
best,C:\Users\erich\Documents\AFRL\Algebraic-Connectivity-Optimization-CDC2026\lite_trials\sweep\balanced\checkpoints\best.pt,ppo,7000,C:\Users\erich\Documents\AFRL\Algebraic-Connectivity-Optimization-CDC2026\lite_trials\lite_config.yaml,full,12,0.836363636364,1,57,57,0.8363636363636363,46,0.9703554296982899,11.644265156379479,0.0438970999994126,0.0438970999994126,0.0438970999994126,path,path,path,11,0.0,0.0,False,,,False,1,path,64,4,RL+Path,1
best,C:\Users\erich\Documents\AFRL\Algebraic-Connectivity-Optimization-CDC2026\lite_trials\sweep\balanced\checkpoints\best.pt,ppo,7000,C:\Users\erich\Documents\AFRL\Algebraic-Connectivity-Optimization-CDC2026\lite_trials\lite_config.yaml,full,12,0.836363636364,2,57,57,0.8363636363636363,46,0.9703554296982899,11.644265156379479,0.04357200000049488,0.04357200000049488,0.04357200000049488,path,path,path,11,0.0,0.0,False,,,False,1,path,64,4,RL+Path,2
best,C:\Users\erich\Documents\AFRL\Algebraic-Connectivity-Optimization-CDC2026\lite_trials\sweep\balanced\checkpoints\best.pt,ppo,7000,C:\Users\erich\Documents\AFRL\Algebraic-Connectivity-Optimization-CDC2026\lite_trials\lite_config.yaml,full,12,0.836363636364,3,57,57,0.8363636363636363,46,0.9703554296982899,11.644265156379479,0.04226539999945089,0.04226539999945089,0.04226539999945089,path,path,path,11,0.0,0.0,False,,,False,1,path,64,4,RL+Path,3
best,C:\Users\erich\Documents\AFRL\Algebraic-Connectivity-Optimization-CDC2026\lite_trials\sweep\balanced\checkpoints\best.pt,ppo,7000,C:\Users\erich\Documents\AFRL\Algebraic-Connectivity-Optimization-CDC2026\lite_trials\lite_config.yaml,full,12,0.836363636364,4,57,57,0.8363636363636363,46,0.9703554296982899,11.644265156379479,0.041674399999465095,0.041674399999465095,0.041674399999465095,path,path,path,11,0.0,0.0,False,,,False,1,path,64,4,RL+Path,4
best,C:\Users\erich\Documents\AFRL\Algebraic-Connectivity-Optimization-CDC2026\lite_trials\sweep\balanced\checkpoints\best.pt,ppo,7000,C:\Users\erich\Documents\AFRL\Algebraic-Connectivity-Optimization-CDC2026\lite_trials\lite_config.yaml,full,12,0.909090909091,0,61,61,0.9090909090909091,50,0.994436087301295,11.93323304761554,0.04508910000004107,0.04508910000004107,0.04508910000004107,path,path,path,11,0.0,0.0,False,,,False,1,path,64,4,RL+Path,0
best,C:\Users\erich\Documents\AFRL\Algebraic-Connectivity-Optimization-CDC2026\lite_trials\sweep\balanced\checkpoints\best.pt,ppo,7000,C:\Users\erich\Documents\AFRL\Algebraic-Connectivity-Optimization-CDC2026\lite_trials\lite_config.yaml,full,12,0.909090909091,1,61,61,0.9090909090909091,50,0.994436087301295,11.93323304761554,0.047157299999526,0.047157299999526,0.047157299999526,path,path,path,11,0.0,0.0,False,,,False,1,path,64,4,RL+Path,1
best,C:\Users\erich\Documents\AFRL\Algebraic-Connectivity-Optimization-CDC2026\lite_trials\sweep\balanced\checkpoints\best.pt,ppo,7000,C:\Users\erich\Documents\AFRL\Algebraic-Connectivity-Optimization-CDC2026\lite_trials\lite_config.yaml,full,12,0.909090909091,2,61,61,0.9090909090909091,50,0.994436087301295,11.93323304761554,0.04067940000004455,0.04067940000004455,0.04067940000004455,path,path,path,11,0.0,0.0,False,,,False,1,path,64,4,RL+Path,2
best,C:\Users\erich\Documents\AFRL\Algebraic-Connectivity-Optimization-CDC2026\lite_trials\sweep\balanced\checkpoints\best.pt,ppo,7000,C:\Users\erich\Documents\AFRL\Algebraic-Connectivity-Optimization-CDC2026\lite_trials\lite_config.yaml,full,12,0.909090909091,3,61,61,0.9090909090909091,50,0.994436087301295,11.93323304761554,0.04459299999962241,0.04459299999962241,0.04459299999962241,path,path,path,11,0.0,0.0,False,,,False,1,path,64,4,RL+Path,3
best,C:\Users\erich\Documents\AFRL\Algebraic-Connectivity-Optimization-CDC2026\lite_trials\sweep\balanced\checkpoints\best.pt,ppo,7000,C:\Users\erich\Documents\AFRL\Algebraic-Connectivity-Optimization-CDC2026\lite_trials\lite_config.yaml,full,12,0.909090909091,4,61,61,0.9090909090909091,50,0.994436087301295,11.93323304761554,0.04624820000026375,0.04624820000026375,0.04624820000026375,path,path,path,11,0.0,0.0,False,,,False,1,path,64,4,RL+Path,4
best,C:\Users\erich\Documents\AFRL\Algebraic-Connectivity-Optimization-CDC2026\lite_trials\sweep\balanced\checkpoints\best.pt,ppo,7000,C:\Users\erich\Documents\AFRL\Algebraic-Connectivity-Optimization-CDC2026\lite_trials\lite_config.yaml,full,12,0.981818181818,0,65,65,0.9818181818181818,54,0.999917475700781,11.999009708409373,0.05134300000008807,0.05134300000008807,0.05134300000008807,path,path,path,11,0.0,0.0,False,,,False,1,path,64,4,RL+Path,0
best,C:\Users\erich\Documents\AFRL\Algebraic-Connectivity-Optimization-CDC2026\lite_trials\sweep\balanced\checkpoints\best.pt,ppo,7000,C:\Users\erich\Documents\AFRL\Algebraic-Connectivity-Optimization-CDC2026\lite_trials\lite_config.yaml,full,12,0.981818181818,1,65,65,0.9818181818181818,54,0.999917475700781,11.999009708409373,0.046110299999782,0.046110299999782,0.046110299999782,path,path,path,11,0.0,0.0,False,,,False,1,path,64,4,RL+Path,1
best,C:\Users\erich\Documents\AFRL\Algebraic-Connectivity-Optimization-CDC2026\lite_trials\sweep\balanced\checkpoints\best.pt,ppo,7000,C:\Users\erich\Documents\AFRL\Algebraic-Connectivity-Optimization-CDC2026\lite_trials\lite_config.yaml,full,12,0.981818181818,2,65,65,0.9818181818181818,54,0.999917475700781,11.999009708409373,0.052053600000363076,0.052053600000363076,0.052053600000363076,path,path,path,11,0.0,0.0,False,,,False,1,path,64,4,RL+Path,2
best,C:\Users\erich\Documents\AFRL\Algebraic-Connectivity-Optimization-CDC2026\lite_trials\sweep\balanced\checkpoints\best.pt,ppo,7000,C:\Users\erich\Documents\AFRL\Algebraic-Connectivity-Optimization-CDC2026\lite_trials\lite_config.yaml,full,12,0.981818181818,3,65,65,0.9818181818181818,54,0.999917475700781,11.999009708409373,0.04961939999975584,0.04961939999975584,0.04961939999975584,path,path,path,11,0.0,0.0,False,,,False,1,path,64,4,RL+Path,3
best,C:\Users\erich\Documents\AFRL\Algebraic-Connectivity-Optimization-CDC2026\lite_trials\sweep\balanced\checkpoints\best.pt,ppo,7000,C:\Users\erich\Documents\AFRL\Algebraic-Connectivity-Optimization-CDC2026\lite_trials\lite_config.yaml,full,12,0.981818181818,4,65,65,0.9818181818181818,54,0.999917475700781,11.999009708409373,0.050674699999945005,0.050674699999945005,0.050674699999945005,path,path,path,11,0.0,0.0,False,,,False,1,path,64,4,RL+Path,4
best,C:\Users\erich\Documents\AFRL\Algebraic-Connectivity-Optimization-CDC2026\lite_trials\sweep\balanced\checkpoints\best.pt,ppo,7000,C:\Users\erich\Documents\AFRL\Algebraic-Connectivity-Optimization-CDC2026\lite_trials\lite_config.yaml,full,12,0.018181818182,0,12,12,0.01818181818181818,1,0.08333333333333325,0.9999999999999989,0.003350699999828066,0.003350699999828066,0.003832999999758613,backbone,envelope_only,envelope,11,1.0,0.0004822999999305466,False,,,False,1,envelope,64,4,RL+Backbone,0
best,C:\Users\erich\Documents\AFRL\Algebraic-Connectivity-Optimization-CDC2026\lite_trials\sweep\balanced\checkpoints\best.pt,ppo,7000,C:\Users\erich\Documents\AFRL\Algebraic-Connectivity-Optimization-CDC2026\lite_trials\lite_config.yaml,full,12,0.018181818182,1,12,12,0.01818181818181818,1,0.08333333333333325,0.9999999999999989,0.0009472000001551351,0.0009472000001551351,0.001061900000422611,backbone,envelope_only,envelope,11,1.0,0.00011470000026747584,False,,,False,1,envelope,64,4,RL+Backbone,1
best,C:\Users\erich\Documents\AFRL\Algebraic-Connectivity-Optimization-CDC2026\lite_trials\sweep\balanced\checkpoints\best.pt,ppo,7000,C:\Users\erich\Documents\AFRL\Algebraic-Connectivity-Optimization-CDC2026\lite_trials\lite_config.yaml,full,12,0.018181818182,2,12,12,0.01818181818181818,1,0.08333333333333325,0.9999999999999989,0.0008350999996764585,0.0008350999996764585,0.0009158999991996097,backbone,envelope_only,envelope,11,1.0,8.07999995231512e-05,False,,,False,1,envelope,64,4,RL+Backbone,2
best,C:\Users\erich\Documents\AFRL\Algebraic-Connectivity-Optimization-CDC2026\lite_trials\sweep\balanced\checkpoints\best.pt,ppo,7000,C:\Users\erich\Documents\AFRL\Algebraic-Connectivity-Optimization-CDC2026\lite_trials\lite_config.yaml,full,12,0.018181818182,3,12,12,0.01818181818181818,1,0.08333333333333325,0.9999999999999989,0.0008324999998876592,0.0008324999998876592,0.0009240999997928157,backbone,envelope_only,envelope,11,1.0,9.159999990515644e-05,False,,,False,1,envelope,64,4,RL+Backbone,3
best,C:\Users\erich\Documents\AFRL\Algebraic-Connectivity-Optimization-CDC2026\lite_trials\sweep\balanced\checkpoints\best.pt,ppo,7000,C:\Users\erich\Documents\AFRL\Algebraic-Connectivity-Optimization-CDC2026\lite_trials\lite_config.yaml,full,12,0.018181818182,4,12,12,0.01818181818181818,1,0.08333333333333325,0.9999999999999989,0.0011968999997407082,0.0011968999997407082,0.0012717999998130836,backbone,envelope_only,envelope,11,1.0,7.49000000723754e-05,False,,,False,1,envelope,64,4,RL+Backbone,4
best,C:\Users\erich\Documents\AFRL\Algebraic-Connectivity-Optimization-CDC2026\lite_trials\sweep\balanced\checkpoints\best.pt,ppo,7000,C:\Users\erich\Documents\AFRL\Algebraic-Connectivity-Optimization-CDC2026\lite_trials\lite_config.yaml,full,12,0.090909090909,0,16,16,0.09090909090909091,5,0.20928074214348213,2.5113689057217856,0.004492799999752606,0.004492799999752606,0.007838300000003073,backbone,both,envelope,11,1.0,0.0033455000002504676,False,,,True,2,"cayley,envelope",64,4,RL+Backbone,0
best,C:\Users\erich\Documents\AFRL\Algebraic-Connectivity-Optimization-CDC2026\lite_trials\sweep\balanced\checkpoints\best.pt,ppo,7000,C:\Users\erich\Documents\AFRL\Algebraic-Connectivity-Optimization-CDC2026\lite_trials\lite_config.yaml,full,12,0.090909090909,1,16,16,0.09090909090909091,5,0.20928074214348213,2.5113689057217856,0.004170899999735411,0.004170899999735411,0.005517400000826456,backbone,both,envelope,11,1.0,0.0019626000002972432,False,,,True,2,"cayley,envelope",64,4,RL+Backbone,1
best,C:\Users\erich\Documents\AFRL\Algebraic-Connectivity-Optimization-CDC2026\lite_trials\sweep\balanced\checkpoints\best.pt,ppo,7000,C:\Users\erich\Documents\AFRL\Algebraic-Connectivity-Optimization-CDC2026\lite_trials\lite_config.yaml,full,12,0.090909090909,2,16,16,0.09090909090909091,5,0.20928074214348213,2.5113689057217856,0.004644000000553206,0.004644000000553206,0.005289599998832273,backbone,both,envelope,11,1.0,0.0018911999995907536,False,,,True,2,"cayley,envelope",64,4,RL+Backbone,2
best,C:\Users\erich\Documents\AFRL\Algebraic-Connectivity-Optimization-CDC2026\lite_trials\sweep\balanced\checkpoints\best.pt,ppo,7000,C:\Users\erich\Documents\AFRL\Algebraic-Connectivity-Optimization-CDC2026\lite_trials\lite_config.yaml,full,12,0.090909090909,3,16,16,0.09090909090909091,5,0.20928074214348213,2.5113689057217856,0.004464999999981956,0.004464999999981956,0.006148399999801768,backbone,both,envelope,11,1.0,0.0023736000002827495,False,,,True,2,"cayley,envelope",64,4,RL+Backbone,3
best,C:\Users\erich\Documents\AFRL\Algebraic-Connectivity-Optimization-CDC2026\lite_trials\sweep\balanced\checkpoints\best.pt,ppo,7000,C:\Users\erich\Documents\AFRL\Algebraic-Connectivity-Optimization-CDC2026\lite_trials\lite_config.yaml,full,12,0.090909090909,4,16,16,0.09090909090909091,5,0.20928074214348213,2.5113689057217856,0.003726200000528479,0.003726200000528479,0.004972700000507757,backbone,both,envelope,11,1.0,0.0017176999999719555,False,,,True,2,"cayley,envelope",64,4,RL+Backbone,4
best,C:\Users\erich\Documents\AFRL\Algebraic-Connectivity-Optimization-CDC2026\lite_trials\sweep\balanced\checkpoints\best.pt,ppo,7000,C:\Users\erich\Documents\AFRL\Algebraic-Connectivity-Optimization-CDC2026\lite_trials\lite_config.yaml,full,12,0.163636363636,0,20,20,0.16363636363636364,2,0.1549712773366719,1.8596553280400627,0.0022460999998656916,0.0022460999998656916,0.004090299999916169,backbone,cayley_only,cayley,18,1.2679491924311233,0.0018442000000504777,False,2,,False,1,cayley,64,4,RL+Backbone,0
best,C:\Users\erich\Documents\AFRL\Algebraic-Connectivity-Optimization-CDC2026\lite_trials\sweep\balanced\checkpoints\best.pt,ppo,7000,C:\Users\erich\Documents\AFRL\Algebraic-Connectivity-Optimization-CDC2026\lite_trials\lite_config.yaml,full,12,0.163636363636,1,20,20,0.16363636363636364,2,0.1549712773366719,1.8596553280400627,0.002009899999393383,0.002009899999393383,0.0039250999989235424,backbone,cayley_only,cayley,18,1.2679491924311233,0.0019151999995301594,False,2,,False,1,cayley,64,4,RL+Backbone,1
best,C:\Users\erich\Documents\AFRL\Algebraic-Connectivity-Optimization-CDC2026\lite_trials\sweep\balanced\checkpoints\best.pt,ppo,7000,C:\Users\erich\Documents\AFRL\Algebraic-Connectivity-Optimization-CDC2026\lite_trials\lite_config.yaml,full,12,0.163636363636,2,20,20,0.16363636363636364,2,0.1549712773366719,1.8596553280400627,0.0016383000001951586,0.0016383000001951586,0.003947100000004866,backbone,cayley_only,cayley,18,1.2679491924311233,0.0023087999998097075,False,2,,False,1,cayley,64,4,RL+Backbone,2
best,C:\Users\erich\Documents\AFRL\Algebraic-Connectivity-Optimization-CDC2026\lite_trials\sweep\balanced\checkpoints\best.pt,ppo,7000,C:\Users\erich\Documents\AFRL\Algebraic-Connectivity-Optimization-CDC2026\lite_trials\lite_config.yaml,full,12,0.163636363636,3,20,20,0.16363636363636364,2,0.1549712773366719,1.8596553280400627,0.0019066000004386296,0.0019066000004386296,0.0039978000004339265,backbone,cayley_only,cayley,18,1.2679491924311233,0.002091199999995297,False,2,,False,1,cayley,64,4,RL+Backbone,3
best,C:\Users\erich\Documents\AFRL\Algebraic-Connectivity-Optimization-CDC2026\lite_trials\sweep\balanced\checkpoints\best.pt,ppo,7000,C:\Users\erich\Documents\AFRL\Algebraic-Connectivity-Optimization-CDC2026\lite_trials\lite_config.yaml,full,12,0.163636363636,4,20,20,0.16363636363636364,2,0.1549712773366719,1.8596553280400627,0.0027141000000483473,0.0027141000000483473,0.004586400000334834,backbone,cayley_only,cayley,18,1.2679491924311233,0.0018723000002864865,False,2,,False,1,cayley,64,4,RL+Backbone,4
best,C:\Users\erich\Documents\AFRL\Algebraic-Connectivity-Optimization-CDC2026\lite_trials\sweep\balanced\checkpoints\best.pt,ppo,7000,C:\Users\erich\Documents\AFRL\Algebraic-Connectivity-Optimization-CDC2026\lite_trials\lite_config.yaml,full,12,0.218181818182,0,23,23,0.21818181818181817,5,0.2774737070256048,3.3296844843072577,0.004972899999302172,0.004972899999302172,0.007770599999275873,backbone,cayley_only,cayley,18,1.2679491924311233,0.0027976999999737018,False,2,,False,1,cayley,64,4,RL+Backbone,0
best,C:\Users\erich\Documents\AFRL\Algebraic-Connectivity-Optimization-CDC2026\lite_trials\sweep\balanced\checkpoints\best.pt,ppo,7000,C:\Users\erich\Documents\AFRL\Algebraic-Connectivity-Optimization-CDC2026\lite_trials\lite_config.yaml,full,12,0.218181818182,1,23,23,0.21818181818181817,5,0.2774737070256048,3.3296844843072577,0.004469999999855645,0.004469999999855645,0.006869699999697332,backbone,cayley_only,cayley,18,1.2679491924311233,0.002399699999841687,False,2,,False,1,cayley,64,4,RL+Backbone,1
best,C:\Users\erich\Documents\AFRL\Algebraic-Connectivity-Optimization-CDC2026\lite_trials\sweep\balanced\checkpoints\best.pt,ppo,7000,C:\Users\erich\Documents\AFRL\Algebraic-Connectivity-Optimization-CDC2026\lite_trials\lite_config.yaml,full,12,0.218181818182,2,23,23,0.21818181818181817,5,0.2774737070256048,3.3296844843072577,0.004588000000694592,0.004588000000694592,0.007296600000699982,backbone,cayley_only,cayley,18,1.2679491924311233,0.00270860000000539,False,2,,False,1,cayley,64,4,RL+Backbone,2
best,C:\Users\erich\Documents\AFRL\Algebraic-Connectivity-Optimization-CDC2026\lite_trials\sweep\balanced\checkpoints\best.pt,ppo,7000,C:\Users\erich\Documents\AFRL\Algebraic-Connectivity-Optimization-CDC2026\lite_trials\lite_config.yaml,full,12,0.218181818182,3,23,23,0.21818181818181817,5,0.2774737070256048,3.3296844843072577,0.004224999999678403,0.004224999999678403,0.006107199999860313,backbone,cayley_only,cayley,18,1.2679491924311233,0.0018822000001819106,False,2,,False,1,cayley,64,4,RL+Backbone,3
best,C:\Users\erich\Documents\AFRL\Algebraic-Connectivity-Optimization-CDC2026\lite_trials\sweep\balanced\checkpoints\best.pt,ppo,7000,C:\Users\erich\Documents\AFRL\Algebraic-Connectivity-Optimization-CDC2026\lite_trials\lite_config.yaml,full,12,0.218181818182,4,23,23,0.21818181818181817,5,0.2774737070256048,3.3296844843072577,0.005627900000035879,0.005627900000035879,0.008008699999663804,backbone,cayley_only,cayley,18,1.2679491924311233,0.002380799999627925,False,2,,False,1,cayley,64,4,RL+Backbone,4
best,C:\Users\erich\Documents\AFRL\Algebraic-Connectivity-Optimization-CDC2026\lite_trials\sweep\balanced\checkpoints\best.pt,ppo,7000,C:\Users\erich\Documents\AFRL\Algebraic-Connectivity-Optimization-CDC2026\lite_trials\lite_config.yaml,full,12,0.290909090909,0,27,27,0.2909090909090909,3,0.2766397577797081,3.319677093356497,0.002868800000214833,0.002868800000214833,0.0058042000000568805,backbone,cayley_only,cayley,24,2.267949192431123,0.0029353999998420477,False,2,,False,1,cayley,64,4,RL+Backbone,0
best,C:\Users\erich\Documents\AFRL\Algebraic-Connectivity-Optimization-CDC2026\lite_trials\sweep\balanced\checkpoints\best.pt,ppo,7000,C:\Users\erich\Documents\AFRL\Algebraic-Connectivity-Optimization-CDC2026\lite_trials\lite_config.yaml,full,12,0.290909090909,1,27,27,0.2909090909090909,3,0.2766397577797081,3.319677093356497,0.0027416000002631336,0.0027416000002631336,0.004634700000679004,backbone,cayley_only,cayley,24,2.267949192431123,0.0018931000004158705,False,2,,False,1,cayley,64,4,RL+Backbone,1
best,C:\Users\erich\Documents\AFRL\Algebraic-Connectivity-Optimization-CDC2026\lite_trials\sweep\balanced\checkpoints\best.pt,ppo,7000,C:\Users\erich\Documents\AFRL\Algebraic-Connectivity-Optimization-CDC2026\lite_trials\lite_config.yaml,full,12,0.290909090909,2,27,27,0.2909090909090909,3,0.29414752457966514,3.5297702949559815,0.0030411999996431405,0.0030411999996431405,0.005083199999717181,backbone,cayley_only,cayley,24,2.267949192431123,0.00204200000007404,False,2,,False,1,cayley,64,4,RL+Backbone,2
best,C:\Users\erich\Documents\AFRL\Algebraic-Connectivity-Optimization-CDC2026\lite_trials\sweep\balanced\checkpoints\best.pt,ppo,7000,C:\Users\erich\Documents\AFRL\Algebraic-Connectivity-Optimization-CDC2026\lite_trials\lite_config.yaml,full,12,0.290909090909,3,27,27,0.2909090909090909,3,0.29414752457966514,3.5297702949559815,0.0033837999999377644,0.0033837999999377644,0.006001900000228488,backbone,cayley_only,cayley,24,2.267949192431123,0.002618100000290724,False,2,,False,1,cayley,64,4,RL+Backbone,3
best,C:\Users\erich\Documents\AFRL\Algebraic-Connectivity-Optimization-CDC2026\lite_trials\sweep\balanced\checkpoints\best.pt,ppo,7000,C:\Users\erich\Documents\AFRL\Algebraic-Connectivity-Optimization-CDC2026\lite_trials\lite_config.yaml,full,12,0.290909090909,4,27,27,0.2909090909090909,3,0.2766397577797081,3.319677093356497,0.002961999999570253,0.002961999999570253,0.005137999999533349,backbone,cayley_only,cayley,24,2.267949192431123,0.0021759999999630963,False,2,,False,1,cayley,64,4,RL+Backbone,4
best,C:\Users\erich\Documents\AFRL\Algebraic-Connectivity-Optimization-CDC2026\lite_trials\sweep\balanced\checkpoints\best.pt,ppo,7000,C:\Users\erich\Documents\AFRL\Algebraic-Connectivity-Optimization-CDC2026\lite_trials\lite_config.yaml,full,12,0.363636363636,0,31,31,0.36363636363636365,1,0.33333333333333287,3.9999999999999947,0.0009417000001121778,0.0009417000001121778,0.002898099999583792,backbone,cayley_only,cayley,30,3.9999999999999987,0.001956399999471614,False,2,,False,1,cayley,64,4,RL+Backbone,0
best,C:\Users\erich\Documents\AFRL\Algebraic-Connectivity-Optimization-CDC2026\lite_trials\sweep\balanced\checkpoints\best.pt,ppo,7000,C:\Users\erich\Documents\AFRL\Algebraic-Connectivity-Optimization-CDC2026\lite_trials\lite_config.yaml,full,12,0.363636363636,1,31,31,0.36363636363636365,1,0.33333333333333304,3.9999999999999964,0.0008687999998073792,0.0008687999998073792,0.002781999999569962,backbone,cayley_only,cayley,30,3.9999999999999987,0.0019131999997625826,False,2,,False,1,cayley,64,4,RL+Backbone,1
best,C:\Users\erich\Documents\AFRL\Algebraic-Connectivity-Optimization-CDC2026\lite_trials\sweep\balanced\checkpoints\best.pt,ppo,7000,C:\Users\erich\Documents\AFRL\Algebraic-Connectivity-Optimization-CDC2026\lite_trials\lite_config.yaml,full,12,0.363636363636,2,31,31,0.36363636363636365,1,0.33333333333333304,3.9999999999999964,0.0008662999998705345,0.0008662999998705345,0.0027687000001606066,backbone,cayley_only,cayley,30,3.9999999999999987,0.001902400000290072,False,2,,False,1,cayley,64,4,RL+Backbone,2
best,C:\Users\erich\Documents\AFRL\Algebraic-Connectivity-Optimization-CDC2026\lite_trials\sweep\balanced\checkpoints\best.pt,ppo,7000,C:\Users\erich\Documents\AFRL\Algebraic-Connectivity-Optimization-CDC2026\lite_trials\lite_config.yaml,full,12,0.363636363636,3,31,31,0.36363636363636365,1,0.33333333333333304,3.9999999999999964,0.0008974999991551158,0.0008974999991551158,0.00285149999854184,backbone,cayley_only,cayley,30,3.9999999999999987,0.001953999999386724,False,2,,False,1,cayley,64,4,RL+Backbone,3
best,C:\Users\erich\Documents\AFRL\Algebraic-Connectivity-Optimization-CDC2026\lite_trials\sweep\balanced\checkpoints\best.pt,ppo,7000,C:\Users\erich\Documents\AFRL\Algebraic-Connectivity-Optimization-CDC2026\lite_trials\lite_config.yaml,full,12,0.363636363636,4,31,31,0.36363636363636365,1,0.33333333333333304,3.9999999999999964,0.0008950000001277658,0.0008950000001277658,0.002848699999958626,backbone,cayley_only,cayley,30,3.9999999999999987,0.00195369999983086,False,2,,False,1,cayley,64,4,RL+Backbone,4
best,C:\Users\erich\Documents\AFRL\Algebraic-Connectivity-Optimization-CDC2026\lite_trials\sweep\balanced\checkpoints\best.pt,ppo,7000,C:\Users\erich\Documents\AFRL\Algebraic-Connectivity-Optimization-CDC2026\lite_trials\lite_config.yaml,full,12,0.436363636364,0,35,35,0.43636363636363634,5,0.43135905541637753,5.17630866499653,0.0043114000000059605,0.0043114000000059605,0.00623749999977008,backbone,cayley_only,cayley,30,3.9999999999999987,0.0019260999997641193,False,2,,False,1,cayley,64,4,RL+Backbone,0
best,C:\Users\erich\Documents\AFRL\Algebraic-Connectivity-Optimization-CDC2026\lite_trials\sweep\balanced\checkpoints\best.pt,ppo,7000,C:\Users\erich\Documents\AFRL\Algebraic-Connectivity-Optimization-CDC2026\lite_trials\lite_config.yaml,full,12,0.436363636364,1,35,35,0.43636363636363634,5,0.4412725161692605,5.295270194031126,0.004372499999590218,0.004372499999590218,0.006296099999417493,backbone,cayley_only,cayley,30,3.9999999999999987,0.0019235999998272746,False,2,,False,1,cayley,64,4,RL+Backbone,1
best,C:\Users\erich\Documents\AFRL\Algebraic-Connectivity-Optimization-CDC2026\lite_trials\sweep\balanced\checkpoints\best.pt,ppo,7000,C:\Users\erich\Documents\AFRL\Algebraic-Connectivity-Optimization-CDC2026\lite_trials\lite_config.yaml,full,12,0.436363636364,2,35,35,0.43636363636363634,5,0.4412725161692605,5.295270194031126,0.004872299999988172,0.004872299999988172,0.007155299999794806,backbone,cayley_only,cayley,30,3.9999999999999987,0.002282999999806634,False,2,,False,1,cayley,64,4,RL+Backbone,2
best,C:\Users\erich\Documents\AFRL\Algebraic-Connectivity-Optimization-CDC2026\lite_trials\sweep\balanced\checkpoints\best.pt,ppo,7000,C:\Users\erich\Documents\AFRL\Algebraic-Connectivity-Optimization-CDC2026\lite_trials\lite_config.yaml,full,12,0.436363636364,3,35,35,0.43636363636363634,5,0.4412725161692605,5.295270194031126,0.0049048999999286025,0.0049048999999286025,0.0070057000002634595,backbone,cayley_only,cayley,30,3.9999999999999987,0.002100800000334857,False,2,,False,1,cayley,64,4,RL+Backbone,3
best,C:\Users\erich\Documents\AFRL\Algebraic-Connectivity-Optimization-CDC2026\lite_trials\sweep\balanced\checkpoints\best.pt,ppo,7000,C:\Users\erich\Documents\AFRL\Algebraic-Connectivity-Optimization-CDC2026\lite_trials\lite_config.yaml,full,12,0.436363636364,4,35,35,0.43636363636363634,5,0.4412725161692605,5.295270194031126,0.003873800000292249,0.003873800000292249,0.005798099999992701,backbone,cayley_only,cayley,30,3.9999999999999987,0.0019242999997004517,False,2,,False,1,cayley,64,4,RL+Backbone,4
best,C:\Users\erich\Documents\AFRL\Algebraic-Connectivity-Optimization-CDC2026\lite_trials\sweep\balanced\checkpoints\best.pt,ppo,7000,C:\Users\erich\Documents\AFRL\Algebraic-Connectivity-Optimization-CDC2026\lite_trials\lite_config.yaml,full,12,0.490909090909,0,38,38,0.4909090909090909,2,0.5680892123886956,6.817070548664347,0.0016158999997060164,0.0016158999997060164,0.00362920000043232,backbone,cayley_only,cayley,36,5.999999999999995,0.0020133000007263036,False,2,,False,1,cayley,64,4,RL+Backbone,0
best,C:\Users\erich\Documents\AFRL\Algebraic-Connectivity-Optimization-CDC2026\lite_trials\sweep\balanced\checkpoints\best.pt,ppo,7000,C:\Users\erich\Documents\AFRL\Algebraic-Connectivity-Optimization-CDC2026\lite_trials\lite_config.yaml,full,12,0.490909090909,1,38,38,0.4909090909090909,2,0.5680892123886956,6.817070548664347,0.001795000000129221,0.001795000000129221,0.004442399999788904,backbone,cayley_only,cayley,36,5.999999999999995,0.002647399999659683,False,2,,False,1,cayley,64,4,RL+Backbone,1
best,C:\Users\erich\Documents\AFRL\Algebraic-Connectivity-Optimization-CDC2026\lite_trials\sweep\balanced\checkpoints\best.pt,ppo,7000,C:\Users\erich\Documents\AFRL\Algebraic-Connectivity-Optimization-CDC2026\lite_trials\lite_config.yaml,full,12,0.490909090909,2,38,38,0.4909090909090909,2,0.5680892123886956,6.817070548664347,0.001650300000619609,0.001650300000619609,0.0035894000002372195,backbone,cayley_only,cayley,36,5.999999999999995,0.0019390999996176106,False,2,,False,1,cayley,64,4,RL+Backbone,2
best,C:\Users\erich\Documents\AFRL\Algebraic-Connectivity-Optimization-CDC2026\lite_trials\sweep\balanced\checkpoints\best.pt,ppo,7000,C:\Users\erich\Documents\AFRL\Algebraic-Connectivity-Optimization-CDC2026\lite_trials\lite_config.yaml,full,12,0.490909090909,3,38,38,0.4909090909090909,2,0.5680892123886956,6.817070548664347,0.0016095000000859727,0.0016095000000859727,0.0035630000002129236,backbone,cayley_only,cayley,36,5.999999999999995,0.001953500000126951,False,2,,False,1,cayley,64,4,RL+Backbone,3
best,C:\Users\erich\Documents\AFRL\Algebraic-Connectivity-Optimization-CDC2026\lite_trials\sweep\balanced\checkpoints\best.pt,ppo,7000,C:\Users\erich\Documents\AFRL\Algebraic-Connectivity-Optimization-CDC2026\lite_trials\lite_config.yaml,full,12,0.490909090909,4,38,38,0.4909090909090909,2,0.5680892123886956,6.817070548664347,0.0020180000001346343,0.0020180000001346343,0.003978100000495033,backbone,cayley_only,cayley,36,5.999999999999995,0.0019601000003603986,False,2,,False,1,cayley,64,4,RL+Backbone,4
best,C:\Users\erich\Documents\AFRL\Algebraic-Connectivity-Optimization-CDC2026\lite_trials\sweep\balanced\checkpoints\best.pt,ppo,7000,C:\Users\erich\Documents\AFRL\Algebraic-Connectivity-Optimization-CDC2026\lite_trials\lite_config.yaml,full,12,0.563636363636,0,42,42,0.5636363636363636,6,0.7486323879528404,8.983588655434085,0.005242000000180269,0.005242000000180269,0.0053210000005492475,backbone,both,envelope,36,6.0,0.0035794000004898407,False,,,True,2,"cayley,envelope",64,4,RL+Backbone,0
best,C:\Users\erich\Documents\AFRL\Algebraic-Connectivity-Optimization-CDC2026\lite_trials\sweep\balanced\checkpoints\best.pt,ppo,7000,C:\Users\erich\Documents\AFRL\Algebraic-Connectivity-Optimization-CDC2026\lite_trials\lite_config.yaml,full,12,0.563636363636,1,42,42,0.5636363636363636,6,0.7486323879528404,8.983588655434085,0.01270109999950364,0.01270109999950364,0.012780299999576528,backbone,both,envelope,36,6.0,0.0037200999995548045,False,,,True,2,"cayley,envelope",64,4,RL+Backbone,1
best,C:\Users\erich\Documents\AFRL\Algebraic-Connectivity-Optimization-CDC2026\lite_trials\sweep\balanced\checkpoints\best.pt,ppo,7000,C:\Users\erich\Documents\AFRL\Algebraic-Connectivity-Optimization-CDC2026\lite_trials\lite_config.yaml,full,12,0.563636363636,2,42,42,0.5636363636363636,6,0.7486323879528404,8.983588655434085,0.008402200000091398,0.008402200000091398,0.008546300000489282,backbone,both,envelope,36,6.0,0.006019999999807624,False,,,True,2,"cayley,envelope",64,4,RL+Backbone,2
best,C:\Users\erich\Documents\AFRL\Algebraic-Connectivity-Optimization-CDC2026\lite_trials\sweep\balanced\checkpoints\best.pt,ppo,7000,C:\Users\erich\Documents\AFRL\Algebraic-Connectivity-Optimization-CDC2026\lite_trials\lite_config.yaml,full,12,0.563636363636,3,42,42,0.5636363636363636,6,0.7486323879528404,8.983588655434085,0.006821200000558747,0.006821200000558747,0.00690510000094946,backbone,both,envelope,36,6.0,0.003984599999967031,False,,,True,2,"cayley,envelope",64,4,RL+Backbone,3
best,C:\Users\erich\Documents\AFRL\Algebraic-Connectivity-Optimization-CDC2026\lite_trials\sweep\balanced\checkpoints\best.pt,ppo,7000,C:\Users\erich\Documents\AFRL\Algebraic-Connectivity-Optimization-CDC2026\lite_trials\lite_config.yaml,full,12,0.563636363636,4,42,42,0.5636363636363636,6,0.7486323879528404,8.983588655434085,0.004869899999903282,0.004869899999903282,0.004958900000019639,backbone,both,envelope,36,6.0,0.0037627000001521083,False,,,True,2,"cayley,envelope",64,4,RL+Backbone,4
best,C:\Users\erich\Documents\AFRL\Algebraic-Connectivity-Optimization-CDC2026\lite_trials\sweep\balanced\checkpoints\best.pt,ppo,7000,C:\Users\erich\Documents\AFRL\Algebraic-Connectivity-Optimization-CDC2026\lite_trials\lite_config.yaml,full,12,0.636363636364,0,46,46,0.6363636363636364,4,0.6614812226393002,7.937774671671603,0.0035451999992801575,0.0035451999992801575,0.0070809999997436535,backbone,both,cayley,42,5.999999999999996,0.003535800000463496,False,2,,True,2,"cayley,envelope",64,4,RL+Backbone,0
best,C:\Users\erich\Documents\AFRL\Algebraic-Connectivity-Optimization-CDC2026\lite_trials\sweep\balanced\checkpoints\best.pt,ppo,7000,C:\Users\erich\Documents\AFRL\Algebraic-Connectivity-Optimization-CDC2026\lite_trials\lite_config.yaml,full,12,0.636363636364,1,46,46,0.6363636363636364,4,0.6614812226393002,7.937774671671603,0.003513500000735803,0.003513500000735803,0.0070976000006339746,backbone,both,cayley,42,5.999999999999996,0.0035840999998981715,False,2,,True,2,"cayley,envelope",64,4,RL+Backbone,1
best,C:\Users\erich\Documents\AFRL\Algebraic-Connectivity-Optimization-CDC2026\lite_trials\sweep\balanced\checkpoints\best.pt,ppo,7000,C:\Users\erich\Documents\AFRL\Algebraic-Connectivity-Optimization-CDC2026\lite_trials\lite_config.yaml,full,12,0.636363636364,2,46,46,0.6363636363636364,4,0.6614812226393002,7.937774671671603,0.0032933000002230983,0.0032933000002230983,0.007018199999947683,backbone,both,cayley,42,5.999999999999996,0.0037248999997245846,False,2,,True,2,"cayley,envelope",64,4,RL+Backbone,2
best,C:\Users\erich\Documents\AFRL\Algebraic-Connectivity-Optimization-CDC2026\lite_trials\sweep\balanced\checkpoints\best.pt,ppo,7000,C:\Users\erich\Documents\AFRL\Algebraic-Connectivity-Optimization-CDC2026\lite_trials\lite_config.yaml,full,12,0.636363636364,3,46,46,0.6363636363636364,4,0.6614812226393002,7.937774671671603,0.003572800000256393,0.003572800000256393,0.007181200000559329,backbone,both,cayley,42,5.999999999999996,0.003608400000302936,False,2,,True,2,"cayley,envelope",64,4,RL+Backbone,3
best,C:\Users\erich\Documents\AFRL\Algebraic-Connectivity-Optimization-CDC2026\lite_trials\sweep\balanced\checkpoints\best.pt,ppo,7000,C:\Users\erich\Documents\AFRL\Algebraic-Connectivity-Optimization-CDC2026\lite_trials\lite_config.yaml,full,12,0.636363636364,4,46,46,0.6363636363636364,4,0.6614812226393002,7.937774671671603,0.003962099999625934,0.003962099999625934,0.00888089999989461,backbone,both,cayley,42,5.999999999999996,0.004918800000268675,False,2,,True,2,"cayley,envelope",64,4,RL+Backbone,4
best,C:\Users\erich\Documents\AFRL\Algebraic-Connectivity-Optimization-CDC2026\lite_trials\sweep\balanced\checkpoints\best.pt,ppo,7000,C:\Users\erich\Documents\AFRL\Algebraic-Connectivity-Optimization-CDC2026\lite_trials\lite_config.yaml,full,12,0.709090909091,0,50,50,0.7090909090909091,2,0.7115799628953955,8.538959554744746,0.0020750999992742436,0.0020750999992742436,0.0021834999988641357,backbone,both,envelope,48,8.0,0.0001083999995898921,False,,"cayley:No feasible backbone candidate for (n=12, m=50, rho=0.709091, seed=0); errors=['cayley:no_candidate']",True,1,envelope,64,4,RL+Backbone,0
best,C:\Users\erich\Documents\AFRL\Algebraic-Connectivity-Optimization-CDC2026\lite_trials\sweep\balanced\checkpoints\best.pt,ppo,7000,C:\Users\erich\Documents\AFRL\Algebraic-Connectivity-Optimization-CDC2026\lite_trials\lite_config.yaml,full,12,0.709090909091,1,50,50,0.7090909090909091,2,0.7115799628953955,8.538959554744746,0.0018466999999873224,0.0018466999999873224,0.0019498999999996158,backbone,both,envelope,48,8.0,0.00010320000001229346,False,,"cayley:No feasible backbone candidate for (n=12, m=50, rho=0.709091, seed=1); errors=['cayley:no_candidate']",True,1,envelope,64,4,RL+Backbone,1
best,C:\Users\erich\Documents\AFRL\Algebraic-Connectivity-Optimization-CDC2026\lite_trials\sweep\balanced\checkpoints\best.pt,ppo,7000,C:\Users\erich\Documents\AFRL\Algebraic-Connectivity-Optimization-CDC2026\lite_trials\lite_config.yaml,full,12,0.709090909091,2,50,50,0.7090909090909091,2,0.7115799628953955,8.538959554744746,0.001673300000220479,0.001673300000220479,0.0017674999999144347,backbone,both,envelope,48,8.0,9.419999969395576e-05,False,,"cayley:No feasible backbone candidate for (n=12, m=50, rho=0.709091, seed=2); errors=['cayley:no_candidate']",True,1,envelope,64,4,RL+Backbone,2
best,C:\Users\erich\Documents\AFRL\Algebraic-Connectivity-Optimization-CDC2026\lite_trials\sweep\balanced\checkpoints\best.pt,ppo,7000,C:\Users\erich\Documents\AFRL\Algebraic-Connectivity-Optimization-CDC2026\lite_trials\lite_config.yaml,full,12,0.709090909091,3,50,50,0.7090909090909091,2,0.7115799628953955,8.538959554744746,0.0018201000002591172,0.0018201000002591172,0.001996800000597432,backbone,both,envelope,48,8.0,0.00017670000033831457,False,,"cayley:No feasible backbone candidate for (n=12, m=50, rho=0.709091, seed=3); errors=['cayley:no_candidate']",True,1,envelope,64,4,RL+Backbone,3
best,C:\Users\erich\Documents\AFRL\Algebraic-Connectivity-Optimization-CDC2026\lite_trials\sweep\balanced\checkpoints\best.pt,ppo,7000,C:\Users\erich\Documents\AFRL\Algebraic-Connectivity-Optimization-CDC2026\lite_trials\lite_config.yaml,full,12,0.709090909091,4,50,50,0.7090909090909091,2,0.7115799628953955,8.538959554744746,0.001803000000109023,0.001803000000109023,0.0018956000003527151,backbone,both,envelope,48,8.0,9.260000024369219e-05,False,,"cayley:No feasible backbone candidate for (n=12, m=50, rho=0.709091, seed=4); errors=['cayley:no_candidate']",True,1,envelope,64,4,RL+Backbone,4
best,C:\Users\erich\Documents\AFRL\Algebraic-Connectivity-Optimization-CDC2026\lite_trials\sweep\balanced\checkpoints\best.pt,ppo,7000,C:\Users\erich\Documents\AFRL\Algebraic-Connectivity-Optimization-CDC2026\lite_trials\lite_config.yaml,full,12,0.781818181818,0,54,54,0.7818181818181819,0,0.749999999999999,8.999999999999988,1.9999970390927047e-07,1.9999970390927047e-07,9.859999954642262e-05,backbone,envelope_only,envelope,54,9.0,9.839999984251335e-05,False,,,False,1,envelope,64,4,RL+Backbone,0
best,C:\Users\erich\Documents\AFRL\Algebraic-Connectivity-Optimization-CDC2026\lite_trials\sweep\balanced\checkpoints\best.pt,ppo,7000,C:\Users\erich\Documents\AFRL\Algebraic-Connectivity-Optimization-CDC2026\lite_trials\lite_config.yaml,full,12,0.781818181818,1,54,54,0.7818181818181819,0,0.749999999999999,8.999999999999988,9.999985195463523e-08,9.999985195463523e-08,9.249999948224286e-05,backbone,envelope_only,envelope,54,9.0,9.239999963028822e-05,False,,,False,1,envelope,64,4,RL+Backbone,1
best,C:\Users\erich\Documents\AFRL\Algebraic-Connectivity-Optimization-CDC2026\lite_trials\sweep\balanced\checkpoints\best.pt,ppo,7000,C:\Users\erich\Documents\AFRL\Algebraic-Connectivity-Optimization-CDC2026\lite_trials\lite_config.yaml,full,12,0.781818181818,2,54,54,0.7818181818181819,0,0.749999999999999,8.999999999999988,1.9999970390927047e-07,1.9999970390927047e-07,9.659999977884581e-05,backbone,envelope_only,envelope,54,9.0,9.640000007493654e-05,False,,,False,1,envelope,64,4,RL+Backbone,2
best,C:\Users\erich\Documents\AFRL\Algebraic-Connectivity-Optimization-CDC2026\lite_trials\sweep\balanced\checkpoints\best.pt,ppo,7000,C:\Users\erich\Documents\AFRL\Algebraic-Connectivity-Optimization-CDC2026\lite_trials\lite_config.yaml,full,12,0.781818181818,3,54,54,0.7818181818181819,0,0.749999999999999,8.999999999999988,1.9999970390927047e-07,1.9999970390927047e-07,0.00010599999950500205,backbone,envelope_only,envelope,54,9.0,0.00010579999980109278,False,,,False,1,envelope,64,4,RL+Backbone,3
best,C:\Users\erich\Documents\AFRL\Algebraic-Connectivity-Optimization-CDC2026\lite_trials\sweep\balanced\checkpoints\best.pt,ppo,7000,C:\Users\erich\Documents\AFRL\Algebraic-Connectivity-Optimization-CDC2026\lite_trials\lite_config.yaml,full,12,0.781818181818,4,54,54,0.7818181818181819,0,0.749999999999999,8.999999999999988,1.00000761449337e-07,1.00000761449337e-07,9.090000094147399e-05,backbone,envelope_only,envelope,54,9.0,9.080000018002465e-05,False,,,False,1,envelope,64,4,RL+Backbone,4
best,C:\Users\erich\Documents\AFRL\Algebraic-Connectivity-Optimization-CDC2026\lite_trials\sweep\balanced\checkpoints\best.pt,ppo,7000,C:\Users\erich\Documents\AFRL\Algebraic-Connectivity-Optimization-CDC2026\lite_trials\lite_config.yaml,full,12,0.836363636364,0,57,57,0.8363636363636363,3,0.8140921210058732,9.769105452070479,0.003361400000358117,0.003361400000358117,0.0034774000005199923,backbone,envelope_only,envelope,54,9.0,0.0001160000001618755,False,,,False,1,envelope,64,4,RL+Backbone,0
best,C:\Users\erich\Documents\AFRL\Algebraic-Connectivity-Optimization-CDC2026\lite_trials\sweep\balanced\checkpoints\best.pt,ppo,7000,C:\Users\erich\Documents\AFRL\Algebraic-Connectivity-Optimization-CDC2026\lite_trials\lite_config.yaml,full,12,0.836363636364,1,57,57,0.8363636363636363,3,0.8140921210058732,9.769105452070479,0.0031369999996968545,0.0031369999996968545,0.003371799999513314,backbone,envelope_only,envelope,54,9.0,0.0002347999998164596,False,,,False,1,envelope,64,4,RL+Backbone,1
best,C:\Users\erich\Documents\AFRL\Algebraic-Connectivity-Optimization-CDC2026\lite_trials\sweep\balanced\checkpoints\best.pt,ppo,7000,C:\Users\erich\Documents\AFRL\Algebraic-Connectivity-Optimization-CDC2026\lite_trials\lite_config.yaml,full,12,0.836363636364,2,57,57,0.8363636363636363,3,0.8140921210058732,9.769105452070479,0.0030390000001716544,0.0030390000001716544,0.00318760000027396,backbone,envelope_only,envelope,54,9.0,0.00014860000010230578,False,,,False,1,envelope,64,4,RL+Backbone,2
best,C:\Users\erich\Documents\AFRL\Algebraic-Connectivity-Optimization-CDC2026\lite_trials\sweep\balanced\checkpoints\best.pt,ppo,7000,C:\Users\erich\Documents\AFRL\Algebraic-Connectivity-Optimization-CDC2026\lite_trials\lite_config.yaml,full,12,0.836363636364,3,57,57,0.8363636363636363,3,0.8140921210058732,9.769105452070479,0.0029266999999890686,0.0029266999999890686,0.0030999000000520027,backbone,envelope_only,envelope,54,9.0,0.00017320000006293412,False,,,False,1,envelope,64,4,RL+Backbone,3
best,C:\Users\erich\Documents\AFRL\Algebraic-Connectivity-Optimization-CDC2026\lite_trials\sweep\balanced\checkpoints\best.pt,ppo,7000,C:\Users\erich\Documents\AFRL\Algebraic-Connectivity-Optimization-CDC2026\lite_trials\lite_config.yaml,full,12,0.836363636364,4,57,57,0.8363636363636363,3,0.8140921210058732,9.769105452070479,0.002777000000605767,0.002777000000605767,0.0028914000004078844,backbone,envelope_only,envelope,54,9.0,0.00011439999980211724,False,,,False,1,envelope,64,4,RL+Backbone,4
best,C:\Users\erich\Documents\AFRL\Algebraic-Connectivity-Optimization-CDC2026\lite_trials\sweep\balanced\checkpoints\best.pt,ppo,7000,C:\Users\erich\Documents\AFRL\Algebraic-Connectivity-Optimization-CDC2026\lite_trials\lite_config.yaml,full,12,0.909090909091,0,61,61,0.9090909090909091,1,0.8333333333333323,9.999999999999988,0.000986199999715609,0.000986199999715609,0.001142000000072585,backbone,envelope_only,envelope,60,10.0,0.00015580000035697594,False,,,False,1,envelope,64,4,RL+Backbone,0
best,C:\Users\erich\Documents\AFRL\Algebraic-Connectivity-Optimization-CDC2026\lite_trials\sweep\balanced\checkpoints\best.pt,ppo,7000,C:\Users\erich\Documents\AFRL\Algebraic-Connectivity-Optimization-CDC2026\lite_trials\lite_config.yaml,full,12,0.909090909091,1,61,61,0.9090909090909091,1,0.8333333333333323,9.999999999999988,0.0010879999999815482,0.0010879999999815482,0.0012478999997256324,backbone,envelope_only,envelope,60,10.0,0.0001598999997440842,False,,,False,1,envelope,64,4,RL+Backbone,1
best,C:\Users\erich\Documents\AFRL\Algebraic-Connectivity-Optimization-CDC2026\lite_trials\sweep\balanced\checkpoints\best.pt,ppo,7000,C:\Users\erich\Documents\AFRL\Algebraic-Connectivity-Optimization-CDC2026\lite_trials\lite_config.yaml,full,12,0.909090909091,2,61,61,0.9090909090909091,1,0.8333333333333323,9.999999999999988,0.0009167999996861909,0.0009167999996861909,0.0010570000004008762,backbone,envelope_only,envelope,60,10.0,0.0001402000007146853,False,,,False,1,envelope,64,4,RL+Backbone,2
best,C:\Users\erich\Documents\AFRL\Algebraic-Connectivity-Optimization-CDC2026\lite_trials\sweep\balanced\checkpoints\best.pt,ppo,7000,C:\Users\erich\Documents\AFRL\Algebraic-Connectivity-Optimization-CDC2026\lite_trials\lite_config.yaml,full,12,0.909090909091,3,61,61,0.9090909090909091,1,0.8333333333333323,9.999999999999988,0.001164999999673455,0.001164999999673455,0.001280399999814108,backbone,envelope_only,envelope,60,10.0,0.00011540000014065299,False,,,False,1,envelope,64,4,RL+Backbone,3
best,C:\Users\erich\Documents\AFRL\Algebraic-Connectivity-Optimization-CDC2026\lite_trials\sweep\balanced\checkpoints\best.pt,ppo,7000,C:\Users\erich\Documents\AFRL\Algebraic-Connectivity-Optimization-CDC2026\lite_trials\lite_config.yaml,full,12,0.909090909091,4,61,61,0.9090909090909091,1,0.8333333333333323,9.999999999999988,0.0011086000004070229,0.0011086000004070229,0.0012514000009105075,backbone,envelope_only,envelope,60,10.0,0.00014280000050348463,False,,,False,1,envelope,64,4,RL+Backbone,4
best,C:\Users\erich\Documents\AFRL\Algebraic-Connectivity-Optimization-CDC2026\lite_trials\sweep\balanced\checkpoints\best.pt,ppo,7000,C:\Users\erich\Documents\AFRL\Algebraic-Connectivity-Optimization-CDC2026\lite_trials\lite_config.yaml,full,12,0.981818181818,0,65,65,0.9818181818181818,5,0.8559790463095794,10.271748555714954,0.004341099999692233,0.004341099999692233,0.004480699999476201,backbone,envelope_only,envelope,60,10.0,0.0001395999997839681,False,,,False,1,envelope,64,4,RL+Backbone,0
best,C:\Users\erich\Documents\AFRL\Algebraic-Connectivity-Optimization-CDC2026\lite_trials\sweep\balanced\checkpoints\best.pt,ppo,7000,C:\Users\erich\Documents\AFRL\Algebraic-Connectivity-Optimization-CDC2026\lite_trials\lite_config.yaml,full,12,0.981818181818,1,65,65,0.9818181818181818,5,0.8559790463095794,10.271748555714954,0.004164500000115368,0.004164500000115368,0.004276599999684549,backbone,envelope_only,envelope,60,10.0,0.00011209999956918182,False,,,False,1,envelope,64,4,RL+Backbone,1
best,C:\Users\erich\Documents\AFRL\Algebraic-Connectivity-Optimization-CDC2026\lite_trials\sweep\balanced\checkpoints\best.pt,ppo,7000,C:\Users\erich\Documents\AFRL\Algebraic-Connectivity-Optimization-CDC2026\lite_trials\lite_config.yaml,full,12,0.981818181818,2,65,65,0.9818181818181818,5,0.8559790463095794,10.271748555714954,0.0051190000003771274,0.0051190000003771274,0.005229700000199955,backbone,envelope_only,envelope,60,10.0,0.00011069999982282752,False,,,False,1,envelope,64,4,RL+Backbone,2
best,C:\Users\erich\Documents\AFRL\Algebraic-Connectivity-Optimization-CDC2026\lite_trials\sweep\balanced\checkpoints\best.pt,ppo,7000,C:\Users\erich\Documents\AFRL\Algebraic-Connectivity-Optimization-CDC2026\lite_trials\lite_config.yaml,full,12,0.981818181818,3,65,65,0.9818181818181818,5,0.8559790463095794,10.271748555714954,0.006267199999456352,0.006267199999456352,0.006432899999708752,backbone,envelope_only,envelope,60,10.0,0.00016570000025240006,False,,,False,1,envelope,64,4,RL+Backbone,3
best,C:\Users\erich\Documents\AFRL\Algebraic-Connectivity-Optimization-CDC2026\lite_trials\sweep\balanced\checkpoints\best.pt,ppo,7000,C:\Users\erich\Documents\AFRL\Algebraic-Connectivity-Optimization-CDC2026\lite_trials\lite_config.yaml,full,12,0.981818181818,4,65,65,0.9818181818181818,5,0.8559790463095794,10.271748555714954,0.006116300000030606,0.006116300000030606,0.00630150000051799,backbone,envelope_only,envelope,60,10.0,0.00018520000048738439,False,,,False,1,envelope,64,4,RL+Backbone,4
best,C:\Users\erich\Documents\AFRL\Algebraic-Connectivity-Optimization-CDC2026\lite_trials\sweep\balanced\checkpoints\best.pt,ppo,7000,C:\Users\erich\Documents\AFRL\Algebraic-Connectivity-Optimization-CDC2026\lite_trials\lite_config.yaml,full,16,0.009523809524,0,16,16,0.009523809523809525,1,0.03335160995589666,0.5336257592943465,0.00316469999961555,0.00316469999961555,0.00316469999961555,path,path,path,15,0.0,0.0,False,,,False,1,path,64,4,RL+Path,0
best,C:\Users\erich\Documents\AFRL\Algebraic-Connectivity-Optimization-CDC2026\lite_trials\sweep\balanced\checkpoints\best.pt,ppo,7000,C:\Users\erich\Documents\AFRL\Algebraic-Connectivity-Optimization-CDC2026\lite_trials\lite_config.yaml,full,16,0.009523809524,1,16,16,0.009523809523809525,1,0.03335160995589666,0.5336257592943465,0.0009839000003921683,0.0009839000003921683,0.0009839000003921683,path,path,path,15,0.0,0.0,False,,,False,1,path,64,4,RL+Path,1
best,C:\Users\erich\Documents\AFRL\Algebraic-Connectivity-Optimization-CDC2026\lite_trials\sweep\balanced\checkpoints\best.pt,ppo,7000,C:\Users\erich\Documents\AFRL\Algebraic-Connectivity-Optimization-CDC2026\lite_trials\lite_config.yaml,full,16,0.009523809524,2,16,16,0.009523809523809525,1,0.03335160995589666,0.5336257592943465,0.0009035000002768356,0.0009035000002768356,0.0009035000002768356,path,path,path,15,0.0,0.0,False,,,False,1,path,64,4,RL+Path,2
best,C:\Users\erich\Documents\AFRL\Algebraic-Connectivity-Optimization-CDC2026\lite_trials\sweep\balanced\checkpoints\best.pt,ppo,7000,C:\Users\erich\Documents\AFRL\Algebraic-Connectivity-Optimization-CDC2026\lite_trials\lite_config.yaml,full,16,0.009523809524,3,16,16,0.009523809523809525,1,0.03335160995589666,0.5336257592943465,0.0008431999995082151,0.0008431999995082151,0.0008431999995082151,path,path,path,15,0.0,0.0,False,,,False,1,path,64,4,RL+Path,3
best,C:\Users\erich\Documents\AFRL\Algebraic-Connectivity-Optimization-CDC2026\lite_trials\sweep\balanced\checkpoints\best.pt,ppo,7000,C:\Users\erich\Documents\AFRL\Algebraic-Connectivity-Optimization-CDC2026\lite_trials\lite_config.yaml,full,16,0.009523809524,4,16,16,0.009523809523809525,1,0.03335160995589666,0.5336257592943465,0.0008244000000559026,0.0008244000000559026,0.0008244000000559026,path,path,path,15,0.0,0.0,False,,,False,1,path,64,4,RL+Path,4
best,C:\Users\erich\Documents\AFRL\Algebraic-Connectivity-Optimization-CDC2026\lite_trials\sweep\balanced\checkpoints\best.pt,ppo,7000,C:\Users\erich\Documents\AFRL\Algebraic-Connectivity-Optimization-CDC2026\lite_trials\lite_config.yaml,full,16,0.07619047619,0,23,23,0.0761904761904762,8,0.2125165095947562,3.4002641535160993,0.006304900000031921,0.006304900000031921,0.006304900000031921,path,path,path,15,0.0,0.0,False,,,False,1,path,64,4,RL+Path,0
best,C:\Users\erich\Documents\AFRL\Algebraic-Connectivity-Optimization-CDC2026\lite_trials\sweep\balanced\checkpoints\best.pt,ppo,7000,C:\Users\erich\Documents\AFRL\Algebraic-Connectivity-Optimization-CDC2026\lite_trials\lite_config.yaml,full,16,0.07619047619,1,23,23,0.0761904761904762,8,0.2125165095947562,3.4002641535160993,0.007364499999312102,0.007364499999312102,0.007364499999312102,path,path,path,15,0.0,0.0,False,,,False,1,path,64,4,RL+Path,1
best,C:\Users\erich\Documents\AFRL\Algebraic-Connectivity-Optimization-CDC2026\lite_trials\sweep\balanced\checkpoints\best.pt,ppo,7000,C:\Users\erich\Documents\AFRL\Algebraic-Connectivity-Optimization-CDC2026\lite_trials\lite_config.yaml,full,16,0.07619047619,2,23,23,0.0761904761904762,8,0.2125165095947562,3.4002641535160993,0.006898200000250654,0.006898200000250654,0.006898200000250654,path,path,path,15,0.0,0.0,False,,,False,1,path,64,4,RL+Path,2
best,C:\Users\erich\Documents\AFRL\Algebraic-Connectivity-Optimization-CDC2026\lite_trials\sweep\balanced\checkpoints\best.pt,ppo,7000,C:\Users\erich\Documents\AFRL\Algebraic-Connectivity-Optimization-CDC2026\lite_trials\lite_config.yaml,full,16,0.07619047619,3,23,23,0.0761904761904762,8,0.2125165095947562,3.4002641535160993,0.007108100000550621,0.007108100000550621,0.007108100000550621,path,path,path,15,0.0,0.0,False,,,False,1,path,64,4,RL+Path,3
best,C:\Users\erich\Documents\AFRL\Algebraic-Connectivity-Optimization-CDC2026\lite_trials\sweep\balanced\checkpoints\best.pt,ppo,7000,C:\Users\erich\Documents\AFRL\Algebraic-Connectivity-Optimization-CDC2026\lite_trials\lite_config.yaml,full,16,0.07619047619,4,23,23,0.0761904761904762,8,0.2125165095947562,3.4002641535160993,0.006788800000322226,0.006788800000322226,0.006788800000322226,path,path,path,15,0.0,0.0,False,,,False,1,path,64,4,RL+Path,4
best,C:\Users\erich\Documents\AFRL\Algebraic-Connectivity-Optimization-CDC2026\lite_trials\sweep\balanced\checkpoints\best.pt,ppo,7000,C:\Users\erich\Documents\AFRL\Algebraic-Connectivity-Optimization-CDC2026\lite_trials\lite_config.yaml,full,16,0.152380952381,0,31,31,0.1523809523809524,16,0.40948644953668534,6.551783192586965,0.013120900000103575,0.013120900000103575,0.013120900000103575,path,path,path,15,0.0,0.0,False,,,False,1,path,64,4,RL+Path,0
best,C:\Users\erich\Documents\AFRL\Algebraic-Connectivity-Optimization-CDC2026\lite_trials\sweep\balanced\checkpoints\best.pt,ppo,7000,C:\Users\erich\Documents\AFRL\Algebraic-Connectivity-Optimization-CDC2026\lite_trials\lite_config.yaml,full,16,0.152380952381,1,31,31,0.1523809523809524,16,0.40948644953668534,6.551783192586965,0.013881799999580835,0.013881799999580835,0.013881799999580835,path,path,path,15,0.0,0.0,False,,,False,1,path,64,4,RL+Path,1
best,C:\Users\erich\Documents\AFRL\Algebraic-Connectivity-Optimization-CDC2026\lite_trials\sweep\balanced\checkpoints\best.pt,ppo,7000,C:\Users\erich\Documents\AFRL\Algebraic-Connectivity-Optimization-CDC2026\lite_trials\lite_config.yaml,full,16,0.152380952381,2,31,31,0.1523809523809524,16,0.40948644953668534,6.551783192586965,0.01356460000079096,0.01356460000079096,0.01356460000079096,path,path,path,15,0.0,0.0,False,,,False,1,path,64,4,RL+Path,2
best,C:\Users\erich\Documents\AFRL\Algebraic-Connectivity-Optimization-CDC2026\lite_trials\sweep\balanced\checkpoints\best.pt,ppo,7000,C:\Users\erich\Documents\AFRL\Algebraic-Connectivity-Optimization-CDC2026\lite_trials\lite_config.yaml,full,16,0.152380952381,3,31,31,0.1523809523809524,16,0.40948644953668534,6.551783192586965,0.013190600000598351,0.013190600000598351,0.013190600000598351,path,path,path,15,0.0,0.0,False,,,False,1,path,64,4,RL+Path,3
best,C:\Users\erich\Documents\AFRL\Algebraic-Connectivity-Optimization-CDC2026\lite_trials\sweep\balanced\checkpoints\best.pt,ppo,7000,C:\Users\erich\Documents\AFRL\Algebraic-Connectivity-Optimization-CDC2026\lite_trials\lite_config.yaml,full,16,0.152380952381,4,31,31,0.1523809523809524,16,0.40948644953668534,6.551783192586965,0.013724500000535045,0.013724500000535045,0.013724500000535045,path,path,path,15,0.0,0.0,False,,,False,1,path,64,4,RL+Path,4
best,C:\Users\erich\Documents\AFRL\Algebraic-Connectivity-Optimization-CDC2026\lite_trials\sweep\balanced\checkpoints\best.pt,ppo,7000,C:\Users\erich\Documents\AFRL\Algebraic-Connectivity-Optimization-CDC2026\lite_trials\lite_config.yaml,full,16,0.219047619048,0,38,38,0.21904761904761905,23,0.5445767946095671,8.713228713753074,0.019054800000049,0.019054800000049,0.019054800000049,path,path,path,15,0.0,0.0,False,,,False,1,path,64,4,RL+Path,0
best,C:\Users\erich\Documents\AFRL\Algebraic-Connectivity-Optimization-CDC2026\lite_trials\sweep\balanced\checkpoints\best.pt,ppo,7000,C:\Users\erich\Documents\AFRL\Algebraic-Connectivity-Optimization-CDC2026\lite_trials\lite_config.yaml,full,16,0.219047619048,1,38,38,0.21904761904761905,23,0.5445767946095671,8.713228713753074,0.01806029999988823,0.01806029999988823,0.01806029999988823,path,path,path,15,0.0,0.0,False,,,False,1,path,64,4,RL+Path,1
best,C:\Users\erich\Documents\AFRL\Algebraic-Connectivity-Optimization-CDC2026\lite_trials\sweep\balanced\checkpoints\best.pt,ppo,7000,C:\Users\erich\Documents\AFRL\Algebraic-Connectivity-Optimization-CDC2026\lite_trials\lite_config.yaml,full,16,0.219047619048,2,38,38,0.21904761904761905,23,0.5445767946095671,8.713228713753074,0.01728940000066359,0.01728940000066359,0.01728940000066359,path,path,path,15,0.0,0.0,False,,,False,1,path,64,4,RL+Path,2
best,C:\Users\erich\Documents\AFRL\Algebraic-Connectivity-Optimization-CDC2026\lite_trials\sweep\balanced\checkpoints\best.pt,ppo,7000,C:\Users\erich\Documents\AFRL\Algebraic-Connectivity-Optimization-CDC2026\lite_trials\lite_config.yaml,full,16,0.219047619048,3,38,38,0.21904761904761905,23,0.5445767946095671,8.713228713753074,0.017520999999760534,0.017520999999760534,0.017520999999760534,path,path,path,15,0.0,0.0,False,,,False,1,path,64,4,RL+Path,3
best,C:\Users\erich\Documents\AFRL\Algebraic-Connectivity-Optimization-CDC2026\lite_trials\sweep\balanced\checkpoints\best.pt,ppo,7000,C:\Users\erich\Documents\AFRL\Algebraic-Connectivity-Optimization-CDC2026\lite_trials\lite_config.yaml,full,16,0.219047619048,4,38,38,0.21904761904761905,23,0.5445767946095671,8.713228713753074,0.017452199999752338,0.017452199999752338,0.017452199999752338,path,path,path,15,0.0,0.0,False,,,False,1,path,64,4,RL+Path,4
best,C:\Users\erich\Documents\AFRL\Algebraic-Connectivity-Optimization-CDC2026\lite_trials\sweep\balanced\checkpoints\best.pt,ppo,7000,C:\Users\erich\Documents\AFRL\Algebraic-Connectivity-Optimization-CDC2026\lite_trials\lite_config.yaml,full,16,0.285714285714,0,45,45,0.2857142857142857,30,0.6510925313583291,10.417480501733266,0.02533839999978227,0.02533839999978227,0.02533839999978227,path,path,path,15,0.0,0.0,False,,,False,1,path,64,4,RL+Path,0
best,C:\Users\erich\Documents\AFRL\Algebraic-Connectivity-Optimization-CDC2026\lite_trials\sweep\balanced\checkpoints\best.pt,ppo,7000,C:\Users\erich\Documents\AFRL\Algebraic-Connectivity-Optimization-CDC2026\lite_trials\lite_config.yaml,full,16,0.285714285714,1,45,45,0.2857142857142857,30,0.6510925313583291,10.417480501733266,0.02312640000036481,0.02312640000036481,0.02312640000036481,path,path,path,15,0.0,0.0,False,,,False,1,path,64,4,RL+Path,1
best,C:\Users\erich\Documents\AFRL\Algebraic-Connectivity-Optimization-CDC2026\lite_trials\sweep\balanced\checkpoints\best.pt,ppo,7000,C:\Users\erich\Documents\AFRL\Algebraic-Connectivity-Optimization-CDC2026\lite_trials\lite_config.yaml,full,16,0.285714285714,2,45,45,0.2857142857142857,30,0.6510925313583291,10.417480501733266,0.022834599999441707,0.022834599999441707,0.022834599999441707,path,path,path,15,0.0,0.0,False,,,False,1,path,64,4,RL+Path,2
best,C:\Users\erich\Documents\AFRL\Algebraic-Connectivity-Optimization-CDC2026\lite_trials\sweep\balanced\checkpoints\best.pt,ppo,7000,C:\Users\erich\Documents\AFRL\Algebraic-Connectivity-Optimization-CDC2026\lite_trials\lite_config.yaml,full,16,0.285714285714,3,45,45,0.2857142857142857,30,0.6510925313583291,10.417480501733266,0.02436900000066089,0.02436900000066089,0.02436900000066089,path,path,path,15,0.0,0.0,False,,,False,1,path,64,4,RL+Path,3
best,C:\Users\erich\Documents\AFRL\Algebraic-Connectivity-Optimization-CDC2026\lite_trials\sweep\balanced\checkpoints\best.pt,ppo,7000,C:\Users\erich\Documents\AFRL\Algebraic-Connectivity-Optimization-CDC2026\lite_trials\lite_config.yaml,full,16,0.285714285714,4,45,45,0.2857142857142857,30,0.6510925313583291,10.417480501733266,0.02302620000045863,0.02302620000045863,0.02302620000045863,path,path,path,15,0.0,0.0,False,,,False,1,path,64,4,RL+Path,4
best,C:\Users\erich\Documents\AFRL\Algebraic-Connectivity-Optimization-CDC2026\lite_trials\sweep\balanced\checkpoints\best.pt,ppo,7000,C:\Users\erich\Documents\AFRL\Algebraic-Connectivity-Optimization-CDC2026\lite_trials\lite_config.yaml,full,16,0.361904761905,0,53,53,0.3619047619047619,38,0.24785904989820098,3.9657447983712157,0.03039600000010978,0.03039600000010978,0.03039600000010978,path,path,path,15,0.0,0.0,False,,,False,1,path,64,4,RL+Path,0
best,C:\Users\erich\Documents\AFRL\Algebraic-Connectivity-Optimization-CDC2026\lite_trials\sweep\balanced\checkpoints\best.pt,ppo,7000,C:\Users\erich\Documents\AFRL\Algebraic-Connectivity-Optimization-CDC2026\lite_trials\lite_config.yaml,full,16,0.361904761905,1,53,53,0.3619047619047619,38,0.24785904989820098,3.9657447983712157,0.0320769999998447,0.0320769999998447,0.0320769999998447,path,path,path,15,0.0,0.0,False,,,False,1,path,64,4,RL+Path,1
best,C:\Users\erich\Documents\AFRL\Algebraic-Connectivity-Optimization-CDC2026\lite_trials\sweep\balanced\checkpoints\best.pt,ppo,7000,C:\Users\erich\Documents\AFRL\Algebraic-Connectivity-Optimization-CDC2026\lite_trials\lite_config.yaml,full,16,0.361904761905,2,53,53,0.3619047619047619,38,0.24785904989820098,3.9657447983712157,0.03491829999984475,0.03491829999984475,0.03491829999984475,path,path,path,15,0.0,0.0,False,,,False,1,path,64,4,RL+Path,2
best,C:\Users\erich\Documents\AFRL\Algebraic-Connectivity-Optimization-CDC2026\lite_trials\sweep\balanced\checkpoints\best.pt,ppo,7000,C:\Users\erich\Documents\AFRL\Algebraic-Connectivity-Optimization-CDC2026\lite_trials\lite_config.yaml,full,16,0.361904761905,3,53,53,0.3619047619047619,38,0.24785904989820098,3.9657447983712157,0.0385403000000224,0.0385403000000224,0.0385403000000224,path,path,path,15,0.0,0.0,False,,,False,1,path,64,4,RL+Path,3
best,C:\Users\erich\Documents\AFRL\Algebraic-Connectivity-Optimization-CDC2026\lite_trials\sweep\balanced\checkpoints\best.pt,ppo,7000,C:\Users\erich\Documents\AFRL\Algebraic-Connectivity-Optimization-CDC2026\lite_trials\lite_config.yaml,full,16,0.361904761905,4,53,53,0.3619047619047619,38,0.24785904989820098,3.9657447983712157,0.036077700000532786,0.036077700000532786,0.036077700000532786,path,path,path,15,0.0,0.0,False,,,False,1,path,64,4,RL+Path,4
best,C:\Users\erich\Documents\AFRL\Algebraic-Connectivity-Optimization-CDC2026\lite_trials\sweep\balanced\checkpoints\best.pt,ppo,7000,C:\Users\erich\Documents\AFRL\Algebraic-Connectivity-Optimization-CDC2026\lite_trials\lite_config.yaml,full,16,0.428571428571,0,60,60,0.42857142857142855,45,0.4549505054179287,7.279208086686859,0.04800379999960569,0.04800379999960569,0.04800379999960569,path,path,path,15,0.0,0.0,False,,,False,1,path,64,4,RL+Path,0
best,C:\Users\erich\Documents\AFRL\Algebraic-Connectivity-Optimization-CDC2026\lite_trials\sweep\balanced\checkpoints\best.pt,ppo,7000,C:\Users\erich\Documents\AFRL\Algebraic-Connectivity-Optimization-CDC2026\lite_trials\lite_config.yaml,full,16,0.428571428571,1,60,60,0.42857142857142855,45,0.4549505054179287,7.279208086686859,0.048237500000141154,0.048237500000141154,0.048237500000141154,path,path,path,15,0.0,0.0,False,,,False,1,path,64,4,RL+Path,1
best,C:\Users\erich\Documents\AFRL\Algebraic-Connectivity-Optimization-CDC2026\lite_trials\sweep\balanced\checkpoints\best.pt,ppo,7000,C:\Users\erich\Documents\AFRL\Algebraic-Connectivity-Optimization-CDC2026\lite_trials\lite_config.yaml,full,16,0.428571428571,2,60,60,0.42857142857142855,45,0.4549505054179287,7.279208086686859,0.04561660000035772,0.04561660000035772,0.04561660000035772,path,path,path,15,0.0,0.0,False,,,False,1,path,64,4,RL+Path,2
best,C:\Users\erich\Documents\AFRL\Algebraic-Connectivity-Optimization-CDC2026\lite_trials\sweep\balanced\checkpoints\best.pt,ppo,7000,C:\Users\erich\Documents\AFRL\Algebraic-Connectivity-Optimization-CDC2026\lite_trials\lite_config.yaml,full,16,0.428571428571,3,60,60,0.42857142857142855,45,0.4549505054179287,7.279208086686859,0.04335899999932735,0.04335899999932735,0.04335899999932735,path,path,path,15,0.0,0.0,False,,,False,1,path,64,4,RL+Path,3
best,C:\Users\erich\Documents\AFRL\Algebraic-Connectivity-Optimization-CDC2026\lite_trials\sweep\balanced\checkpoints\best.pt,ppo,7000,C:\Users\erich\Documents\AFRL\Algebraic-Connectivity-Optimization-CDC2026\lite_trials\lite_config.yaml,full,16,0.428571428571,4,60,60,0.42857142857142855,45,0.4549505054179287,7.279208086686859,0.04621869999937189,0.04621869999937189,0.04621869999937189,path,path,path,15,0.0,0.0,False,,,False,1,path,64,4,RL+Path,4
best,C:\Users\erich\Documents\AFRL\Algebraic-Connectivity-Optimization-CDC2026\lite_trials\sweep\balanced\checkpoints\best.pt,ppo,7000,C:\Users\erich\Documents\AFRL\Algebraic-Connectivity-Optimization-CDC2026\lite_trials\lite_config.yaml,full,16,0.504761904762,0,68,68,0.5047619047619047,53,0.6738545602173641,10.781672963477826,0.05450529999961873,0.05450529999961873,0.05450529999961873,path,path,path,15,0.0,0.0,False,,,False,1,path,64,4,RL+Path,0
best,C:\Users\erich\Documents\AFRL\Algebraic-Connectivity-Optimization-CDC2026\lite_trials\sweep\balanced\checkpoints\best.pt,ppo,7000,C:\Users\erich\Documents\AFRL\Algebraic-Connectivity-Optimization-CDC2026\lite_trials\lite_config.yaml,full,16,0.504761904762,1,68,68,0.5047619047619047,53,0.6738545602173641,10.781672963477826,0.055839499999819964,0.055839499999819964,0.055839499999819964,path,path,path,15,0.0,0.0,False,,,False,1,path,64,4,RL+Path,1
best,C:\Users\erich\Documents\AFRL\Algebraic-Connectivity-Optimization-CDC2026\lite_trials\sweep\balanced\checkpoints\best.pt,ppo,7000,C:\Users\erich\Documents\AFRL\Algebraic-Connectivity-Optimization-CDC2026\lite_trials\lite_config.yaml,full,16,0.504761904762,2,68,68,0.5047619047619047,53,0.6738545602173641,10.781672963477826,0.05376299999988987,0.05376299999988987,0.05376299999988987,path,path,path,15,0.0,0.0,False,,,False,1,path,64,4,RL+Path,2
best,C:\Users\erich\Documents\AFRL\Algebraic-Connectivity-Optimization-CDC2026\lite_trials\sweep\balanced\checkpoints\best.pt,ppo,7000,C:\Users\erich\Documents\AFRL\Algebraic-Connectivity-Optimization-CDC2026\lite_trials\lite_config.yaml,full,16,0.504761904762,3,68,68,0.5047619047619047,53,0.6738545602173641,10.781672963477826,0.053499599999668135,0.053499599999668135,0.053499599999668135,path,path,path,15,0.0,0.0,False,,,False,1,path,64,4,RL+Path,3
best,C:\Users\erich\Documents\AFRL\Algebraic-Connectivity-Optimization-CDC2026\lite_trials\sweep\balanced\checkpoints\best.pt,ppo,7000,C:\Users\erich\Documents\AFRL\Algebraic-Connectivity-Optimization-CDC2026\lite_trials\lite_config.yaml,full,16,0.504761904762,4,68,68,0.5047619047619047,53,0.6738545602173641,10.781672963477826,0.05391529999997147,0.05391529999997147,0.05391529999997147,path,path,path,15,0.0,0.0,False,,,False,1,path,64,4,RL+Path,4
best,C:\Users\erich\Documents\AFRL\Algebraic-Connectivity-Optimization-CDC2026\lite_trials\sweep\balanced\checkpoints\best.pt,ppo,7000,C:\Users\erich\Documents\AFRL\Algebraic-Connectivity-Optimization-CDC2026\lite_trials\lite_config.yaml,full,16,0.571428571429,0,75,75,0.5714285714285714,60,0.8107283335215383,12.971653336344612,0.06624380000084784,0.06624380000084784,0.06624380000084784,path,path,path,15,0.0,0.0,False,,,False,1,path,64,4,RL+Path,0
best,C:\Users\erich\Documents\AFRL\Algebraic-Connectivity-Optimization-CDC2026\lite_trials\sweep\balanced\checkpoints\best.pt,ppo,7000,C:\Users\erich\Documents\AFRL\Algebraic-Connectivity-Optimization-CDC2026\lite_trials\lite_config.yaml,full,16,0.571428571429,1,75,75,0.5714285714285714,60,0.8107283335215383,12.971653336344612,0.05547720000049594,0.05547720000049594,0.05547720000049594,path,path,path,15,0.0,0.0,False,,,False,1,path,64,4,RL+Path,1
best,C:\Users\erich\Documents\AFRL\Algebraic-Connectivity-Optimization-CDC2026\lite_trials\sweep\balanced\checkpoints\best.pt,ppo,7000,C:\Users\erich\Documents\AFRL\Algebraic-Connectivity-Optimization-CDC2026\lite_trials\lite_config.yaml,full,16,0.571428571429,2,75,75,0.5714285714285714,60,0.8107283335215383,12.971653336344612,0.05516749999969761,0.05516749999969761,0.05516749999969761,path,path,path,15,0.0,0.0,False,,,False,1,path,64,4,RL+Path,2
best,C:\Users\erich\Documents\AFRL\Algebraic-Connectivity-Optimization-CDC2026\lite_trials\sweep\balanced\checkpoints\best.pt,ppo,7000,C:\Users\erich\Documents\AFRL\Algebraic-Connectivity-Optimization-CDC2026\lite_trials\lite_config.yaml,full,16,0.571428571429,3,75,75,0.5714285714285714,60,0.8107283335215383,12.971653336344612,0.056474600000001374,0.056474600000001374,0.056474600000001374,path,path,path,15,0.0,0.0,False,,,False,1,path,64,4,RL+Path,3
best,C:\Users\erich\Documents\AFRL\Algebraic-Connectivity-Optimization-CDC2026\lite_trials\sweep\balanced\checkpoints\best.pt,ppo,7000,C:\Users\erich\Documents\AFRL\Algebraic-Connectivity-Optimization-CDC2026\lite_trials\lite_config.yaml,full,16,0.571428571429,4,75,75,0.5714285714285714,60,0.8107283335215383,12.971653336344612,0.054988800000501215,0.054988800000501215,0.054988800000501215,path,path,path,15,0.0,0.0,False,,,False,1,path,64,4,RL+Path,4
best,C:\Users\erich\Documents\AFRL\Algebraic-Connectivity-Optimization-CDC2026\lite_trials\sweep\balanced\checkpoints\best.pt,ppo,7000,C:\Users\erich\Documents\AFRL\Algebraic-Connectivity-Optimization-CDC2026\lite_trials\lite_config.yaml,full,16,0.638095238095,0,82,82,0.638095238095238,67,0.3835833068285998,6.137332909257597,0.07001059999947756,0.07001059999947756,0.07001059999947756,path,path,path,15,0.0,0.0,False,,,False,1,path,64,4,RL+Path,0
best,C:\Users\erich\Documents\AFRL\Algebraic-Connectivity-Optimization-CDC2026\lite_trials\sweep\balanced\checkpoints\best.pt,ppo,7000,C:\Users\erich\Documents\AFRL\Algebraic-Connectivity-Optimization-CDC2026\lite_trials\lite_config.yaml,full,16,0.638095238095,1,82,82,0.638095238095238,67,0.3835833068285998,6.137332909257597,0.062400800000432355,0.062400800000432355,0.062400800000432355,path,path,path,15,0.0,0.0,False,,,False,1,path,64,4,RL+Path,1
best,C:\Users\erich\Documents\AFRL\Algebraic-Connectivity-Optimization-CDC2026\lite_trials\sweep\balanced\checkpoints\best.pt,ppo,7000,C:\Users\erich\Documents\AFRL\Algebraic-Connectivity-Optimization-CDC2026\lite_trials\lite_config.yaml,full,16,0.638095238095,2,82,82,0.638095238095238,67,0.3835833068285998,6.137332909257597,0.06732699999975011,0.06732699999975011,0.06732699999975011,path,path,path,15,0.0,0.0,False,,,False,1,path,64,4,RL+Path,2
best,C:\Users\erich\Documents\AFRL\Algebraic-Connectivity-Optimization-CDC2026\lite_trials\sweep\balanced\checkpoints\best.pt,ppo,7000,C:\Users\erich\Documents\AFRL\Algebraic-Connectivity-Optimization-CDC2026\lite_trials\lite_config.yaml,full,16,0.638095238095,3,82,82,0.638095238095238,67,0.3835833068285998,6.137332909257597,0.06971330000033049,0.06971330000033049,0.06971330000033049,path,path,path,15,0.0,0.0,False,,,False,1,path,64,4,RL+Path,3
best,C:\Users\erich\Documents\AFRL\Algebraic-Connectivity-Optimization-CDC2026\lite_trials\sweep\balanced\checkpoints\best.pt,ppo,7000,C:\Users\erich\Documents\AFRL\Algebraic-Connectivity-Optimization-CDC2026\lite_trials\lite_config.yaml,full,16,0.638095238095,4,82,82,0.638095238095238,67,0.3835833068285998,6.137332909257597,0.06990810000024794,0.06990810000024794,0.06990810000024794,path,path,path,15,0.0,0.0,False,,,False,1,path,64,4,RL+Path,4
best,C:\Users\erich\Documents\AFRL\Algebraic-Connectivity-Optimization-CDC2026\lite_trials\sweep\balanced\checkpoints\best.pt,ppo,7000,C:\Users\erich\Documents\AFRL\Algebraic-Connectivity-Optimization-CDC2026\lite_trials\lite_config.yaml,full,16,0.714285714286,0,90,90,0.7142857142857143,75,0.9006962242955895,14.411139588729432,0.08002159999978176,0.08002159999978176,0.08002159999978176,path,path,path,15,0.0,0.0,False,,,False,1,path,64,4,RL+Path,0
best,C:\Users\erich\Documents\AFRL\Algebraic-Connectivity-Optimization-CDC2026\lite_trials\sweep\balanced\checkpoints\best.pt,ppo,7000,C:\Users\erich\Documents\AFRL\Algebraic-Connectivity-Optimization-CDC2026\lite_trials\lite_config.yaml,full,16,0.714285714286,1,90,90,0.7142857142857143,75,0.9006962242955895,14.411139588729432,0.07291540000005625,0.07291540000005625,0.07291540000005625,path,path,path,15,0.0,0.0,False,,,False,1,path,64,4,RL+Path,1
best,C:\Users\erich\Documents\AFRL\Algebraic-Connectivity-Optimization-CDC2026\lite_trials\sweep\balanced\checkpoints\best.pt,ppo,7000,C:\Users\erich\Documents\AFRL\Algebraic-Connectivity-Optimization-CDC2026\lite_trials\lite_config.yaml,full,16,0.714285714286,2,90,90,0.7142857142857143,75,0.9006962242955895,14.411139588729432,0.07639150000068184,0.07639150000068184,0.07639150000068184,path,path,path,15,0.0,0.0,False,,,False,1,path,64,4,RL+Path,2
best,C:\Users\erich\Documents\AFRL\Algebraic-Connectivity-Optimization-CDC2026\lite_trials\sweep\balanced\checkpoints\best.pt,ppo,7000,C:\Users\erich\Documents\AFRL\Algebraic-Connectivity-Optimization-CDC2026\lite_trials\lite_config.yaml,full,16,0.714285714286,3,90,90,0.7142857142857143,75,0.9006962242955895,14.411139588729432,0.07279039999957604,0.07279039999957604,0.07279039999957604,path,path,path,15,0.0,0.0,False,,,False,1,path,64,4,RL+Path,3
best,C:\Users\erich\Documents\AFRL\Algebraic-Connectivity-Optimization-CDC2026\lite_trials\sweep\balanced\checkpoints\best.pt,ppo,7000,C:\Users\erich\Documents\AFRL\Algebraic-Connectivity-Optimization-CDC2026\lite_trials\lite_config.yaml,full,16,0.714285714286,4,90,90,0.7142857142857143,75,0.9006962242955895,14.411139588729432,0.07942089999960444,0.07942089999960444,0.07942089999960444,path,path,path,15,0.0,0.0,False,,,False,1,path,64,4,RL+Path,4
best,C:\Users\erich\Documents\AFRL\Algebraic-Connectivity-Optimization-CDC2026\lite_trials\sweep\balanced\checkpoints\best.pt,ppo,7000,C:\Users\erich\Documents\AFRL\Algebraic-Connectivity-Optimization-CDC2026\lite_trials\lite_config.yaml,full,16,0.780952380952,0,97,97,0.780952380952381,82,0.9825616988577479,15.720987181723967,0.08172009999998409,0.08172009999998409,0.08172009999998409,path,path,path,15,0.0,0.0,False,,,False,1,path,64,4,RL+Path,0
best,C:\Users\erich\Documents\AFRL\Algebraic-Connectivity-Optimization-CDC2026\lite_trials\sweep\balanced\checkpoints\best.pt,ppo,7000,C:\Users\erich\Documents\AFRL\Algebraic-Connectivity-Optimization-CDC2026\lite_trials\lite_config.yaml,full,16,0.780952380952,1,97,97,0.780952380952381,82,0.9825616988577479,15.720987181723967,0.07605569999941508,0.07605569999941508,0.07605569999941508,path,path,path,15,0.0,0.0,False,,,False,1,path,64,4,RL+Path,1
best,C:\Users\erich\Documents\AFRL\Algebraic-Connectivity-Optimization-CDC2026\lite_trials\sweep\balanced\checkpoints\best.pt,ppo,7000,C:\Users\erich\Documents\AFRL\Algebraic-Connectivity-Optimization-CDC2026\lite_trials\lite_config.yaml,full,16,0.780952380952,2,97,97,0.780952380952381,82,0.9825616988577479,15.720987181723967,0.07478589999936958,0.07478589999936958,0.07478589999936958,path,path,path,15,0.0,0.0,False,,,False,1,path,64,4,RL+Path,2
best,C:\Users\erich\Documents\AFRL\Algebraic-Connectivity-Optimization-CDC2026\lite_trials\sweep\balanced\checkpoints\best.pt,ppo,7000,C:\Users\erich\Documents\AFRL\Algebraic-Connectivity-Optimization-CDC2026\lite_trials\lite_config.yaml,full,16,0.780952380952,3,97,97,0.780952380952381,82,0.9825616988577479,15.720987181723967,0.08772349999981088,0.08772349999981088,0.08772349999981088,path,path,path,15,0.0,0.0,False,,,False,1,path,64,4,RL+Path,3
best,C:\Users\erich\Documents\AFRL\Algebraic-Connectivity-Optimization-CDC2026\lite_trials\sweep\balanced\checkpoints\best.pt,ppo,7000,C:\Users\erich\Documents\AFRL\Algebraic-Connectivity-Optimization-CDC2026\lite_trials\lite_config.yaml,full,16,0.780952380952,4,97,97,0.780952380952381,82,0.9825616988577479,15.720987181723967,0.08144970000012108,0.08144970000012108,0.08144970000012108,path,path,path,15,0.0,0.0,False,,,False,1,path,64,4,RL+Path,4
best,C:\Users\erich\Documents\AFRL\Algebraic-Connectivity-Optimization-CDC2026\lite_trials\sweep\balanced\checkpoints\best.pt,ppo,7000,C:\Users\erich\Documents\AFRL\Algebraic-Connectivity-Optimization-CDC2026\lite_trials\lite_config.yaml,full,16,0.847619047619,0,104,104,0.8476190476190476,89,0.9979487015187255,15.967179224299608,0.09294640000007348,0.09294640000007348,0.09294640000007348,path,path,path,15,0.0,0.0,False,,,False,1,path,64,4,RL+Path,0
best,C:\Users\erich\Documents\AFRL\Algebraic-Connectivity-Optimization-CDC2026\lite_trials\sweep\balanced\checkpoints\best.pt,ppo,7000,C:\Users\erich\Documents\AFRL\Algebraic-Connectivity-Optimization-CDC2026\lite_trials\lite_config.yaml,full,16,0.847619047619,1,104,104,0.8476190476190476,89,0.9979487015187255,15.967179224299608,0.09418000000005122,0.09418000000005122,0.09418000000005122,path,path,path,15,0.0,0.0,False,,,False,1,path,64,4,RL+Path,1
best,C:\Users\erich\Documents\AFRL\Algebraic-Connectivity-Optimization-CDC2026\lite_trials\sweep\balanced\checkpoints\best.pt,ppo,7000,C:\Users\erich\Documents\AFRL\Algebraic-Connectivity-Optimization-CDC2026\lite_trials\lite_config.yaml,full,16,0.847619047619,2,104,104,0.8476190476190476,89,0.9979487015187255,15.967179224299608,0.08812709999983781,0.08812709999983781,0.08812709999983781,path,path,path,15,0.0,0.0,False,,,False,1,path,64,4,RL+Path,2
best,C:\Users\erich\Documents\AFRL\Algebraic-Connectivity-Optimization-CDC2026\lite_trials\sweep\balanced\checkpoints\best.pt,ppo,7000,C:\Users\erich\Documents\AFRL\Algebraic-Connectivity-Optimization-CDC2026\lite_trials\lite_config.yaml,full,16,0.847619047619,3,104,104,0.8476190476190476,89,0.9979487015187255,15.967179224299608,0.09362429999964661,0.09362429999964661,0.09362429999964661,path,path,path,15,0.0,0.0,False,,,False,1,path,64,4,RL+Path,3
best,C:\Users\erich\Documents\AFRL\Algebraic-Connectivity-Optimization-CDC2026\lite_trials\sweep\balanced\checkpoints\best.pt,ppo,7000,C:\Users\erich\Documents\AFRL\Algebraic-Connectivity-Optimization-CDC2026\lite_trials\lite_config.yaml,full,16,0.847619047619,4,104,104,0.8476190476190476,89,0.9979487015187255,15.967179224299608,0.08966069999951287,0.08966069999951287,0.08966069999951287,path,path,path,15,0.0,0.0,False,,,False,1,path,64,4,RL+Path,4
best,C:\Users\erich\Documents\AFRL\Algebraic-Connectivity-Optimization-CDC2026\lite_trials\sweep\balanced\checkpoints\best.pt,ppo,7000,C:\Users\erich\Documents\AFRL\Algebraic-Connectivity-Optimization-CDC2026\lite_trials\lite_config.yaml,full,16,0.92380952381,0,112,112,0.9238095238095239,97,0.8153201798566375,13.0451228777062,0.1038434000001871,0.1038434000001871,0.1038434000001871,path,path,path,15,0.0,0.0,False,,,False,1,path,64,4,RL+Path,0
best,C:\Users\erich\Documents\AFRL\Algebraic-Connectivity-Optimization-CDC2026\lite_trials\sweep\balanced\checkpoints\best.pt,ppo,7000,C:\Users\erich\Documents\AFRL\Algebraic-Connectivity-Optimization-CDC2026\lite_trials\lite_config.yaml,full,16,0.92380952381,1,112,112,0.9238095238095239,97,0.8153201798566375,13.0451228777062,0.1048094999996465,0.1048094999996465,0.1048094999996465,path,path,path,15,0.0,0.0,False,,,False,1,path,64,4,RL+Path,1
best,C:\Users\erich\Documents\AFRL\Algebraic-Connectivity-Optimization-CDC2026\lite_trials\sweep\balanced\checkpoints\best.pt,ppo,7000,C:\Users\erich\Documents\AFRL\Algebraic-Connectivity-Optimization-CDC2026\lite_trials\lite_config.yaml,full,16,0.92380952381,2,112,112,0.9238095238095239,97,0.8153201798566375,13.0451228777062,0.11286719999952766,0.11286719999952766,0.11286719999952766,path,path,path,15,0.0,0.0,False,,,False,1,path,64,4,RL+Path,2
best,C:\Users\erich\Documents\AFRL\Algebraic-Connectivity-Optimization-CDC2026\lite_trials\sweep\balanced\checkpoints\best.pt,ppo,7000,C:\Users\erich\Documents\AFRL\Algebraic-Connectivity-Optimization-CDC2026\lite_trials\lite_config.yaml,full,16,0.92380952381,3,112,112,0.9238095238095239,97,0.8153201798566375,13.0451228777062,0.10851739999998244,0.10851739999998244,0.10851739999998244,path,path,path,15,0.0,0.0,False,,,False,1,path,64,4,RL+Path,3
best,C:\Users\erich\Documents\AFRL\Algebraic-Connectivity-Optimization-CDC2026\lite_trials\sweep\balanced\checkpoints\best.pt,ppo,7000,C:\Users\erich\Documents\AFRL\Algebraic-Connectivity-Optimization-CDC2026\lite_trials\lite_config.yaml,full,16,0.92380952381,4,112,112,0.9238095238095239,97,0.8153201798566375,13.0451228777062,0.10702750000018568,0.10702750000018568,0.10702750000018568,path,path,path,15,0.0,0.0,False,,,False,1,path,64,4,RL+Path,4
best,C:\Users\erich\Documents\AFRL\Algebraic-Connectivity-Optimization-CDC2026\lite_trials\sweep\balanced\checkpoints\best.pt,ppo,7000,C:\Users\erich\Documents\AFRL\Algebraic-Connectivity-Optimization-CDC2026\lite_trials\lite_config.yaml,full,16,0.990476190476,0,119,119,0.9904761904761905,104,1.0,16.0,0.1189553000003798,0.1189553000003798,0.1189553000003798,path,path,path,15,0.0,0.0,False,,,False,1,path,64,4,RL+Path,0
best,C:\Users\erich\Documents\AFRL\Algebraic-Connectivity-Optimization-CDC2026\lite_trials\sweep\balanced\checkpoints\best.pt,ppo,7000,C:\Users\erich\Documents\AFRL\Algebraic-Connectivity-Optimization-CDC2026\lite_trials\lite_config.yaml,full,16,0.990476190476,1,119,119,0.9904761904761905,104,1.0,16.0,0.10780049999993935,0.10780049999993935,0.10780049999993935,path,path,path,15,0.0,0.0,False,,,False,1,path,64,4,RL+Path,1
best,C:\Users\erich\Documents\AFRL\Algebraic-Connectivity-Optimization-CDC2026\lite_trials\sweep\balanced\checkpoints\best.pt,ppo,7000,C:\Users\erich\Documents\AFRL\Algebraic-Connectivity-Optimization-CDC2026\lite_trials\lite_config.yaml,full,16,0.990476190476,2,119,119,0.9904761904761905,104,1.0,16.0,0.10918060000039986,0.10918060000039986,0.10918060000039986,path,path,path,15,0.0,0.0,False,,,False,1,path,64,4,RL+Path,2
best,C:\Users\erich\Documents\AFRL\Algebraic-Connectivity-Optimization-CDC2026\lite_trials\sweep\balanced\checkpoints\best.pt,ppo,7000,C:\Users\erich\Documents\AFRL\Algebraic-Connectivity-Optimization-CDC2026\lite_trials\lite_config.yaml,full,16,0.990476190476,3,119,119,0.9904761904761905,104,1.0,16.0,0.10542609999993147,0.10542609999993147,0.10542609999993147,path,path,path,15,0.0,0.0,False,,,False,1,path,64,4,RL+Path,3
best,C:\Users\erich\Documents\AFRL\Algebraic-Connectivity-Optimization-CDC2026\lite_trials\sweep\balanced\checkpoints\best.pt,ppo,7000,C:\Users\erich\Documents\AFRL\Algebraic-Connectivity-Optimization-CDC2026\lite_trials\lite_config.yaml,full,16,0.990476190476,4,119,119,0.9904761904761905,104,1.0,16.0,0.11410820000037347,0.11410820000037347,0.11410820000037347,path,path,path,15,0.0,0.0,False,,,False,1,path,64,4,RL+Path,4
best,C:\Users\erich\Documents\AFRL\Algebraic-Connectivity-Optimization-CDC2026\lite_trials\sweep\balanced\checkpoints\best.pt,ppo,7000,C:\Users\erich\Documents\AFRL\Algebraic-Connectivity-Optimization-CDC2026\lite_trials\lite_config.yaml,full,16,0.009523809524,0,16,16,0.009523809523809525,1,0.06249999999999991,0.9999999999999986,0.0031589999998686835,0.0031589999998686835,0.003624599999966449,backbone,envelope_only,envelope,15,1.0,0.0004656000000977656,False,,,False,1,envelope,64,4,RL+Backbone,0
best,C:\Users\erich\Documents\AFRL\Algebraic-Connectivity-Optimization-CDC2026\lite_trials\sweep\balanced\checkpoints\best.pt,ppo,7000,C:\Users\erich\Documents\AFRL\Algebraic-Connectivity-Optimization-CDC2026\lite_trials\lite_config.yaml,full,16,0.009523809524,1,16,16,0.009523809523809525,1,0.06249999999999991,0.9999999999999986,0.0010492999999769381,0.0010492999999769381,0.0011644000005617272,backbone,envelope_only,envelope,15,1.0,0.00011510000058478909,False,,,False,1,envelope,64,4,RL+Backbone,1
best,C:\Users\erich\Documents\AFRL\Algebraic-Connectivity-Optimization-CDC2026\lite_trials\sweep\balanced\checkpoints\best.pt,ppo,7000,C:\Users\erich\Documents\AFRL\Algebraic-Connectivity-Optimization-CDC2026\lite_trials\lite_config.yaml,full,16,0.009523809524,2,16,16,0.009523809523809525,1,0.06249999999999991,0.9999999999999986,0.0009174000006169081,0.0009174000006169081,0.001010599999972328,backbone,envelope_only,envelope,15,1.0,9.319999935542e-05,False,,,False,1,envelope,64,4,RL+Backbone,2
best,C:\Users\erich\Documents\AFRL\Algebraic-Connectivity-Optimization-CDC2026\lite_trials\sweep\balanced\checkpoints\best.pt,ppo,7000,C:\Users\erich\Documents\AFRL\Algebraic-Connectivity-Optimization-CDC2026\lite_trials\lite_config.yaml,full,16,0.009523809524,3,16,16,0.009523809523809525,1,0.06249999999999991,0.9999999999999986,0.0009001999997053645,0.0009001999997053645,0.0009946000000127242,backbone,envelope_only,envelope,15,1.0,9.440000030735973e-05,False,,,False,1,envelope,64,4,RL+Backbone,3
best,C:\Users\erich\Documents\AFRL\Algebraic-Connectivity-Optimization-CDC2026\lite_trials\sweep\balanced\checkpoints\best.pt,ppo,7000,C:\Users\erich\Documents\AFRL\Algebraic-Connectivity-Optimization-CDC2026\lite_trials\lite_config.yaml,full,16,0.009523809524,4,16,16,0.009523809523809525,1,0.06249999999999991,0.9999999999999986,0.0009439999994356185,0.0009439999994356185,0.0010302999999112217,backbone,envelope_only,envelope,15,1.0,8.630000047560316e-05,False,,,False,1,envelope,64,4,RL+Backbone,4
best,C:\Users\erich\Documents\AFRL\Algebraic-Connectivity-Optimization-CDC2026\lite_trials\sweep\balanced\checkpoints\best.pt,ppo,7000,C:\Users\erich\Documents\AFRL\Algebraic-Connectivity-Optimization-CDC2026\lite_trials\lite_config.yaml,full,16,0.07619047619,0,23,23,0.0761904761904762,8,0.23653664818863518,3.784586371018163,0.006948999999622174,0.006948999999622174,0.007021899999926973,backbone,both,envelope,15,1.0,7.29000003047986e-05,False,,"cayley:No feasible backbone candidate for (n=16, m=23, rho=0.076190, seed=0); errors=['cayley:no_candidate']",True,1,envelope,64,4,RL+Backbone,0
best,C:\Users\erich\Documents\AFRL\Algebraic-Connectivity-Optimization-CDC2026\lite_trials\sweep\balanced\checkpoints\best.pt,ppo,7000,C:\Users\erich\Documents\AFRL\Algebraic-Connectivity-Optimization-CDC2026\lite_trials\lite_config.yaml,full,16,0.07619047619,1,23,23,0.0761904761904762,8,0.23653664818863518,3.784586371018163,0.006776500000341912,0.006776500000341912,0.006908000000294123,backbone,both,envelope,15,1.0,0.0001314999999522115,False,,"cayley:No feasible backbone candidate for (n=16, m=23, rho=0.076190, seed=1); errors=['cayley:no_candidate']",True,1,envelope,64,4,RL+Backbone,1
best,C:\Users\erich\Documents\AFRL\Algebraic-Connectivity-Optimization-CDC2026\lite_trials\sweep\balanced\checkpoints\best.pt,ppo,7000,C:\Users\erich\Documents\AFRL\Algebraic-Connectivity-Optimization-CDC2026\lite_trials\lite_config.yaml,full,16,0.07619047619,2,23,23,0.0761904761904762,8,0.23653664818863518,3.784586371018163,0.0064922999999907915,0.0064922999999907915,0.006588499999452324,backbone,both,envelope,15,1.0,9.619999946153257e-05,False,,"cayley:No feasible backbone candidate for (n=16, m=23, rho=0.076190, seed=2); errors=['cayley:no_candidate']",True,1,envelope,64,4,RL+Backbone,2
best,C:\Users\erich\Documents\AFRL\Algebraic-Connectivity-Optimization-CDC2026\lite_trials\sweep\balanced\checkpoints\best.pt,ppo,7000,C:\Users\erich\Documents\AFRL\Algebraic-Connectivity-Optimization-CDC2026\lite_trials\lite_config.yaml,full,16,0.07619047619,3,23,23,0.0761904761904762,8,0.23653664818863518,3.784586371018163,0.006192300000293471,0.006192300000293471,0.006277700000282493,backbone,both,envelope,15,1.0,8.539999998902204e-05,False,,"cayley:No feasible backbone candidate for (n=16, m=23, rho=0.076190, seed=3); errors=['cayley:no_candidate']",True,1,envelope,64,4,RL+Backbone,3
best,C:\Users\erich\Documents\AFRL\Algebraic-Connectivity-Optimization-CDC2026\lite_trials\sweep\balanced\checkpoints\best.pt,ppo,7000,C:\Users\erich\Documents\AFRL\Algebraic-Connectivity-Optimization-CDC2026\lite_trials\lite_config.yaml,full,16,0.07619047619,4,23,23,0.0761904761904762,8,0.23653664818863518,3.784586371018163,0.006188499999552732,0.006188499999552732,0.0062718999997741776,backbone,both,envelope,15,1.0,8.340000022144523e-05,False,,"cayley:No feasible backbone candidate for (n=16, m=23, rho=0.076190, seed=4); errors=['cayley:no_candidate']",True,1,envelope,64,4,RL+Backbone,4
best,C:\Users\erich\Documents\AFRL\Algebraic-Connectivity-Optimization-CDC2026\lite_trials\sweep\balanced\checkpoints\best.pt,ppo,7000,C:\Users\erich\Documents\AFRL\Algebraic-Connectivity-Optimization-CDC2026\lite_trials\lite_config.yaml,full,16,0.152380952381,0,31,31,0.1523809523809524,7,0.21245984625355877,3.3993575400569402,0.005899499999941327,0.005899499999941327,0.008086800000455696,backbone,cayley_only,cayley,24,0.7639320225002113,0.0021873000005143695,False,2,,False,1,cayley,64,4,RL+Backbone,0
best,C:\Users\erich\Documents\AFRL\Algebraic-Connectivity-Optimization-CDC2026\lite_trials\sweep\balanced\checkpoints\best.pt,ppo,7000,C:\Users\erich\Documents\AFRL\Algebraic-Connectivity-Optimization-CDC2026\lite_trials\lite_config.yaml,full,16,0.152380952381,1,31,31,0.1523809523809524,7,0.21245984625355877,3.3993575400569402,0.006153799999992771,0.006153799999992771,0.008608799999819894,backbone,cayley_only,cayley,24,0.7639320225002113,0.0024549999998271232,False,2,,False,1,cayley,64,4,RL+Backbone,1
best,C:\Users\erich\Documents\AFRL\Algebraic-Connectivity-Optimization-CDC2026\lite_trials\sweep\balanced\checkpoints\best.pt,ppo,7000,C:\Users\erich\Documents\AFRL\Algebraic-Connectivity-Optimization-CDC2026\lite_trials\lite_config.yaml,full,16,0.152380952381,2,31,31,0.1523809523809524,7,0.21245984625355877,3.3993575400569402,0.006181300000207557,0.006181300000207557,0.008129099999678147,backbone,cayley_only,cayley,24,0.7639320225002113,0.0019477999994705897,False,2,,False,1,cayley,64,4,RL+Backbone,2
best,C:\Users\erich\Documents\AFRL\Algebraic-Connectivity-Optimization-CDC2026\lite_trials\sweep\balanced\checkpoints\best.pt,ppo,7000,C:\Users\erich\Documents\AFRL\Algebraic-Connectivity-Optimization-CDC2026\lite_trials\lite_config.yaml,full,16,0.152380952381,3,31,31,0.1523809523809524,7,0.21245984625355877,3.3993575400569402,0.0061489999998229905,0.0061489999998229905,0.008236100000431179,backbone,cayley_only,cayley,24,0.7639320225002113,0.0020871000006081886,False,2,,False,1,cayley,64,4,RL+Backbone,3
best,C:\Users\erich\Documents\AFRL\Algebraic-Connectivity-Optimization-CDC2026\lite_trials\sweep\balanced\checkpoints\best.pt,ppo,7000,C:\Users\erich\Documents\AFRL\Algebraic-Connectivity-Optimization-CDC2026\lite_trials\lite_config.yaml,full,16,0.152380952381,4,31,31,0.1523809523809524,7,0.21245984625355877,3.3993575400569402,0.005703599999833386,0.005703599999833386,0.007880000000113796,backbone,cayley_only,cayley,24,0.7639320225002113,0.0021764000002804096,False,2,,False,1,cayley,64,4,RL+Backbone,4
best,C:\Users\erich\Documents\AFRL\Algebraic-Connectivity-Optimization-CDC2026\lite_trials\sweep\balanced\checkpoints\best.pt,ppo,7000,C:\Users\erich\Documents\AFRL\Algebraic-Connectivity-Optimization-CDC2026\lite_trials\lite_config.yaml,full,16,0.219047619048,0,38,38,0.21904761904761905,6,0.2751368557141845,4.402189691426952,0.004909599999336933,0.004909599999336933,0.006972199998926953,backbone,cayley_only,cayley,32,1.9999999999999991,0.00206259999959002,False,2,,False,1,cayley,64,4,RL+Backbone,0
best,C:\Users\erich\Documents\AFRL\Algebraic-Connectivity-Optimization-CDC2026\lite_trials\sweep\balanced\checkpoints\best.pt,ppo,7000,C:\Users\erich\Documents\AFRL\Algebraic-Connectivity-Optimization-CDC2026\lite_trials\lite_config.yaml,full,16,0.219047619048,1,38,38,0.21904761904761905,6,0.2751368557141845,4.402189691426952,0.004652299999179377,0.004652299999179377,0.006648899999163405,backbone,cayley_only,cayley,32,1.9999999999999991,0.001996599999984028,False,2,,False,1,cayley,64,4,RL+Backbone,1
best,C:\Users\erich\Documents\AFRL\Algebraic-Connectivity-Optimization-CDC2026\lite_trials\sweep\balanced\checkpoints\best.pt,ppo,7000,C:\Users\erich\Documents\AFRL\Algebraic-Connectivity-Optimization-CDC2026\lite_trials\lite_config.yaml,full,16,0.219047619048,2,38,38,0.21904761904761905,6,0.2751368557141845,4.402189691426952,0.0048555000003034365,0.0048555000003034365,0.006869900000310736,backbone,cayley_only,cayley,32,1.9999999999999991,0.0020144000000072992,False,2,,False,1,cayley,64,4,RL+Backbone,2
best,C:\Users\erich\Documents\AFRL\Algebraic-Connectivity-Optimization-CDC2026\lite_trials\sweep\balanced\checkpoints\best.pt,ppo,7000,C:\Users\erich\Documents\AFRL\Algebraic-Connectivity-Optimization-CDC2026\lite_trials\lite_config.yaml,full,16,0.219047619048,3,38,38,0.21904761904761905,6,0.2751368557141845,4.402189691426952,0.0048172999995586,0.0048172999995586,0.006810199999563338,backbone,cayley_only,cayley,32,1.9999999999999991,0.001992900000004738,False,2,,False,1,cayley,64,4,RL+Backbone,3
best,C:\Users\erich\Documents\AFRL\Algebraic-Connectivity-Optimization-CDC2026\lite_trials\sweep\balanced\checkpoints\best.pt,ppo,7000,C:\Users\erich\Documents\AFRL\Algebraic-Connectivity-Optimization-CDC2026\lite_trials\lite_config.yaml,full,16,0.219047619048,4,38,38,0.21904761904761905,6,0.2751368557141845,4.402189691426952,0.004692000000432017,0.004692000000432017,0.006669700000202283,backbone,cayley_only,cayley,32,1.9999999999999991,0.001977699999770266,False,2,,False,1,cayley,64,4,RL+Backbone,4
best,C:\Users\erich\Documents\AFRL\Algebraic-Connectivity-Optimization-CDC2026\lite_trials\sweep\balanced\checkpoints\best.pt,ppo,7000,C:\Users\erich\Documents\AFRL\Algebraic-Connectivity-Optimization-CDC2026\lite_trials\lite_config.yaml,full,16,0.285714285714,0,45,45,0.2857142857142857,5,0.24642004108335322,3.9427206573336515,0.0044679000002361136,0.0044679000002361136,0.006570500000634638,backbone,cayley_only,cayley,40,2.7639320225002098,0.0021026000003985246,False,2,,False,1,cayley,64,4,RL+Backbone,0
best,C:\Users\erich\Documents\AFRL\Algebraic-Connectivity-Optimization-CDC2026\lite_trials\sweep\balanced\checkpoints\best.pt,ppo,7000,C:\Users\erich\Documents\AFRL\Algebraic-Connectivity-Optimization-CDC2026\lite_trials\lite_config.yaml,full,16,0.285714285714,1,45,45,0.2857142857142857,5,0.24642004108335322,3.9427206573336515,0.004019299999526993,0.004019299999526993,0.0060722999996869476,backbone,cayley_only,cayley,40,2.7639320225002098,0.0020530000001599547,False,2,,False,1,cayley,64,4,RL+Backbone,1
best,C:\Users\erich\Documents\AFRL\Algebraic-Connectivity-Optimization-CDC2026\lite_trials\sweep\balanced\checkpoints\best.pt,ppo,7000,C:\Users\erich\Documents\AFRL\Algebraic-Connectivity-Optimization-CDC2026\lite_trials\lite_config.yaml,full,16,0.285714285714,2,45,45,0.2857142857142857,5,0.24642004108335322,3.9427206573336515,0.005090700000437209,0.005090700000437209,0.00783529999989696,backbone,cayley_only,cayley,40,2.7639320225002098,0.0027445999994597514,False,2,,False,1,cayley,64,4,RL+Backbone,2
best,C:\Users\erich\Documents\AFRL\Algebraic-Connectivity-Optimization-CDC2026\lite_trials\sweep\balanced\checkpoints\best.pt,ppo,7000,C:\Users\erich\Documents\AFRL\Algebraic-Connectivity-Optimization-CDC2026\lite_trials\lite_config.yaml,full,16,0.285714285714,3,45,45,0.2857142857142857,5,0.24642004108335322,3.9427206573336515,0.004564099999697646,0.004564099999697646,0.0068811000001005596,backbone,cayley_only,cayley,40,2.7639320225002098,0.0023170000004029134,False,2,,False,1,cayley,64,4,RL+Backbone,3
best,C:\Users\erich\Documents\AFRL\Algebraic-Connectivity-Optimization-CDC2026\lite_trials\sweep\balanced\checkpoints\best.pt,ppo,7000,C:\Users\erich\Documents\AFRL\Algebraic-Connectivity-Optimization-CDC2026\lite_trials\lite_config.yaml,full,16,0.285714285714,4,45,45,0.2857142857142857,5,0.24642004108335322,3.9427206573336515,0.0043735999997807085,0.0043735999997807085,0.0069384999997055274,backbone,cayley_only,cayley,40,2.7639320225002098,0.002564899999924819,False,2,,False,1,cayley,64,4,RL+Backbone,4
best,C:\Users\erich\Documents\AFRL\Algebraic-Connectivity-Optimization-CDC2026\lite_trials\sweep\balanced\checkpoints\best.pt,ppo,7000,C:\Users\erich\Documents\AFRL\Algebraic-Connectivity-Optimization-CDC2026\lite_trials\lite_config.yaml,full,16,0.361904761905,0,53,53,0.3619047619047619,5,0.32812499999999994,5.249999999999999,0.004509300000790972,0.004509300000790972,0.006685000001198205,backbone,cayley_only,cayley,48,4.000000000000001,0.0021757000004072324,False,2,,False,1,cayley,64,4,RL+Backbone,0
best,C:\Users\erich\Documents\AFRL\Algebraic-Connectivity-Optimization-CDC2026\lite_trials\sweep\balanced\checkpoints\best.pt,ppo,7000,C:\Users\erich\Documents\AFRL\Algebraic-Connectivity-Optimization-CDC2026\lite_trials\lite_config.yaml,full,16,0.361904761905,1,53,53,0.3619047619047619,5,0.32812499999999994,5.249999999999999,0.004056000000673521,0.004056000000673521,0.006866900001114118,backbone,cayley_only,cayley,48,4.000000000000001,0.002810900000440597,False,2,,False,1,cayley,64,4,RL+Backbone,1
best,C:\Users\erich\Documents\AFRL\Algebraic-Connectivity-Optimization-CDC2026\lite_trials\sweep\balanced\checkpoints\best.pt,ppo,7000,C:\Users\erich\Documents\AFRL\Algebraic-Connectivity-Optimization-CDC2026\lite_trials\lite_config.yaml,full,16,0.361904761905,2,53,53,0.3619047619047619,5,0.3281250000000001,5.250000000000002,0.004209499999888067,0.004209499999888067,0.006346099999973376,backbone,cayley_only,cayley,48,4.000000000000001,0.002136600000085309,False,2,,False,1,cayley,64,4,RL+Backbone,2
best,C:\Users\erich\Documents\AFRL\Algebraic-Connectivity-Optimization-CDC2026\lite_trials\sweep\balanced\checkpoints\best.pt,ppo,7000,C:\Users\erich\Documents\AFRL\Algebraic-Connectivity-Optimization-CDC2026\lite_trials\lite_config.yaml,full,16,0.361904761905,3,53,53,0.3619047619047619,5,0.32812499999999994,5.249999999999999,0.004041299999698822,0.004041299999698822,0.006186399999933201,backbone,cayley_only,cayley,48,4.000000000000001,0.002145100000234379,False,2,,False,1,cayley,64,4,RL+Backbone,3
best,C:\Users\erich\Documents\AFRL\Algebraic-Connectivity-Optimization-CDC2026\lite_trials\sweep\balanced\checkpoints\best.pt,ppo,7000,C:\Users\erich\Documents\AFRL\Algebraic-Connectivity-Optimization-CDC2026\lite_trials\lite_config.yaml,full,16,0.361904761905,4,53,53,0.3619047619047619,5,0.32812499999999994,5.249999999999999,0.004149600000346254,0.004149600000346254,0.006276300000536139,backbone,cayley_only,cayley,48,4.000000000000001,0.002126700000189885,False,2,,False,1,cayley,64,4,RL+Backbone,4
best,C:\Users\erich\Documents\AFRL\Algebraic-Connectivity-Optimization-CDC2026\lite_trials\sweep\balanced\checkpoints\best.pt,ppo,7000,C:\Users\erich\Documents\AFRL\Algebraic-Connectivity-Optimization-CDC2026\lite_trials\lite_config.yaml,full,16,0.428571428571,0,60,60,0.42857142857142855,4,0.4126668249368111,6.602669198988978,0.0034435999996276223,0.0034435999996276223,0.005505399999492511,backbone,cayley_only,cayley,56,5.999999999999996,0.0020617999998648884,False,2,,False,1,cayley,64,4,RL+Backbone,0
best,C:\Users\erich\Documents\AFRL\Algebraic-Connectivity-Optimization-CDC2026\lite_trials\sweep\balanced\checkpoints\best.pt,ppo,7000,C:\Users\erich\Documents\AFRL\Algebraic-Connectivity-Optimization-CDC2026\lite_trials\lite_config.yaml,full,16,0.428571428571,1,60,60,0.42857142857142855,4,0.4126668249368111,6.602669198988978,0.0034270000005562906,0.0034270000005562906,0.005561100000704755,backbone,cayley_only,cayley,56,5.999999999999996,0.0021341000001484645,False,2,,False,1,cayley,64,4,RL+Backbone,1
best,C:\Users\erich\Documents\AFRL\Algebraic-Connectivity-Optimization-CDC2026\lite_trials\sweep\balanced\checkpoints\best.pt,ppo,7000,C:\Users\erich\Documents\AFRL\Algebraic-Connectivity-Optimization-CDC2026\lite_trials\lite_config.yaml,full,16,0.428571428571,2,60,60,0.42857142857142855,4,0.4126668249368111,6.602669198988978,0.0035889999999199063,0.0035889999999199063,0.005639300000439107,backbone,cayley_only,cayley,56,5.999999999999996,0.0020503000005192007,False,2,,False,1,cayley,64,4,RL+Backbone,2
best,C:\Users\erich\Documents\AFRL\Algebraic-Connectivity-Optimization-CDC2026\lite_trials\sweep\balanced\checkpoints\best.pt,ppo,7000,C:\Users\erich\Documents\AFRL\Algebraic-Connectivity-Optimization-CDC2026\lite_trials\lite_config.yaml,full,16,0.428571428571,3,60,60,0.42857142857142855,4,0.4126668249368111,6.602669198988978,0.004720800000541203,0.004720800000541203,0.008062700000664336,backbone,cayley_only,cayley,56,5.999999999999996,0.0033419000001231325,False,2,,False,1,cayley,64,4,RL+Backbone,3
best,C:\Users\erich\Documents\AFRL\Algebraic-Connectivity-Optimization-CDC2026\lite_trials\sweep\balanced\checkpoints\best.pt,ppo,7000,C:\Users\erich\Documents\AFRL\Algebraic-Connectivity-Optimization-CDC2026\lite_trials\lite_config.yaml,full,16,0.428571428571,4,60,60,0.42857142857142855,4,0.4126668249368111,6.602669198988978,0.00431990000015503,0.00431990000015503,0.007647800000086136,backbone,cayley_only,cayley,56,5.999999999999996,0.0033278999999311054,False,2,,False,1,cayley,64,4,RL+Backbone,4
best,C:\Users\erich\Documents\AFRL\Algebraic-Connectivity-Optimization-CDC2026\lite_trials\sweep\balanced\checkpoints\best.pt,ppo,7000,C:\Users\erich\Documents\AFRL\Algebraic-Connectivity-Optimization-CDC2026\lite_trials\lite_config.yaml,full,16,0.504761904762,0,68,68,0.5047619047619047,4,0.6100202687009928,9.760324299215885,0.0042801999998118845,0.0042801999998118845,0.00728629999957775,backbone,both,envelope,64,8.0,0.0030060999997658655,False,,,True,2,"cayley,envelope",64,4,RL+Backbone,0
best,C:\Users\erich\Documents\AFRL\Algebraic-Connectivity-Optimization-CDC2026\lite_trials\sweep\balanced\checkpoints\best.pt,ppo,7000,C:\Users\erich\Documents\AFRL\Algebraic-Connectivity-Optimization-CDC2026\lite_trials\lite_config.yaml,full,16,0.504761904762,1,68,68,0.5047619047619047,4,0.6100202687009928,9.760324299215885,0.00442399999974441,0.00442399999974441,0.007219200000690762,backbone,both,envelope,64,8.0,0.003020500000275206,False,,,True,2,"cayley,envelope",64,4,RL+Backbone,1
best,C:\Users\erich\Documents\AFRL\Algebraic-Connectivity-Optimization-CDC2026\lite_trials\sweep\balanced\checkpoints\best.pt,ppo,7000,C:\Users\erich\Documents\AFRL\Algebraic-Connectivity-Optimization-CDC2026\lite_trials\lite_config.yaml,full,16,0.504761904762,2,68,68,0.5047619047619047,4,0.6100202687009928,9.760324299215885,0.004429999999956635,0.004429999999956635,0.0071366999991369084,backbone,both,envelope,64,8.0,0.0029661999997188104,False,,,True,2,"cayley,envelope",64,4,RL+Backbone,2
best,C:\Users\erich\Documents\AFRL\Algebraic-Connectivity-Optimization-CDC2026\lite_trials\sweep\balanced\checkpoints\best.pt,ppo,7000,C:\Users\erich\Documents\AFRL\Algebraic-Connectivity-Optimization-CDC2026\lite_trials\lite_config.yaml,full,16,0.504761904762,3,68,68,0.5047619047619047,4,0.6100202687009928,9.760324299215885,0.0047014000001581735,0.0047014000001581735,0.007323900000301364,backbone,both,envelope,64,8.0,0.003031399999599671,False,,,True,2,"cayley,envelope",64,4,RL+Backbone,3
best,C:\Users\erich\Documents\AFRL\Algebraic-Connectivity-Optimization-CDC2026\lite_trials\sweep\balanced\checkpoints\best.pt,ppo,7000,C:\Users\erich\Documents\AFRL\Algebraic-Connectivity-Optimization-CDC2026\lite_trials\lite_config.yaml,full,16,0.504761904762,4,68,68,0.5047619047619047,4,0.6100202687009928,9.760324299215885,0.0035705999998754123,0.0035705999998754123,0.005719900000258349,backbone,both,envelope,64,8.0,0.0021493000003829366,False,,,True,2,"cayley,envelope",64,4,RL+Backbone,4
best,C:\Users\erich\Documents\AFRL\Algebraic-Connectivity-Optimization-CDC2026\lite_trials\sweep\balanced\checkpoints\best.pt,ppo,7000,C:\Users\erich\Documents\AFRL\Algebraic-Connectivity-Optimization-CDC2026\lite_trials\lite_config.yaml,full,16,0.571428571429,0,75,75,0.5714285714285714,11,0.688435548843775,11.0149687815004,0.012009699999907752,0.012009699999907752,0.012140200000430923,backbone,both,envelope,64,8.0,0.004763499999171472,False,,,True,2,"cayley,envelope",64,4,RL+Backbone,0
best,C:\Users\erich\Documents\AFRL\Algebraic-Connectivity-Optimization-CDC2026\lite_trials\sweep\balanced\checkpoints\best.pt,ppo,7000,C:\Users\erich\Documents\AFRL\Algebraic-Connectivity-Optimization-CDC2026\lite_trials\lite_config.yaml,full,16,0.571428571429,1,75,75,0.5714285714285714,11,0.688435548843775,11.0149687815004,0.009649200000239944,0.009649200000239944,0.009847700000136683,backbone,both,envelope,64,8.0,0.006016500000441738,False,,,True,2,"cayley,envelope",64,4,RL+Backbone,1
best,C:\Users\erich\Documents\AFRL\Algebraic-Connectivity-Optimization-CDC2026\lite_trials\sweep\balanced\checkpoints\best.pt,ppo,7000,C:\Users\erich\Documents\AFRL\Algebraic-Connectivity-Optimization-CDC2026\lite_trials\lite_config.yaml,full,16,0.571428571429,2,75,75,0.5714285714285714,11,0.688435548843775,11.0149687815004,0.011199399999895832,0.011199399999895832,0.011334700000588782,backbone,both,envelope,64,8.0,0.004670999999689229,False,,,True,2,"cayley,envelope",64,4,RL+Backbone,2
best,C:\Users\erich\Documents\AFRL\Algebraic-Connectivity-Optimization-CDC2026\lite_trials\sweep\balanced\checkpoints\best.pt,ppo,7000,C:\Users\erich\Documents\AFRL\Algebraic-Connectivity-Optimization-CDC2026\lite_trials\lite_config.yaml,full,16,0.571428571429,3,75,75,0.5714285714285714,11,0.688435548843775,11.0149687815004,0.01115029999982653,0.01115029999982653,0.011277799999334093,backbone,both,envelope,64,8.0,0.006054500000573171,False,,,True,2,"cayley,envelope",64,4,RL+Backbone,3
best,C:\Users\erich\Documents\AFRL\Algebraic-Connectivity-Optimization-CDC2026\lite_trials\sweep\balanced\checkpoints\best.pt,ppo,7000,C:\Users\erich\Documents\AFRL\Algebraic-Connectivity-Optimization-CDC2026\lite_trials\lite_config.yaml,full,16,0.571428571429,4,75,75,0.5714285714285714,11,0.688435548843775,11.0149687815004,0.011200300000382413,0.011200300000382413,0.011342800000420539,backbone,both,envelope,64,8.0,0.005595300000095449,False,,,True,2,"cayley,envelope",64,4,RL+Backbone,4
best,C:\Users\erich\Documents\AFRL\Algebraic-Connectivity-Optimization-CDC2026\lite_trials\sweep\balanced\checkpoints\best.pt,ppo,7000,C:\Users\erich\Documents\AFRL\Algebraic-Connectivity-Optimization-CDC2026\lite_trials\lite_config.yaml,full,16,0.638095238095,0,82,82,0.638095238095238,11,0.8127996725365675,13.00479476058508,0.01127970000015921,0.01127970000015921,0.01381900000069436,backbone,both,cayley,71,6.69722436226801,0.0025393000005351496,False,3,,True,2,"cayley,envelope",64,4,RL+Backbone,0
best,C:\Users\erich\Documents\AFRL\Algebraic-Connectivity-Optimization-CDC2026\lite_trials\sweep\balanced\checkpoints\best.pt,ppo,7000,C:\Users\erich\Documents\AFRL\Algebraic-Connectivity-Optimization-CDC2026\lite_trials\lite_config.yaml,full,16,0.638095238095,1,82,82,0.638095238095238,12,0.6912413931232938,11.0598622899727,0.012176500000350643,0.012176500000350643,0.015338100000008126,backbone,both,cayley,70,6.697224362268007,0.003161599999657483,False,3,,True,2,"cayley,envelope",64,4,RL+Backbone,1
best,C:\Users\erich\Documents\AFRL\Algebraic-Connectivity-Optimization-CDC2026\lite_trials\sweep\balanced\checkpoints\best.pt,ppo,7000,C:\Users\erich\Documents\AFRL\Algebraic-Connectivity-Optimization-CDC2026\lite_trials\lite_config.yaml,full,16,0.638095238095,2,82,82,0.638095238095238,12,0.7758883476483189,12.414213562373103,0.012242300000252726,0.012242300000252726,0.014604899999540066,backbone,both,cayley,70,6.58578643762691,0.0023625999992873403,False,3,,True,2,"cayley,envelope",64,4,RL+Backbone,2
best,C:\Users\erich\Documents\AFRL\Algebraic-Connectivity-Optimization-CDC2026\lite_trials\sweep\balanced\checkpoints\best.pt,ppo,7000,C:\Users\erich\Documents\AFRL\Algebraic-Connectivity-Optimization-CDC2026\lite_trials\lite_config.yaml,full,16,0.638095238095,3,82,82,0.638095238095238,11,0.7322557068059011,11.716091308894418,0.01144399999975576,0.01144399999975576,0.014746400000149151,backbone,both,cayley,71,6.733752496014796,0.0033024000003933907,False,3,,True,2,"cayley,envelope",64,4,RL+Backbone,3
best,C:\Users\erich\Documents\AFRL\Algebraic-Connectivity-Optimization-CDC2026\lite_trials\sweep\balanced\checkpoints\best.pt,ppo,7000,C:\Users\erich\Documents\AFRL\Algebraic-Connectivity-Optimization-CDC2026\lite_trials\lite_config.yaml,full,16,0.638095238095,4,82,82,0.638095238095238,12,0.7286000981342623,11.657601570148197,0.012187500000436557,0.012187500000436557,0.015414200000122946,backbone,both,cayley,70,6.539495129981236,0.0032266999996863888,False,3,,True,2,"cayley,envelope",64,4,RL+Backbone,4
best,C:\Users\erich\Documents\AFRL\Algebraic-Connectivity-Optimization-CDC2026\lite_trials\sweep\balanced\checkpoints\best.pt,ppo,7000,C:\Users\erich\Documents\AFRL\Algebraic-Connectivity-Optimization-CDC2026\lite_trials\lite_config.yaml,full,16,0.714285714286,0,90,90,0.7142857142857143,5,0.7882628309503084,12.612205295204934,0.006845500000054017,0.006845500000054017,0.011499500000354601,backbone,both,cayley,85,9.999999999999996,0.004654000000300584,False,3,,True,2,"cayley,envelope",64,4,RL+Backbone,0
best,C:\Users\erich\Documents\AFRL\Algebraic-Connectivity-Optimization-CDC2026\lite_trials\sweep\balanced\checkpoints\best.pt,ppo,7000,C:\Users\erich\Documents\AFRL\Algebraic-Connectivity-Optimization-CDC2026\lite_trials\lite_config.yaml,full,16,0.714285714286,1,90,90,0.7142857142857143,5,0.7442221053058418,11.907553684893468,0.00661370000034367,0.00661370000034367,0.013624000000163505,backbone,both,cayley,85,9.999999999999996,0.007010299999819836,False,3,,True,2,"cayley,envelope",64,4,RL+Backbone,1
best,C:\Users\erich\Documents\AFRL\Algebraic-Connectivity-Optimization-CDC2026\lite_trials\sweep\balanced\checkpoints\best.pt,ppo,7000,C:\Users\erich\Documents\AFRL\Algebraic-Connectivity-Optimization-CDC2026\lite_trials\lite_config.yaml,full,16,0.714285714286,2,90,90,0.7142857142857143,6,0.7711469037795985,12.338350460473576,0.0064382000000478,0.0064382000000478,0.012474099999963073,backbone,both,cayley,84,9.999999999999973,0.006035899999915273,False,3,,True,2,"cayley,envelope",64,4,RL+Backbone,2
best,C:\Users\erich\Documents\AFRL\Algebraic-Connectivity-Optimization-CDC2026\lite_trials\sweep\balanced\checkpoints\best.pt,ppo,7000,C:\Users\erich\Documents\AFRL\Algebraic-Connectivity-Optimization-CDC2026\lite_trials\lite_config.yaml,full,16,0.714285714286,3,90,90,0.7142857142857143,5,0.7717333826214624,12.347734121943398,0.00552849999985483,0.00552849999985483,0.011599700000260782,backbone,both,cayley,85,9.999999999999996,0.006071200000405952,False,3,,True,2,"cayley,envelope",64,4,RL+Backbone,3
best,C:\Users\erich\Documents\AFRL\Algebraic-Connectivity-Optimization-CDC2026\lite_trials\sweep\balanced\checkpoints\best.pt,ppo,7000,C:\Users\erich\Documents\AFRL\Algebraic-Connectivity-Optimization-CDC2026\lite_trials\lite_config.yaml,full,16,0.714285714286,4,90,90,0.7142857142857143,6,0.8484788695492085,13.575661912787336,0.006493800000498595,0.006493800000498595,0.012762600000314706,backbone,both,cayley,84,9.999999999999988,0.00626879999981611,False,3,,True,2,"cayley,envelope",64,4,RL+Backbone,4
best,C:\Users\erich\Documents\AFRL\Algebraic-Connectivity-Optimization-CDC2026\lite_trials\sweep\balanced\checkpoints\best.pt,ppo,7000,C:\Users\erich\Documents\AFRL\Algebraic-Connectivity-Optimization-CDC2026\lite_trials\lite_config.yaml,full,16,0.780952380952,0,97,97,0.780952380952381,1,0.7499999999999996,11.999999999999993,0.0011488000000099419,0.0011488000000099419,0.001307499999711581,backbone,envelope_only,envelope,96,12.0,0.00015869999970163917,False,,,False,1,envelope,64,4,RL+Backbone,0
best,C:\Users\erich\Documents\AFRL\Algebraic-Connectivity-Optimization-CDC2026\lite_trials\sweep\balanced\checkpoints\best.pt,ppo,7000,C:\Users\erich\Documents\AFRL\Algebraic-Connectivity-Optimization-CDC2026\lite_trials\lite_config.yaml,full,16,0.780952380952,1,97,97,0.780952380952381,1,0.7499999999999996,11.999999999999993,0.0011543999999048538,0.0011543999999048538,0.0013215999997555627,backbone,envelope_only,envelope,96,12.0,0.000167199999850709,False,,,False,1,envelope,64,4,RL+Backbone,1
best,C:\Users\erich\Documents\AFRL\Algebraic-Connectivity-Optimization-CDC2026\lite_trials\sweep\balanced\checkpoints\best.pt,ppo,7000,C:\Users\erich\Documents\AFRL\Algebraic-Connectivity-Optimization-CDC2026\lite_trials\lite_config.yaml,full,16,0.780952380952,2,97,97,0.780952380952381,1,0.7499999999999996,11.999999999999993,0.0011495000007926137,0.0011495000007926137,0.0013137000005372101,backbone,envelope_only,envelope,96,12.0,0.00016419999974459643,False,,,False,1,envelope,64,4,RL+Backbone,2
best,C:\Users\erich\Documents\AFRL\Algebraic-Connectivity-Optimization-CDC2026\lite_trials\sweep\balanced\checkpoints\best.pt,ppo,7000,C:\Users\erich\Documents\AFRL\Algebraic-Connectivity-Optimization-CDC2026\lite_trials\lite_config.yaml,full,16,0.780952380952,3,97,97,0.780952380952381,1,0.7499999999999996,11.999999999999993,0.0011555000000953441,0.0011555000000953441,0.0013328000004548812,backbone,envelope_only,envelope,96,12.0,0.00017730000035953708,False,,,False,1,envelope,64,4,RL+Backbone,3
best,C:\Users\erich\Documents\AFRL\Algebraic-Connectivity-Optimization-CDC2026\lite_trials\sweep\balanced\checkpoints\best.pt,ppo,7000,C:\Users\erich\Documents\AFRL\Algebraic-Connectivity-Optimization-CDC2026\lite_trials\lite_config.yaml,full,16,0.780952380952,4,97,97,0.780952380952381,1,0.7499999999999996,11.999999999999993,0.0011385000007066992,0.0011385000007066992,0.001305000000684231,backbone,envelope_only,envelope,96,12.0,0.00016649999997753184,False,,,False,1,envelope,64,4,RL+Backbone,4
best,C:\Users\erich\Documents\AFRL\Algebraic-Connectivity-Optimization-CDC2026\lite_trials\sweep\balanced\checkpoints\best.pt,ppo,7000,C:\Users\erich\Documents\AFRL\Algebraic-Connectivity-Optimization-CDC2026\lite_trials\lite_config.yaml,full,16,0.847619047619,0,104,104,0.8476190476190476,8,0.8525997012011256,13.64159521921801,0.009225400000104855,0.009225400000104855,0.009399900000062189,backbone,envelope_only,envelope,96,12.0,0.00017449999995733378,False,,,False,1,envelope,64,4,RL+Backbone,0
best,C:\Users\erich\Documents\AFRL\Algebraic-Connectivity-Optimization-CDC2026\lite_trials\sweep\balanced\checkpoints\best.pt,ppo,7000,C:\Users\erich\Documents\AFRL\Algebraic-Connectivity-Optimization-CDC2026\lite_trials\lite_config.yaml,full,16,0.847619047619,1,104,104,0.8476190476190476,8,0.8525997012011256,13.64159521921801,0.00883369999974093,0.00883369999974093,0.009171899999273592,backbone,envelope_only,envelope,96,12.0,0.00033819999953266233,False,,,False,1,envelope,64,4,RL+Backbone,1
best,C:\Users\erich\Documents\AFRL\Algebraic-Connectivity-Optimization-CDC2026\lite_trials\sweep\balanced\checkpoints\best.pt,ppo,7000,C:\Users\erich\Documents\AFRL\Algebraic-Connectivity-Optimization-CDC2026\lite_trials\lite_config.yaml,full,16,0.847619047619,2,104,104,0.8476190476190476,8,0.8525997012011256,13.64159521921801,0.008497700000589248,0.008497700000589248,0.00871740000002319,backbone,envelope_only,envelope,96,12.0,0.00021969999943394214,False,,,False,1,envelope,64,4,RL+Backbone,2
best,C:\Users\erich\Documents\AFRL\Algebraic-Connectivity-Optimization-CDC2026\lite_trials\sweep\balanced\checkpoints\best.pt,ppo,7000,C:\Users\erich\Documents\AFRL\Algebraic-Connectivity-Optimization-CDC2026\lite_trials\lite_config.yaml,full,16,0.847619047619,3,104,104,0.8476190476190476,8,0.8525997012011256,13.64159521921801,0.00853489999917656,0.00853489999917656,0.008717799999431008,backbone,envelope_only,envelope,96,12.0,0.00018290000025444897,False,,,False,1,envelope,64,4,RL+Backbone,3
best,C:\Users\erich\Documents\AFRL\Algebraic-Connectivity-Optimization-CDC2026\lite_trials\sweep\balanced\checkpoints\best.pt,ppo,7000,C:\Users\erich\Documents\AFRL\Algebraic-Connectivity-Optimization-CDC2026\lite_trials\lite_config.yaml,full,16,0.847619047619,4,104,104,0.8476190476190476,8,0.8525997012011256,13.64159521921801,0.008411599999817554,0.008411599999817554,0.008588600000621227,backbone,envelope_only,envelope,96,12.0,0.00017700000080367317,False,,,False,1,envelope,64,4,RL+Backbone,4
best,C:\Users\erich\Documents\AFRL\Algebraic-Connectivity-Optimization-CDC2026\lite_trials\sweep\balanced\checkpoints\best.pt,ppo,7000,C:\Users\erich\Documents\AFRL\Algebraic-Connectivity-Optimization-CDC2026\lite_trials\lite_config.yaml,full,16,0.92380952381,0,112,112,0.9238095238095239,0,0.8749999999999992,13.999999999999988,9.999985195463523e-08,9.999985195463523e-08,0.00020109999968553893,backbone,envelope_only,envelope,112,14.0,0.0002009999998335843,False,,,False,1,envelope,64,4,RL+Backbone,0
best,C:\Users\erich\Documents\AFRL\Algebraic-Connectivity-Optimization-CDC2026\lite_trials\sweep\balanced\checkpoints\best.pt,ppo,7000,C:\Users\erich\Documents\AFRL\Algebraic-Connectivity-Optimization-CDC2026\lite_trials\lite_config.yaml,full,16,0.92380952381,1,112,112,0.9238095238095239,0,0.8749999999999992,13.999999999999988,9.999985195463523e-08,9.999985195463523e-08,0.0001990000000660075,backbone,envelope_only,envelope,112,14.0,0.00019890000021405285,False,,,False,1,envelope,64,4,RL+Backbone,1
best,C:\Users\erich\Documents\AFRL\Algebraic-Connectivity-Optimization-CDC2026\lite_trials\sweep\balanced\checkpoints\best.pt,ppo,7000,C:\Users\erich\Documents\AFRL\Algebraic-Connectivity-Optimization-CDC2026\lite_trials\lite_config.yaml,full,16,0.92380952381,2,112,112,0.9238095238095239,0,0.8749999999999992,13.999999999999988,0.0,0.0,0.00017919999936566455,backbone,envelope_only,envelope,112,14.0,0.00017919999936566455,False,,,False,1,envelope,64,4,RL+Backbone,2
best,C:\Users\erich\Documents\AFRL\Algebraic-Connectivity-Optimization-CDC2026\lite_trials\sweep\balanced\checkpoints\best.pt,ppo,7000,C:\Users\erich\Documents\AFRL\Algebraic-Connectivity-Optimization-CDC2026\lite_trials\lite_config.yaml,full,16,0.92380952381,3,112,112,0.9238095238095239,0,0.8749999999999992,13.999999999999988,9.999985195463523e-08,9.999985195463523e-08,0.00017830000069807284,backbone,envelope_only,envelope,112,14.0,0.0001782000008461182,False,,,False,1,envelope,64,4,RL+Backbone,3
best,C:\Users\erich\Documents\AFRL\Algebraic-Connectivity-Optimization-CDC2026\lite_trials\sweep\balanced\checkpoints\best.pt,ppo,7000,C:\Users\erich\Documents\AFRL\Algebraic-Connectivity-Optimization-CDC2026\lite_trials\lite_config.yaml,full,16,0.92380952381,4,112,112,0.9238095238095239,0,0.8749999999999992,13.999999999999988,9.999985195463523e-08,9.999985195463523e-08,0.00017800000023271423,backbone,envelope_only,envelope,112,14.0,0.0001779000003807596,False,,,False,1,envelope,64,4,RL+Backbone,4
best,C:\Users\erich\Documents\AFRL\Algebraic-Connectivity-Optimization-CDC2026\lite_trials\sweep\balanced\checkpoints\best.pt,ppo,7000,C:\Users\erich\Documents\AFRL\Algebraic-Connectivity-Optimization-CDC2026\lite_trials\lite_config.yaml,full,16,0.990476190476,0,119,119,0.9904761904761905,7,0.9299531181897209,14.879249891035535,0.007873500000641798,0.007873500000641798,0.008063500000389467,backbone,envelope_only,envelope,112,14.0,0.0001899999997476698,False,,,False,1,envelope,64,4,RL+Backbone,0
best,C:\Users\erich\Documents\AFRL\Algebraic-Connectivity-Optimization-CDC2026\lite_trials\sweep\balanced\checkpoints\best.pt,ppo,7000,C:\Users\erich\Documents\AFRL\Algebraic-Connectivity-Optimization-CDC2026\lite_trials\lite_config.yaml,full,16,0.990476190476,1,119,119,0.9904761904761905,7,0.9299531181897209,14.879249891035535,0.014642099999946367,0.014642099999946367,0.01485820000016247,backbone,envelope_only,envelope,112,14.0,0.00021610000021610176,False,,,False,1,envelope,64,4,RL+Backbone,1
best,C:\Users\erich\Documents\AFRL\Algebraic-Connectivity-Optimization-CDC2026\lite_trials\sweep\balanced\checkpoints\best.pt,ppo,7000,C:\Users\erich\Documents\AFRL\Algebraic-Connectivity-Optimization-CDC2026\lite_trials\lite_config.yaml,full,16,0.990476190476,2,119,119,0.9904761904761905,7,0.9299531181897209,14.879249891035535,0.010537099999964994,0.010537099999964994,0.011392800000066927,backbone,envelope_only,envelope,112,14.0,0.0008557000001019333,False,,,False,1,envelope,64,4,RL+Backbone,2
best,C:\Users\erich\Documents\AFRL\Algebraic-Connectivity-Optimization-CDC2026\lite_trials\sweep\balanced\checkpoints\best.pt,ppo,7000,C:\Users\erich\Documents\AFRL\Algebraic-Connectivity-Optimization-CDC2026\lite_trials\lite_config.yaml,full,16,0.990476190476,3,119,119,0.9904761904761905,7,0.9299531181897209,14.879249891035535,0.008076699999946868,0.008076699999946868,0.008346099999471335,backbone,envelope_only,envelope,112,14.0,0.0002693999995244667,False,,,False,1,envelope,64,4,RL+Backbone,3
best,C:\Users\erich\Documents\AFRL\Algebraic-Connectivity-Optimization-CDC2026\lite_trials\sweep\balanced\checkpoints\best.pt,ppo,7000,C:\Users\erich\Documents\AFRL\Algebraic-Connectivity-Optimization-CDC2026\lite_trials\lite_config.yaml,full,16,0.990476190476,4,119,119,0.9904761904761905,7,0.9299531181897209,14.879249891035535,0.008131999999932304,0.008131999999932304,0.00837879999926372,backbone,envelope_only,envelope,112,14.0,0.00024679999933141517,False,,,False,1,envelope,64,4,RL+Backbone,4
best,C:\Users\erich\Documents\AFRL\Algebraic-Connectivity-Optimization-CDC2026\lite_trials\sweep\balanced\checkpoints\best.pt,ppo,7000,C:\Users\erich\Documents\AFRL\Algebraic-Connectivity-Optimization-CDC2026\lite_trials\lite_config.yaml,full,24,0.00395256917,0,24,24,0.003952569169960474,1,0.014542406422833923,0.34901775414801417,0.003281599999354512,0.003281599999354512,0.003281599999354512,path,path,path,23,0.0,0.0,False,,,False,1,path,64,4,RL+Path,0
best,C:\Users\erich\Documents\AFRL\Algebraic-Connectivity-Optimization-CDC2026\lite_trials\sweep\balanced\checkpoints\best.pt,ppo,7000,C:\Users\erich\Documents\AFRL\Algebraic-Connectivity-Optimization-CDC2026\lite_trials\lite_config.yaml,full,24,0.00395256917,1,24,24,0.003952569169960474,1,0.014542406422833923,0.34901775414801417,0.0010443999999552034,0.0010443999999552034,0.0010443999999552034,path,path,path,23,0.0,0.0,False,,,False,1,path,64,4,RL+Path,1
best,C:\Users\erich\Documents\AFRL\Algebraic-Connectivity-Optimization-CDC2026\lite_trials\sweep\balanced\checkpoints\best.pt,ppo,7000,C:\Users\erich\Documents\AFRL\Algebraic-Connectivity-Optimization-CDC2026\lite_trials\lite_config.yaml,full,24,0.00395256917,2,24,24,0.003952569169960474,1,0.014542406422833923,0.34901775414801417,0.0009403000003658235,0.0009403000003658235,0.0009403000003658235,path,path,path,23,0.0,0.0,False,,,False,1,path,64,4,RL+Path,2
best,C:\Users\erich\Documents\AFRL\Algebraic-Connectivity-Optimization-CDC2026\lite_trials\sweep\balanced\checkpoints\best.pt,ppo,7000,C:\Users\erich\Documents\AFRL\Algebraic-Connectivity-Optimization-CDC2026\lite_trials\lite_config.yaml,full,24,0.00395256917,3,24,24,0.003952569169960474,1,0.014542406422833923,0.34901775414801417,0.000908500000150525,0.000908500000150525,0.000908500000150525,path,path,path,23,0.0,0.0,False,,,False,1,path,64,4,RL+Path,3
best,C:\Users\erich\Documents\AFRL\Algebraic-Connectivity-Optimization-CDC2026\lite_trials\sweep\balanced\checkpoints\best.pt,ppo,7000,C:\Users\erich\Documents\AFRL\Algebraic-Connectivity-Optimization-CDC2026\lite_trials\lite_config.yaml,full,24,0.00395256917,4,24,24,0.003952569169960474,1,0.014542406422833923,0.34901775414801417,0.0009407999996255967,0.0009407999996255967,0.0009407999996255967,path,path,path,23,0.0,0.0,False,,,False,1,path,64,4,RL+Path,4
best,C:\Users\erich\Documents\AFRL\Algebraic-Connectivity-Optimization-CDC2026\lite_trials\sweep\balanced\checkpoints\best.pt,ppo,7000,C:\Users\erich\Documents\AFRL\Algebraic-Connectivity-Optimization-CDC2026\lite_trials\lite_config.yaml,full,24,0.075098814229,0,42,42,0.07509881422924901,19,0.22629566769524256,5.4310960246858215,0.017666400000052818,0.017666400000052818,0.017666400000052818,path,path,path,23,0.0,0.0,False,,,False,1,path,64,4,RL+Path,0
best,C:\Users\erich\Documents\AFRL\Algebraic-Connectivity-Optimization-CDC2026\lite_trials\sweep\balanced\checkpoints\best.pt,ppo,7000,C:\Users\erich\Documents\AFRL\Algebraic-Connectivity-Optimization-CDC2026\lite_trials\lite_config.yaml,full,24,0.075098814229,1,42,42,0.07509881422924901,19,0.22629566769524256,5.4310960246858215,0.019410900000366382,0.019410900000366382,0.019410900000366382,path,path,path,23,0.0,0.0,False,,,False,1,path,64,4,RL+Path,1
best,C:\Users\erich\Documents\AFRL\Algebraic-Connectivity-Optimization-CDC2026\lite_trials\sweep\balanced\checkpoints\best.pt,ppo,7000,C:\Users\erich\Documents\AFRL\Algebraic-Connectivity-Optimization-CDC2026\lite_trials\lite_config.yaml,full,24,0.075098814229,2,42,42,0.07509881422924901,19,0.22629566769524256,5.4310960246858215,0.016064100000221515,0.016064100000221515,0.016064100000221515,path,path,path,23,0.0,0.0,False,,,False,1,path,64,4,RL+Path,2
best,C:\Users\erich\Documents\AFRL\Algebraic-Connectivity-Optimization-CDC2026\lite_trials\sweep\balanced\checkpoints\best.pt,ppo,7000,C:\Users\erich\Documents\AFRL\Algebraic-Connectivity-Optimization-CDC2026\lite_trials\lite_config.yaml,full,24,0.075098814229,3,42,42,0.07509881422924901,19,0.22629566769524256,5.4310960246858215,0.015585900000587571,0.015585900000587571,0.015585900000587571,path,path,path,23,0.0,0.0,False,,,False,1,path,64,4,RL+Path,3
best,C:\Users\erich\Documents\AFRL\Algebraic-Connectivity-Optimization-CDC2026\lite_trials\sweep\balanced\checkpoints\best.pt,ppo,7000,C:\Users\erich\Documents\AFRL\Algebraic-Connectivity-Optimization-CDC2026\lite_trials\lite_config.yaml,full,24,0.075098814229,4,42,42,0.07509881422924901,19,0.22629566769524256,5.4310960246858215,0.015480299999580893,0.015480299999580893,0.015480299999580893,path,path,path,23,0.0,0.0,False,,,False,1,path,64,4,RL+Path,4
best,C:\Users\erich\Documents\AFRL\Algebraic-Connectivity-Optimization-CDC2026\lite_trials\sweep\balanced\checkpoints\best.pt,ppo,7000,C:\Users\erich\Documents\AFRL\Algebraic-Connectivity-Optimization-CDC2026\lite_trials\lite_config.yaml,full,24,0.146245059289,0,60,60,0.14624505928853754,37,0.06419288055963293,1.5406291334311903,0.03337770000052842,0.03337770000052842,0.03337770000052842,path,path,path,23,0.0,0.0,False,,,False,1,path,64,4,RL+Path,0
best,C:\Users\erich\Documents\AFRL\Algebraic-Connectivity-Optimization-CDC2026\lite_trials\sweep\balanced\checkpoints\best.pt,ppo,7000,C:\Users\erich\Documents\AFRL\Algebraic-Connectivity-Optimization-CDC2026\lite_trials\lite_config.yaml,full,24,0.146245059289,1,60,60,0.14624505928853754,37,0.06419288055963293,1.5406291334311903,0.031309300000430085,0.031309300000430085,0.031309300000430085,path,path,path,23,0.0,0.0,False,,,False,1,path,64,4,RL+Path,1
best,C:\Users\erich\Documents\AFRL\Algebraic-Connectivity-Optimization-CDC2026\lite_trials\sweep\balanced\checkpoints\best.pt,ppo,7000,C:\Users\erich\Documents\AFRL\Algebraic-Connectivity-Optimization-CDC2026\lite_trials\lite_config.yaml,full,24,0.146245059289,2,60,60,0.14624505928853754,37,0.06419288055963293,1.5406291334311903,0.030688699999700475,0.030688699999700475,0.030688699999700475,path,path,path,23,0.0,0.0,False,,,False,1,path,64,4,RL+Path,2
best,C:\Users\erich\Documents\AFRL\Algebraic-Connectivity-Optimization-CDC2026\lite_trials\sweep\balanced\checkpoints\best.pt,ppo,7000,C:\Users\erich\Documents\AFRL\Algebraic-Connectivity-Optimization-CDC2026\lite_trials\lite_config.yaml,full,24,0.146245059289,3,60,60,0.14624505928853754,37,0.06419288055963293,1.5406291334311903,0.031280600000172853,0.031280600000172853,0.031280600000172853,path,path,path,23,0.0,0.0,False,,,False,1,path,64,4,RL+Path,3
best,C:\Users\erich\Documents\AFRL\Algebraic-Connectivity-Optimization-CDC2026\lite_trials\sweep\balanced\checkpoints\best.pt,ppo,7000,C:\Users\erich\Documents\AFRL\Algebraic-Connectivity-Optimization-CDC2026\lite_trials\lite_config.yaml,full,24,0.146245059289,4,60,60,0.14624505928853754,37,0.06419288055963293,1.5406291334311903,0.03254040000047098,0.03254040000047098,0.03254040000047098,path,path,path,23,0.0,0.0,False,,,False,1,path,64,4,RL+Path,4
best,C:\Users\erich\Documents\AFRL\Algebraic-Connectivity-Optimization-CDC2026\lite_trials\sweep\balanced\checkpoints\best.pt,ppo,7000,C:\Users\erich\Documents\AFRL\Algebraic-Connectivity-Optimization-CDC2026\lite_trials\lite_config.yaml,full,24,0.217391304348,0,78,78,0.21739130434782608,55,0.2574591944909294,6.179020667782305,0.050122100000407954,0.050122100000407954,0.050122100000407954,path,path,path,23,0.0,0.0,False,,,False,1,path,64,4,RL+Path,0
best,C:\Users\erich\Documents\AFRL\Algebraic-Connectivity-Optimization-CDC2026\lite_trials\sweep\balanced\checkpoints\best.pt,ppo,7000,C:\Users\erich\Documents\AFRL\Algebraic-Connectivity-Optimization-CDC2026\lite_trials\lite_config.yaml,full,24,0.217391304348,1,78,78,0.21739130434782608,55,0.2574591944909294,6.179020667782305,0.05175679999956628,0.05175679999956628,0.05175679999956628,path,path,path,23,0.0,0.0,False,,,False,1,path,64,4,RL+Path,1
best,C:\Users\erich\Documents\AFRL\Algebraic-Connectivity-Optimization-CDC2026\lite_trials\sweep\balanced\checkpoints\best.pt,ppo,7000,C:\Users\erich\Documents\AFRL\Algebraic-Connectivity-Optimization-CDC2026\lite_trials\lite_config.yaml,full,24,0.217391304348,2,78,78,0.21739130434782608,55,0.2574591944909294,6.179020667782305,0.050091400000383146,0.050091400000383146,0.050091400000383146,path,path,path,23,0.0,0.0,False,,,False,1,path,64,4,RL+Path,2
best,C:\Users\erich\Documents\AFRL\Algebraic-Connectivity-Optimization-CDC2026\lite_trials\sweep\balanced\checkpoints\best.pt,ppo,7000,C:\Users\erich\Documents\AFRL\Algebraic-Connectivity-Optimization-CDC2026\lite_trials\lite_config.yaml,full,24,0.217391304348,3,78,78,0.21739130434782608,55,0.2574591944909294,6.179020667782305,0.05220920000010665,0.05220920000010665,0.05220920000010665,path,path,path,23,0.0,0.0,False,,,False,1,path,64,4,RL+Path,3
best,C:\Users\erich\Documents\AFRL\Algebraic-Connectivity-Optimization-CDC2026\lite_trials\sweep\balanced\checkpoints\best.pt,ppo,7000,C:\Users\erich\Documents\AFRL\Algebraic-Connectivity-Optimization-CDC2026\lite_trials\lite_config.yaml,full,24,0.217391304348,4,78,78,0.21739130434782608,55,0.2574591944909294,6.179020667782305,0.055498099999567785,0.055498099999567785,0.055498099999567785,path,path,path,23,0.0,0.0,False,,,False,1,path,64,4,RL+Path,4
best,C:\Users\erich\Documents\AFRL\Algebraic-Connectivity-Optimization-CDC2026\lite_trials\sweep\balanced\checkpoints\best.pt,ppo,7000,C:\Users\erich\Documents\AFRL\Algebraic-Connectivity-Optimization-CDC2026\lite_trials\lite_config.yaml,full,24,0.288537549407,0,96,96,0.2885375494071146,73,0.25972513884105786,6.233403332185389,0.08429660000001604,0.08429660000001604,0.08429660000001604,path,path,path,23,0.0,0.0,False,,,False,1,path,64,4,RL+Path,0
best,C:\Users\erich\Documents\AFRL\Algebraic-Connectivity-Optimization-CDC2026\lite_trials\sweep\balanced\checkpoints\best.pt,ppo,7000,C:\Users\erich\Documents\AFRL\Algebraic-Connectivity-Optimization-CDC2026\lite_trials\lite_config.yaml,full,24,0.288537549407,1,96,96,0.2885375494071146,73,0.25972513884105786,6.233403332185389,0.07717450000018289,0.07717450000018289,0.07717450000018289,path,path,path,23,0.0,0.0,False,,,False,1,path,64,4,RL+Path,1
best,C:\Users\erich\Documents\AFRL\Algebraic-Connectivity-Optimization-CDC2026\lite_trials\sweep\balanced\checkpoints\best.pt,ppo,7000,C:\Users\erich\Documents\AFRL\Algebraic-Connectivity-Optimization-CDC2026\lite_trials\lite_config.yaml,full,24,0.288537549407,2,96,96,0.2885375494071146,73,0.25972513884105786,6.233403332185389,0.0781818999994357,0.0781818999994357,0.0781818999994357,path,path,path,23,0.0,0.0,False,,,False,1,path,64,4,RL+Path,2
best,C:\Users\erich\Documents\AFRL\Algebraic-Connectivity-Optimization-CDC2026\lite_trials\sweep\balanced\checkpoints\best.pt,ppo,7000,C:\Users\erich\Documents\AFRL\Algebraic-Connectivity-Optimization-CDC2026\lite_trials\lite_config.yaml,full,24,0.288537549407,3,96,96,0.2885375494071146,73,0.25972513884105786,6.233403332185389,0.08084129999951983,0.08084129999951983,0.08084129999951983,path,path,path,23,0.0,0.0,False,,,False,1,path,64,4,RL+Path,3
best,C:\Users\erich\Documents\AFRL\Algebraic-Connectivity-Optimization-CDC2026\lite_trials\sweep\balanced\checkpoints\best.pt,ppo,7000,C:\Users\erich\Documents\AFRL\Algebraic-Connectivity-Optimization-CDC2026\lite_trials\lite_config.yaml,full,24,0.288537549407,4,96,96,0.2885375494071146,73,0.25972513884105786,6.233403332185389,0.07927060000019992,0.07927060000019992,0.07927060000019992,path,path,path,23,0.0,0.0,False,,,False,1,path,64,4,RL+Path,4
best,C:\Users\erich\Documents\AFRL\Algebraic-Connectivity-Optimization-CDC2026\lite_trials\sweep\balanced\checkpoints\best.pt,ppo,7000,C:\Users\erich\Documents\AFRL\Algebraic-Connectivity-Optimization-CDC2026\lite_trials\lite_config.yaml,full,24,0.359683794466,0,114,114,0.35968379446640314,91,0.45185561731335544,10.84453481552053,0.09526800000003277,0.09526800000003277,0.09526800000003277,path,path,path,23,0.0,0.0,False,,,False,1,path,64,4,RL+Path,0
best,C:\Users\erich\Documents\AFRL\Algebraic-Connectivity-Optimization-CDC2026\lite_trials\sweep\balanced\checkpoints\best.pt,ppo,7000,C:\Users\erich\Documents\AFRL\Algebraic-Connectivity-Optimization-CDC2026\lite_trials\lite_config.yaml,full,24,0.359683794466,1,114,114,0.35968379446640314,91,0.45185561731335544,10.84453481552053,0.10184929999923042,0.10184929999923042,0.10184929999923042,path,path,path,23,0.0,0.0,False,,,False,1,path,64,4,RL+Path,1
best,C:\Users\erich\Documents\AFRL\Algebraic-Connectivity-Optimization-CDC2026\lite_trials\sweep\balanced\checkpoints\best.pt,ppo,7000,C:\Users\erich\Documents\AFRL\Algebraic-Connectivity-Optimization-CDC2026\lite_trials\lite_config.yaml,full,24,0.359683794466,2,114,114,0.35968379446640314,91,0.45185561731335544,10.84453481552053,0.09084029999939958,0.09084029999939958,0.09084029999939958,path,path,path,23,0.0,0.0,False,,,False,1,path,64,4,RL+Path,2
best,C:\Users\erich\Documents\AFRL\Algebraic-Connectivity-Optimization-CDC2026\lite_trials\sweep\balanced\checkpoints\best.pt,ppo,7000,C:\Users\erich\Documents\AFRL\Algebraic-Connectivity-Optimization-CDC2026\lite_trials\lite_config.yaml,full,24,0.359683794466,3,114,114,0.35968379446640314,91,0.45185561731335544,10.84453481552053,0.09451459999945655,0.09451459999945655,0.09451459999945655,path,path,path,23,0.0,0.0,False,,,False,1,path,64,4,RL+Path,3
best,C:\Users\erich\Documents\AFRL\Algebraic-Connectivity-Optimization-CDC2026\lite_trials\sweep\balanced\checkpoints\best.pt,ppo,7000,C:\Users\erich\Documents\AFRL\Algebraic-Connectivity-Optimization-CDC2026\lite_trials\lite_config.yaml,full,24,0.359683794466,4,114,114,0.35968379446640314,91,0.45185561731335544,10.84453481552053,0.09862629999952333,0.09862629999952333,0.09862629999952333,path,path,path,23,0.0,0.0,False,,,False,1,path,64,4,RL+Path,4
best,C:\Users\erich\Documents\AFRL\Algebraic-Connectivity-Optimization-CDC2026\lite_trials\sweep\balanced\checkpoints\best.pt,ppo,7000,C:\Users\erich\Documents\AFRL\Algebraic-Connectivity-Optimization-CDC2026\lite_trials\lite_config.yaml,full,24,0.430830039526,0,132,132,0.4308300395256917,109,0.31463642160131977,7.5512741184316745,0.11956570000074862,0.11956570000074862,0.11956570000074862,path,path,path,23,0.0,0.0,False,,,False,1,path,64,4,RL+Path,0
best,C:\Users\erich\Documents\AFRL\Algebraic-Connectivity-Optimization-CDC2026\lite_trials\sweep\balanced\checkpoints\best.pt,ppo,7000,C:\Users\erich\Documents\AFRL\Algebraic-Connectivity-Optimization-CDC2026\lite_trials\lite_config.yaml,full,24,0.430830039526,1,132,132,0.4308300395256917,109,0.31463642160131977,7.5512741184316745,0.12175380000007863,0.12175380000007863,0.12175380000007863,path,path,path,23,0.0,0.0,False,,,False,1,path,64,4,RL+Path,1
best,C:\Users\erich\Documents\AFRL\Algebraic-Connectivity-Optimization-CDC2026\lite_trials\sweep\balanced\checkpoints\best.pt,ppo,7000,C:\Users\erich\Documents\AFRL\Algebraic-Connectivity-Optimization-CDC2026\lite_trials\lite_config.yaml,full,24,0.430830039526,2,132,132,0.4308300395256917,109,0.31463642160131977,7.5512741184316745,0.11847420000049169,0.11847420000049169,0.11847420000049169,path,path,path,23,0.0,0.0,False,,,False,1,path,64,4,RL+Path,2
best,C:\Users\erich\Documents\AFRL\Algebraic-Connectivity-Optimization-CDC2026\lite_trials\sweep\balanced\checkpoints\best.pt,ppo,7000,C:\Users\erich\Documents\AFRL\Algebraic-Connectivity-Optimization-CDC2026\lite_trials\lite_config.yaml,full,24,0.430830039526,3,132,132,0.4308300395256917,109,0.31463642160131977,7.5512741184316745,0.11555740000039805,0.11555740000039805,0.11555740000039805,path,path,path,23,0.0,0.0,False,,,False,1,path,64,4,RL+Path,3
best,C:\Users\erich\Documents\AFRL\Algebraic-Connectivity-Optimization-CDC2026\lite_trials\sweep\balanced\checkpoints\best.pt,ppo,7000,C:\Users\erich\Documents\AFRL\Algebraic-Connectivity-Optimization-CDC2026\lite_trials\lite_config.yaml,full,24,0.430830039526,4,132,132,0.4308300395256917,109,0.31463642160131977,7.5512741184316745,0.11145329999999376,0.11145329999999376,0.11145329999999376,path,path,path,23,0.0,0.0,False,,,False,1,path,64,4,RL+Path,4
best,C:\Users\erich\Documents\AFRL\Algebraic-Connectivity-Optimization-CDC2026\lite_trials\sweep\balanced\checkpoints\best.pt,ppo,7000,C:\Users\erich\Documents\AFRL\Algebraic-Connectivity-Optimization-CDC2026\lite_trials\lite_config.yaml,full,24,0.498023715415,0,149,149,0.4980237154150198,126,0.5355132539244812,12.852318094187549,0.1412112000007255,0.1412112000007255,0.1412112000007255,path,path,path,23,0.0,0.0,False,,,False,1,path,64,4,RL+Path,0
best,C:\Users\erich\Documents\AFRL\Algebraic-Connectivity-Optimization-CDC2026\lite_trials\sweep\balanced\checkpoints\best.pt,ppo,7000,C:\Users\erich\Documents\AFRL\Algebraic-Connectivity-Optimization-CDC2026\lite_trials\lite_config.yaml,full,24,0.498023715415,1,149,149,0.4980237154150198,126,0.5355132539244812,12.852318094187549,0.14084599999932834,0.14084599999932834,0.14084599999932834,path,path,path,23,0.0,0.0,False,,,False,1,path,64,4,RL+Path,1
best,C:\Users\erich\Documents\AFRL\Algebraic-Connectivity-Optimization-CDC2026\lite_trials\sweep\balanced\checkpoints\best.pt,ppo,7000,C:\Users\erich\Documents\AFRL\Algebraic-Connectivity-Optimization-CDC2026\lite_trials\lite_config.yaml,full,24,0.498023715415,2,149,149,0.4980237154150198,126,0.5355132539244812,12.852318094187549,0.13898129999961384,0.13898129999961384,0.13898129999961384,path,path,path,23,0.0,0.0,False,,,False,1,path,64,4,RL+Path,2
best,C:\Users\erich\Documents\AFRL\Algebraic-Connectivity-Optimization-CDC2026\lite_trials\sweep\balanced\checkpoints\best.pt,ppo,7000,C:\Users\erich\Documents\AFRL\Algebraic-Connectivity-Optimization-CDC2026\lite_trials\lite_config.yaml,full,24,0.498023715415,3,149,149,0.4980237154150198,126,0.5355132539244812,12.852318094187549,0.13115649999963352,0.13115649999963352,0.13115649999963352,path,path,path,23,0.0,0.0,False,,,False,1,path,64,4,RL+Path,3
best,C:\Users\erich\Documents\AFRL\Algebraic-Connectivity-Optimization-CDC2026\lite_trials\sweep\balanced\checkpoints\best.pt,ppo,7000,C:\Users\erich\Documents\AFRL\Algebraic-Connectivity-Optimization-CDC2026\lite_trials\lite_config.yaml,full,24,0.498023715415,4,149,149,0.4980237154150198,126,0.5355132539244812,12.852318094187549,0.13378649999958725,0.13378649999958725,0.13378649999958725,path,path,path,23,0.0,0.0,False,,,False,1,path,64,4,RL+Path,4
best,C:\Users\erich\Documents\AFRL\Algebraic-Connectivity-Optimization-CDC2026\lite_trials\sweep\balanced\checkpoints\best.pt,ppo,7000,C:\Users\erich\Documents\AFRL\Algebraic-Connectivity-Optimization-CDC2026\lite_trials\lite_config.yaml,full,24,0.569169960474,0,167,167,0.5691699604743083,144,0.6536517187913936,15.687641250993448,0.1540537000000768,0.1540537000000768,0.1540537000000768,path,path,path,23,0.0,0.0,False,,,False,1,path,64,4,RL+Path,0
best,C:\Users\erich\Documents\AFRL\Algebraic-Connectivity-Optimization-CDC2026\lite_trials\sweep\balanced\checkpoints\best.pt,ppo,7000,C:\Users\erich\Documents\AFRL\Algebraic-Connectivity-Optimization-CDC2026\lite_trials\lite_config.yaml,full,24,0.569169960474,1,167,167,0.5691699604743083,144,0.6536517187913936,15.687641250993448,0.159926400000586,0.159926400000586,0.159926400000586,path,path,path,23,0.0,0.0,False,,,False,1,path,64,4,RL+Path,1
best,C:\Users\erich\Documents\AFRL\Algebraic-Connectivity-Optimization-CDC2026\lite_trials\sweep\balanced\checkpoints\best.pt,ppo,7000,C:\Users\erich\Documents\AFRL\Algebraic-Connectivity-Optimization-CDC2026\lite_trials\lite_config.yaml,full,24,0.569169960474,2,167,167,0.5691699604743083,144,0.6536517187913936,15.687641250993448,0.1615473000001657,0.1615473000001657,0.1615473000001657,path,path,path,23,0.0,0.0,False,,,False,1,path,64,4,RL+Path,2
best,C:\Users\erich\Documents\AFRL\Algebraic-Connectivity-Optimization-CDC2026\lite_trials\sweep\balanced\checkpoints\best.pt,ppo,7000,C:\Users\erich\Documents\AFRL\Algebraic-Connectivity-Optimization-CDC2026\lite_trials\lite_config.yaml,full,24,0.569169960474,3,167,167,0.5691699604743083,144,0.6536517187913936,15.687641250993448,0.16191000000071654,0.16191000000071654,0.16191000000071654,path,path,path,23,0.0,0.0,False,,,False,1,path,64,4,RL+Path,3
best,C:\Users\erich\Documents\AFRL\Algebraic-Connectivity-Optimization-CDC2026\lite_trials\sweep\balanced\checkpoints\best.pt,ppo,7000,C:\Users\erich\Documents\AFRL\Algebraic-Connectivity-Optimization-CDC2026\lite_trials\lite_config.yaml,full,24,0.569169960474,4,167,167,0.5691699604743083,144,0.6536517187913936,15.687641250993448,0.16520870000022114,0.16520870000022114,0.16520870000022114,path,path,path,23,0.0,0.0,False,,,False,1,path,64,4,RL+Path,4
best,C:\Users\erich\Documents\AFRL\Algebraic-Connectivity-Optimization-CDC2026\lite_trials\sweep\balanced\checkpoints\best.pt,ppo,7000,C:\Users\erich\Documents\AFRL\Algebraic-Connectivity-Optimization-CDC2026\lite_trials\lite_config.yaml,full,24,0.640316205534,0,185,185,0.6403162055335968,162,0.531524078953729,12.756577894889496,0.18175350000001345,0.18175350000001345,0.18175350000001345,path,path,path,23,0.0,0.0,False,,,False,1,path,64,4,RL+Path,0
best,C:\Users\erich\Documents\AFRL\Algebraic-Connectivity-Optimization-CDC2026\lite_trials\sweep\balanced\checkpoints\best.pt,ppo,7000,C:\Users\erich\Documents\AFRL\Algebraic-Connectivity-Optimization-CDC2026\lite_trials\lite_config.yaml,full,24,0.640316205534,1,185,185,0.6403162055335968,162,0.531524078953729,12.756577894889496,0.1791510000002745,0.1791510000002745,0.1791510000002745,path,path,path,23,0.0,0.0,False,,,False,1,path,64,4,RL+Path,1
best,C:\Users\erich\Documents\AFRL\Algebraic-Connectivity-Optimization-CDC2026\lite_trials\sweep\balanced\checkpoints\best.pt,ppo,7000,C:\Users\erich\Documents\AFRL\Algebraic-Connectivity-Optimization-CDC2026\lite_trials\lite_config.yaml,full,24,0.640316205534,2,185,185,0.6403162055335968,162,0.531524078953729,12.756577894889496,0.17964969999957248,0.17964969999957248,0.17964969999957248,path,path,path,23,0.0,0.0,False,,,False,1,path,64,4,RL+Path,2
best,C:\Users\erich\Documents\AFRL\Algebraic-Connectivity-Optimization-CDC2026\lite_trials\sweep\balanced\checkpoints\best.pt,ppo,7000,C:\Users\erich\Documents\AFRL\Algebraic-Connectivity-Optimization-CDC2026\lite_trials\lite_config.yaml,full,24,0.640316205534,3,185,185,0.6403162055335968,162,0.531524078953729,12.756577894889496,0.18410700000004,0.18410700000004,0.18410700000004,path,path,path,23,0.0,0.0,False,,,False,1,path,64,4,RL+Path,3
best,C:\Users\erich\Documents\AFRL\Algebraic-Connectivity-Optimization-CDC2026\lite_trials\sweep\balanced\checkpoints\best.pt,ppo,7000,C:\Users\erich\Documents\AFRL\Algebraic-Connectivity-Optimization-CDC2026\lite_trials\lite_config.yaml,full,24,0.640316205534,4,185,185,0.6403162055335968,162,0.531524078953729,12.756577894889496,0.1812977999998111,0.1812977999998111,0.1812977999998111,path,path,path,23,0.0,0.0,False,,,False,1,path,64,4,RL+Path,4
best,C:\Users\erich\Documents\AFRL\Algebraic-Connectivity-Optimization-CDC2026\lite_trials\sweep\balanced\checkpoints\best.pt,ppo,7000,C:\Users\erich\Documents\AFRL\Algebraic-Connectivity-Optimization-CDC2026\lite_trials\lite_config.yaml,full,24,0.711462450593,0,203,203,0.7114624505928854,180,0.9267763964979921,22.242633515951812,0.20574860000033368,0.20574860000033368,0.20574860000033368,path,path,path,23,0.0,0.0,False,,,False,1,path,64,4,RL+Path,0
best,C:\Users\erich\Documents\AFRL\Algebraic-Connectivity-Optimization-CDC2026\lite_trials\sweep\balanced\checkpoints\best.pt,ppo,7000,C:\Users\erich\Documents\AFRL\Algebraic-Connectivity-Optimization-CDC2026\lite_trials\lite_config.yaml,full,24,0.711462450593,1,203,203,0.7114624505928854,180,0.9267763964979921,22.242633515951812,0.205801999999494,0.205801999999494,0.205801999999494,path,path,path,23,0.0,0.0,False,,,False,1,path,64,4,RL+Path,1
best,C:\Users\erich\Documents\AFRL\Algebraic-Connectivity-Optimization-CDC2026\lite_trials\sweep\balanced\checkpoints\best.pt,ppo,7000,C:\Users\erich\Documents\AFRL\Algebraic-Connectivity-Optimization-CDC2026\lite_trials\lite_config.yaml,full,24,0.711462450593,2,203,203,0.7114624505928854,180,0.9267763964979921,22.242633515951812,0.1977446000000782,0.1977446000000782,0.1977446000000782,path,path,path,23,0.0,0.0,False,,,False,1,path,64,4,RL+Path,2
best,C:\Users\erich\Documents\AFRL\Algebraic-Connectivity-Optimization-CDC2026\lite_trials\sweep\balanced\checkpoints\best.pt,ppo,7000,C:\Users\erich\Documents\AFRL\Algebraic-Connectivity-Optimization-CDC2026\lite_trials\lite_config.yaml,full,24,0.711462450593,3,203,203,0.7114624505928854,180,0.9267763964979921,22.242633515951812,0.2003656000006231,0.2003656000006231,0.2003656000006231,path,path,path,23,0.0,0.0,False,,,False,1,path,64,4,RL+Path,3
best,C:\Users\erich\Documents\AFRL\Algebraic-Connectivity-Optimization-CDC2026\lite_trials\sweep\balanced\checkpoints\best.pt,ppo,7000,C:\Users\erich\Documents\AFRL\Algebraic-Connectivity-Optimization-CDC2026\lite_trials\lite_config.yaml,full,24,0.711462450593,4,203,203,0.7114624505928854,180,0.9267763964979921,22.242633515951812,0.2224937000000864,0.2224937000000864,0.2224937000000864,path,path,path,23,0.0,0.0,False,,,False,1,path,64,4,RL+Path,4
best,C:\Users\erich\Documents\AFRL\Algebraic-Connectivity-Optimization-CDC2026\lite_trials\sweep\balanced\checkpoints\best.pt,ppo,7000,C:\Users\erich\Documents\AFRL\Algebraic-Connectivity-Optimization-CDC2026\lite_trials\lite_config.yaml,full,24,0.782608695652,0,221,221,0.782608695652174,198,0.8017611606654276,19.242267855970262,0.22828849999950762,0.22828849999950762,0.22828849999950762,path,path,path,23,0.0,0.0,False,,,False,1,path,64,4,RL+Path,0
best,C:\Users\erich\Documents\AFRL\Algebraic-Connectivity-Optimization-CDC2026\lite_trials\sweep\balanced\checkpoints\best.pt,ppo,7000,C:\Users\erich\Documents\AFRL\Algebraic-Connectivity-Optimization-CDC2026\lite_trials\lite_config.yaml,full,24,0.782608695652,1,221,221,0.782608695652174,198,0.8017611606654276,19.242267855970262,0.22345399999994697,0.22345399999994697,0.22345399999994697,path,path,path,23,0.0,0.0,False,,,False,1,path,64,4,RL+Path,1
best,C:\Users\erich\Documents\AFRL\Algebraic-Connectivity-Optimization-CDC2026\lite_trials\sweep\balanced\checkpoints\best.pt,ppo,7000,C:\Users\erich\Documents\AFRL\Algebraic-Connectivity-Optimization-CDC2026\lite_trials\lite_config.yaml,full,24,0.782608695652,2,221,221,0.782608695652174,198,0.8017611606654276,19.242267855970262,0.22617129999980534,0.22617129999980534,0.22617129999980534,path,path,path,23,0.0,0.0,False,,,False,1,path,64,4,RL+Path,2
best,C:\Users\erich\Documents\AFRL\Algebraic-Connectivity-Optimization-CDC2026\lite_trials\sweep\balanced\checkpoints\best.pt,ppo,7000,C:\Users\erich\Documents\AFRL\Algebraic-Connectivity-Optimization-CDC2026\lite_trials\lite_config.yaml,full,24,0.782608695652,3,221,221,0.782608695652174,198,0.8017611606654276,19.242267855970262,0.21868329999961134,0.21868329999961134,0.21868329999961134,path,path,path,23,0.0,0.0,False,,,False,1,path,64,4,RL+Path,3
best,C:\Users\erich\Documents\AFRL\Algebraic-Connectivity-Optimization-CDC2026\lite_trials\sweep\balanced\checkpoints\best.pt,ppo,7000,C:\Users\erich\Documents\AFRL\Algebraic-Connectivity-Optimization-CDC2026\lite_trials\lite_config.yaml,full,24,0.782608695652,4,221,221,0.782608695652174,198,0.8017611606654276,19.242267855970262,0.23232710000047518,0.23232710000047518,0.23232710000047518,path,path,path,23,0.0,0.0,False,,,False,1,path,64,4,RL+Path,4
best,C:\Users\erich\Documents\AFRL\Algebraic-Connectivity-Optimization-CDC2026\lite_trials\sweep\balanced\checkpoints\best.pt,ppo,7000,C:\Users\erich\Documents\AFRL\Algebraic-Connectivity-Optimization-CDC2026\lite_trials\lite_config.yaml,full,24,0.853754940711,0,239,239,0.8537549407114624,216,0.9589822486140197,23.015573966736472,0.24949299999934738,0.24949299999934738,0.24949299999934738,path,path,path,23,0.0,0.0,False,,,False,1,path,64,4,RL+Path,0
best,C:\Users\erich\Documents\AFRL\Algebraic-Connectivity-Optimization-CDC2026\lite_trials\sweep\balanced\checkpoints\best.pt,ppo,7000,C:\Users\erich\Documents\AFRL\Algebraic-Connectivity-Optimization-CDC2026\lite_trials\lite_config.yaml,full,24,0.853754940711,1,239,239,0.8537549407114624,216,0.9589822486140197,23.015573966736472,0.2413728000001356,0.2413728000001356,0.2413728000001356,path,path,path,23,0.0,0.0,False,,,False,1,path,64,4,RL+Path,1
best,C:\Users\erich\Documents\AFRL\Algebraic-Connectivity-Optimization-CDC2026\lite_trials\sweep\balanced\checkpoints\best.pt,ppo,7000,C:\Users\erich\Documents\AFRL\Algebraic-Connectivity-Optimization-CDC2026\lite_trials\lite_config.yaml,full,24,0.853754940711,2,239,239,0.8537549407114624,216,0.9589822486140197,23.015573966736472,0.24404099999992468,0.24404099999992468,0.24404099999992468,path,path,path,23,0.0,0.0,False,,,False,1,path,64,4,RL+Path,2
best,C:\Users\erich\Documents\AFRL\Algebraic-Connectivity-Optimization-CDC2026\lite_trials\sweep\balanced\checkpoints\best.pt,ppo,7000,C:\Users\erich\Documents\AFRL\Algebraic-Connectivity-Optimization-CDC2026\lite_trials\lite_config.yaml,full,24,0.853754940711,3,239,239,0.8537549407114624,216,0.9589822486140197,23.015573966736472,0.2503205999992133,0.2503205999992133,0.2503205999992133,path,path,path,23,0.0,0.0,False,,,False,1,path,64,4,RL+Path,3
best,C:\Users\erich\Documents\AFRL\Algebraic-Connectivity-Optimization-CDC2026\lite_trials\sweep\balanced\checkpoints\best.pt,ppo,7000,C:\Users\erich\Documents\AFRL\Algebraic-Connectivity-Optimization-CDC2026\lite_trials\lite_config.yaml,full,24,0.853754940711,4,239,239,0.8537549407114624,216,0.9589822486140197,23.015573966736472,0.24524229999951785,0.24524229999951785,0.24524229999951785,path,path,path,23,0.0,0.0,False,,,False,1,path,64,4,RL+Path,4
best,C:\Users\erich\Documents\AFRL\Algebraic-Connectivity-Optimization-CDC2026\lite_trials\sweep\balanced\checkpoints\best.pt,ppo,7000,C:\Users\erich\Documents\AFRL\Algebraic-Connectivity-Optimization-CDC2026\lite_trials\lite_config.yaml,full,24,0.924901185771,0,257,257,0.924901185770751,234,0.9952885023890717,23.886924057337723,0.2692012000006798,0.2692012000006798,0.2692012000006798,path,path,path,23,0.0,0.0,False,,,False,1,path,64,4,RL+Path,0
best,C:\Users\erich\Documents\AFRL\Algebraic-Connectivity-Optimization-CDC2026\lite_trials\sweep\balanced\checkpoints\best.pt,ppo,7000,C:\Users\erich\Documents\AFRL\Algebraic-Connectivity-Optimization-CDC2026\lite_trials\lite_config.yaml,full,24,0.924901185771,1,257,257,0.924901185770751,234,0.9952885023890717,23.886924057337723,0.27405910000015865,0.27405910000015865,0.27405910000015865,path,path,path,23,0.0,0.0,False,,,False,1,path,64,4,RL+Path,1
best,C:\Users\erich\Documents\AFRL\Algebraic-Connectivity-Optimization-CDC2026\lite_trials\sweep\balanced\checkpoints\best.pt,ppo,7000,C:\Users\erich\Documents\AFRL\Algebraic-Connectivity-Optimization-CDC2026\lite_trials\lite_config.yaml,full,24,0.924901185771,2,257,257,0.924901185770751,234,0.9952885023890717,23.886924057337723,0.28276129999994737,0.28276129999994737,0.28276129999994737,path,path,path,23,0.0,0.0,False,,,False,1,path,64,4,RL+Path,2
best,C:\Users\erich\Documents\AFRL\Algebraic-Connectivity-Optimization-CDC2026\lite_trials\sweep\balanced\checkpoints\best.pt,ppo,7000,C:\Users\erich\Documents\AFRL\Algebraic-Connectivity-Optimization-CDC2026\lite_trials\lite_config.yaml,full,24,0.924901185771,3,257,257,0.924901185770751,234,0.9952885023890717,23.886924057337723,0.2555836999999883,0.2555836999999883,0.2555836999999883,path,path,path,23,0.0,0.0,False,,,False,1,path,64,4,RL+Path,3
best,C:\Users\erich\Documents\AFRL\Algebraic-Connectivity-Optimization-CDC2026\lite_trials\sweep\balanced\checkpoints\best.pt,ppo,7000,C:\Users\erich\Documents\AFRL\Algebraic-Connectivity-Optimization-CDC2026\lite_trials\lite_config.yaml,full,24,0.924901185771,4,257,257,0.924901185770751,234,0.9952885023890717,23.886924057337723,0.2688028000002305,0.2688028000002305,0.2688028000002305,path,path,path,23,0.0,0.0,False,,,False,1,path,64,4,RL+Path,4
best,C:\Users\erich\Documents\AFRL\Algebraic-Connectivity-Optimization-CDC2026\lite_trials\sweep\balanced\checkpoints\best.pt,ppo,7000,C:\Users\erich\Documents\AFRL\Algebraic-Connectivity-Optimization-CDC2026\lite_trials\lite_config.yaml,full,24,0.99604743083,0,275,275,0.9960474308300395,252,0.9999999999999997,23.999999999999993,0.2891650000001391,0.2891650000001391,0.2891650000001391,path,path,path,23,0.0,0.0,False,,,False,1,path,64,4,RL+Path,0
best,C:\Users\erich\Documents\AFRL\Algebraic-Connectivity-Optimization-CDC2026\lite_trials\sweep\balanced\checkpoints\best.pt,ppo,7000,C:\Users\erich\Documents\AFRL\Algebraic-Connectivity-Optimization-CDC2026\lite_trials\lite_config.yaml,full,24,0.99604743083,1,275,275,0.9960474308300395,252,0.9999999999999997,23.999999999999993,0.28430849999949714,0.28430849999949714,0.28430849999949714,path,path,path,23,0.0,0.0,False,,,False,1,path,64,4,RL+Path,1
best,C:\Users\erich\Documents\AFRL\Algebraic-Connectivity-Optimization-CDC2026\lite_trials\sweep\balanced\checkpoints\best.pt,ppo,7000,C:\Users\erich\Documents\AFRL\Algebraic-Connectivity-Optimization-CDC2026\lite_trials\lite_config.yaml,full,24,0.99604743083,2,275,275,0.9960474308300395,252,0.9999999999999997,23.999999999999993,0.299519500000315,0.299519500000315,0.299519500000315,path,path,path,23,0.0,0.0,False,,,False,1,path,64,4,RL+Path,2
best,C:\Users\erich\Documents\AFRL\Algebraic-Connectivity-Optimization-CDC2026\lite_trials\sweep\balanced\checkpoints\best.pt,ppo,7000,C:\Users\erich\Documents\AFRL\Algebraic-Connectivity-Optimization-CDC2026\lite_trials\lite_config.yaml,full,24,0.99604743083,3,275,275,0.9960474308300395,252,0.9999999999999997,23.999999999999993,0.29392579999966983,0.29392579999966983,0.29392579999966983,path,path,path,23,0.0,0.0,False,,,False,1,path,64,4,RL+Path,3
best,C:\Users\erich\Documents\AFRL\Algebraic-Connectivity-Optimization-CDC2026\lite_trials\sweep\balanced\checkpoints\best.pt,ppo,7000,C:\Users\erich\Documents\AFRL\Algebraic-Connectivity-Optimization-CDC2026\lite_trials\lite_config.yaml,full,24,0.99604743083,4,275,275,0.9960474308300395,252,0.9999999999999997,23.999999999999993,0.2939785999997184,0.2939785999997184,0.2939785999997184,path,path,path,23,0.0,0.0,False,,,False,1,path,64,4,RL+Path,4
best,C:\Users\erich\Documents\AFRL\Algebraic-Connectivity-Optimization-CDC2026\lite_trials\sweep\balanced\checkpoints\best.pt,ppo,7000,C:\Users\erich\Documents\AFRL\Algebraic-Connectivity-Optimization-CDC2026\lite_trials\lite_config.yaml,full,24,0.00395256917,0,24,24,0.003952569169960474,1,0.04166666666666659,0.9999999999999981,0.003495699999803037,0.003495699999803037,0.003988599999502185,backbone,envelope_only,envelope,23,1.0,0.0004928999996991479,False,,,False,1,envelope,64,4,RL+Backbone,0
best,C:\Users\erich\Documents\AFRL\Algebraic-Connectivity-Optimization-CDC2026\lite_trials\sweep\balanced\checkpoints\best.pt,ppo,7000,C:\Users\erich\Documents\AFRL\Algebraic-Connectivity-Optimization-CDC2026\lite_trials\lite_config.yaml,full,24,0.00395256917,1,24,24,0.003952569169960474,1,0.04166666666666659,0.9999999999999981,0.0010267000006933813,0.0010267000006933813,0.0011529000012160395,backbone,envelope_only,envelope,23,1.0,0.00012620000052265823,False,,,False,1,envelope,64,4,RL+Backbone,1
best,C:\Users\erich\Documents\AFRL\Algebraic-Connectivity-Optimization-CDC2026\lite_trials\sweep\balanced\checkpoints\best.pt,ppo,7000,C:\Users\erich\Documents\AFRL\Algebraic-Connectivity-Optimization-CDC2026\lite_trials\lite_config.yaml,full,24,0.00395256917,2,24,24,0.003952569169960474,1,0.04166666666666659,0.9999999999999981,0.0011827000007542665,0.0011827000007542665,0.001279400000385067,backbone,envelope_only,envelope,23,1.0,9.669999963080045e-05,False,,,False,1,envelope,64,4,RL+Backbone,2
best,C:\Users\erich\Documents\AFRL\Algebraic-Connectivity-Optimization-CDC2026\lite_trials\sweep\balanced\checkpoints\best.pt,ppo,7000,C:\Users\erich\Documents\AFRL\Algebraic-Connectivity-Optimization-CDC2026\lite_trials\lite_config.yaml,full,24,0.00395256917,3,24,24,0.003952569169960474,1,0.04166666666666659,0.9999999999999981,0.0009559000000081141,0.0009559000000081141,0.0010455999999976484,backbone,envelope_only,envelope,23,1.0,8.969999998953426e-05,False,,,False,1,envelope,64,4,RL+Backbone,3
best,C:\Users\erich\Documents\AFRL\Algebraic-Connectivity-Optimization-CDC2026\lite_trials\sweep\balanced\checkpoints\best.pt,ppo,7000,C:\Users\erich\Documents\AFRL\Algebraic-Connectivity-Optimization-CDC2026\lite_trials\lite_config.yaml,full,24,0.00395256917,4,24,24,0.003952569169960474,1,0.04166666666666659,0.9999999999999981,0.0010242999996989965,0.0010242999996989965,0.001114400000005844,backbone,envelope_only,envelope,23,1.0,9.01000003068475e-05,False,,,False,1,envelope,64,4,RL+Backbone,4
best,C:\Users\erich\Documents\AFRL\Algebraic-Connectivity-Optimization-CDC2026\lite_trials\sweep\balanced\checkpoints\best.pt,ppo,7000,C:\Users\erich\Documents\AFRL\Algebraic-Connectivity-Optimization-CDC2026\lite_trials\lite_config.yaml,full,24,0.075098814229,0,42,42,0.07509881422924901,19,0.11559281375476294,2.7742275301143104,0.019554800000150863,0.019554800000150863,0.01964159999988624,backbone,both,envelope,23,1.0,0.00466469999992114,False,,,True,2,"cayley,envelope",64,4,RL+Backbone,0
best,C:\Users\erich\Documents\AFRL\Algebraic-Connectivity-Optimization-CDC2026\lite_trials\sweep\balanced\checkpoints\best.pt,ppo,7000,C:\Users\erich\Documents\AFRL\Algebraic-Connectivity-Optimization-CDC2026\lite_trials\lite_config.yaml,full,24,0.075098814229,1,42,42,0.07509881422924901,19,0.11559281375476294,2.7742275301143104,0.016147299999829556,0.016147299999829556,0.01624450000053912,backbone,both,envelope,23,1.0,0.004614000000401575,False,,,True,2,"cayley,envelope",64,4,RL+Backbone,1
best,C:\Users\erich\Documents\AFRL\Algebraic-Connectivity-Optimization-CDC2026\lite_trials\sweep\balanced\checkpoints\best.pt,ppo,7000,C:\Users\erich\Documents\AFRL\Algebraic-Connectivity-Optimization-CDC2026\lite_trials\lite_config.yaml,full,24,0.075098814229,2,42,42,0.07509881422924901,19,0.11559281375476294,2.7742275301143104,0.017236700000466953,0.017236700000466953,0.017343600000458537,backbone,both,envelope,23,1.0,0.004277099999853817,False,,,True,2,"cayley,envelope",64,4,RL+Backbone,2
best,C:\Users\erich\Documents\AFRL\Algebraic-Connectivity-Optimization-CDC2026\lite_trials\sweep\balanced\checkpoints\best.pt,ppo,7000,C:\Users\erich\Documents\AFRL\Algebraic-Connectivity-Optimization-CDC2026\lite_trials\lite_config.yaml,full,24,0.075098814229,3,42,42,0.07509881422924901,19,0.11559281375476294,2.7742275301143104,0.017665299999862327,0.017665299999862327,0.017833599999903527,backbone,both,envelope,23,1.0,0.004288699999960954,False,,,True,2,"cayley,envelope",64,4,RL+Backbone,3
best,C:\Users\erich\Documents\AFRL\Algebraic-Connectivity-Optimization-CDC2026\lite_trials\sweep\balanced\checkpoints\best.pt,ppo,7000,C:\Users\erich\Documents\AFRL\Algebraic-Connectivity-Optimization-CDC2026\lite_trials\lite_config.yaml,full,24,0.075098814229,4,42,42,0.07509881422924901,19,0.11559281375476294,2.7742275301143104,0.01712989999941783,0.01712989999941783,0.017252399999051704,backbone,both,envelope,23,1.0,0.0043774999994639074,False,,,True,2,"cayley,envelope",64,4,RL+Backbone,4
best,C:\Users\erich\Documents\AFRL\Algebraic-Connectivity-Optimization-CDC2026\lite_trials\sweep\balanced\checkpoints\best.pt,ppo,7000,C:\Users\erich\Documents\AFRL\Algebraic-Connectivity-Optimization-CDC2026\lite_trials\lite_config.yaml,full,24,0.146245059289,0,60,60,0.14624505928853754,0,0.12499999999999979,2.999999999999995,1.9999970390927047e-07,1.9999970390927047e-07,0.006543699999383534,backbone,cayley_only,cayley,60,2.9999999999999987,0.006543499999679625,False,2,,False,1,cayley,64,4,RL+Backbone,0
best,C:\Users\erich\Documents\AFRL\Algebraic-Connectivity-Optimization-CDC2026\lite_trials\sweep\balanced\checkpoints\best.pt,ppo,7000,C:\Users\erich\Documents\AFRL\Algebraic-Connectivity-Optimization-CDC2026\lite_trials\lite_config.yaml,full,24,0.146245059289,1,60,60,0.14624505928853754,0,0.12499999999999979,2.999999999999995,2.999995558639057e-07,2.999995558639057e-07,0.00785970000015368,backbone,cayley_only,cayley,60,2.9999999999999987,0.007859400000597816,False,2,,False,1,cayley,64,4,RL+Backbone,1
best,C:\Users\erich\Documents\AFRL\Algebraic-Connectivity-Optimization-CDC2026\lite_trials\sweep\balanced\checkpoints\best.pt,ppo,7000,C:\Users\erich\Documents\AFRL\Algebraic-Connectivity-Optimization-CDC2026\lite_trials\lite_config.yaml,full,24,0.146245059289,2,60,60,0.14624505928853754,0,0.12499999999999993,2.9999999999999982,2.0000061340397224e-07,2.0000061340397224e-07,0.007734300001175143,backbone,cayley_only,cayley,60,2.999999999999999,0.007734100000561739,False,2,,False,1,cayley,64,4,RL+Backbone,2
best,C:\Users\erich\Documents\AFRL\Algebraic-Connectivity-Optimization-CDC2026\lite_trials\sweep\balanced\checkpoints\best.pt,ppo,7000,C:\Users\erich\Documents\AFRL\Algebraic-Connectivity-Optimization-CDC2026\lite_trials\lite_config.yaml,full,24,0.146245059289,3,60,60,0.14624505928853754,0,0.12499999999999989,2.9999999999999973,9.999985195463523e-08,9.999985195463523e-08,0.006418699999812816,backbone,cayley_only,cayley,60,2.9999999999999987,0.006418599999960861,False,2,,False,1,cayley,64,4,RL+Backbone,3
best,C:\Users\erich\Documents\AFRL\Algebraic-Connectivity-Optimization-CDC2026\lite_trials\sweep\balanced\checkpoints\best.pt,ppo,7000,C:\Users\erich\Documents\AFRL\Algebraic-Connectivity-Optimization-CDC2026\lite_trials\lite_config.yaml,full,24,0.146245059289,4,60,60,0.14624505928853754,0,0.12499999999999993,2.9999999999999982,9.999985195463523e-08,9.999985195463523e-08,0.006898200000250654,backbone,cayley_only,cayley,60,2.999999999999999,0.006898100000398699,False,2,,False,1,cayley,64,4,RL+Backbone,4
best,C:\Users\erich\Documents\AFRL\Algebraic-Connectivity-Optimization-CDC2026\lite_trials\sweep\balanced\checkpoints\best.pt,ppo,7000,C:\Users\erich\Documents\AFRL\Algebraic-Connectivity-Optimization-CDC2026\lite_trials\lite_config.yaml,full,24,0.217391304348,0,78,78,0.21739130434782608,6,0.23172339726640054,5.561361534393613,0.006178900000122667,0.006178900000122667,0.01334580000002461,backbone,cayley_only,cayley,72,3.7639320225002106,0.007166899999901943,False,2,,False,1,cayley,64,4,RL+Backbone,0
best,C:\Users\erich\Documents\AFRL\Algebraic-Connectivity-Optimization-CDC2026\lite_trials\sweep\balanced\checkpoints\best.pt,ppo,7000,C:\Users\erich\Documents\AFRL\Algebraic-Connectivity-Optimization-CDC2026\lite_trials\lite_config.yaml,full,24,0.217391304348,1,78,78,0.21739130434782608,6,0.23172339726640054,5.561361534393613,0.008573400000386755,0.008573400000386755,0.015920900000310212,backbone,cayley_only,cayley,72,3.7639320225002106,0.007347499999923457,False,2,,False,1,cayley,64,4,RL+Backbone,1
best,C:\Users\erich\Documents\AFRL\Algebraic-Connectivity-Optimization-CDC2026\lite_trials\sweep\balanced\checkpoints\best.pt,ppo,7000,C:\Users\erich\Documents\AFRL\Algebraic-Connectivity-Optimization-CDC2026\lite_trials\lite_config.yaml,full,24,0.217391304348,2,78,78,0.21739130434782608,6,0.21425973857898173,5.1422337258955615,0.009202799999911804,0.009202799999911804,0.018724599999586644,backbone,cayley_only,cayley,72,3.7639320225002106,0.00952179999967484,False,2,,False,1,cayley,64,4,RL+Backbone,2
best,C:\Users\erich\Documents\AFRL\Algebraic-Connectivity-Optimization-CDC2026\lite_trials\sweep\balanced\checkpoints\best.pt,ppo,7000,C:\Users\erich\Documents\AFRL\Algebraic-Connectivity-Optimization-CDC2026\lite_trials\lite_config.yaml,full,24,0.217391304348,3,78,78,0.21739130434782608,6,0.21313746204139802,5.115299088993552,0.00574860000051558,0.00574860000051558,0.015588900000693684,backbone,cayley_only,cayley,72,3.763932022500211,0.009840300000178104,False,2,,False,1,cayley,64,4,RL+Backbone,3
best,C:\Users\erich\Documents\AFRL\Algebraic-Connectivity-Optimization-CDC2026\lite_trials\sweep\balanced\checkpoints\best.pt,ppo,7000,C:\Users\erich\Documents\AFRL\Algebraic-Connectivity-Optimization-CDC2026\lite_trials\lite_config.yaml,full,24,0.217391304348,4,78,78,0.21739130434782608,6,0.21313746204139802,5.115299088993552,0.005311400000209687,0.005311400000209687,0.012286300000596384,backbone,cayley_only,cayley,72,3.763932022500211,0.006974900000386697,False,2,,False,1,cayley,64,4,RL+Backbone,4
best,C:\Users\erich\Documents\AFRL\Algebraic-Connectivity-Optimization-CDC2026\lite_trials\sweep\balanced\checkpoints\best.pt,ppo,7000,C:\Users\erich\Documents\AFRL\Algebraic-Connectivity-Optimization-CDC2026\lite_trials\lite_config.yaml,full,24,0.288537549407,0,96,96,0.2885375494071146,0,0.24999999999999975,5.999999999999994,9.999985195463523e-08,9.999985195463523e-08,0.0070927999995547,backbone,cayley_only,cayley,96,6.0,0.007092699999702745,False,2,,False,1,cayley,64,4,RL+Backbone,0
best,C:\Users\erich\Documents\AFRL\Algebraic-Connectivity-Optimization-CDC2026\lite_trials\sweep\balanced\checkpoints\best.pt,ppo,7000,C:\Users\erich\Documents\AFRL\Algebraic-Connectivity-Optimization-CDC2026\lite_trials\lite_config.yaml,full,24,0.288537549407,1,96,96,0.2885375494071146,0,0.24999999999999975,5.999999999999994,9.999985195463523e-08,9.999985195463523e-08,0.006258399999751418,backbone,cayley_only,cayley,96,6.0,0.006258299999899464,False,2,,False,1,cayley,64,4,RL+Backbone,1
best,C:\Users\erich\Documents\AFRL\Algebraic-Connectivity-Optimization-CDC2026\lite_trials\sweep\balanced\checkpoints\best.pt,ppo,7000,C:\Users\erich\Documents\AFRL\Algebraic-Connectivity-Optimization-CDC2026\lite_trials\lite_config.yaml,full,24,0.288537549407,2,96,96,0.2885375494071146,0,0.2499999999999999,5.999999999999997,9.999985195463523e-08,9.999985195463523e-08,0.006808600000113074,backbone,cayley_only,cayley,96,6.0,0.00680850000026112,False,2,,False,1,cayley,64,4,RL+Backbone,2
best,C:\Users\erich\Documents\AFRL\Algebraic-Connectivity-Optimization-CDC2026\lite_trials\sweep\balanced\checkpoints\best.pt,ppo,7000,C:\Users\erich\Documents\AFRL\Algebraic-Connectivity-Optimization-CDC2026\lite_trials\lite_config.yaml,full,24,0.288537549407,3,96,96,0.2885375494071146,0,0.2499999999999999,5.999999999999997,1.00000761449337e-07,1.00000761449337e-07,0.006688300000860181,backbone,cayley_only,cayley,96,6.0,0.006688200000098732,False,2,,False,1,cayley,64,4,RL+Backbone,3
best,C:\Users\erich\Documents\AFRL\Algebraic-Connectivity-Optimization-CDC2026\lite_trials\sweep\balanced\checkpoints\best.pt,ppo,7000,C:\Users\erich\Documents\AFRL\Algebraic-Connectivity-Optimization-CDC2026\lite_trials\lite_config.yaml,full,24,0.288537549407,4,96,96,0.2885375494071146,0,0.24999999999999975,5.999999999999994,1.9999970390927047e-07,1.9999970390927047e-07,0.006362500000250293,backbone,cayley_only,cayley,96,6.0,0.006362300000546384,False,2,,False,1,cayley,64,4,RL+Backbone,4
best,C:\Users\erich\Documents\AFRL\Algebraic-Connectivity-Optimization-CDC2026\lite_trials\sweep\balanced\checkpoints\best.pt,ppo,7000,C:\Users\erich\Documents\AFRL\Algebraic-Connectivity-Optimization-CDC2026\lite_trials\lite_config.yaml,full,24,0.359683794466,0,114,114,0.35968379446640314,6,0.3309690153378657,7.943256368108777,0.006352899999910733,0.006352899999910733,0.011271700000179408,backbone,cayley_only,cayley,108,6.763932022500214,0.004918800000268675,False,2,,False,1,cayley,64,4,RL+Backbone,0
best,C:\Users\erich\Documents\AFRL\Algebraic-Connectivity-Optimization-CDC2026\lite_trials\sweep\balanced\checkpoints\best.pt,ppo,7000,C:\Users\erich\Documents\AFRL\Algebraic-Connectivity-Optimization-CDC2026\lite_trials\lite_config.yaml,full,24,0.359683794466,1,114,114,0.35968379446640314,6,0.3309690153378657,7.943256368108777,0.00646359999973356,0.00646359999973356,0.01147690000016155,backbone,cayley_only,cayley,108,6.763932022500214,0.005013300000427989,False,2,,False,1,cayley,64,4,RL+Backbone,1
best,C:\Users\erich\Documents\AFRL\Algebraic-Connectivity-Optimization-CDC2026\lite_trials\sweep\balanced\checkpoints\best.pt,ppo,7000,C:\Users\erich\Documents\AFRL\Algebraic-Connectivity-Optimization-CDC2026\lite_trials\lite_config.yaml,full,24,0.359683794466,2,114,114,0.35968379446640314,6,0.3309690153378657,7.943256368108777,0.006023300000379095,0.006023300000379095,0.01086570000006759,backbone,cayley_only,cayley,108,6.763932022500214,0.004842399999688496,False,2,,False,1,cayley,64,4,RL+Backbone,2
best,C:\Users\erich\Documents\AFRL\Algebraic-Connectivity-Optimization-CDC2026\lite_trials\sweep\balanced\checkpoints\best.pt,ppo,7000,C:\Users\erich\Documents\AFRL\Algebraic-Connectivity-Optimization-CDC2026\lite_trials\lite_config.yaml,full,24,0.359683794466,3,114,114,0.35968379446640314,6,0.3309690153378657,7.943256368108777,0.006220500000381435,0.006220500000381435,0.011153500000546046,backbone,cayley_only,cayley,108,6.763932022500214,0.004933000000164611,False,2,,False,1,cayley,64,4,RL+Backbone,3
best,C:\Users\erich\Documents\AFRL\Algebraic-Connectivity-Optimization-CDC2026\lite_trials\sweep\balanced\checkpoints\best.pt,ppo,7000,C:\Users\erich\Documents\AFRL\Algebraic-Connectivity-Optimization-CDC2026\lite_trials\lite_config.yaml,full,24,0.359683794466,4,114,114,0.35968379446640314,6,0.3309690153378657,7.943256368108777,0.00570510000034119,0.00570510000034119,0.010717699999986507,backbone,cayley_only,cayley,108,6.763932022500214,0.0050125999996453174,False,2,,False,1,cayley,64,4,RL+Backbone,4
best,C:\Users\erich\Documents\AFRL\Algebraic-Connectivity-Optimization-CDC2026\lite_trials\sweep\balanced\checkpoints\best.pt,ppo,7000,C:\Users\erich\Documents\AFRL\Algebraic-Connectivity-Optimization-CDC2026\lite_trials\lite_config.yaml,full,24,0.430830039526,0,132,132,0.4308300395256917,0,0.4166666666666665,9.999999999999996,2.0000061340397224e-07,2.0000061340397224e-07,0.0033141000003524823,backbone,cayley_only,cayley,132,9.999999999999995,0.0033138999997390783,False,2,,False,1,cayley,64,4,RL+Backbone,0
best,C:\Users\erich\Documents\AFRL\Algebraic-Connectivity-Optimization-CDC2026\lite_trials\sweep\balanced\checkpoints\best.pt,ppo,7000,C:\Users\erich\Documents\AFRL\Algebraic-Connectivity-Optimization-CDC2026\lite_trials\lite_config.yaml,full,24,0.430830039526,1,132,132,0.4308300395256917,0,0.4166666666666665,9.999999999999996,9.999985195463523e-08,9.999985195463523e-08,0.003671599999506725,backbone,cayley_only,cayley,132,9.999999999999995,0.0036714999996547704,False,2,,False,1,cayley,64,4,RL+Backbone,1
best,C:\Users\erich\Documents\AFRL\Algebraic-Connectivity-Optimization-CDC2026\lite_trials\sweep\balanced\checkpoints\best.pt,ppo,7000,C:\Users\erich\Documents\AFRL\Algebraic-Connectivity-Optimization-CDC2026\lite_trials\lite_config.yaml,full,24,0.430830039526,2,132,132,0.4308300395256917,0,0.4166666666666665,9.999999999999996,1.00000761449337e-07,1.00000761449337e-07,0.002722300000641553,backbone,cayley_only,cayley,132,9.999999999999995,0.002722199999880104,False,2,,False,1,cayley,64,4,RL+Backbone,2
best,C:\Users\erich\Documents\AFRL\Algebraic-Connectivity-Optimization-CDC2026\lite_trials\sweep\balanced\checkpoints\best.pt,ppo,7000,C:\Users\erich\Documents\AFRL\Algebraic-Connectivity-Optimization-CDC2026\lite_trials\lite_config.yaml,full,24,0.430830039526,3,132,132,0.4308300395256917,0,0.4166666666666665,9.999999999999996,2.0000061340397224e-07,2.0000061340397224e-07,0.0030674000008730218,backbone,cayley_only,cayley,132,9.999999999999995,0.003067200000259618,False,2,,False,1,cayley,64,4,RL+Backbone,3
best,C:\Users\erich\Documents\AFRL\Algebraic-Connectivity-Optimization-CDC2026\lite_trials\sweep\balanced\checkpoints\best.pt,ppo,7000,C:\Users\erich\Documents\AFRL\Algebraic-Connectivity-Optimization-CDC2026\lite_trials\lite_config.yaml,full,24,0.430830039526,4,132,132,0.4308300395256917,0,0.4166666666666665,9.999999999999996,1.9999970390927047e-07,1.9999970390927047e-07,0.003004000000146334,backbone,cayley_only,cayley,132,9.999999999999995,0.003003800000442425,False,2,,False,1,cayley,64,4,RL+Backbone,4
best,C:\Users\erich\Documents\AFRL\Algebraic-Connectivity-Optimization-CDC2026\lite_trials\sweep\balanced\checkpoints\best.pt,ppo,7000,C:\Users\erich\Documents\AFRL\Algebraic-Connectivity-Optimization-CDC2026\lite_trials\lite_config.yaml,full,24,0.498023715415,0,149,149,0.4980237154150198,5,0.5878086607156248,14.107407857174994,0.006929000000127417,0.006929000000127417,0.009724499999720138,backbone,cayley_only,cayley,144,11.999999999999986,0.002795499999592721,False,2,,False,1,cayley,64,4,RL+Backbone,0
best,C:\Users\erich\Documents\AFRL\Algebraic-Connectivity-Optimization-CDC2026\lite_trials\sweep\balanced\checkpoints\best.pt,ppo,7000,C:\Users\erich\Documents\AFRL\Algebraic-Connectivity-Optimization-CDC2026\lite_trials\lite_config.yaml,full,24,0.498023715415,1,149,149,0.4980237154150198,5,0.5878086607156248,14.107407857174994,0.006349499999487307,0.006349499999487307,0.011236799999096547,backbone,cayley_only,cayley,144,11.999999999999986,0.00488729999960924,False,2,,False,1,cayley,64,4,RL+Backbone,1
best,C:\Users\erich\Documents\AFRL\Algebraic-Connectivity-Optimization-CDC2026\lite_trials\sweep\balanced\checkpoints\best.pt,ppo,7000,C:\Users\erich\Documents\AFRL\Algebraic-Connectivity-Optimization-CDC2026\lite_trials\lite_config.yaml,full,24,0.498023715415,2,149,149,0.4980237154150198,5,0.5878086607156248,14.107407857174994,0.00633410000045842,0.00633410000045842,0.010168400001020927,backbone,cayley_only,cayley,144,11.999999999999986,0.003834300000562507,False,2,,False,1,cayley,64,4,RL+Backbone,2
best,C:\Users\erich\Documents\AFRL\Algebraic-Connectivity-Optimization-CDC2026\lite_trials\sweep\balanced\checkpoints\best.pt,ppo,7000,C:\Users\erich\Documents\AFRL\Algebraic-Connectivity-Optimization-CDC2026\lite_trials\lite_config.yaml,full,24,0.498023715415,3,149,149,0.4980237154150198,5,0.5878086607156248,14.107407857174994,0.0060650000004898175,0.0060650000004898175,0.009836900000664173,backbone,cayley_only,cayley,144,11.999999999999986,0.0037719000001743552,False,2,,False,1,cayley,64,4,RL+Backbone,3
best,C:\Users\erich\Documents\AFRL\Algebraic-Connectivity-Optimization-CDC2026\lite_trials\sweep\balanced\checkpoints\best.pt,ppo,7000,C:\Users\erich\Documents\AFRL\Algebraic-Connectivity-Optimization-CDC2026\lite_trials\lite_config.yaml,full,24,0.498023715415,4,149,149,0.4980237154150198,5,0.5878086607156248,14.107407857174994,0.006190899999637622,0.006190899999637622,0.009149299999990035,backbone,cayley_only,cayley,144,11.999999999999986,0.0029584000003524125,False,2,,False,1,cayley,64,4,RL+Backbone,4
best,C:\Users\erich\Documents\AFRL\Algebraic-Connectivity-Optimization-CDC2026\lite_trials\sweep\balanced\checkpoints\best.pt,ppo,7000,C:\Users\erich\Documents\AFRL\Algebraic-Connectivity-Optimization-CDC2026\lite_trials\lite_config.yaml,full,24,0.569169960474,0,167,167,0.5691699604743083,11,0.6556431344678607,15.735435227228656,0.011587300000428513,0.011587300000428513,0.016419800000221585,backbone,both,cayley,156,11.999999999999996,0.004832499999793072,False,2,,True,2,"cayley,envelope",64,4,RL+Backbone,0
best,C:\Users\erich\Documents\AFRL\Algebraic-Connectivity-Optimization-CDC2026\lite_trials\sweep\balanced\checkpoints\best.pt,ppo,7000,C:\Users\erich\Documents\AFRL\Algebraic-Connectivity-Optimization-CDC2026\lite_trials\lite_config.yaml,full,24,0.569169960474,1,167,167,0.5691699604743083,11,0.6556431344678607,15.735435227228656,0.013793799999803014,0.013793799999803014,0.01901480000014999,backbone,both,cayley,156,11.999999999999996,0.005221000000346976,False,2,,True,2,"cayley,envelope",64,4,RL+Backbone,1
best,C:\Users\erich\Documents\AFRL\Algebraic-Connectivity-Optimization-CDC2026\lite_trials\sweep\balanced\checkpoints\best.pt,ppo,7000,C:\Users\erich\Documents\AFRL\Algebraic-Connectivity-Optimization-CDC2026\lite_trials\lite_config.yaml,full,24,0.569169960474,2,167,167,0.5691699604743083,11,0.6556431344678607,15.735435227228656,0.013691099999959988,0.013691099999959988,0.020498200000474753,backbone,both,cayley,156,11.999999999999996,0.006807100000514765,False,2,,True,2,"cayley,envelope",64,4,RL+Backbone,2
best,C:\Users\erich\Documents\AFRL\Algebraic-Connectivity-Optimization-CDC2026\lite_trials\sweep\balanced\checkpoints\best.pt,ppo,7000,C:\Users\erich\Documents\AFRL\Algebraic-Connectivity-Optimization-CDC2026\lite_trials\lite_config.yaml,full,24,0.569169960474,3,167,167,0.5691699604743083,11,0.6556431344678607,15.735435227228656,0.01123619999998482,0.01123619999998482,0.017882299999655515,backbone,both,cayley,156,11.999999999999996,0.006646099999670696,False,2,,True,2,"cayley,envelope",64,4,RL+Backbone,3
best,C:\Users\erich\Documents\AFRL\Algebraic-Connectivity-Optimization-CDC2026\lite_trials\sweep\balanced\checkpoints\best.pt,ppo,7000,C:\Users\erich\Documents\AFRL\Algebraic-Connectivity-Optimization-CDC2026\lite_trials\lite_config.yaml,full,24,0.569169960474,4,167,167,0.5691699604743083,11,0.6556431344678607,15.735435227228656,0.013860900000508991,0.013860900000508991,0.0204916000011508,backbone,both,cayley,156,11.999999999999996,0.006630700000641809,False,2,,True,2,"cayley,envelope",64,4,RL+Backbone,4
best,C:\Users\erich\Documents\AFRL\Algebraic-Connectivity-Optimization-CDC2026\lite_trials\sweep\balanced\checkpoints\best.pt,ppo,7000,C:\Users\erich\Documents\AFRL\Algebraic-Connectivity-Optimization-CDC2026\lite_trials\lite_config.yaml,full,24,0.640316205534,0,185,185,0.6403162055335968,5,0.6434848875682535,15.443637301638084,0.020633799999814073,0.020633799999814073,0.02433889999974781,backbone,both,envelope,180,14.0,0.0037050999999337364,False,,,True,2,"cayley,envelope",64,4,RL+Backbone,0
best,C:\Users\erich\Documents\AFRL\Algebraic-Connectivity-Optimization-CDC2026\lite_trials\sweep\balanced\checkpoints\best.pt,ppo,7000,C:\Users\erich\Documents\AFRL\Algebraic-Connectivity-Optimization-CDC2026\lite_trials\lite_config.yaml,full,24,0.640316205534,1,185,185,0.6403162055335968,5,0.6434848875682535,15.443637301638084,0.02004029999989143,0.02004029999989143,0.022941399999581336,backbone,both,envelope,180,14.0,0.0029010999996899045,False,,,True,2,"cayley,envelope",64,4,RL+Backbone,1
best,C:\Users\erich\Documents\AFRL\Algebraic-Connectivity-Optimization-CDC2026\lite_trials\sweep\balanced\checkpoints\best.pt,ppo,7000,C:\Users\erich\Documents\AFRL\Algebraic-Connectivity-Optimization-CDC2026\lite_trials\lite_config.yaml,full,24,0.640316205534,2,185,185,0.6403162055335968,5,0.6434848875682535,15.443637301638084,0.021052400000371563,0.021052400000371563,0.024704100000235485,backbone,both,envelope,180,14.0,0.003651699999863922,False,,,True,2,"cayley,envelope",64,4,RL+Backbone,2
best,C:\Users\erich\Documents\AFRL\Algebraic-Connectivity-Optimization-CDC2026\lite_trials\sweep\balanced\checkpoints\best.pt,ppo,7000,C:\Users\erich\Documents\AFRL\Algebraic-Connectivity-Optimization-CDC2026\lite_trials\lite_config.yaml,full,24,0.640316205534,3,185,185,0.6403162055335968,5,0.6434848875682535,15.443637301638084,0.021134300000085204,0.021134300000085204,0.024944100000539038,backbone,both,envelope,180,14.0,0.0038098000004538335,False,,,True,2,"cayley,envelope",64,4,RL+Backbone,3
best,C:\Users\erich\Documents\AFRL\Algebraic-Connectivity-Optimization-CDC2026\lite_trials\sweep\balanced\checkpoints\best.pt,ppo,7000,C:\Users\erich\Documents\AFRL\Algebraic-Connectivity-Optimization-CDC2026\lite_trials\lite_config.yaml,full,24,0.640316205534,4,185,185,0.6403162055335968,5,0.6434848875682535,15.443637301638084,0.018717500000093423,0.018717500000093423,0.021292800000082934,backbone,both,envelope,180,14.0,0.002575299999989511,False,,,True,2,"cayley,envelope",64,4,RL+Backbone,4
best,C:\Users\erich\Documents\AFRL\Algebraic-Connectivity-Optimization-CDC2026\lite_trials\sweep\balanced\checkpoints\best.pt,ppo,7000,C:\Users\erich\Documents\AFRL\Algebraic-Connectivity-Optimization-CDC2026\lite_trials\lite_config.yaml,full,24,0.711462450593,0,203,203,0.7114624505928854,11,0.7379661891215789,17.71118853891789,0.015045399999507936,0.015045399999507936,0.015304299999115756,backbone,both,envelope,192,16.0,0.00025889999960782006,False,,"cayley:No feasible backbone candidate for (n=24, m=203, rho=0.711462, seed=0); errors=['cayley:no_candidate']",True,1,envelope,64,4,RL+Backbone,0
best,C:\Users\erich\Documents\AFRL\Algebraic-Connectivity-Optimization-CDC2026\lite_trials\sweep\balanced\checkpoints\best.pt,ppo,7000,C:\Users\erich\Documents\AFRL\Algebraic-Connectivity-Optimization-CDC2026\lite_trials\lite_config.yaml,full,24,0.711462450593,1,203,203,0.7114624505928854,11,0.7379661891215789,17.71118853891789,0.01206850000016857,0.01206850000016857,0.012335100000200327,backbone,both,envelope,192,16.0,0.0002666000000317581,False,,"cayley:No feasible backbone candidate for (n=24, m=203, rho=0.711462, seed=1); errors=['cayley:no_candidate']",True,1,envelope,64,4,RL+Backbone,1
best,C:\Users\erich\Documents\AFRL\Algebraic-Connectivity-Optimization-CDC2026\lite_trials\sweep\balanced\checkpoints\best.pt,ppo,7000,C:\Users\erich\Documents\AFRL\Algebraic-Connectivity-Optimization-CDC2026\lite_trials\lite_config.yaml,full,24,0.711462450593,2,203,203,0.7114624505928854,11,0.7379661891215789,17.71118853891789,0.014545199999702163,0.014545199999702163,0.014760899999600952,backbone,both,envelope,192,16.0,0.00021569999989878852,False,,"cayley:No feasible backbone candidate for (n=24, m=203, rho=0.711462, seed=2); errors=['cayley:no_candidate']",True,1,envelope,64,4,RL+Backbone,2
best,C:\Users\erich\Documents\AFRL\Algebraic-Connectivity-Optimization-CDC2026\lite_trials\sweep\balanced\checkpoints\best.pt,ppo,7000,C:\Users\erich\Documents\AFRL\Algebraic-Connectivity-Optimization-CDC2026\lite_trials\lite_config.yaml,full,24,0.711462450593,3,203,203,0.7114624505928854,11,0.7379661891215789,17.71118853891789,0.01415770000039629,0.01415770000039629,0.0145025000001624,backbone,both,envelope,192,16.0,0.00034479999976611,False,,"cayley:No feasible backbone candidate for (n=24, m=203, rho=0.711462, seed=3); errors=['cayley:no_candidate']",True,1,envelope,64,4,RL+Backbone,3
best,C:\Users\erich\Documents\AFRL\Algebraic-Connectivity-Optimization-CDC2026\lite_trials\sweep\balanced\checkpoints\best.pt,ppo,7000,C:\Users\erich\Documents\AFRL\Algebraic-Connectivity-Optimization-CDC2026\lite_trials\lite_config.yaml,full,24,0.711462450593,4,203,203,0.7114624505928854,11,0.7379661891215789,17.71118853891789,0.014042899999367364,0.014042899999367364,0.0142956999998205,backbone,both,envelope,192,16.0,0.000252800000453135,False,,"cayley:No feasible backbone candidate for (n=24, m=203, rho=0.711462, seed=4); errors=['cayley:no_candidate']",True,1,envelope,64,4,RL+Backbone,4
best,C:\Users\erich\Documents\AFRL\Algebraic-Connectivity-Optimization-CDC2026\lite_trials\sweep\balanced\checkpoints\best.pt,ppo,7000,C:\Users\erich\Documents\AFRL\Algebraic-Connectivity-Optimization-CDC2026\lite_trials\lite_config.yaml,full,24,0.782608695652,0,221,221,0.782608695652174,5,0.8553273577436369,20.527856585847285,0.006665100000645907,0.006665100000645907,0.006935300000805,backbone,envelope_only,envelope,216,18.0,0.0002702000001590932,False,,,False,1,envelope,64,4,RL+Backbone,0
best,C:\Users\erich\Documents\AFRL\Algebraic-Connectivity-Optimization-CDC2026\lite_trials\sweep\balanced\checkpoints\best.pt,ppo,7000,C:\Users\erich\Documents\AFRL\Algebraic-Connectivity-Optimization-CDC2026\lite_trials\lite_config.yaml,full,24,0.782608695652,1,221,221,0.782608695652174,5,0.8553273577436369,20.527856585847285,0.006679199999780394,0.006679199999780394,0.006955300000299758,backbone,envelope_only,envelope,216,18.0,0.0002761000005193637,False,,,False,1,envelope,64,4,RL+Backbone,1
best,C:\Users\erich\Documents\AFRL\Algebraic-Connectivity-Optimization-CDC2026\lite_trials\sweep\balanced\checkpoints\best.pt,ppo,7000,C:\Users\erich\Documents\AFRL\Algebraic-Connectivity-Optimization-CDC2026\lite_trials\lite_config.yaml,full,24,0.782608695652,2,221,221,0.782608695652174,5,0.8553273577436369,20.527856585847285,0.006587400000171328,0.006587400000171328,0.006873999999697844,backbone,envelope_only,envelope,216,18.0,0.0002865999995265156,False,,,False,1,envelope,64,4,RL+Backbone,2
best,C:\Users\erich\Documents\AFRL\Algebraic-Connectivity-Optimization-CDC2026\lite_trials\sweep\balanced\checkpoints\best.pt,ppo,7000,C:\Users\erich\Documents\AFRL\Algebraic-Connectivity-Optimization-CDC2026\lite_trials\lite_config.yaml,full,24,0.782608695652,3,221,221,0.782608695652174,5,0.8553273577436369,20.527856585847285,0.00646729999971285,0.00646729999971285,0.006739299999026116,backbone,envelope_only,envelope,216,18.0,0.000271999999313266,False,,,False,1,envelope,64,4,RL+Backbone,3
best,C:\Users\erich\Documents\AFRL\Algebraic-Connectivity-Optimization-CDC2026\lite_trials\sweep\balanced\checkpoints\best.pt,ppo,7000,C:\Users\erich\Documents\AFRL\Algebraic-Connectivity-Optimization-CDC2026\lite_trials\lite_config.yaml,full,24,0.782608695652,4,221,221,0.782608695652174,5,0.8553273577436369,20.527856585847285,0.006184799999573443,0.006184799999573443,0.006492799999250565,backbone,envelope_only,envelope,216,18.0,0.0003079999996771221,False,,,False,1,envelope,64,4,RL+Backbone,4
best,C:\Users\erich\Documents\AFRL\Algebraic-Connectivity-Optimization-CDC2026\lite_trials\sweep\balanced\checkpoints\best.pt,ppo,7000,C:\Users\erich\Documents\AFRL\Algebraic-Connectivity-Optimization-CDC2026\lite_trials\lite_config.yaml,full,24,0.853754940711,0,239,239,0.8537549407114624,9,0.869916351846947,20.87799244432673,0.012749499999699765,0.012749499999699765,0.013055099999291997,backbone,envelope_only,envelope,230,19.0,0.00030559999959223205,False,,,False,1,envelope,64,4,RL+Backbone,0
best,C:\Users\erich\Documents\AFRL\Algebraic-Connectivity-Optimization-CDC2026\lite_trials\sweep\balanced\checkpoints\best.pt,ppo,7000,C:\Users\erich\Documents\AFRL\Algebraic-Connectivity-Optimization-CDC2026\lite_trials\lite_config.yaml,full,24,0.853754940711,1,239,239,0.8537549407114624,9,0.869916351846947,20.87799244432673,0.012940000000526197,0.012940000000526197,0.01357310000094003,backbone,envelope_only,envelope,230,19.0,0.0006331000004138332,False,,,False,1,envelope,64,4,RL+Backbone,1
best,C:\Users\erich\Documents\AFRL\Algebraic-Connectivity-Optimization-CDC2026\lite_trials\sweep\balanced\checkpoints\best.pt,ppo,7000,C:\Users\erich\Documents\AFRL\Algebraic-Connectivity-Optimization-CDC2026\lite_trials\lite_config.yaml,full,24,0.853754940711,2,239,239,0.8537549407114624,9,0.869916351846947,20.87799244432673,0.0137670000003709,0.0137670000003709,0.014104500000939879,backbone,envelope_only,envelope,230,19.0,0.0003375000005689799,False,,,False,1,envelope,64,4,RL+Backbone,2
best,C:\Users\erich\Documents\AFRL\Algebraic-Connectivity-Optimization-CDC2026\lite_trials\sweep\balanced\checkpoints\best.pt,ppo,7000,C:\Users\erich\Documents\AFRL\Algebraic-Connectivity-Optimization-CDC2026\lite_trials\lite_config.yaml,full,24,0.853754940711,3,239,239,0.8537549407114624,9,0.869916351846947,20.87799244432673,0.013085200000205077,0.013085200000205077,0.013396000000284403,backbone,envelope_only,envelope,230,19.0,0.0003108000000793254,False,,,False,1,envelope,64,4,RL+Backbone,3
best,C:\Users\erich\Documents\AFRL\Algebraic-Connectivity-Optimization-CDC2026\lite_trials\sweep\balanced\checkpoints\best.pt,ppo,7000,C:\Users\erich\Documents\AFRL\Algebraic-Connectivity-Optimization-CDC2026\lite_trials\lite_config.yaml,full,24,0.853754940711,4,239,239,0.8537549407114624,9,0.869916351846947,20.87799244432673,0.013488999999935913,0.013488999999935913,0.013808600000629667,backbone,envelope_only,envelope,230,19.0,0.00031960000069375383,False,,,False,1,envelope,64,4,RL+Backbone,4
best,C:\Users\erich\Documents\AFRL\Algebraic-Connectivity-Optimization-CDC2026\lite_trials\sweep\balanced\checkpoints\best.pt,ppo,7000,C:\Users\erich\Documents\AFRL\Algebraic-Connectivity-Optimization-CDC2026\lite_trials\lite_config.yaml,full,24,0.924901185771,0,257,257,0.924901185770751,5,0.9322356004427261,22.373654410625427,0.007517099999859056,0.007517099999859056,0.00793599999997241,backbone,envelope_only,envelope,252,21.0,0.0004189000001133536,False,,,False,1,envelope,64,4,RL+Backbone,0
best,C:\Users\erich\Documents\AFRL\Algebraic-Connectivity-Optimization-CDC2026\lite_trials\sweep\balanced\checkpoints\best.pt,ppo,7000,C:\Users\erich\Documents\AFRL\Algebraic-Connectivity-Optimization-CDC2026\lite_trials\lite_config.yaml,full,24,0.924901185771,1,257,257,0.924901185770751,5,0.9322356004427261,22.373654410625427,0.007440499999574968,0.007440499999574968,0.007763199999317294,backbone,envelope_only,envelope,252,21.0,0.0003226999997423263,False,,,False,1,envelope,64,4,RL+Backbone,1
best,C:\Users\erich\Documents\AFRL\Algebraic-Connectivity-Optimization-CDC2026\lite_trials\sweep\balanced\checkpoints\best.pt,ppo,7000,C:\Users\erich\Documents\AFRL\Algebraic-Connectivity-Optimization-CDC2026\lite_trials\lite_config.yaml,full,24,0.924901185771,2,257,257,0.924901185770751,5,0.9322356004427261,22.373654410625427,0.00687370000014198,0.00687370000014198,0.007288400000106776,backbone,envelope_only,envelope,252,21.0,0.000414699999964796,False,,,False,1,envelope,64,4,RL+Backbone,2
best,C:\Users\erich\Documents\AFRL\Algebraic-Connectivity-Optimization-CDC2026\lite_trials\sweep\balanced\checkpoints\best.pt,ppo,7000,C:\Users\erich\Documents\AFRL\Algebraic-Connectivity-Optimization-CDC2026\lite_trials\lite_config.yaml,full,24,0.924901185771,3,257,257,0.924901185770751,5,0.9322356004427261,22.373654410625427,0.007029000000329688,0.007029000000329688,0.007345900000473193,backbone,envelope_only,envelope,252,21.0,0.00031690000014350517,False,,,False,1,envelope,64,4,RL+Backbone,3
best,C:\Users\erich\Documents\AFRL\Algebraic-Connectivity-Optimization-CDC2026\lite_trials\sweep\balanced\checkpoints\best.pt,ppo,7000,C:\Users\erich\Documents\AFRL\Algebraic-Connectivity-Optimization-CDC2026\lite_trials\lite_config.yaml,full,24,0.924901185771,4,257,257,0.924901185770751,5,0.9322356004427261,22.373654410625427,0.006958499999200285,0.006958499999200285,0.007260299999870767,backbone,envelope_only,envelope,252,21.0,0.0003018000006704824,False,,,False,1,envelope,64,4,RL+Backbone,4
best,C:\Users\erich\Documents\AFRL\Algebraic-Connectivity-Optimization-CDC2026\lite_trials\sweep\balanced\checkpoints\best.pt,ppo,7000,C:\Users\erich\Documents\AFRL\Algebraic-Connectivity-Optimization-CDC2026\lite_trials\lite_config.yaml,full,24,0.99604743083,0,275,275,0.9960474308300395,11,0.9554907122947554,22.93177709507413,0.016577200000028824,0.016577200000028824,0.016922300000260293,backbone,envelope_only,envelope,264,22.0,0.0003451000002314686,False,,,False,1,envelope,64,4,RL+Backbone,0
best,C:\Users\erich\Documents\AFRL\Algebraic-Connectivity-Optimization-CDC2026\lite_trials\sweep\balanced\checkpoints\best.pt,ppo,7000,C:\Users\erich\Documents\AFRL\Algebraic-Connectivity-Optimization-CDC2026\lite_trials\lite_config.yaml,full,24,0.99604743083,1,275,275,0.9960474308300395,11,0.9554907122947554,22.93177709507413,0.01513630000044941,0.01513630000044941,0.015522300000156974,backbone,envelope_only,envelope,264,22.0,0.0003859999997075647,False,,,False,1,envelope,64,4,RL+Backbone,1
best,C:\Users\erich\Documents\AFRL\Algebraic-Connectivity-Optimization-CDC2026\lite_trials\sweep\balanced\checkpoints\best.pt,ppo,7000,C:\Users\erich\Documents\AFRL\Algebraic-Connectivity-Optimization-CDC2026\lite_trials\lite_config.yaml,full,24,0.99604743083,2,275,275,0.9960474308300395,11,0.9554907122947554,22.93177709507413,0.015430299999934505,0.015430299999934505,0.01579680000031658,backbone,envelope_only,envelope,264,22.0,0.0003665000003820751,False,,,False,1,envelope,64,4,RL+Backbone,2
best,C:\Users\erich\Documents\AFRL\Algebraic-Connectivity-Optimization-CDC2026\lite_trials\sweep\balanced\checkpoints\best.pt,ppo,7000,C:\Users\erich\Documents\AFRL\Algebraic-Connectivity-Optimization-CDC2026\lite_trials\lite_config.yaml,full,24,0.99604743083,3,275,275,0.9960474308300395,11,0.9554907122947554,22.93177709507413,0.014168200000312936,0.014168200000312936,0.014515799999571755,backbone,envelope_only,envelope,264,22.0,0.00034759999925881857,False,,,False,1,envelope,64,4,RL+Backbone,3
best,C:\Users\erich\Documents\AFRL\Algebraic-Connectivity-Optimization-CDC2026\lite_trials\sweep\balanced\checkpoints\best.pt,ppo,7000,C:\Users\erich\Documents\AFRL\Algebraic-Connectivity-Optimization-CDC2026\lite_trials\lite_config.yaml,full,24,0.99604743083,4,275,275,0.9960474308300395,11,0.9554907122947554,22.93177709507413,0.014664799999991374,0.014664799999991374,0.01511910000044736,backbone,envelope_only,envelope,264,22.0,0.0004543000004559872,False,,,False,1,envelope,64,4,RL+Backbone,4
best,C:\Users\erich\Documents\AFRL\Algebraic-Connectivity-Optimization-CDC2026\lite_trials\sweep\balanced\checkpoints\best.pt,ppo,7000,C:\Users\erich\Documents\AFRL\Algebraic-Connectivity-Optimization-CDC2026\lite_trials\lite_config.yaml,full,32,0.002150537634,0,32,32,0.002150537634408602,1,0.00809464492155096,0.25902863748963073,0.003532499999892025,0.003532499999892025,0.003532499999892025,path,path,path,31,0.0,0.0,False,,,False,1,path,64,4,RL+Path,0
best,C:\Users\erich\Documents\AFRL\Algebraic-Connectivity-Optimization-CDC2026\lite_trials\sweep\balanced\checkpoints\best.pt,ppo,7000,C:\Users\erich\Documents\AFRL\Algebraic-Connectivity-Optimization-CDC2026\lite_trials\lite_config.yaml,full,32,0.002150537634,1,32,32,0.002150537634408602,1,0.00809464492155096,0.25902863748963073,0.0010104000002684188,0.0010104000002684188,0.0010104000002684188,path,path,path,31,0.0,0.0,False,,,False,1,path,64,4,RL+Path,1
best,C:\Users\erich\Documents\AFRL\Algebraic-Connectivity-Optimization-CDC2026\lite_trials\sweep\balanced\checkpoints\best.pt,ppo,7000,C:\Users\erich\Documents\AFRL\Algebraic-Connectivity-Optimization-CDC2026\lite_trials\lite_config.yaml,full,32,0.002150537634,2,32,32,0.002150537634408602,1,0.00809464492155096,0.25902863748963073,0.0009694000000308733,0.0009694000000308733,0.0009694000000308733,path,path,path,31,0.0,0.0,False,,,False,1,path,64,4,RL+Path,2
best,C:\Users\erich\Documents\AFRL\Algebraic-Connectivity-Optimization-CDC2026\lite_trials\sweep\balanced\checkpoints\best.pt,ppo,7000,C:\Users\erich\Documents\AFRL\Algebraic-Connectivity-Optimization-CDC2026\lite_trials\lite_config.yaml,full,32,0.002150537634,3,32,32,0.002150537634408602,1,0.00809464492155096,0.25902863748963073,0.0009420000005775364,0.0009420000005775364,0.0009420000005775364,path,path,path,31,0.0,0.0,False,,,False,1,path,64,4,RL+Path,3
best,C:\Users\erich\Documents\AFRL\Algebraic-Connectivity-Optimization-CDC2026\lite_trials\sweep\balanced\checkpoints\best.pt,ppo,7000,C:\Users\erich\Documents\AFRL\Algebraic-Connectivity-Optimization-CDC2026\lite_trials\lite_config.yaml,full,32,0.002150537634,4,32,32,0.002150537634408602,1,0.00809464492155096,0.25902863748963073,0.0009436000000278,0.0009436000000278,0.0009436000000278,path,path,path,31,0.0,0.0,False,,,False,1,path,64,4,RL+Path,4
best,C:\Users\erich\Documents\AFRL\Algebraic-Connectivity-Optimization-CDC2026\lite_trials\sweep\balanced\checkpoints\best.pt,ppo,7000,C:\Users\erich\Documents\AFRL\Algebraic-Connectivity-Optimization-CDC2026\lite_trials\lite_config.yaml,full,32,0.07311827957,0,65,65,0.07311827956989247,34,0.0149876798411108,0.4796057549155456,0.03604139999970357,0.03604139999970357,0.03604139999970357,path,path,path,31,0.0,0.0,False,,,False,1,path,64,4,RL+Path,0
best,C:\Users\erich\Documents\AFRL\Algebraic-Connectivity-Optimization-CDC2026\lite_trials\sweep\balanced\checkpoints\best.pt,ppo,7000,C:\Users\erich\Documents\AFRL\Algebraic-Connectivity-Optimization-CDC2026\lite_trials\lite_config.yaml,full,32,0.07311827957,1,65,65,0.07311827956989247,34,0.0149876798411108,0.4796057549155456,0.03249340000002121,0.03249340000002121,0.03249340000002121,path,path,path,31,0.0,0.0,False,,,False,1,path,64,4,RL+Path,1
best,C:\Users\erich\Documents\AFRL\Algebraic-Connectivity-Optimization-CDC2026\lite_trials\sweep\balanced\checkpoints\best.pt,ppo,7000,C:\Users\erich\Documents\AFRL\Algebraic-Connectivity-Optimization-CDC2026\lite_trials\lite_config.yaml,full,32,0.07311827957,2,65,65,0.07311827956989247,34,0.0149876798411108,0.4796057549155456,0.0313653000002887,0.0313653000002887,0.0313653000002887,path,path,path,31,0.0,0.0,False,,,False,1,path,64,4,RL+Path,2
best,C:\Users\erich\Documents\AFRL\Algebraic-Connectivity-Optimization-CDC2026\lite_trials\sweep\balanced\checkpoints\best.pt,ppo,7000,C:\Users\erich\Documents\AFRL\Algebraic-Connectivity-Optimization-CDC2026\lite_trials\lite_config.yaml,full,32,0.07311827957,3,65,65,0.07311827956989247,34,0.0149876798411108,0.4796057549155456,0.030765699999392382,0.030765699999392382,0.030765699999392382,path,path,path,31,0.0,0.0,False,,,False,1,path,64,4,RL+Path,3
best,C:\Users\erich\Documents\AFRL\Algebraic-Connectivity-Optimization-CDC2026\lite_trials\sweep\balanced\checkpoints\best.pt,ppo,7000,C:\Users\erich\Documents\AFRL\Algebraic-Connectivity-Optimization-CDC2026\lite_trials\lite_config.yaml,full,32,0.07311827957,4,65,65,0.07311827956989247,34,0.0149876798411108,0.4796057549155456,0.031558200000290526,0.031558200000290526,0.031558200000290526,path,path,path,31,0.0,0.0,False,,,False,1,path,64,4,RL+Path,4
best,C:\Users\erich\Documents\AFRL\Algebraic-Connectivity-Optimization-CDC2026\lite_trials\sweep\balanced\checkpoints\best.pt,ppo,7000,C:\Users\erich\Documents\AFRL\Algebraic-Connectivity-Optimization-CDC2026\lite_trials\lite_config.yaml,full,32,0.144086021505,0,98,98,0.14408602150537633,67,0.05935846156184952,1.8994707699791846,0.06682139999975334,0.06682139999975334,0.06682139999975334,path,path,path,31,0.0,0.0,False,,,False,1,path,64,4,RL+Path,0
best,C:\Users\erich\Documents\AFRL\Algebraic-Connectivity-Optimization-CDC2026\lite_trials\sweep\balanced\checkpoints\best.pt,ppo,7000,C:\Users\erich\Documents\AFRL\Algebraic-Connectivity-Optimization-CDC2026\lite_trials\lite_config.yaml,full,32,0.144086021505,1,98,98,0.14408602150537633,67,0.05935846156184952,1.8994707699791846,0.06579409999994823,0.06579409999994823,0.06579409999994823,path,path,path,31,0.0,0.0,False,,,False,1,path,64,4,RL+Path,1
best,C:\Users\erich\Documents\AFRL\Algebraic-Connectivity-Optimization-CDC2026\lite_trials\sweep\balanced\checkpoints\best.pt,ppo,7000,C:\Users\erich\Documents\AFRL\Algebraic-Connectivity-Optimization-CDC2026\lite_trials\lite_config.yaml,full,32,0.144086021505,2,98,98,0.14408602150537633,67,0.05935846156184952,1.8994707699791846,0.06232760000057169,0.06232760000057169,0.06232760000057169,path,path,path,31,0.0,0.0,False,,,False,1,path,64,4,RL+Path,2
best,C:\Users\erich\Documents\AFRL\Algebraic-Connectivity-Optimization-CDC2026\lite_trials\sweep\balanced\checkpoints\best.pt,ppo,7000,C:\Users\erich\Documents\AFRL\Algebraic-Connectivity-Optimization-CDC2026\lite_trials\lite_config.yaml,full,32,0.144086021505,3,98,98,0.14408602150537633,67,0.05935846156184952,1.8994707699791846,0.06388650000008056,0.06388650000008056,0.06388650000008056,path,path,path,31,0.0,0.0,False,,,False,1,path,64,4,RL+Path,3
best,C:\Users\erich\Documents\AFRL\Algebraic-Connectivity-Optimization-CDC2026\lite_trials\sweep\balanced\checkpoints\best.pt,ppo,7000,C:\Users\erich\Documents\AFRL\Algebraic-Connectivity-Optimization-CDC2026\lite_trials\lite_config.yaml,full,32,0.144086021505,4,98,98,0.14408602150537633,67,0.05935846156184952,1.8994707699791846,0.06700610000007146,0.06700610000007146,0.06700610000007146,path,path,path,31,0.0,0.0,False,,,False,1,path,64,4,RL+Path,4
best,C:\Users\erich\Documents\AFRL\Algebraic-Connectivity-Optimization-CDC2026\lite_trials\sweep\balanced\checkpoints\best.pt,ppo,7000,C:\Users\erich\Documents\AFRL\Algebraic-Connectivity-Optimization-CDC2026\lite_trials\lite_config.yaml,full,32,0.215053763441,0,131,131,0.21505376344086022,100,0.05547388105786693,1.7751641938517417,0.10878739999952813,0.10878739999952813,0.10878739999952813,path,path,path,31,0.0,0.0,False,,,False,1,path,64,4,RL+Path,0
best,C:\Users\erich\Documents\AFRL\Algebraic-Connectivity-Optimization-CDC2026\lite_trials\sweep\balanced\checkpoints\best.pt,ppo,7000,C:\Users\erich\Documents\AFRL\Algebraic-Connectivity-Optimization-CDC2026\lite_trials\lite_config.yaml,full,32,0.215053763441,1,131,131,0.21505376344086022,100,0.05547388105786693,1.7751641938517417,0.11644040000010136,0.11644040000010136,0.11644040000010136,path,path,path,31,0.0,0.0,False,,,False,1,path,64,4,RL+Path,1
best,C:\Users\erich\Documents\AFRL\Algebraic-Connectivity-Optimization-CDC2026\lite_trials\sweep\balanced\checkpoints\best.pt,ppo,7000,C:\Users\erich\Documents\AFRL\Algebraic-Connectivity-Optimization-CDC2026\lite_trials\lite_config.yaml,full,32,0.215053763441,2,131,131,0.21505376344086022,100,0.05547388105786693,1.7751641938517417,0.11830060000011144,0.11830060000011144,0.11830060000011144,path,path,path,31,0.0,0.0,False,,,False,1,path,64,4,RL+Path,2
best,C:\Users\erich\Documents\AFRL\Algebraic-Connectivity-Optimization-CDC2026\lite_trials\sweep\balanced\checkpoints\best.pt,ppo,7000,C:\Users\erich\Documents\AFRL\Algebraic-Connectivity-Optimization-CDC2026\lite_trials\lite_config.yaml,full,32,0.215053763441,3,131,131,0.21505376344086022,100,0.05547388105786693,1.7751641938517417,0.11315060000015364,0.11315060000015364,0.11315060000015364,path,path,path,31,0.0,0.0,False,,,False,1,path,64,4,RL+Path,3
best,C:\Users\erich\Documents\AFRL\Algebraic-Connectivity-Optimization-CDC2026\lite_trials\sweep\balanced\checkpoints\best.pt,ppo,7000,C:\Users\erich\Documents\AFRL\Algebraic-Connectivity-Optimization-CDC2026\lite_trials\lite_config.yaml,full,32,0.215053763441,4,131,131,0.21505376344086022,100,0.05547388105786693,1.7751641938517417,0.11174829999981739,0.11174829999981739,0.11174829999981739,path,path,path,31,0.0,0.0,False,,,False,1,path,64,4,RL+Path,4
best,C:\Users\erich\Documents\AFRL\Algebraic-Connectivity-Optimization-CDC2026\lite_trials\sweep\balanced\checkpoints\best.pt,ppo,7000,C:\Users\erich\Documents\AFRL\Algebraic-Connectivity-Optimization-CDC2026\lite_trials\lite_config.yaml,full,32,0.286021505376,0,164,164,0.2860215053763441,133,0.2761399394133488,8.836478061227162,0.15540020000025834,0.15540020000025834,0.15540020000025834,path,path,path,31,0.0,0.0,False,,,False,1,path,64,4,RL+Path,0
best,C:\Users\erich\Documents\AFRL\Algebraic-Connectivity-Optimization-CDC2026\lite_trials\sweep\balanced\checkpoints\best.pt,ppo,7000,C:\Users\erich\Documents\AFRL\Algebraic-Connectivity-Optimization-CDC2026\lite_trials\lite_config.yaml,full,32,0.286021505376,1,164,164,0.2860215053763441,133,0.2761399394133488,8.836478061227162,0.1487254000003304,0.1487254000003304,0.1487254000003304,path,path,path,31,0.0,0.0,False,,,False,1,path,64,4,RL+Path,1
best,C:\Users\erich\Documents\AFRL\Algebraic-Connectivity-Optimization-CDC2026\lite_trials\sweep\balanced\checkpoints\best.pt,ppo,7000,C:\Users\erich\Documents\AFRL\Algebraic-Connectivity-Optimization-CDC2026\lite_trials\lite_config.yaml,full,32,0.286021505376,2,164,164,0.2860215053763441,133,0.2761399394133488,8.836478061227162,0.14760959999966872,0.14760959999966872,0.14760959999966872,path,path,path,31,0.0,0.0,False,,,False,1,path,64,4,RL+Path,2
best,C:\Users\erich\Documents\AFRL\Algebraic-Connectivity-Optimization-CDC2026\lite_trials\sweep\balanced\checkpoints\best.pt,ppo,7000,C:\Users\erich\Documents\AFRL\Algebraic-Connectivity-Optimization-CDC2026\lite_trials\lite_config.yaml,full,32,0.286021505376,3,164,164,0.2860215053763441,133,0.2761399394133488,8.836478061227162,0.14898510000057286,0.14898510000057286,0.14898510000057286,path,path,path,31,0.0,0.0,False,,,False,1,path,64,4,RL+Path,3
best,C:\Users\erich\Documents\AFRL\Algebraic-Connectivity-Optimization-CDC2026\lite_trials\sweep\balanced\checkpoints\best.pt,ppo,7000,C:\Users\erich\Documents\AFRL\Algebraic-Connectivity-Optimization-CDC2026\lite_trials\lite_config.yaml,full,32,0.286021505376,4,164,164,0.2860215053763441,133,0.2761399394133488,8.836478061227162,0.16059580000001006,0.16059580000001006,0.16059580000001006,path,path,path,31,0.0,0.0,False,,,False,1,path,64,4,RL+Path,4
best,C:\Users\erich\Documents\AFRL\Algebraic-Connectivity-Optimization-CDC2026\lite_trials\sweep\balanced\checkpoints\best.pt,ppo,7000,C:\Users\erich\Documents\AFRL\Algebraic-Connectivity-Optimization-CDC2026\lite_trials\lite_config.yaml,full,32,0.356989247312,0,197,197,0.35698924731182796,166,0.26674858180308164,8.535954617698613,0.1878446000000622,0.1878446000000622,0.1878446000000622,path,path,path,31,0.0,0.0,False,,,False,1,path,64,4,RL+Path,0
best,C:\Users\erich\Documents\AFRL\Algebraic-Connectivity-Optimization-CDC2026\lite_trials\sweep\balanced\checkpoints\best.pt,ppo,7000,C:\Users\erich\Documents\AFRL\Algebraic-Connectivity-Optimization-CDC2026\lite_trials\lite_config.yaml,full,32,0.356989247312,1,197,197,0.35698924731182796,166,0.26674858180308164,8.535954617698613,0.18458970000028785,0.18458970000028785,0.18458970000028785,path,path,path,31,0.0,0.0,False,,,False,1,path,64,4,RL+Path,1
best,C:\Users\erich\Documents\AFRL\Algebraic-Connectivity-Optimization-CDC2026\lite_trials\sweep\balanced\checkpoints\best.pt,ppo,7000,C:\Users\erich\Documents\AFRL\Algebraic-Connectivity-Optimization-CDC2026\lite_trials\lite_config.yaml,full,32,0.356989247312,2,197,197,0.35698924731182796,166,0.26674858180308164,8.535954617698613,0.19022010000026057,0.19022010000026057,0.19022010000026057,path,path,path,31,0.0,0.0,False,,,False,1,path,64,4,RL+Path,2
best,C:\Users\erich\Documents\AFRL\Algebraic-Connectivity-Optimization-CDC2026\lite_trials\sweep\balanced\checkpoints\best.pt,ppo,7000,C:\Users\erich\Documents\AFRL\Algebraic-Connectivity-Optimization-CDC2026\lite_trials\lite_config.yaml,full,32,0.356989247312,3,197,197,0.35698924731182796,166,0.26674858180308164,8.535954617698613,0.19204399999944144,0.19204399999944144,0.19204399999944144,path,path,path,31,0.0,0.0,False,,,False,1,path,64,4,RL+Path,3
best,C:\Users\erich\Documents\AFRL\Algebraic-Connectivity-Optimization-CDC2026\lite_trials\sweep\balanced\checkpoints\best.pt,ppo,7000,C:\Users\erich\Documents\AFRL\Algebraic-Connectivity-Optimization-CDC2026\lite_trials\lite_config.yaml,full,32,0.356989247312,4,197,197,0.35698924731182796,166,0.26674858180308164,8.535954617698613,0.19978999999966618,0.19978999999966618,0.19978999999966618,path,path,path,31,0.0,0.0,False,,,False,1,path,64,4,RL+Path,4
best,C:\Users\erich\Documents\AFRL\Algebraic-Connectivity-Optimization-CDC2026\lite_trials\sweep\balanced\checkpoints\best.pt,ppo,7000,C:\Users\erich\Documents\AFRL\Algebraic-Connectivity-Optimization-CDC2026\lite_trials\lite_config.yaml,full,32,0.427956989247,0,230,230,0.42795698924731185,199,0.3598033516890245,11.513707254048784,0.23227800000040588,0.23227800000040588,0.23227800000040588,path,path,path,31,0.0,0.0,False,,,False,1,path,64,4,RL+Path,0
best,C:\Users\erich\Documents\AFRL\Algebraic-Connectivity-Optimization-CDC2026\lite_trials\sweep\balanced\checkpoints\best.pt,ppo,7000,C:\Users\erich\Documents\AFRL\Algebraic-Connectivity-Optimization-CDC2026\lite_trials\lite_config.yaml,full,32,0.427956989247,1,230,230,0.42795698924731185,199,0.3598033516890245,11.513707254048784,0.2312409000005573,0.2312409000005573,0.2312409000005573,path,path,path,31,0.0,0.0,False,,,False,1,path,64,4,RL+Path,1
best,C:\Users\erich\Documents\AFRL\Algebraic-Connectivity-Optimization-CDC2026\lite_trials\sweep\balanced\checkpoints\best.pt,ppo,7000,C:\Users\erich\Documents\AFRL\Algebraic-Connectivity-Optimization-CDC2026\lite_trials\lite_config.yaml,full,32,0.427956989247,2,230,230,0.42795698924731185,199,0.3598033516890245,11.513707254048784,0.23442589999922347,0.23442589999922347,0.23442589999922347,path,path,path,31,0.0,0.0,False,,,False,1,path,64,4,RL+Path,2
best,C:\Users\erich\Documents\AFRL\Algebraic-Connectivity-Optimization-CDC2026\lite_trials\sweep\balanced\checkpoints\best.pt,ppo,7000,C:\Users\erich\Documents\AFRL\Algebraic-Connectivity-Optimization-CDC2026\lite_trials\lite_config.yaml,full,32,0.427956989247,3,230,230,0.42795698924731185,199,0.3598033516890245,11.513707254048784,0.22638450000067678,0.22638450000067678,0.22638450000067678,path,path,path,31,0.0,0.0,False,,,False,1,path,64,4,RL+Path,3
best,C:\Users\erich\Documents\AFRL\Algebraic-Connectivity-Optimization-CDC2026\lite_trials\sweep\balanced\checkpoints\best.pt,ppo,7000,C:\Users\erich\Documents\AFRL\Algebraic-Connectivity-Optimization-CDC2026\lite_trials\lite_config.yaml,full,32,0.427956989247,4,230,230,0.42795698924731185,199,0.3598033516890245,11.513707254048784,0.2370586999995794,0.2370586999995794,0.2370586999995794,path,path,path,31,0.0,0.0,False,,,False,1,path,64,4,RL+Path,4
best,C:\Users\erich\Documents\AFRL\Algebraic-Connectivity-Optimization-CDC2026\lite_trials\sweep\balanced\checkpoints\best.pt,ppo,7000,C:\Users\erich\Documents\AFRL\Algebraic-Connectivity-Optimization-CDC2026\lite_trials\lite_config.yaml,full,32,0.501075268817,0,264,264,0.5010752688172043,233,0.5044999317041984,16.143997814534348,0.2848805000003267,0.2848805000003267,0.2848805000003267,path,path,path,31,0.0,0.0,False,,,False,1,path,64,4,RL+Path,0
best,C:\Users\erich\Documents\AFRL\Algebraic-Connectivity-Optimization-CDC2026\lite_trials\sweep\balanced\checkpoints\best.pt,ppo,7000,C:\Users\erich\Documents\AFRL\Algebraic-Connectivity-Optimization-CDC2026\lite_trials\lite_config.yaml,full,32,0.501075268817,1,264,264,0.5010752688172043,233,0.5044999317041984,16.143997814534348,0.27621650000037334,0.27621650000037334,0.27621650000037334,path,path,path,31,0.0,0.0,False,,,False,1,path,64,4,RL+Path,1
best,C:\Users\erich\Documents\AFRL\Algebraic-Connectivity-Optimization-CDC2026\lite_trials\sweep\balanced\checkpoints\best.pt,ppo,7000,C:\Users\erich\Documents\AFRL\Algebraic-Connectivity-Optimization-CDC2026\lite_trials\lite_config.yaml,full,32,0.501075268817,2,264,264,0.5010752688172043,233,0.5044999317041984,16.143997814534348,0.2917161000004853,0.2917161000004853,0.2917161000004853,path,path,path,31,0.0,0.0,False,,,False,1,path,64,4,RL+Path,2
best,C:\Users\erich\Documents\AFRL\Algebraic-Connectivity-Optimization-CDC2026\lite_trials\sweep\balanced\checkpoints\best.pt,ppo,7000,C:\Users\erich\Documents\AFRL\Algebraic-Connectivity-Optimization-CDC2026\lite_trials\lite_config.yaml,full,32,0.501075268817,3,264,264,0.5010752688172043,233,0.5044999317041984,16.143997814534348,0.2686069999999745,0.2686069999999745,0.2686069999999745,path,path,path,31,0.0,0.0,False,,,False,1,path,64,4,RL+Path,3
best,C:\Users\erich\Documents\AFRL\Algebraic-Connectivity-Optimization-CDC2026\lite_trials\sweep\balanced\checkpoints\best.pt,ppo,7000,C:\Users\erich\Documents\AFRL\Algebraic-Connectivity-Optimization-CDC2026\lite_trials\lite_config.yaml,full,32,0.501075268817,4,264,264,0.5010752688172043,233,0.5044999317041984,16.143997814534348,0.29156759999932547,0.29156759999932547,0.29156759999932547,path,path,path,31,0.0,0.0,False,,,False,1,path,64,4,RL+Path,4
best,C:\Users\erich\Documents\AFRL\Algebraic-Connectivity-Optimization-CDC2026\lite_trials\sweep\balanced\checkpoints\best.pt,ppo,7000,C:\Users\erich\Documents\AFRL\Algebraic-Connectivity-Optimization-CDC2026\lite_trials\lite_config.yaml,full,32,0.572043010753,0,297,297,0.5720430107526882,266,0.5191461365825318,16.61267637064102,0.3279339999999138,0.3279339999999138,0.3279339999999138,path,path,path,31,0.0,0.0,False,,,False,1,path,64,4,RL+Path,0
best,C:\Users\erich\Documents\AFRL\Algebraic-Connectivity-Optimization-CDC2026\lite_trials\sweep\balanced\checkpoints\best.pt,ppo,7000,C:\Users\erich\Documents\AFRL\Algebraic-Connectivity-Optimization-CDC2026\lite_trials\lite_config.yaml,full,32,0.572043010753,1,297,297,0.5720430107526882,266,0.5191461365825318,16.61267637064102,0.33398419999957696,0.33398419999957696,0.33398419999957696,path,path,path,31,0.0,0.0,False,,,False,1,path,64,4,RL+Path,1
best,C:\Users\erich\Documents\AFRL\Algebraic-Connectivity-Optimization-CDC2026\lite_trials\sweep\balanced\checkpoints\best.pt,ppo,7000,C:\Users\erich\Documents\AFRL\Algebraic-Connectivity-Optimization-CDC2026\lite_trials\lite_config.yaml,full,32,0.572043010753,2,297,297,0.5720430107526882,266,0.5191461365825318,16.61267637064102,0.3326911000003747,0.3326911000003747,0.3326911000003747,path,path,path,31,0.0,0.0,False,,,False,1,path,64,4,RL+Path,2
best,C:\Users\erich\Documents\AFRL\Algebraic-Connectivity-Optimization-CDC2026\lite_trials\sweep\balanced\checkpoints\best.pt,ppo,7000,C:\Users\erich\Documents\AFRL\Algebraic-Connectivity-Optimization-CDC2026\lite_trials\lite_config.yaml,full,32,0.572043010753,3,297,297,0.5720430107526882,266,0.5191461365825318,16.61267637064102,0.3269491000000926,0.3269491000000926,0.3269491000000926,path,path,path,31,0.0,0.0,False,,,False,1,path,64,4,RL+Path,3
best,C:\Users\erich\Documents\AFRL\Algebraic-Connectivity-Optimization-CDC2026\lite_trials\sweep\balanced\checkpoints\best.pt,ppo,7000,C:\Users\erich\Documents\AFRL\Algebraic-Connectivity-Optimization-CDC2026\lite_trials\lite_config.yaml,full,32,0.572043010753,4,297,297,0.5720430107526882,266,0.5191461365825318,16.61267637064102,0.3243083999996088,0.3243083999996088,0.3243083999996088,path,path,path,31,0.0,0.0,False,,,False,1,path,64,4,RL+Path,4
best,C:\Users\erich\Documents\AFRL\Algebraic-Connectivity-Optimization-CDC2026\lite_trials\sweep\balanced\checkpoints\best.pt,ppo,7000,C:\Users\erich\Documents\AFRL\Algebraic-Connectivity-Optimization-CDC2026\lite_trials\lite_config.yaml,full,32,0.643010752688,0,330,330,0.6430107526881721,299,0.6543516862933324,20.939253961386637,0.3732774000000063,0.3732774000000063,0.3732774000000063,path,path,path,31,0.0,0.0,False,,,False,1,path,64,4,RL+Path,0
best,C:\Users\erich\Documents\AFRL\Algebraic-Connectivity-Optimization-CDC2026\lite_trials\sweep\balanced\checkpoints\best.pt,ppo,7000,C:\Users\erich\Documents\AFRL\Algebraic-Connectivity-Optimization-CDC2026\lite_trials\lite_config.yaml,full,32,0.643010752688,1,330,330,0.6430107526881721,299,0.6543516862933324,20.939253961386637,0.3723995999998806,0.3723995999998806,0.3723995999998806,path,path,path,31,0.0,0.0,False,,,False,1,path,64,4,RL+Path,1
best,C:\Users\erich\Documents\AFRL\Algebraic-Connectivity-Optimization-CDC2026\lite_trials\sweep\balanced\checkpoints\best.pt,ppo,7000,C:\Users\erich\Documents\AFRL\Algebraic-Connectivity-Optimization-CDC2026\lite_trials\lite_config.yaml,full,32,0.643010752688,2,330,330,0.6430107526881721,299,0.6543516862933324,20.939253961386637,0.38988570000037726,0.38988570000037726,0.38988570000037726,path,path,path,31,0.0,0.0,False,,,False,1,path,64,4,RL+Path,2
best,C:\Users\erich\Documents\AFRL\Algebraic-Connectivity-Optimization-CDC2026\lite_trials\sweep\balanced\checkpoints\best.pt,ppo,7000,C:\Users\erich\Documents\AFRL\Algebraic-Connectivity-Optimization-CDC2026\lite_trials\lite_config.yaml,full,32,0.643010752688,3,330,330,0.6430107526881721,299,0.6543516862933324,20.939253961386637,0.37366950000068755,0.37366950000068755,0.37366950000068755,path,path,path,31,0.0,0.0,False,,,False,1,path,64,4,RL+Path,3
best,C:\Users\erich\Documents\AFRL\Algebraic-Connectivity-Optimization-CDC2026\lite_trials\sweep\balanced\checkpoints\best.pt,ppo,7000,C:\Users\erich\Documents\AFRL\Algebraic-Connectivity-Optimization-CDC2026\lite_trials\lite_config.yaml,full,32,0.643010752688,4,330,330,0.6430107526881721,299,0.6543516862933324,20.939253961386637,0.3773768999999447,0.3773768999999447,0.3773768999999447,path,path,path,31,0.0,0.0,False,,,False,1,path,64,4,RL+Path,4
best,C:\Users\erich\Documents\AFRL\Algebraic-Connectivity-Optimization-CDC2026\lite_trials\sweep\balanced\checkpoints\best.pt,ppo,7000,C:\Users\erich\Documents\AFRL\Algebraic-Connectivity-Optimization-CDC2026\lite_trials\lite_config.yaml,full,32,0.713978494624,0,363,363,0.7139784946236559,332,0.7609717024587619,24.35109447868038,0.43528930000047694,0.43528930000047694,0.43528930000047694,path,path,path,31,0.0,0.0,False,,,False,1,path,64,4,RL+Path,0
best,C:\Users\erich\Documents\AFRL\Algebraic-Connectivity-Optimization-CDC2026\lite_trials\sweep\balanced\checkpoints\best.pt,ppo,7000,C:\Users\erich\Documents\AFRL\Algebraic-Connectivity-Optimization-CDC2026\lite_trials\lite_config.yaml,full,32,0.713978494624,1,363,363,0.7139784946236559,332,0.7609717024587619,24.35109447868038,0.4341765999997733,0.4341765999997733,0.4341765999997733,path,path,path,31,0.0,0.0,False,,,False,1,path,64,4,RL+Path,1
best,C:\Users\erich\Documents\AFRL\Algebraic-Connectivity-Optimization-CDC2026\lite_trials\sweep\balanced\checkpoints\best.pt,ppo,7000,C:\Users\erich\Documents\AFRL\Algebraic-Connectivity-Optimization-CDC2026\lite_trials\lite_config.yaml,full,32,0.713978494624,2,363,363,0.7139784946236559,332,0.7609717024587619,24.35109447868038,0.42699700000048324,0.42699700000048324,0.42699700000048324,path,path,path,31,0.0,0.0,False,,,False,1,path,64,4,RL+Path,2
best,C:\Users\erich\Documents\AFRL\Algebraic-Connectivity-Optimization-CDC2026\lite_trials\sweep\balanced\checkpoints\best.pt,ppo,7000,C:\Users\erich\Documents\AFRL\Algebraic-Connectivity-Optimization-CDC2026\lite_trials\lite_config.yaml,full,32,0.713978494624,3,363,363,0.7139784946236559,332,0.7609717024587619,24.35109447868038,0.40816390000054525,0.40816390000054525,0.40816390000054525,path,path,path,31,0.0,0.0,False,,,False,1,path,64,4,RL+Path,3
best,C:\Users\erich\Documents\AFRL\Algebraic-Connectivity-Optimization-CDC2026\lite_trials\sweep\balanced\checkpoints\best.pt,ppo,7000,C:\Users\erich\Documents\AFRL\Algebraic-Connectivity-Optimization-CDC2026\lite_trials\lite_config.yaml,full,32,0.713978494624,4,363,363,0.7139784946236559,332,0.7609717024587619,24.35109447868038,0.4146347000005335,0.4146347000005335,0.4146347000005335,path,path,path,31,0.0,0.0,False,,,False,1,path,64,4,RL+Path,4
best,C:\Users\erich\Documents\AFRL\Algebraic-Connectivity-Optimization-CDC2026\lite_trials\sweep\balanced\checkpoints\best.pt,ppo,7000,C:\Users\erich\Documents\AFRL\Algebraic-Connectivity-Optimization-CDC2026\lite_trials\lite_config.yaml,full,32,0.784946236559,0,396,396,0.7849462365591398,365,0.7973578805001155,25.515452176003695,0.48046919999978854,0.48046919999978854,0.48046919999978854,path,path,path,31,0.0,0.0,False,,,False,1,path,64,4,RL+Path,0
best,C:\Users\erich\Documents\AFRL\Algebraic-Connectivity-Optimization-CDC2026\lite_trials\sweep\balanced\checkpoints\best.pt,ppo,7000,C:\Users\erich\Documents\AFRL\Algebraic-Connectivity-Optimization-CDC2026\lite_trials\lite_config.yaml,full,32,0.784946236559,1,396,396,0.7849462365591398,365,0.7973578805001155,25.515452176003695,0.4730052999993859,0.4730052999993859,0.4730052999993859,path,path,path,31,0.0,0.0,False,,,False,1,path,64,4,RL+Path,1
best,C:\Users\erich\Documents\AFRL\Algebraic-Connectivity-Optimization-CDC2026\lite_trials\sweep\balanced\checkpoints\best.pt,ppo,7000,C:\Users\erich\Documents\AFRL\Algebraic-Connectivity-Optimization-CDC2026\lite_trials\lite_config.yaml,full,32,0.784946236559,2,396,396,0.7849462365591398,365,0.7973578805001155,25.515452176003695,0.47249009999995906,0.47249009999995906,0.47249009999995906,path,path,path,31,0.0,0.0,False,,,False,1,path,64,4,RL+Path,2
best,C:\Users\erich\Documents\AFRL\Algebraic-Connectivity-Optimization-CDC2026\lite_trials\sweep\balanced\checkpoints\best.pt,ppo,7000,C:\Users\erich\Documents\AFRL\Algebraic-Connectivity-Optimization-CDC2026\lite_trials\lite_config.yaml,full,32,0.784946236559,3,396,396,0.7849462365591398,365,0.7973578805001155,25.515452176003695,0.4814692999998442,0.4814692999998442,0.4814692999998442,path,path,path,31,0.0,0.0,False,,,False,1,path,64,4,RL+Path,3
best,C:\Users\erich\Documents\AFRL\Algebraic-Connectivity-Optimization-CDC2026\lite_trials\sweep\balanced\checkpoints\best.pt,ppo,7000,C:\Users\erich\Documents\AFRL\Algebraic-Connectivity-Optimization-CDC2026\lite_trials\lite_config.yaml,full,32,0.784946236559,4,396,396,0.7849462365591398,365,0.7973578805001155,25.515452176003695,0.4767547999999806,0.4767547999999806,0.4767547999999806,path,path,path,31,0.0,0.0,False,,,False,1,path,64,4,RL+Path,4
best,C:\Users\erich\Documents\AFRL\Algebraic-Connectivity-Optimization-CDC2026\lite_trials\sweep\balanced\checkpoints\best.pt,ppo,7000,C:\Users\erich\Documents\AFRL\Algebraic-Connectivity-Optimization-CDC2026\lite_trials\lite_config.yaml,full,32,0.855913978495,0,429,429,0.8559139784946237,398,0.831855905801197,26.619388985638302,0.535711600000468,0.535711600000468,0.535711600000468,path,path,path,31,0.0,0.0,False,,,False,1,path,64,4,RL+Path,0
best,C:\Users\erich\Documents\AFRL\Algebraic-Connectivity-Optimization-CDC2026\lite_trials\sweep\balanced\checkpoints\best.pt,ppo,7000,C:\Users\erich\Documents\AFRL\Algebraic-Connectivity-Optimization-CDC2026\lite_trials\lite_config.yaml,full,32,0.855913978495,1,429,429,0.8559139784946237,398,0.831855905801197,26.619388985638302,0.5220041999991736,0.5220041999991736,0.5220041999991736,path,path,path,31,0.0,0.0,False,,,False,1,path,64,4,RL+Path,1
best,C:\Users\erich\Documents\AFRL\Algebraic-Connectivity-Optimization-CDC2026\lite_trials\sweep\balanced\checkpoints\best.pt,ppo,7000,C:\Users\erich\Documents\AFRL\Algebraic-Connectivity-Optimization-CDC2026\lite_trials\lite_config.yaml,full,32,0.855913978495,2,429,429,0.8559139784946237,398,0.831855905801197,26.619388985638302,0.5318175000002157,0.5318175000002157,0.5318175000002157,path,path,path,31,0.0,0.0,False,,,False,1,path,64,4,RL+Path,2
best,C:\Users\erich\Documents\AFRL\Algebraic-Connectivity-Optimization-CDC2026\lite_trials\sweep\balanced\checkpoints\best.pt,ppo,7000,C:\Users\erich\Documents\AFRL\Algebraic-Connectivity-Optimization-CDC2026\lite_trials\lite_config.yaml,full,32,0.855913978495,3,429,429,0.8559139784946237,398,0.831855905801197,26.619388985638302,0.5420905999999377,0.5420905999999377,0.5420905999999377,path,path,path,31,0.0,0.0,False,,,False,1,path,64,4,RL+Path,3
best,C:\Users\erich\Documents\AFRL\Algebraic-Connectivity-Optimization-CDC2026\lite_trials\sweep\balanced\checkpoints\best.pt,ppo,7000,C:\Users\erich\Documents\AFRL\Algebraic-Connectivity-Optimization-CDC2026\lite_trials\lite_config.yaml,full,32,0.855913978495,4,429,429,0.8559139784946237,398,0.831855905801197,26.619388985638302,0.5189301999998861,0.5189301999998861,0.5189301999998861,path,path,path,31,0.0,0.0,False,,,False,1,path,64,4,RL+Path,4
best,C:\Users\erich\Documents\AFRL\Algebraic-Connectivity-Optimization-CDC2026\lite_trials\sweep\balanced\checkpoints\best.pt,ppo,7000,C:\Users\erich\Documents\AFRL\Algebraic-Connectivity-Optimization-CDC2026\lite_trials\lite_config.yaml,full,32,0.92688172043,0,462,462,0.9268817204301075,431,0.9841335331364852,31.492273060367527,0.5974106000003303,0.5974106000003303,0.5974106000003303,path,path,path,31,0.0,0.0,False,,,False,1,path,64,4,RL+Path,0
best,C:\Users\erich\Documents\AFRL\Algebraic-Connectivity-Optimization-CDC2026\lite_trials\sweep\balanced\checkpoints\best.pt,ppo,7000,C:\Users\erich\Documents\AFRL\Algebraic-Connectivity-Optimization-CDC2026\lite_trials\lite_config.yaml,full,32,0.92688172043,1,462,462,0.9268817204301075,431,0.9841335331364852,31.492273060367527,0.5967345999997633,0.5967345999997633,0.5967345999997633,path,path,path,31,0.0,0.0,False,,,False,1,path,64,4,RL+Path,1
best,C:\Users\erich\Documents\AFRL\Algebraic-Connectivity-Optimization-CDC2026\lite_trials\sweep\balanced\checkpoints\best.pt,ppo,7000,C:\Users\erich\Documents\AFRL\Algebraic-Connectivity-Optimization-CDC2026\lite_trials\lite_config.yaml,full,32,0.92688172043,2,462,462,0.9268817204301075,431,0.9841335331364852,31.492273060367527,0.6097724000001108,0.6097724000001108,0.6097724000001108,path,path,path,31,0.0,0.0,False,,,False,1,path,64,4,RL+Path,2
best,C:\Users\erich\Documents\AFRL\Algebraic-Connectivity-Optimization-CDC2026\lite_trials\sweep\balanced\checkpoints\best.pt,ppo,7000,C:\Users\erich\Documents\AFRL\Algebraic-Connectivity-Optimization-CDC2026\lite_trials\lite_config.yaml,full,32,0.92688172043,3,462,462,0.9268817204301075,431,0.9841335331364852,31.492273060367527,0.6062105000000884,0.6062105000000884,0.6062105000000884,path,path,path,31,0.0,0.0,False,,,False,1,path,64,4,RL+Path,3
best,C:\Users\erich\Documents\AFRL\Algebraic-Connectivity-Optimization-CDC2026\lite_trials\sweep\balanced\checkpoints\best.pt,ppo,7000,C:\Users\erich\Documents\AFRL\Algebraic-Connectivity-Optimization-CDC2026\lite_trials\lite_config.yaml,full,32,0.92688172043,4,462,462,0.9268817204301075,431,0.9841335331364852,31.492273060367527,0.6002120000002833,0.6002120000002833,0.6002120000002833,path,path,path,31,0.0,0.0,False,,,False,1,path,64,4,RL+Path,4
best,C:\Users\erich\Documents\AFRL\Algebraic-Connectivity-Optimization-CDC2026\lite_trials\sweep\balanced\checkpoints\best.pt,ppo,7000,C:\Users\erich\Documents\AFRL\Algebraic-Connectivity-Optimization-CDC2026\lite_trials\lite_config.yaml,full,32,0.997849462366,0,495,495,0.9978494623655914,464,0.9999999999999999,31.999999999999996,0.6499626000004355,0.6499626000004355,0.6499626000004355,path,path,path,31,0.0,0.0,False,,,False,1,path,64,4,RL+Path,0
best,C:\Users\erich\Documents\AFRL\Algebraic-Connectivity-Optimization-CDC2026\lite_trials\sweep\balanced\checkpoints\best.pt,ppo,7000,C:\Users\erich\Documents\AFRL\Algebraic-Connectivity-Optimization-CDC2026\lite_trials\lite_config.yaml,full,32,0.997849462366,1,495,495,0.9978494623655914,464,0.9999999999999999,31.999999999999996,0.6646371999995608,0.6646371999995608,0.6646371999995608,path,path,path,31,0.0,0.0,False,,,False,1,path,64,4,RL+Path,1
best,C:\Users\erich\Documents\AFRL\Algebraic-Connectivity-Optimization-CDC2026\lite_trials\sweep\balanced\checkpoints\best.pt,ppo,7000,C:\Users\erich\Documents\AFRL\Algebraic-Connectivity-Optimization-CDC2026\lite_trials\lite_config.yaml,full,32,0.997849462366,2,495,495,0.9978494623655914,464,0.9999999999999999,31.999999999999996,0.6675601999995706,0.6675601999995706,0.6675601999995706,path,path,path,31,0.0,0.0,False,,,False,1,path,64,4,RL+Path,2
best,C:\Users\erich\Documents\AFRL\Algebraic-Connectivity-Optimization-CDC2026\lite_trials\sweep\balanced\checkpoints\best.pt,ppo,7000,C:\Users\erich\Documents\AFRL\Algebraic-Connectivity-Optimization-CDC2026\lite_trials\lite_config.yaml,full,32,0.997849462366,3,495,495,0.9978494623655914,464,0.9999999999999999,31.999999999999996,0.6501397000001816,0.6501397000001816,0.6501397000001816,path,path,path,31,0.0,0.0,False,,,False,1,path,64,4,RL+Path,3
best,C:\Users\erich\Documents\AFRL\Algebraic-Connectivity-Optimization-CDC2026\lite_trials\sweep\balanced\checkpoints\best.pt,ppo,7000,C:\Users\erich\Documents\AFRL\Algebraic-Connectivity-Optimization-CDC2026\lite_trials\lite_config.yaml,full,32,0.997849462366,4,495,495,0.9978494623655914,464,0.9999999999999999,31.999999999999996,0.6600054000000455,0.6600054000000455,0.6600054000000455,path,path,path,31,0.0,0.0,False,,,False,1,path,64,4,RL+Path,4
best,C:\Users\erich\Documents\AFRL\Algebraic-Connectivity-Optimization-CDC2026\lite_trials\sweep\balanced\checkpoints\best.pt,ppo,7000,C:\Users\erich\Documents\AFRL\Algebraic-Connectivity-Optimization-CDC2026\lite_trials\lite_config.yaml,full,32,0.002150537634,0,32,32,0.002150537634408602,1,0.03124999999999995,0.9999999999999984,0.003670899999633548,0.003670899999633548,0.004175099999883969,backbone,envelope_only,envelope,31,1.0,0.000504200000250421,False,,,False,1,envelope,64,4,RL+Backbone,0
best,C:\Users\erich\Documents\AFRL\Algebraic-Connectivity-Optimization-CDC2026\lite_trials\sweep\balanced\checkpoints\best.pt,ppo,7000,C:\Users\erich\Documents\AFRL\Algebraic-Connectivity-Optimization-CDC2026\lite_trials\lite_config.yaml,full,32,0.002150537634,1,32,32,0.002150537634408602,1,0.03124999999999995,0.9999999999999984,0.0010339999998905114,0.0010339999998905114,0.001166499999271764,backbone,envelope_only,envelope,31,1.0,0.00013249999938125256,False,,,False,1,envelope,64,4,RL+Backbone,1
best,C:\Users\erich\Documents\AFRL\Algebraic-Connectivity-Optimization-CDC2026\lite_trials\sweep\balanced\checkpoints\best.pt,ppo,7000,C:\Users\erich\Documents\AFRL\Algebraic-Connectivity-Optimization-CDC2026\lite_trials\lite_config.yaml,full,32,0.002150537634,2,32,32,0.002150537634408602,1,0.03124999999999995,0.9999999999999984,0.0010064999996757251,0.0010064999996757251,0.001110299999709241,backbone,envelope_only,envelope,31,1.0,0.00010380000003351597,False,,,False,1,envelope,64,4,RL+Backbone,2
best,C:\Users\erich\Documents\AFRL\Algebraic-Connectivity-Optimization-CDC2026\lite_trials\sweep\balanced\checkpoints\best.pt,ppo,7000,C:\Users\erich\Documents\AFRL\Algebraic-Connectivity-Optimization-CDC2026\lite_trials\lite_config.yaml,full,32,0.002150537634,3,32,32,0.002150537634408602,1,0.03124999999999995,0.9999999999999984,0.0009710000003906316,0.0009710000003906316,0.0010787999999593012,backbone,envelope_only,envelope,31,1.0,0.00010779999956866959,False,,,False,1,envelope,64,4,RL+Backbone,3
best,C:\Users\erich\Documents\AFRL\Algebraic-Connectivity-Optimization-CDC2026\lite_trials\sweep\balanced\checkpoints\best.pt,ppo,7000,C:\Users\erich\Documents\AFRL\Algebraic-Connectivity-Optimization-CDC2026\lite_trials\lite_config.yaml,full,32,0.002150537634,4,32,32,0.002150537634408602,1,0.03124999999999995,0.9999999999999984,0.0013510999997379258,0.0013510999997379258,0.0014535000000250875,backbone,envelope_only,envelope,31,1.0,0.00010240000028716167,False,,,False,1,envelope,64,4,RL+Backbone,4
best,C:\Users\erich\Documents\AFRL\Algebraic-Connectivity-Optimization-CDC2026\lite_trials\sweep\balanced\checkpoints\best.pt,ppo,7000,C:\Users\erich\Documents\AFRL\Algebraic-Connectivity-Optimization-CDC2026\lite_trials\lite_config.yaml,full,32,0.07311827957,0,65,65,0.07311827956989247,5,0.18511067486499486,5.923541595679835,0.005252500000096916,0.005252500000096916,0.01031900000089081,backbone,both,envelope,60,2.0,0.008773700000347162,False,,,True,2,"cayley,envelope",64,4,RL+Backbone,0
best,C:\Users\erich\Documents\AFRL\Algebraic-Connectivity-Optimization-CDC2026\lite_trials\sweep\balanced\checkpoints\best.pt,ppo,7000,C:\Users\erich\Documents\AFRL\Algebraic-Connectivity-Optimization-CDC2026\lite_trials\lite_config.yaml,full,32,0.07311827957,1,65,65,0.07311827956989247,5,0.18511067486499486,5.923541595679835,0.005064200000560959,0.005064200000560959,0.007581999999274558,backbone,both,envelope,60,2.0,0.006532399999741756,False,,,True,2,"cayley,envelope",64,4,RL+Backbone,1
best,C:\Users\erich\Documents\AFRL\Algebraic-Connectivity-Optimization-CDC2026\lite_trials\sweep\balanced\checkpoints\best.pt,ppo,7000,C:\Users\erich\Documents\AFRL\Algebraic-Connectivity-Optimization-CDC2026\lite_trials\lite_config.yaml,full,32,0.07311827957,2,65,65,0.07311827956989247,5,0.18511067486499486,5.923541595679835,0.004838799999561161,0.004838799999561161,0.007320200000322075,backbone,both,envelope,60,2.0,0.006281200000557874,False,,,True,2,"cayley,envelope",64,4,RL+Backbone,2
best,C:\Users\erich\Documents\AFRL\Algebraic-Connectivity-Optimization-CDC2026\lite_trials\sweep\balanced\checkpoints\best.pt,ppo,7000,C:\Users\erich\Documents\AFRL\Algebraic-Connectivity-Optimization-CDC2026\lite_trials\lite_config.yaml,full,32,0.07311827957,3,65,65,0.07311827956989247,5,0.18511067486499486,5.923541595679835,0.005450699999528297,0.005450699999528297,0.008565799998905277,backbone,both,envelope,60,2.0,0.0070780999994894955,False,,,True,2,"cayley,envelope",64,4,RL+Backbone,3
best,C:\Users\erich\Documents\AFRL\Algebraic-Connectivity-Optimization-CDC2026\lite_trials\sweep\balanced\checkpoints\best.pt,ppo,7000,C:\Users\erich\Documents\AFRL\Algebraic-Connectivity-Optimization-CDC2026\lite_trials\lite_config.yaml,full,32,0.07311827957,4,65,65,0.07311827956989247,5,0.18511067486499486,5.923541595679835,0.0060064999997848645,0.0060064999997848645,0.008314400000017486,backbone,both,envelope,60,2.0,0.007073299999319715,False,,,True,2,"cayley,envelope",64,4,RL+Backbone,4
best,C:\Users\erich\Documents\AFRL\Algebraic-Connectivity-Optimization-CDC2026\lite_trials\sweep\balanced\checkpoints\best.pt,ppo,7000,C:\Users\erich\Documents\AFRL\Algebraic-Connectivity-Optimization-CDC2026\lite_trials\lite_config.yaml,full,32,0.144086021505,0,98,98,0.14408602150537633,2,0.11193021140398704,3.5817667649275853,0.0039913000000524335,0.0039913000000524335,0.012670199999774923,backbone,cayley_only,cayley,96,3.386874070247247,0.00867889999972249,False,2,,False,1,cayley,64,4,RL+Backbone,0
best,C:\Users\erich\Documents\AFRL\Algebraic-Connectivity-Optimization-CDC2026\lite_trials\sweep\balanced\checkpoints\best.pt,ppo,7000,C:\Users\erich\Documents\AFRL\Algebraic-Connectivity-Optimization-CDC2026\lite_trials\lite_config.yaml,full,32,0.144086021505,1,98,98,0.14408602150537633,2,0.119913736002489,3.837239552079648,0.0026572000006126473,0.0026572000006126473,0.011996900000667665,backbone,cayley_only,cayley,96,3.3868740702472473,0.009339700000055018,False,2,,False,1,cayley,64,4,RL+Backbone,1
best,C:\Users\erich\Documents\AFRL\Algebraic-Connectivity-Optimization-CDC2026\lite_trials\sweep\balanced\checkpoints\best.pt,ppo,7000,C:\Users\erich\Documents\AFRL\Algebraic-Connectivity-Optimization-CDC2026\lite_trials\lite_config.yaml,full,32,0.144086021505,2,98,98,0.14408602150537633,2,0.11193021140398704,3.5817667649275853,0.0025186000002577202,0.0025186000002577202,0.010190100000727398,backbone,cayley_only,cayley,96,3.386874070247247,0.007671500000469678,False,2,,False,1,cayley,64,4,RL+Backbone,2
best,C:\Users\erich\Documents\AFRL\Algebraic-Connectivity-Optimization-CDC2026\lite_trials\sweep\balanced\checkpoints\best.pt,ppo,7000,C:\Users\erich\Documents\AFRL\Algebraic-Connectivity-Optimization-CDC2026\lite_trials\lite_config.yaml,full,32,0.144086021505,3,98,98,0.14408602150537633,2,0.11193021140398704,3.5817667649275853,0.002431800000522344,0.002431800000522344,0.010625000000800355,backbone,cayley_only,cayley,96,3.386874070247247,0.008193200000278011,False,2,,False,1,cayley,64,4,RL+Backbone,3
best,C:\Users\erich\Documents\AFRL\Algebraic-Connectivity-Optimization-CDC2026\lite_trials\sweep\balanced\checkpoints\best.pt,ppo,7000,C:\Users\erich\Documents\AFRL\Algebraic-Connectivity-Optimization-CDC2026\lite_trials\lite_config.yaml,full,32,0.144086021505,4,98,98,0.14408602150537633,2,0.1104020389580078,3.53286524665625,0.0023158000003604684,0.0023158000003604684,0.010390800001005118,backbone,cayley_only,cayley,96,3.3868740702472473,0.00807500000064465,False,2,,False,1,cayley,64,4,RL+Backbone,4
best,C:\Users\erich\Documents\AFRL\Algebraic-Connectivity-Optimization-CDC2026\lite_trials\sweep\balanced\checkpoints\best.pt,ppo,7000,C:\Users\erich\Documents\AFRL\Algebraic-Connectivity-Optimization-CDC2026\lite_trials\lite_config.yaml,full,32,0.215053763441,0,131,131,0.21505376344086022,3,0.1787281286119102,5.7193001155811265,0.003677400000015041,0.003677400000015041,0.01209259999995993,backbone,cayley_only,cayley,128,5.171572875253809,0.008415199999944889,False,2,,False,1,cayley,64,4,RL+Backbone,0
best,C:\Users\erich\Documents\AFRL\Algebraic-Connectivity-Optimization-CDC2026\lite_trials\sweep\balanced\checkpoints\best.pt,ppo,7000,C:\Users\erich\Documents\AFRL\Algebraic-Connectivity-Optimization-CDC2026\lite_trials\lite_config.yaml,full,32,0.215053763441,1,131,131,0.21505376344086022,3,0.16696944299614105,5.343022175876514,0.00374290000036126,0.00374290000036126,0.012062300000252435,backbone,cayley_only,cayley,128,5.171572875253811,0.008319399999891175,False,2,,False,1,cayley,64,4,RL+Backbone,1
best,C:\Users\erich\Documents\AFRL\Algebraic-Connectivity-Optimization-CDC2026\lite_trials\sweep\balanced\checkpoints\best.pt,ppo,7000,C:\Users\erich\Documents\AFRL\Algebraic-Connectivity-Optimization-CDC2026\lite_trials\lite_config.yaml,full,32,0.215053763441,2,131,131,0.21505376344086022,3,0.19028767216654474,6.089205509329432,0.003292600000349921,0.003292600000349921,0.011736300000848132,backbone,cayley_only,cayley,128,5.171572875253808,0.008443700000498211,False,2,,False,1,cayley,64,4,RL+Backbone,2
best,C:\Users\erich\Documents\AFRL\Algebraic-Connectivity-Optimization-CDC2026\lite_trials\sweep\balanced\checkpoints\best.pt,ppo,7000,C:\Users\erich\Documents\AFRL\Algebraic-Connectivity-Optimization-CDC2026\lite_trials\lite_config.yaml,full,32,0.215053763441,3,131,131,0.21505376344086022,3,0.1831864761358007,5.861967236345622,0.003628299999945739,0.003628299999945739,0.012352200000350422,backbone,cayley_only,cayley,128,5.171572875253809,0.008723900000404683,False,2,,False,1,cayley,64,4,RL+Backbone,3
best,C:\Users\erich\Documents\AFRL\Algebraic-Connectivity-Optimization-CDC2026\lite_trials\sweep\balanced\checkpoints\best.pt,ppo,7000,C:\Users\erich\Documents\AFRL\Algebraic-Connectivity-Optimization-CDC2026\lite_trials\lite_config.yaml,full,32,0.215053763441,4,131,131,0.21505376344086022,3,0.16161165235168146,5.171572875253807,0.003374900000380876,0.003374900000380876,0.011631800000941439,backbone,cayley_only,cayley,128,5.17157287525381,0.008256900000560563,False,2,,False,1,cayley,64,4,RL+Backbone,4
best,C:\Users\erich\Documents\AFRL\Algebraic-Connectivity-Optimization-CDC2026\lite_trials\sweep\balanced\checkpoints\best.pt,ppo,7000,C:\Users\erich\Documents\AFRL\Algebraic-Connectivity-Optimization-CDC2026\lite_trials\lite_config.yaml,full,32,0.286021505376,0,164,164,0.2860215053763441,4,0.2645366850688152,8.465173922202087,0.004563800000141782,0.004563800000141782,0.014094199999817647,backbone,cayley_only,cayley,160,7.386874070247248,0.009530399999675865,False,2,,False,1,cayley,64,4,RL+Backbone,0
best,C:\Users\erich\Documents\AFRL\Algebraic-Connectivity-Optimization-CDC2026\lite_trials\sweep\balanced\checkpoints\best.pt,ppo,7000,C:\Users\erich\Documents\AFRL\Algebraic-Connectivity-Optimization-CDC2026\lite_trials\lite_config.yaml,full,32,0.286021505376,1,164,164,0.2860215053763441,4,0.2692178817747009,8.614972216790429,0.006416199999875971,0.006416199999875971,0.01695839999956661,backbone,cayley_only,cayley,160,7.386874070247249,0.010542199999690638,False,2,,False,1,cayley,64,4,RL+Backbone,1
best,C:\Users\erich\Documents\AFRL\Algebraic-Connectivity-Optimization-CDC2026\lite_trials\sweep\balanced\checkpoints\best.pt,ppo,7000,C:\Users\erich\Documents\AFRL\Algebraic-Connectivity-Optimization-CDC2026\lite_trials\lite_config.yaml,full,32,0.286021505376,2,164,164,0.2860215053763441,4,0.2692178817747009,8.614972216790429,0.0064874999998210114,0.0064874999998210114,0.01712709999992512,backbone,cayley_only,cayley,160,7.386874070247249,0.01063960000010411,False,2,,False,1,cayley,64,4,RL+Backbone,2
best,C:\Users\erich\Documents\AFRL\Algebraic-Connectivity-Optimization-CDC2026\lite_trials\sweep\balanced\checkpoints\best.pt,ppo,7000,C:\Users\erich\Documents\AFRL\Algebraic-Connectivity-Optimization-CDC2026\lite_trials\lite_config.yaml,full,32,0.286021505376,3,164,164,0.2860215053763441,4,0.2660893448768798,8.514859036060153,0.006273199999668577,0.006273199999668577,0.01696540000011737,backbone,cayley_only,cayley,160,7.386874070247247,0.010692200000448793,False,2,,False,1,cayley,64,4,RL+Backbone,3
best,C:\Users\erich\Documents\AFRL\Algebraic-Connectivity-Optimization-CDC2026\lite_trials\sweep\balanced\checkpoints\best.pt,ppo,7000,C:\Users\erich\Documents\AFRL\Algebraic-Connectivity-Optimization-CDC2026\lite_trials\lite_config.yaml,full,32,0.286021505376,4,164,164,0.2860215053763441,4,0.2645366850688152,8.465173922202087,0.005837300000166579,0.005837300000166579,0.014984500000537082,backbone,cayley_only,cayley,160,7.386874070247248,0.009147200000370503,False,2,,False,1,cayley,64,4,RL+Backbone,4
best,C:\Users\erich\Documents\AFRL\Algebraic-Connectivity-Optimization-CDC2026\lite_trials\sweep\balanced\checkpoints\best.pt,ppo,7000,C:\Users\erich\Documents\AFRL\Algebraic-Connectivity-Optimization-CDC2026\lite_trials\lite_config.yaml,full,32,0.356989247312,0,197,197,0.35698924731182796,5,0.3217732085388428,10.296742673242969,0.0070092999994813,0.0070092999994813,0.016176099999029248,backbone,cayley_only,cayley,192,9.550510257216825,0.009166799999547948,False,2,,False,1,cayley,64,4,RL+Backbone,0
best,C:\Users\erich\Documents\AFRL\Algebraic-Connectivity-Optimization-CDC2026\lite_trials\sweep\balanced\checkpoints\best.pt,ppo,7000,C:\Users\erich\Documents\AFRL\Algebraic-Connectivity-Optimization-CDC2026\lite_trials\lite_config.yaml,full,32,0.356989247312,1,197,197,0.35698924731182796,5,0.3217732085388428,10.296742673242969,0.007368700000370154,0.007368700000370154,0.017067100000531354,backbone,cayley_only,cayley,192,9.550510257216825,0.0096984000001612,False,2,,False,1,cayley,64,4,RL+Backbone,1
best,C:\Users\erich\Documents\AFRL\Algebraic-Connectivity-Optimization-CDC2026\lite_trials\sweep\balanced\checkpoints\best.pt,ppo,7000,C:\Users\erich\Documents\AFRL\Algebraic-Connectivity-Optimization-CDC2026\lite_trials\lite_config.yaml,full,32,0.356989247312,2,197,197,0.35698924731182796,5,0.3217732085388428,10.296742673242969,0.007829400000446185,0.007829400000446185,0.015273300000444578,backbone,cayley_only,cayley,192,9.550510257216825,0.0074438999999983935,False,2,,False,1,cayley,64,4,RL+Backbone,2
best,C:\Users\erich\Documents\AFRL\Algebraic-Connectivity-Optimization-CDC2026\lite_trials\sweep\balanced\checkpoints\best.pt,ppo,7000,C:\Users\erich\Documents\AFRL\Algebraic-Connectivity-Optimization-CDC2026\lite_trials\lite_config.yaml,full,32,0.356989247312,3,197,197,0.35698924731182796,5,0.3217732085388428,10.296742673242969,0.008147900000039954,0.008147900000039954,0.0170416999999361,backbone,cayley_only,cayley,192,9.550510257216825,0.008893799999896146,False,2,,False,1,cayley,64,4,RL+Backbone,3
best,C:\Users\erich\Documents\AFRL\Algebraic-Connectivity-Optimization-CDC2026\lite_trials\sweep\balanced\checkpoints\best.pt,ppo,7000,C:\Users\erich\Documents\AFRL\Algebraic-Connectivity-Optimization-CDC2026\lite_trials\lite_config.yaml,full,32,0.356989247312,4,197,197,0.35698924731182796,5,0.2984534455380254,9.550510257216812,0.007351799999923969,0.007351799999923969,0.016438300000118033,backbone,cayley_only,cayley,192,9.550510257216823,0.009086500000194064,False,2,,False,1,cayley,64,4,RL+Backbone,4
best,C:\Users\erich\Documents\AFRL\Algebraic-Connectivity-Optimization-CDC2026\lite_trials\sweep\balanced\checkpoints\best.pt,ppo,7000,C:\Users\erich\Documents\AFRL\Algebraic-Connectivity-Optimization-CDC2026\lite_trials\lite_config.yaml,full,32,0.427956989247,0,230,230,0.42795698924731185,6,0.39843750000000094,12.75000000000003,0.008776300000135961,0.008776300000135961,0.012869600000158243,backbone,cayley_only,cayley,224,12.000000000000007,0.004093300000022282,False,2,,False,1,cayley,64,4,RL+Backbone,0
best,C:\Users\erich\Documents\AFRL\Algebraic-Connectivity-Optimization-CDC2026\lite_trials\sweep\balanced\checkpoints\best.pt,ppo,7000,C:\Users\erich\Documents\AFRL\Algebraic-Connectivity-Optimization-CDC2026\lite_trials\lite_config.yaml,full,32,0.427956989247,1,230,230,0.42795698924731185,6,0.39843750000000094,12.75000000000003,0.007397999999739113,0.007397999999739113,0.01407909999943513,backbone,cayley_only,cayley,224,12.000000000000007,0.006681099999696016,False,2,,False,1,cayley,64,4,RL+Backbone,1
best,C:\Users\erich\Documents\AFRL\Algebraic-Connectivity-Optimization-CDC2026\lite_trials\sweep\balanced\checkpoints\best.pt,ppo,7000,C:\Users\erich\Documents\AFRL\Algebraic-Connectivity-Optimization-CDC2026\lite_trials\lite_config.yaml,full,32,0.427956989247,2,230,230,0.42795698924731185,6,0.39843750000000094,12.75000000000003,0.008451400000012654,0.008451400000012654,0.012059100000442413,backbone,cayley_only,cayley,224,12.000000000000007,0.003607700000429759,False,2,,False,1,cayley,64,4,RL+Backbone,2
best,C:\Users\erich\Documents\AFRL\Algebraic-Connectivity-Optimization-CDC2026\lite_trials\sweep\balanced\checkpoints\best.pt,ppo,7000,C:\Users\erich\Documents\AFRL\Algebraic-Connectivity-Optimization-CDC2026\lite_trials\lite_config.yaml,full,32,0.427956989247,3,230,230,0.42795698924731185,6,0.39843750000000094,12.75000000000003,0.0072805999998308835,0.0072805999998308835,0.012338399999862304,backbone,cayley_only,cayley,224,12.000000000000007,0.0050578000000314205,False,2,,False,1,cayley,64,4,RL+Backbone,3
best,C:\Users\erich\Documents\AFRL\Algebraic-Connectivity-Optimization-CDC2026\lite_trials\sweep\balanced\checkpoints\best.pt,ppo,7000,C:\Users\erich\Documents\AFRL\Algebraic-Connectivity-Optimization-CDC2026\lite_trials\lite_config.yaml,full,32,0.427956989247,4,230,230,0.42795698924731185,6,0.39843750000000094,12.75000000000003,0.009382299999742827,0.009382299999742827,0.013148000000001048,backbone,cayley_only,cayley,224,12.000000000000007,0.003765700000258221,False,2,,False,1,cayley,64,4,RL+Backbone,4
best,C:\Users\erich\Documents\AFRL\Algebraic-Connectivity-Optimization-CDC2026\lite_trials\sweep\balanced\checkpoints\best.pt,ppo,7000,C:\Users\erich\Documents\AFRL\Algebraic-Connectivity-Optimization-CDC2026\lite_trials\lite_config.yaml,full,32,0.501075268817,0,264,264,0.5010752688172043,8,0.6274989529814866,20.07996649540757,0.012038500000016938,0.012038500000016938,0.02636979999988398,backbone,both,envelope,256,16.0,0.014331299999867042,False,,,True,2,"cayley,envelope",64,4,RL+Backbone,0
best,C:\Users\erich\Documents\AFRL\Algebraic-Connectivity-Optimization-CDC2026\lite_trials\sweep\balanced\checkpoints\best.pt,ppo,7000,C:\Users\erich\Documents\AFRL\Algebraic-Connectivity-Optimization-CDC2026\lite_trials\lite_config.yaml,full,32,0.501075268817,1,264,264,0.5010752688172043,8,0.6274989529814866,20.07996649540757,0.012585099999341764,0.012585099999341764,0.02528219999931025,backbone,both,envelope,256,16.0,0.012697099999968486,False,,,True,2,"cayley,envelope",64,4,RL+Backbone,1
best,C:\Users\erich\Documents\AFRL\Algebraic-Connectivity-Optimization-CDC2026\lite_trials\sweep\balanced\checkpoints\best.pt,ppo,7000,C:\Users\erich\Documents\AFRL\Algebraic-Connectivity-Optimization-CDC2026\lite_trials\lite_config.yaml,full,32,0.501075268817,2,264,264,0.5010752688172043,8,0.6274989529814866,20.07996649540757,0.013357900000301015,0.013357900000301015,0.027121099999931175,backbone,both,envelope,256,16.0,0.01376319999963016,False,,,True,2,"cayley,envelope",64,4,RL+Backbone,2
best,C:\Users\erich\Documents\AFRL\Algebraic-Connectivity-Optimization-CDC2026\lite_trials\sweep\balanced\checkpoints\best.pt,ppo,7000,C:\Users\erich\Documents\AFRL\Algebraic-Connectivity-Optimization-CDC2026\lite_trials\lite_config.yaml,full,32,0.501075268817,3,264,264,0.5010752688172043,8,0.6274989529814866,20.07996649540757,0.011731499999768857,0.011731499999768857,0.02446950000103243,backbone,both,envelope,256,16.0,0.013157600000340608,False,,,True,2,"cayley,envelope",64,4,RL+Backbone,3
best,C:\Users\erich\Documents\AFRL\Algebraic-Connectivity-Optimization-CDC2026\lite_trials\sweep\balanced\checkpoints\best.pt,ppo,7000,C:\Users\erich\Documents\AFRL\Algebraic-Connectivity-Optimization-CDC2026\lite_trials\lite_config.yaml,full,32,0.501075268817,4,264,264,0.5010752688172043,8,0.6274989529814866,20.07996649540757,0.012172699999609904,0.012172699999609904,0.02520899999944959,backbone,both,envelope,256,16.0,0.013036299999839684,False,,,True,2,"cayley,envelope",64,4,RL+Backbone,4
best,C:\Users\erich\Documents\AFRL\Algebraic-Connectivity-Optimization-CDC2026\lite_trials\sweep\balanced\checkpoints\best.pt,ppo,7000,C:\Users\erich\Documents\AFRL\Algebraic-Connectivity-Optimization-CDC2026\lite_trials\lite_config.yaml,full,32,0.572043010753,0,297,297,0.5720430107526882,12,0.5868665182270113,18.77972858326436,0.01505399999950896,0.01505399999950896,0.023426000000654312,backbone,both,envelope,285,17.0,0.010091200000715617,False,,,True,2,"cayley,envelope",64,4,RL+Backbone,0
best,C:\Users\erich\Documents\AFRL\Algebraic-Connectivity-Optimization-CDC2026\lite_trials\sweep\balanced\checkpoints\best.pt,ppo,7000,C:\Users\erich\Documents\AFRL\Algebraic-Connectivity-Optimization-CDC2026\lite_trials\lite_config.yaml,full,32,0.572043010753,1,297,297,0.5720430107526882,12,0.5868665182270113,18.77972858326436,0.015171299999565235,0.015171299999565235,0.023786600000676117,backbone,both,envelope,285,17.0,0.010085800000524614,False,,,True,2,"cayley,envelope",64,4,RL+Backbone,1
best,C:\Users\erich\Documents\AFRL\Algebraic-Connectivity-Optimization-CDC2026\lite_trials\sweep\balanced\checkpoints\best.pt,ppo,7000,C:\Users\erich\Documents\AFRL\Algebraic-Connectivity-Optimization-CDC2026\lite_trials\lite_config.yaml,full,32,0.572043010753,2,297,297,0.5720430107526882,12,0.5868665182270113,18.77972858326436,0.0186215000003358,0.0186215000003358,0.024827799999911804,backbone,both,envelope,285,17.0,0.009877999999844178,False,,,True,2,"cayley,envelope",64,4,RL+Backbone,2
best,C:\Users\erich\Documents\AFRL\Algebraic-Connectivity-Optimization-CDC2026\lite_trials\sweep\balanced\checkpoints\best.pt,ppo,7000,C:\Users\erich\Documents\AFRL\Algebraic-Connectivity-Optimization-CDC2026\lite_trials\lite_config.yaml,full,32,0.572043010753,3,297,297,0.5720430107526882,12,0.5868665182270113,18.77972858326436,0.01788810000016383,0.01788810000016383,0.021025999999437772,backbone,both,envelope,285,17.0,0.00910799999928713,False,,,True,2,"cayley,envelope",64,4,RL+Backbone,3
best,C:\Users\erich\Documents\AFRL\Algebraic-Connectivity-Optimization-CDC2026\lite_trials\sweep\balanced\checkpoints\best.pt,ppo,7000,C:\Users\erich\Documents\AFRL\Algebraic-Connectivity-Optimization-CDC2026\lite_trials\lite_config.yaml,full,32,0.572043010753,4,297,297,0.5720430107526882,12,0.5868665182270113,18.77972858326436,0.018243499999698543,0.018243499999698543,0.021218200000475917,backbone,both,envelope,285,17.0,0.009605000000192376,False,,,True,2,"cayley,envelope",64,4,RL+Backbone,4
best,C:\Users\erich\Documents\AFRL\Algebraic-Connectivity-Optimization-CDC2026\lite_trials\sweep\balanced\checkpoints\best.pt,ppo,7000,C:\Users\erich\Documents\AFRL\Algebraic-Connectivity-Optimization-CDC2026\lite_trials\lite_config.yaml,full,32,0.643010752688,0,330,330,0.6430107526881721,20,0.7070962116206231,22.62707877185994,0.031154599999354105,0.031154599999354105,0.03597399999944173,backbone,both,cayley,310,17.999999999999968,0.004819400000087626,False,3,,True,2,"cayley,envelope",64,4,RL+Backbone,0
best,C:\Users\erich\Documents\AFRL\Algebraic-Connectivity-Optimization-CDC2026\lite_trials\sweep\balanced\checkpoints\best.pt,ppo,7000,C:\Users\erich\Documents\AFRL\Algebraic-Connectivity-Optimization-CDC2026\lite_trials\lite_config.yaml,full,32,0.643010752688,1,330,330,0.6430107526881721,20,0.7004842830259018,22.41549705682886,0.027693099999851256,0.027693099999851256,0.03300689999923634,backbone,both,cayley,310,17.999999999999993,0.005313799999385083,False,3,,True,2,"cayley,envelope",64,4,RL+Backbone,1
best,C:\Users\erich\Documents\AFRL\Algebraic-Connectivity-Optimization-CDC2026\lite_trials\sweep\balanced\checkpoints\best.pt,ppo,7000,C:\Users\erich\Documents\AFRL\Algebraic-Connectivity-Optimization-CDC2026\lite_trials\lite_config.yaml,full,32,0.643010752688,2,330,330,0.6430107526881721,20,0.7175487962606939,22.961561480342205,0.030821800000012445,0.030821800000012445,0.036319799999546376,backbone,both,cayley,310,17.999999999999986,0.005497999999533931,False,3,,True,2,"cayley,envelope",64,4,RL+Backbone,2
best,C:\Users\erich\Documents\AFRL\Algebraic-Connectivity-Optimization-CDC2026\lite_trials\sweep\balanced\checkpoints\best.pt,ppo,7000,C:\Users\erich\Documents\AFRL\Algebraic-Connectivity-Optimization-CDC2026\lite_trials\lite_config.yaml,full,32,0.643010752688,3,330,330,0.6430107526881721,20,0.6914455001127197,22.12625600360703,0.029724099999839382,0.029724099999839382,0.035168399999747635,backbone,both,cayley,310,17.99999999999998,0.005444299999908253,False,3,,True,2,"cayley,envelope",64,4,RL+Backbone,3
best,C:\Users\erich\Documents\AFRL\Algebraic-Connectivity-Optimization-CDC2026\lite_trials\sweep\balanced\checkpoints\best.pt,ppo,7000,C:\Users\erich\Documents\AFRL\Algebraic-Connectivity-Optimization-CDC2026\lite_trials\lite_config.yaml,full,32,0.643010752688,4,330,330,0.6430107526881721,20,0.702612285469304,22.483593135017728,0.030762300000787945,0.030762300000787945,0.036102100000789505,backbone,both,cayley,310,17.99999999999999,0.00533980000000156,False,3,,True,2,"cayley,envelope",64,4,RL+Backbone,4
best,C:\Users\erich\Documents\AFRL\Algebraic-Connectivity-Optimization-CDC2026\lite_trials\sweep\balanced\checkpoints\best.pt,ppo,7000,C:\Users\erich\Documents\AFRL\Algebraic-Connectivity-Optimization-CDC2026\lite_trials\lite_config.yaml,full,32,0.713978494624,0,363,363,0.7139784946236559,11,0.7146966026115069,22.87029128356822,0.017299599999205384,0.017299599999205384,0.02080019999993965,backbone,both,cayley,352,20.152240934977424,0.0035006000007342664,False,4,,True,2,"cayley,envelope",64,4,RL+Backbone,0
best,C:\Users\erich\Documents\AFRL\Algebraic-Connectivity-Optimization-CDC2026\lite_trials\sweep\balanced\checkpoints\best.pt,ppo,7000,C:\Users\erich\Documents\AFRL\Algebraic-Connectivity-Optimization-CDC2026\lite_trials\lite_config.yaml,full,32,0.713978494624,1,363,363,0.7139784946236559,11,0.7146966026115069,22.87029128356822,0.016134499999679974,0.016134499999679974,0.019902799999726994,backbone,both,cayley,352,20.152240934977424,0.00376830000004702,False,4,,True,2,"cayley,envelope",64,4,RL+Backbone,1
best,C:\Users\erich\Documents\AFRL\Algebraic-Connectivity-Optimization-CDC2026\lite_trials\sweep\balanced\checkpoints\best.pt,ppo,7000,C:\Users\erich\Documents\AFRL\Algebraic-Connectivity-Optimization-CDC2026\lite_trials\lite_config.yaml,full,32,0.713978494624,2,363,363,0.7139784946236559,11,0.7146966026115069,22.87029128356822,0.016467999999804306,0.016467999999804306,0.020349599999462953,backbone,both,cayley,352,20.152240934977424,0.003881599999658647,False,4,,True,2,"cayley,envelope",64,4,RL+Backbone,2
best,C:\Users\erich\Documents\AFRL\Algebraic-Connectivity-Optimization-CDC2026\lite_trials\sweep\balanced\checkpoints\best.pt,ppo,7000,C:\Users\erich\Documents\AFRL\Algebraic-Connectivity-Optimization-CDC2026\lite_trials\lite_config.yaml,full,32,0.713978494624,3,363,363,0.7139784946236559,11,0.7146966026115069,22.87029128356822,0.01674730000013369,0.01674730000013369,0.021174599999540078,backbone,both,cayley,352,20.152240934977424,0.004427299999406387,False,4,,True,2,"cayley,envelope",64,4,RL+Backbone,3
best,C:\Users\erich\Documents\AFRL\Algebraic-Connectivity-Optimization-CDC2026\lite_trials\sweep\balanced\checkpoints\best.pt,ppo,7000,C:\Users\erich\Documents\AFRL\Algebraic-Connectivity-Optimization-CDC2026\lite_trials\lite_config.yaml,full,32,0.713978494624,4,363,363,0.7139784946236559,11,0.7146966026115069,22.87029128356822,0.01750259999971604,0.01750259999971604,0.02187969999977213,backbone,both,cayley,352,20.152240934977424,0.004377100000056089,False,4,,True,2,"cayley,envelope",64,4,RL+Backbone,4
best,C:\Users\erich\Documents\AFRL\Algebraic-Connectivity-Optimization-CDC2026\lite_trials\sweep\balanced\checkpoints\best.pt,ppo,7000,C:\Users\erich\Documents\AFRL\Algebraic-Connectivity-Optimization-CDC2026\lite_trials\lite_config.yaml,full,32,0.784946236559,0,396,396,0.7849462365591398,12,0.8429117441895723,26.973175814066312,0.020459600000322098,0.020459600000322098,0.020931900000505266,backbone,envelope_only,envelope,384,24.0,0.00047230000018316787,False,,,False,1,envelope,64,4,RL+Backbone,0
best,C:\Users\erich\Documents\AFRL\Algebraic-Connectivity-Optimization-CDC2026\lite_trials\sweep\balanced\checkpoints\best.pt,ppo,7000,C:\Users\erich\Documents\AFRL\Algebraic-Connectivity-Optimization-CDC2026\lite_trials\lite_config.yaml,full,32,0.784946236559,1,396,396,0.7849462365591398,12,0.8429117441895723,26.973175814066312,0.021342699999877368,0.021342699999877368,0.02179859999978362,backbone,envelope_only,envelope,384,24.0,0.00045589999990625074,False,,,False,1,envelope,64,4,RL+Backbone,1
best,C:\Users\erich\Documents\AFRL\Algebraic-Connectivity-Optimization-CDC2026\lite_trials\sweep\balanced\checkpoints\best.pt,ppo,7000,C:\Users\erich\Documents\AFRL\Algebraic-Connectivity-Optimization-CDC2026\lite_trials\lite_config.yaml,full,32,0.784946236559,2,396,396,0.7849462365591398,12,0.8429117441895723,26.973175814066312,0.02136270000028162,0.02136270000028162,0.02181060000020807,backbone,envelope_only,envelope,384,24.0,0.0004478999999264488,False,,,False,1,envelope,64,4,RL+Backbone,2
best,C:\Users\erich\Documents\AFRL\Algebraic-Connectivity-Optimization-CDC2026\lite_trials\sweep\balanced\checkpoints\best.pt,ppo,7000,C:\Users\erich\Documents\AFRL\Algebraic-Connectivity-Optimization-CDC2026\lite_trials\lite_config.yaml,full,32,0.784946236559,3,396,396,0.7849462365591398,12,0.8429117441895723,26.973175814066312,0.019938799999181356,0.019938799999181356,0.020393199999489298,backbone,envelope_only,envelope,384,24.0,0.0004544000003079418,False,,,False,1,envelope,64,4,RL+Backbone,3
best,C:\Users\erich\Documents\AFRL\Algebraic-Connectivity-Optimization-CDC2026\lite_trials\sweep\balanced\checkpoints\best.pt,ppo,7000,C:\Users\erich\Documents\AFRL\Algebraic-Connectivity-Optimization-CDC2026\lite_trials\lite_config.yaml,full,32,0.784946236559,4,396,396,0.7849462365591398,12,0.8429117441895723,26.973175814066312,0.01998829999956797,0.01998829999956797,0.020493899999564746,backbone,envelope_only,envelope,384,24.0,0.0005055999999967753,False,,,False,1,envelope,64,4,RL+Backbone,4
best,C:\Users\erich\Documents\AFRL\Algebraic-Connectivity-Optimization-CDC2026\lite_trials\sweep\balanced\checkpoints\best.pt,ppo,7000,C:\Users\erich\Documents\AFRL\Algebraic-Connectivity-Optimization-CDC2026\lite_trials\lite_config.yaml,full,32,0.855913978495,0,429,429,0.8559139784946237,9,0.8928005043251255,28.569616138404015,0.015986000000339118,0.015986000000339118,0.01637490000030084,backbone,envelope_only,envelope,420,26.0,0.00038889999996172264,False,,,False,1,envelope,64,4,RL+Backbone,0
best,C:\Users\erich\Documents\AFRL\Algebraic-Connectivity-Optimization-CDC2026\lite_trials\sweep\balanced\checkpoints\best.pt,ppo,7000,C:\Users\erich\Documents\AFRL\Algebraic-Connectivity-Optimization-CDC2026\lite_trials\lite_config.yaml,full,32,0.855913978495,1,429,429,0.8559139784946237,9,0.8928005043251255,28.569616138404015,0.016251699999884295,0.016251699999884295,0.017278299999816227,backbone,envelope_only,envelope,420,26.0,0.001026599999931932,False,,,False,1,envelope,64,4,RL+Backbone,1
best,C:\Users\erich\Documents\AFRL\Algebraic-Connectivity-Optimization-CDC2026\lite_trials\sweep\balanced\checkpoints\best.pt,ppo,7000,C:\Users\erich\Documents\AFRL\Algebraic-Connectivity-Optimization-CDC2026\lite_trials\lite_config.yaml,full,32,0.855913978495,2,429,429,0.8559139784946237,9,0.8928005043251255,28.569616138404015,0.015444200000274577,0.015444200000274577,0.015956900000674068,backbone,envelope_only,envelope,420,26.0,0.0005127000003994908,False,,,False,1,envelope,64,4,RL+Backbone,2
best,C:\Users\erich\Documents\AFRL\Algebraic-Connectivity-Optimization-CDC2026\lite_trials\sweep\balanced\checkpoints\best.pt,ppo,7000,C:\Users\erich\Documents\AFRL\Algebraic-Connectivity-Optimization-CDC2026\lite_trials\lite_config.yaml,full,32,0.855913978495,3,429,429,0.8559139784946237,9,0.8928005043251255,28.569616138404015,0.015992999999980384,0.015992999999980384,0.016554799999539682,backbone,envelope_only,envelope,420,26.0,0.0005617999995592982,False,,,False,1,envelope,64,4,RL+Backbone,3
best,C:\Users\erich\Documents\AFRL\Algebraic-Connectivity-Optimization-CDC2026\lite_trials\sweep\balanced\checkpoints\best.pt,ppo,7000,C:\Users\erich\Documents\AFRL\Algebraic-Connectivity-Optimization-CDC2026\lite_trials\lite_config.yaml,full,32,0.855913978495,4,429,429,0.8559139784946237,9,0.8928005043251255,28.569616138404015,0.015868000000409666,0.015868000000409666,0.01623860000017885,backbone,envelope_only,envelope,420,26.0,0.00037059999976918334,False,,,False,1,envelope,64,4,RL+Backbone,4
best,C:\Users\erich\Documents\AFRL\Algebraic-Connectivity-Optimization-CDC2026\lite_trials\sweep\balanced\checkpoints\best.pt,ppo,7000,C:\Users\erich\Documents\AFRL\Algebraic-Connectivity-Optimization-CDC2026\lite_trials\lite_config.yaml,full,32,0.92688172043,0,462,462,0.9268817204301075,14,0.9136030443910573,29.235297420513835,0.025560000000041327,0.025560000000041327,0.02605330000005779,backbone,envelope_only,envelope,448,28.0,0.0004933000000164611,False,,,False,1,envelope,64,4,RL+Backbone,0
best,C:\Users\erich\Documents\AFRL\Algebraic-Connectivity-Optimization-CDC2026\lite_trials\sweep\balanced\checkpoints\best.pt,ppo,7000,C:\Users\erich\Documents\AFRL\Algebraic-Connectivity-Optimization-CDC2026\lite_trials\lite_config.yaml,full,32,0.92688172043,1,462,462,0.9268817204301075,14,0.9136030443910573,29.235297420513835,0.02594150000004447,0.02594150000004447,0.026445699999385397,backbone,envelope_only,envelope,448,28.0,0.0005041999993409263,False,,,False,1,envelope,64,4,RL+Backbone,1
best,C:\Users\erich\Documents\AFRL\Algebraic-Connectivity-Optimization-CDC2026\lite_trials\sweep\balanced\checkpoints\best.pt,ppo,7000,C:\Users\erich\Documents\AFRL\Algebraic-Connectivity-Optimization-CDC2026\lite_trials\lite_config.yaml,full,32,0.92688172043,2,462,462,0.9268817204301075,14,0.9136030443910573,29.235297420513835,0.024526799999875948,0.024526799999875948,0.024995000000672007,backbone,envelope_only,envelope,448,28.0,0.0004682000007960596,False,,,False,1,envelope,64,4,RL+Backbone,2
best,C:\Users\erich\Documents\AFRL\Algebraic-Connectivity-Optimization-CDC2026\lite_trials\sweep\balanced\checkpoints\best.pt,ppo,7000,C:\Users\erich\Documents\AFRL\Algebraic-Connectivity-Optimization-CDC2026\lite_trials\lite_config.yaml,full,32,0.92688172043,3,462,462,0.9268817204301075,14,0.9136030443910573,29.235297420513835,0.024661200000082317,0.024661200000082317,0.025208300000485906,backbone,envelope_only,envelope,448,28.0,0.0005471000004035886,False,,,False,1,envelope,64,4,RL+Backbone,3
best,C:\Users\erich\Documents\AFRL\Algebraic-Connectivity-Optimization-CDC2026\lite_trials\sweep\balanced\checkpoints\best.pt,ppo,7000,C:\Users\erich\Documents\AFRL\Algebraic-Connectivity-Optimization-CDC2026\lite_trials\lite_config.yaml,full,32,0.92688172043,4,462,462,0.9268817204301075,14,0.9136030443910573,29.235297420513835,0.026919099999759055,0.026919099999759055,0.027446099999906437,backbone,envelope_only,envelope,448,28.0,0.0005270000001473818,False,,,False,1,envelope,64,4,RL+Backbone,4
best,C:\Users\erich\Documents\AFRL\Algebraic-Connectivity-Optimization-CDC2026\lite_trials\sweep\balanced\checkpoints\best.pt,ppo,7000,C:\Users\erich\Documents\AFRL\Algebraic-Connectivity-Optimization-CDC2026\lite_trials\lite_config.yaml,full,32,0.997849462366,0,495,495,0.9978494623655914,15,0.9469845745036086,30.303506384115476,0.028750000000400178,0.028750000000400178,0.029259900000397465,backbone,envelope_only,envelope,480,30.0,0.0005098999999972875,False,,,False,1,envelope,64,4,RL+Backbone,0
best,C:\Users\erich\Documents\AFRL\Algebraic-Connectivity-Optimization-CDC2026\lite_trials\sweep\balanced\checkpoints\best.pt,ppo,7000,C:\Users\erich\Documents\AFRL\Algebraic-Connectivity-Optimization-CDC2026\lite_trials\lite_config.yaml,full,32,0.997849462366,1,495,495,0.9978494623655914,15,0.9469845745036086,30.303506384115476,0.023227800000313437,0.023227800000313437,0.023823400000765105,backbone,envelope_only,envelope,480,30.0,0.0005956000004516682,False,,,False,1,envelope,64,4,RL+Backbone,1
best,C:\Users\erich\Documents\AFRL\Algebraic-Connectivity-Optimization-CDC2026\lite_trials\sweep\balanced\checkpoints\best.pt,ppo,7000,C:\Users\erich\Documents\AFRL\Algebraic-Connectivity-Optimization-CDC2026\lite_trials\lite_config.yaml,full,32,0.997849462366,2,495,495,0.9978494623655914,15,0.9469845745036086,30.303506384115476,0.026321000000280037,0.026321000000280037,0.026723899999524292,backbone,envelope_only,envelope,480,30.0,0.000402899999244255,False,,,False,1,envelope,64,4,RL+Backbone,2
best,C:\Users\erich\Documents\AFRL\Algebraic-Connectivity-Optimization-CDC2026\lite_trials\sweep\balanced\checkpoints\best.pt,ppo,7000,C:\Users\erich\Documents\AFRL\Algebraic-Connectivity-Optimization-CDC2026\lite_trials\lite_config.yaml,full,32,0.997849462366,3,495,495,0.9978494623655914,15,0.9469845745036086,30.303506384115476,0.02733319999970263,0.02733319999970263,0.027897199999642908,backbone,envelope_only,envelope,480,30.0,0.0005639999999402789,False,,,False,1,envelope,64,4,RL+Backbone,3
best,C:\Users\erich\Documents\AFRL\Algebraic-Connectivity-Optimization-CDC2026\lite_trials\sweep\balanced\checkpoints\best.pt,ppo,7000,C:\Users\erich\Documents\AFRL\Algebraic-Connectivity-Optimization-CDC2026\lite_trials\lite_config.yaml,full,32,0.997849462366,4,495,495,0.9978494623655914,15,0.9469845745036086,30.303506384115476,0.02365159999953903,0.02365159999953903,0.024124799999299285,backbone,envelope_only,envelope,480,30.0,0.0004731999997602543,False,,,False,1,envelope,64,4,RL+Backbone,4
best,C:\Users\erich\Documents\AFRL\Algebraic-Connectivity-Optimization-CDC2026\lite_trials\sweep\balanced\checkpoints\best.pt,ppo,7000,C:\Users\erich\Documents\AFRL\Algebraic-Connectivity-Optimization-CDC2026\lite_trials\lite_config.yaml,full,48,0.00092506938,0,48,48,0.0009250693802035153,1,0.003557716606791888,0.1707703971260106,0.003510900000037509,0.003510900000037509,0.003510900000037509,path,path,path,47,0.0,0.0,False,,,False,1,path,64,4,RL+Path,0
best,C:\Users\erich\Documents\AFRL\Algebraic-Connectivity-Optimization-CDC2026\lite_trials\sweep\balanced\checkpoints\best.pt,ppo,7000,C:\Users\erich\Documents\AFRL\Algebraic-Connectivity-Optimization-CDC2026\lite_trials\lite_config.yaml,full,48,0.00092506938,1,48,48,0.0009250693802035153,1,0.003557716606791888,0.1707703971260106,0.0011126999997941311,0.0011126999997941311,0.0011126999997941311,path,path,path,47,0.0,0.0,False,,,False,1,path,64,4,RL+Path,1
best,C:\Users\erich\Documents\AFRL\Algebraic-Connectivity-Optimization-CDC2026\lite_trials\sweep\balanced\checkpoints\best.pt,ppo,7000,C:\Users\erich\Documents\AFRL\Algebraic-Connectivity-Optimization-CDC2026\lite_trials\lite_config.yaml,full,48,0.00092506938,2,48,48,0.0009250693802035153,1,0.003557716606791888,0.1707703971260106,0.0010477999994691345,0.0010477999994691345,0.0010477999994691345,path,path,path,47,0.0,0.0,False,,,False,1,path,64,4,RL+Path,2
best,C:\Users\erich\Documents\AFRL\Algebraic-Connectivity-Optimization-CDC2026\lite_trials\sweep\balanced\checkpoints\best.pt,ppo,7000,C:\Users\erich\Documents\AFRL\Algebraic-Connectivity-Optimization-CDC2026\lite_trials\lite_config.yaml,full,48,0.00092506938,3,48,48,0.0009250693802035153,1,0.003557716606791888,0.1707703971260106,0.0013423999998849467,0.0013423999998849467,0.0013423999998849467,path,path,path,47,0.0,0.0,False,,,False,1,path,64,4,RL+Path,3
best,C:\Users\erich\Documents\AFRL\Algebraic-Connectivity-Optimization-CDC2026\lite_trials\sweep\balanced\checkpoints\best.pt,ppo,7000,C:\Users\erich\Documents\AFRL\Algebraic-Connectivity-Optimization-CDC2026\lite_trials\lite_config.yaml,full,48,0.00092506938,4,48,48,0.0009250693802035153,1,0.003557716606791888,0.1707703971260106,0.0016491999995196238,0.0016491999995196238,0.0016491999995196238,path,path,path,47,0.0,0.0,False,,,False,1,path,64,4,RL+Path,4
best,C:\Users\erich\Documents\AFRL\Algebraic-Connectivity-Optimization-CDC2026\lite_trials\sweep\balanced\checkpoints\best.pt,ppo,7000,C:\Users\erich\Documents\AFRL\Algebraic-Connectivity-Optimization-CDC2026\lite_trials\lite_config.yaml,full,48,0.072155411656,0,125,125,0.07215541165587419,78,0.08872973217531588,4.259027144415162,0.08688510000047245,0.08688510000047245,0.08688510000047245,path,path,path,47,0.0,0.0,False,,,False,1,path,64,4,RL+Path,0
best,C:\Users\erich\Documents\AFRL\Algebraic-Connectivity-Optimization-CDC2026\lite_trials\sweep\balanced\checkpoints\best.pt,ppo,7000,C:\Users\erich\Documents\AFRL\Algebraic-Connectivity-Optimization-CDC2026\lite_trials\lite_config.yaml,full,48,0.072155411656,1,125,125,0.07215541165587419,78,0.08872973217531588,4.259027144415162,0.08337810000011814,0.08337810000011814,0.08337810000011814,path,path,path,47,0.0,0.0,False,,,False,1,path,64,4,RL+Path,1
best,C:\Users\erich\Documents\AFRL\Algebraic-Connectivity-Optimization-CDC2026\lite_trials\sweep\balanced\checkpoints\best.pt,ppo,7000,C:\Users\erich\Documents\AFRL\Algebraic-Connectivity-Optimization-CDC2026\lite_trials\lite_config.yaml,full,48,0.072155411656,2,125,125,0.07215541165587419,78,0.08872973217531588,4.259027144415162,0.08681390000037936,0.08681390000037936,0.08681390000037936,path,path,path,47,0.0,0.0,False,,,False,1,path,64,4,RL+Path,2
best,C:\Users\erich\Documents\AFRL\Algebraic-Connectivity-Optimization-CDC2026\lite_trials\sweep\balanced\checkpoints\best.pt,ppo,7000,C:\Users\erich\Documents\AFRL\Algebraic-Connectivity-Optimization-CDC2026\lite_trials\lite_config.yaml,full,48,0.072155411656,3,125,125,0.07215541165587419,78,0.08872973217531588,4.259027144415162,0.08946629999991274,0.08946629999991274,0.08946629999991274,path,path,path,47,0.0,0.0,False,,,False,1,path,64,4,RL+Path,3
best,C:\Users\erich\Documents\AFRL\Algebraic-Connectivity-Optimization-CDC2026\lite_trials\sweep\balanced\checkpoints\best.pt,ppo,7000,C:\Users\erich\Documents\AFRL\Algebraic-Connectivity-Optimization-CDC2026\lite_trials\lite_config.yaml,full,48,0.072155411656,4,125,125,0.07215541165587419,78,0.08872973217531588,4.259027144415162,0.10922519999985525,0.10922519999985525,0.10922519999985525,path,path,path,47,0.0,0.0,False,,,False,1,path,64,4,RL+Path,4
best,C:\Users\erich\Documents\AFRL\Algebraic-Connectivity-Optimization-CDC2026\lite_trials\sweep\balanced\checkpoints\best.pt,ppo,7000,C:\Users\erich\Documents\AFRL\Algebraic-Connectivity-Optimization-CDC2026\lite_trials\lite_config.yaml,full,48,0.143385753932,0,202,202,0.14338575393154487,155,0.2911208836641694,13.97380241588013,0.21822290000000066,0.21822290000000066,0.21822290000000066,path,path,path,47,0.0,0.0,False,,,False,1,path,64,4,RL+Path,0
best,C:\Users\erich\Documents\AFRL\Algebraic-Connectivity-Optimization-CDC2026\lite_trials\sweep\balanced\checkpoints\best.pt,ppo,7000,C:\Users\erich\Documents\AFRL\Algebraic-Connectivity-Optimization-CDC2026\lite_trials\lite_config.yaml,full,48,0.143385753932,1,202,202,0.14338575393154487,155,0.2911208836641694,13.97380241588013,0.21103750000020227,0.21103750000020227,0.21103750000020227,path,path,path,47,0.0,0.0,False,,,False,1,path,64,4,RL+Path,1
best,C:\Users\erich\Documents\AFRL\Algebraic-Connectivity-Optimization-CDC2026\lite_trials\sweep\balanced\checkpoints\best.pt,ppo,7000,C:\Users\erich\Documents\AFRL\Algebraic-Connectivity-Optimization-CDC2026\lite_trials\lite_config.yaml,full,48,0.143385753932,2,202,202,0.14338575393154487,155,0.2911208836641694,13.97380241588013,0.2028667000004134,0.2028667000004134,0.2028667000004134,path,path,path,47,0.0,0.0,False,,,False,1,path,64,4,RL+Path,2
best,C:\Users\erich\Documents\AFRL\Algebraic-Connectivity-Optimization-CDC2026\lite_trials\sweep\balanced\checkpoints\best.pt,ppo,7000,C:\Users\erich\Documents\AFRL\Algebraic-Connectivity-Optimization-CDC2026\lite_trials\lite_config.yaml,full,48,0.143385753932,3,202,202,0.14338575393154487,155,0.2911208836641694,13.97380241588013,0.19776360000014392,0.19776360000014392,0.19776360000014392,path,path,path,47,0.0,0.0,False,,,False,1,path,64,4,RL+Path,3
best,C:\Users\erich\Documents\AFRL\Algebraic-Connectivity-Optimization-CDC2026\lite_trials\sweep\balanced\checkpoints\best.pt,ppo,7000,C:\Users\erich\Documents\AFRL\Algebraic-Connectivity-Optimization-CDC2026\lite_trials\lite_config.yaml,full,48,0.143385753932,4,202,202,0.14338575393154487,155,0.2911208836641694,13.97380241588013,0.20808620000025257,0.20808620000025257,0.20808620000025257,path,path,path,47,0.0,0.0,False,,,False,1,path,64,4,RL+Path,4
best,C:\Users\erich\Documents\AFRL\Algebraic-Connectivity-Optimization-CDC2026\lite_trials\sweep\balanced\checkpoints\best.pt,ppo,7000,C:\Users\erich\Documents\AFRL\Algebraic-Connectivity-Optimization-CDC2026\lite_trials\lite_config.yaml,full,48,0.214616096207,0,279,279,0.21461609620721553,232,0.1316969525973572,6.3214537246731455,0.31587169999966136,0.31587169999966136,0.31587169999966136,path,path,path,47,0.0,0.0,False,,,False,1,path,64,4,RL+Path,0
best,C:\Users\erich\Documents\AFRL\Algebraic-Connectivity-Optimization-CDC2026\lite_trials\sweep\balanced\checkpoints\best.pt,ppo,7000,C:\Users\erich\Documents\AFRL\Algebraic-Connectivity-Optimization-CDC2026\lite_trials\lite_config.yaml,full,48,0.214616096207,1,279,279,0.21461609620721553,232,0.1316969525973572,6.3214537246731455,0.3223154000006616,0.3223154000006616,0.3223154000006616,path,path,path,47,0.0,0.0,False,,,False,1,path,64,4,RL+Path,1
best,C:\Users\erich\Documents\AFRL\Algebraic-Connectivity-Optimization-CDC2026\lite_trials\sweep\balanced\checkpoints\best.pt,ppo,7000,C:\Users\erich\Documents\AFRL\Algebraic-Connectivity-Optimization-CDC2026\lite_trials\lite_config.yaml,full,48,0.214616096207,2,279,279,0.21461609620721553,232,0.1316969525973572,6.3214537246731455,0.33116489999974874,0.33116489999974874,0.33116489999974874,path,path,path,47,0.0,0.0,False,,,False,1,path,64,4,RL+Path,2
best,C:\Users\erich\Documents\AFRL\Algebraic-Connectivity-Optimization-CDC2026\lite_trials\sweep\balanced\checkpoints\best.pt,ppo,7000,C:\Users\erich\Documents\AFRL\Algebraic-Connectivity-Optimization-CDC2026\lite_trials\lite_config.yaml,full,48,0.214616096207,3,279,279,0.21461609620721553,232,0.1316969525973572,6.3214537246731455,0.3334230000000389,0.3334230000000389,0.3334230000000389,path,path,path,47,0.0,0.0,False,,,False,1,path,64,4,RL+Path,3
best,C:\Users\erich\Documents\AFRL\Algebraic-Connectivity-Optimization-CDC2026\lite_trials\sweep\balanced\checkpoints\best.pt,ppo,7000,C:\Users\erich\Documents\AFRL\Algebraic-Connectivity-Optimization-CDC2026\lite_trials\lite_config.yaml,full,48,0.214616096207,4,279,279,0.21461609620721553,232,0.1316969525973572,6.3214537246731455,0.3186989000005269,0.3186989000005269,0.3186989000005269,path,path,path,47,0.0,0.0,False,,,False,1,path,64,4,RL+Path,4
best,C:\Users\erich\Documents\AFRL\Algebraic-Connectivity-Optimization-CDC2026\lite_trials\sweep\balanced\checkpoints\best.pt,ppo,7000,C:\Users\erich\Documents\AFRL\Algebraic-Connectivity-Optimization-CDC2026\lite_trials\lite_config.yaml,full,48,0.285846438483,0,356,356,0.2858464384828862,309,0.5461089306721578,26.213228672263575,0.45278760000019247,0.45278760000019247,0.45278760000019247,path,path,path,47,0.0,0.0,False,,,False,1,path,64,4,RL+Path,0
best,C:\Users\erich\Documents\AFRL\Algebraic-Connectivity-Optimization-CDC2026\lite_trials\sweep\balanced\checkpoints\best.pt,ppo,7000,C:\Users\erich\Documents\AFRL\Algebraic-Connectivity-Optimization-CDC2026\lite_trials\lite_config.yaml,full,48,0.285846438483,1,356,356,0.2858464384828862,309,0.5461089306721578,26.213228672263575,0.4425585000008141,0.4425585000008141,0.4425585000008141,path,path,path,47,0.0,0.0,False,,,False,1,path,64,4,RL+Path,1
best,C:\Users\erich\Documents\AFRL\Algebraic-Connectivity-Optimization-CDC2026\lite_trials\sweep\balanced\checkpoints\best.pt,ppo,7000,C:\Users\erich\Documents\AFRL\Algebraic-Connectivity-Optimization-CDC2026\lite_trials\lite_config.yaml,full,48,0.285846438483,2,356,356,0.2858464384828862,309,0.5461089306721578,26.213228672263575,0.4406264999997802,0.4406264999997802,0.4406264999997802,path,path,path,47,0.0,0.0,False,,,False,1,path,64,4,RL+Path,2
best,C:\Users\erich\Documents\AFRL\Algebraic-Connectivity-Optimization-CDC2026\lite_trials\sweep\balanced\checkpoints\best.pt,ppo,7000,C:\Users\erich\Documents\AFRL\Algebraic-Connectivity-Optimization-CDC2026\lite_trials\lite_config.yaml,full,48,0.285846438483,3,356,356,0.2858464384828862,309,0.5461089306721578,26.213228672263575,0.448253399999885,0.448253399999885,0.448253399999885,path,path,path,47,0.0,0.0,False,,,False,1,path,64,4,RL+Path,3
best,C:\Users\erich\Documents\AFRL\Algebraic-Connectivity-Optimization-CDC2026\lite_trials\sweep\balanced\checkpoints\best.pt,ppo,7000,C:\Users\erich\Documents\AFRL\Algebraic-Connectivity-Optimization-CDC2026\lite_trials\lite_config.yaml,full,48,0.285846438483,4,356,356,0.2858464384828862,309,0.5461089306721578,26.213228672263575,0.43603239999993093,0.43603239999993093,0.43603239999993093,path,path,path,47,0.0,0.0,False,,,False,1,path,64,4,RL+Path,4
best,C:\Users\erich\Documents\AFRL\Algebraic-Connectivity-Optimization-CDC2026\lite_trials\sweep\balanced\checkpoints\best.pt,ppo,7000,C:\Users\erich\Documents\AFRL\Algebraic-Connectivity-Optimization-CDC2026\lite_trials\lite_config.yaml,full,48,0.357076780759,0,433,433,0.35707678075855687,386,0.22512559108661065,10.80602837215731,0.579725800000233,0.579725800000233,0.579725800000233,path,path,path,47,0.0,0.0,False,,,False,1,path,64,4,RL+Path,0
best,C:\Users\erich\Documents\AFRL\Algebraic-Connectivity-Optimization-CDC2026\lite_trials\sweep\balanced\checkpoints\best.pt,ppo,7000,C:\Users\erich\Documents\AFRL\Algebraic-Connectivity-Optimization-CDC2026\lite_trials\lite_config.yaml,full,48,0.357076780759,1,433,433,0.35707678075855687,386,0.22512559108661065,10.80602837215731,0.60177560000011,0.60177560000011,0.60177560000011,path,path,path,47,0.0,0.0,False,,,False,1,path,64,4,RL+Path,1
best,C:\Users\erich\Documents\AFRL\Algebraic-Connectivity-Optimization-CDC2026\lite_trials\sweep\balanced\checkpoints\best.pt,ppo,7000,C:\Users\erich\Documents\AFRL\Algebraic-Connectivity-Optimization-CDC2026\lite_trials\lite_config.yaml,full,48,0.357076780759,2,433,433,0.35707678075855687,386,0.22512559108661065,10.80602837215731,0.5751510000000053,0.5751510000000053,0.5751510000000053,path,path,path,47,0.0,0.0,False,,,False,1,path,64,4,RL+Path,2
best,C:\Users\erich\Documents\AFRL\Algebraic-Connectivity-Optimization-CDC2026\lite_trials\sweep\balanced\checkpoints\best.pt,ppo,7000,C:\Users\erich\Documents\AFRL\Algebraic-Connectivity-Optimization-CDC2026\lite_trials\lite_config.yaml,full,48,0.357076780759,3,433,433,0.35707678075855687,386,0.22512559108661065,10.80602837215731,0.5592304000001604,0.5592304000001604,0.5592304000001604,path,path,path,47,0.0,0.0,False,,,False,1,path,64,4,RL+Path,3
best,C:\Users\erich\Documents\AFRL\Algebraic-Connectivity-Optimization-CDC2026\lite_trials\sweep\balanced\checkpoints\best.pt,ppo,7000,C:\Users\erich\Documents\AFRL\Algebraic-Connectivity-Optimization-CDC2026\lite_trials\lite_config.yaml,full,48,0.357076780759,4,433,433,0.35707678075855687,386,0.22512559108661065,10.80602837215731,0.5830935000003592,0.5830935000003592,0.5830935000003592,path,path,path,47,0.0,0.0,False,,,False,1,path,64,4,RL+Path,4
best,C:\Users\erich\Documents\AFRL\Algebraic-Connectivity-Optimization-CDC2026\lite_trials\sweep\balanced\checkpoints\best.pt,ppo,7000,C:\Users\erich\Documents\AFRL\Algebraic-Connectivity-Optimization-CDC2026\lite_trials\lite_config.yaml,full,48,0.428307123034,0,510,510,0.4283071230342276,463,0.4049099597853678,19.435678069697655,0.7084241000002294,0.7084241000002294,0.7084241000002294,path,path,path,47,0.0,0.0,False,,,False,1,path,64,4,RL+Path,0
best,C:\Users\erich\Documents\AFRL\Algebraic-Connectivity-Optimization-CDC2026\lite_trials\sweep\balanced\checkpoints\best.pt,ppo,7000,C:\Users\erich\Documents\AFRL\Algebraic-Connectivity-Optimization-CDC2026\lite_trials\lite_config.yaml,full,48,0.428307123034,1,510,510,0.4283071230342276,463,0.4049099597853678,19.435678069697655,0.718319400000837,0.718319400000837,0.718319400000837,path,path,path,47,0.0,0.0,False,,,False,1,path,64,4,RL+Path,1
best,C:\Users\erich\Documents\AFRL\Algebraic-Connectivity-Optimization-CDC2026\lite_trials\sweep\balanced\checkpoints\best.pt,ppo,7000,C:\Users\erich\Documents\AFRL\Algebraic-Connectivity-Optimization-CDC2026\lite_trials\lite_config.yaml,full,48,0.428307123034,2,510,510,0.4283071230342276,463,0.4049099597853678,19.435678069697655,0.7006749000001946,0.7006749000001946,0.7006749000001946,path,path,path,47,0.0,0.0,False,,,False,1,path,64,4,RL+Path,2
best,C:\Users\erich\Documents\AFRL\Algebraic-Connectivity-Optimization-CDC2026\lite_trials\sweep\balanced\checkpoints\best.pt,ppo,7000,C:\Users\erich\Documents\AFRL\Algebraic-Connectivity-Optimization-CDC2026\lite_trials\lite_config.yaml,full,48,0.428307123034,3,510,510,0.4283071230342276,463,0.4049099597853678,19.435678069697655,0.7341231999998854,0.7341231999998854,0.7341231999998854,path,path,path,47,0.0,0.0,False,,,False,1,path,64,4,RL+Path,3
best,C:\Users\erich\Documents\AFRL\Algebraic-Connectivity-Optimization-CDC2026\lite_trials\sweep\balanced\checkpoints\best.pt,ppo,7000,C:\Users\erich\Documents\AFRL\Algebraic-Connectivity-Optimization-CDC2026\lite_trials\lite_config.yaml,full,48,0.428307123034,4,510,510,0.4283071230342276,463,0.4049099597853678,19.435678069697655,0.7288127000001623,0.7288127000001623,0.7288127000001623,path,path,path,47,0.0,0.0,False,,,False,1,path,64,4,RL+Path,4
best,C:\Users\erich\Documents\AFRL\Algebraic-Connectivity-Optimization-CDC2026\lite_trials\sweep\balanced\checkpoints\best.pt,ppo,7000,C:\Users\erich\Documents\AFRL\Algebraic-Connectivity-Optimization-CDC2026\lite_trials\lite_config.yaml,full,48,0.50046253469,0,588,588,0.5004625346901017,541,0.6179121240961755,29.65978195661642,0.8768811999998434,0.8768811999998434,0.8768811999998434,path,path,path,47,0.0,0.0,False,,,False,1,path,64,4,RL+Path,0
best,C:\Users\erich\Documents\AFRL\Algebraic-Connectivity-Optimization-CDC2026\lite_trials\sweep\balanced\checkpoints\best.pt,ppo,7000,C:\Users\erich\Documents\AFRL\Algebraic-Connectivity-Optimization-CDC2026\lite_trials\lite_config.yaml,full,48,0.50046253469,1,588,588,0.5004625346901017,541,0.6179121240961755,29.65978195661642,0.8655730999998923,0.8655730999998923,0.8655730999998923,path,path,path,47,0.0,0.0,False,,,False,1,path,64,4,RL+Path,1
best,C:\Users\erich\Documents\AFRL\Algebraic-Connectivity-Optimization-CDC2026\lite_trials\sweep\balanced\checkpoints\best.pt,ppo,7000,C:\Users\erich\Documents\AFRL\Algebraic-Connectivity-Optimization-CDC2026\lite_trials\lite_config.yaml,full,48,0.50046253469,2,588,588,0.5004625346901017,541,0.6179121240961755,29.65978195661642,0.8656999000004362,0.8656999000004362,0.8656999000004362,path,path,path,47,0.0,0.0,False,,,False,1,path,64,4,RL+Path,2
best,C:\Users\erich\Documents\AFRL\Algebraic-Connectivity-Optimization-CDC2026\lite_trials\sweep\balanced\checkpoints\best.pt,ppo,7000,C:\Users\erich\Documents\AFRL\Algebraic-Connectivity-Optimization-CDC2026\lite_trials\lite_config.yaml,full,48,0.50046253469,3,588,588,0.5004625346901017,541,0.6179121240961755,29.65978195661642,0.8608226000005743,0.8608226000005743,0.8608226000005743,path,path,path,47,0.0,0.0,False,,,False,1,path,64,4,RL+Path,3
best,C:\Users\erich\Documents\AFRL\Algebraic-Connectivity-Optimization-CDC2026\lite_trials\sweep\balanced\checkpoints\best.pt,ppo,7000,C:\Users\erich\Documents\AFRL\Algebraic-Connectivity-Optimization-CDC2026\lite_trials\lite_config.yaml,full,48,0.50046253469,4,588,588,0.5004625346901017,541,0.6179121240961755,29.65978195661642,0.879593499999828,0.879593499999828,0.879593499999828,path,path,path,47,0.0,0.0,False,,,False,1,path,64,4,RL+Path,4
best,C:\Users\erich\Documents\AFRL\Algebraic-Connectivity-Optimization-CDC2026\lite_trials\sweep\balanced\checkpoints\best.pt,ppo,7000,C:\Users\erich\Documents\AFRL\Algebraic-Connectivity-Optimization-CDC2026\lite_trials\lite_config.yaml,full,48,0.571692876966,0,665,665,0.5716928769657724,618,0.49939910288445494,23.971156938453838,1.0086875999995755,1.0086875999995755,1.0086875999995755,path,path,path,47,0.0,0.0,False,,,False,1,path,64,4,RL+Path,0
best,C:\Users\erich\Documents\AFRL\Algebraic-Connectivity-Optimization-CDC2026\lite_trials\sweep\balanced\checkpoints\best.pt,ppo,7000,C:\Users\erich\Documents\AFRL\Algebraic-Connectivity-Optimization-CDC2026\lite_trials\lite_config.yaml,full,48,0.571692876966,1,665,665,0.5716928769657724,618,0.49939910288445494,23.971156938453838,0.9963998000002903,0.9963998000002903,0.9963998000002903,path,path,path,47,0.0,0.0,False,,,False,1,path,64,4,RL+Path,1
best,C:\Users\erich\Documents\AFRL\Algebraic-Connectivity-Optimization-CDC2026\lite_trials\sweep\balanced\checkpoints\best.pt,ppo,7000,C:\Users\erich\Documents\AFRL\Algebraic-Connectivity-Optimization-CDC2026\lite_trials\lite_config.yaml,full,48,0.571692876966,2,665,665,0.5716928769657724,618,0.49939910288445494,23.971156938453838,1.011248699999669,1.011248699999669,1.011248699999669,path,path,path,47,0.0,0.0,False,,,False,1,path,64,4,RL+Path,2
best,C:\Users\erich\Documents\AFRL\Algebraic-Connectivity-Optimization-CDC2026\lite_trials\sweep\balanced\checkpoints\best.pt,ppo,7000,C:\Users\erich\Documents\AFRL\Algebraic-Connectivity-Optimization-CDC2026\lite_trials\lite_config.yaml,full,48,0.571692876966,3,665,665,0.5716928769657724,618,0.49939910288445494,23.971156938453838,0.995663699999568,0.995663699999568,0.995663699999568,path,path,path,47,0.0,0.0,False,,,False,1,path,64,4,RL+Path,3
best,C:\Users\erich\Documents\AFRL\Algebraic-Connectivity-Optimization-CDC2026\lite_trials\sweep\balanced\checkpoints\best.pt,ppo,7000,C:\Users\erich\Documents\AFRL\Algebraic-Connectivity-Optimization-CDC2026\lite_trials\lite_config.yaml,full,48,0.571692876966,4,665,665,0.5716928769657724,618,0.49939910288445494,23.971156938453838,1.017479099999946,1.017479099999946,1.017479099999946,path,path,path,47,0.0,0.0,False,,,False,1,path,64,4,RL+Path,4
best,C:\Users\erich\Documents\AFRL\Algebraic-Connectivity-Optimization-CDC2026\lite_trials\sweep\balanced\checkpoints\best.pt,ppo,7000,C:\Users\erich\Documents\AFRL\Algebraic-Connectivity-Optimization-CDC2026\lite_trials\lite_config.yaml,full,48,0.642923219241,0,742,742,0.6429232192414431,695,0.6426233648627143,30.84592151341029,1.145052900000337,1.145052900000337,1.145052900000337,path,path,path,47,0.0,0.0,False,,,False,1,path,64,4,RL+Path,0
best,C:\Users\erich\Documents\AFRL\Algebraic-Connectivity-Optimization-CDC2026\lite_trials\sweep\balanced\checkpoints\best.pt,ppo,7000,C:\Users\erich\Documents\AFRL\Algebraic-Connectivity-Optimization-CDC2026\lite_trials\lite_config.yaml,full,48,0.642923219241,1,742,742,0.6429232192414431,695,0.6426233648627143,30.84592151341029,1.1445991999999023,1.1445991999999023,1.1445991999999023,path,path,path,47,0.0,0.0,False,,,False,1,path,64,4,RL+Path,1
best,C:\Users\erich\Documents\AFRL\Algebraic-Connectivity-Optimization-CDC2026\lite_trials\sweep\balanced\checkpoints\best.pt,ppo,7000,C:\Users\erich\Documents\AFRL\Algebraic-Connectivity-Optimization-CDC2026\lite_trials\lite_config.yaml,full,48,0.642923219241,2,742,742,0.6429232192414431,695,0.6426233648627143,30.84592151341029,1.1697518000000855,1.1697518000000855,1.1697518000000855,path,path,path,47,0.0,0.0,False,,,False,1,path,64,4,RL+Path,2
best,C:\Users\erich\Documents\AFRL\Algebraic-Connectivity-Optimization-CDC2026\lite_trials\sweep\balanced\checkpoints\best.pt,ppo,7000,C:\Users\erich\Documents\AFRL\Algebraic-Connectivity-Optimization-CDC2026\lite_trials\lite_config.yaml,full,48,0.642923219241,3,742,742,0.6429232192414431,695,0.6426233648627143,30.84592151341029,1.1247182999995857,1.1247182999995857,1.1247182999995857,path,path,path,47,0.0,0.0,False,,,False,1,path,64,4,RL+Path,3
best,C:\Users\erich\Documents\AFRL\Algebraic-Connectivity-Optimization-CDC2026\lite_trials\sweep\balanced\checkpoints\best.pt,ppo,7000,C:\Users\erich\Documents\AFRL\Algebraic-Connectivity-Optimization-CDC2026\lite_trials\lite_config.yaml,full,48,0.642923219241,4,742,742,0.6429232192414431,695,0.6426233648627143,30.84592151341029,1.1383648999999423,1.1383648999999423,1.1383648999999423,path,path,path,47,0.0,0.0,False,,,False,1,path,64,4,RL+Path,4
best,C:\Users\erich\Documents\AFRL\Algebraic-Connectivity-Optimization-CDC2026\lite_trials\sweep\balanced\checkpoints\best.pt,ppo,7000,C:\Users\erich\Documents\AFRL\Algebraic-Connectivity-Optimization-CDC2026\lite_trials\lite_config.yaml,full,48,0.714153561517,0,819,819,0.7141535615171137,772,0.5731938152872819,27.513303133789528,1.2983266999999614,1.2983266999999614,1.2983266999999614,path,path,path,47,0.0,0.0,False,,,False,1,path,64,4,RL+Path,0
best,C:\Users\erich\Documents\AFRL\Algebraic-Connectivity-Optimization-CDC2026\lite_trials\sweep\balanced\checkpoints\best.pt,ppo,7000,C:\Users\erich\Documents\AFRL\Algebraic-Connectivity-Optimization-CDC2026\lite_trials\lite_config.yaml,full,48,0.714153561517,1,819,819,0.7141535615171137,772,0.5731938152872819,27.513303133789528,1.3288519999996424,1.3288519999996424,1.3288519999996424,path,path,path,47,0.0,0.0,False,,,False,1,path,64,4,RL+Path,1
best,C:\Users\erich\Documents\AFRL\Algebraic-Connectivity-Optimization-CDC2026\lite_trials\sweep\balanced\checkpoints\best.pt,ppo,7000,C:\Users\erich\Documents\AFRL\Algebraic-Connectivity-Optimization-CDC2026\lite_trials\lite_config.yaml,full,48,0.714153561517,2,819,819,0.7141535615171137,772,0.5731938152872819,27.513303133789528,1.3221475000000282,1.3221475000000282,1.3221475000000282,path,path,path,47,0.0,0.0,False,,,False,1,path,64,4,RL+Path,2
best,C:\Users\erich\Documents\AFRL\Algebraic-Connectivity-Optimization-CDC2026\lite_trials\sweep\balanced\checkpoints\best.pt,ppo,7000,C:\Users\erich\Documents\AFRL\Algebraic-Connectivity-Optimization-CDC2026\lite_trials\lite_config.yaml,full,48,0.714153561517,3,819,819,0.7141535615171137,772,0.5731938152872819,27.513303133789528,1.321017899999788,1.321017899999788,1.321017899999788,path,path,path,47,0.0,0.0,False,,,False,1,path,64,4,RL+Path,3
best,C:\Users\erich\Documents\AFRL\Algebraic-Connectivity-Optimization-CDC2026\lite_trials\sweep\balanced\checkpoints\best.pt,ppo,7000,C:\Users\erich\Documents\AFRL\Algebraic-Connectivity-Optimization-CDC2026\lite_trials\lite_config.yaml,full,48,0.714153561517,4,819,819,0.7141535615171137,772,0.5731938152872819,27.513303133789528,1.3311964999993506,1.3311964999993506,1.3311964999993506,path,path,path,47,0.0,0.0,False,,,False,1,path,64,4,RL+Path,4
best,C:\Users\erich\Documents\AFRL\Algebraic-Connectivity-Optimization-CDC2026\lite_trials\sweep\balanced\checkpoints\best.pt,ppo,7000,C:\Users\erich\Documents\AFRL\Algebraic-Connectivity-Optimization-CDC2026\lite_trials\lite_config.yaml,full,48,0.785383903793,0,896,896,0.7853839037927844,849,0.8364279436934753,40.14854129728681,1.457334799999444,1.457334799999444,1.457334799999444,path,path,path,47,0.0,0.0,False,,,False,1,path,64,4,RL+Path,0
best,C:\Users\erich\Documents\AFRL\Algebraic-Connectivity-Optimization-CDC2026\lite_trials\sweep\balanced\checkpoints\best.pt,ppo,7000,C:\Users\erich\Documents\AFRL\Algebraic-Connectivity-Optimization-CDC2026\lite_trials\lite_config.yaml,full,48,0.785383903793,1,896,896,0.7853839037927844,849,0.8364279436934753,40.14854129728681,1.4902240000001257,1.4902240000001257,1.4902240000001257,path,path,path,47,0.0,0.0,False,,,False,1,path,64,4,RL+Path,1
best,C:\Users\erich\Documents\AFRL\Algebraic-Connectivity-Optimization-CDC2026\lite_trials\sweep\balanced\checkpoints\best.pt,ppo,7000,C:\Users\erich\Documents\AFRL\Algebraic-Connectivity-Optimization-CDC2026\lite_trials\lite_config.yaml,full,48,0.785383903793,2,896,896,0.7853839037927844,849,0.8364279436934753,40.14854129728681,1.4888484999992215,1.4888484999992215,1.4888484999992215,path,path,path,47,0.0,0.0,False,,,False,1,path,64,4,RL+Path,2
best,C:\Users\erich\Documents\AFRL\Algebraic-Connectivity-Optimization-CDC2026\lite_trials\sweep\balanced\checkpoints\best.pt,ppo,7000,C:\Users\erich\Documents\AFRL\Algebraic-Connectivity-Optimization-CDC2026\lite_trials\lite_config.yaml,full,48,0.785383903793,3,896,896,0.7853839037927844,849,0.8364279436934753,40.14854129728681,1.4818725999994058,1.4818725999994058,1.4818725999994058,path,path,path,47,0.0,0.0,False,,,False,1,path,64,4,RL+Path,3
best,C:\Users\erich\Documents\AFRL\Algebraic-Connectivity-Optimization-CDC2026\lite_trials\sweep\balanced\checkpoints\best.pt,ppo,7000,C:\Users\erich\Documents\AFRL\Algebraic-Connectivity-Optimization-CDC2026\lite_trials\lite_config.yaml,full,48,0.785383903793,4,896,896,0.7853839037927844,849,0.8364279436934753,40.14854129728681,1.4721252999997887,1.4721252999997887,1.4721252999997887,path,path,path,47,0.0,0.0,False,,,False,1,path,64,4,RL+Path,4
best,C:\Users\erich\Documents\AFRL\Algebraic-Connectivity-Optimization-CDC2026\lite_trials\sweep\balanced\checkpoints\best.pt,ppo,7000,C:\Users\erich\Documents\AFRL\Algebraic-Connectivity-Optimization-CDC2026\lite_trials\lite_config.yaml,full,48,0.856614246068,0,973,973,0.8566142460684552,926,0.9170586756554684,44.01881643146248,1.715225200000532,1.715225200000532,1.715225200000532,path,path,path,47,0.0,0.0,False,,,False,1,path,64,4,RL+Path,0
best,C:\Users\erich\Documents\AFRL\Algebraic-Connectivity-Optimization-CDC2026\lite_trials\sweep\balanced\checkpoints\best.pt,ppo,7000,C:\Users\erich\Documents\AFRL\Algebraic-Connectivity-Optimization-CDC2026\lite_trials\lite_config.yaml,full,48,0.856614246068,1,973,973,0.8566142460684552,926,0.9170586756554684,44.01881643146248,1.6306933000005301,1.6306933000005301,1.6306933000005301,path,path,path,47,0.0,0.0,False,,,False,1,path,64,4,RL+Path,1
best,C:\Users\erich\Documents\AFRL\Algebraic-Connectivity-Optimization-CDC2026\lite_trials\sweep\balanced\checkpoints\best.pt,ppo,7000,C:\Users\erich\Documents\AFRL\Algebraic-Connectivity-Optimization-CDC2026\lite_trials\lite_config.yaml,full,48,0.856614246068,2,973,973,0.8566142460684552,926,0.9170586756554684,44.01881643146248,1.6976728999998159,1.6976728999998159,1.6976728999998159,path,path,path,47,0.0,0.0,False,,,False,1,path,64,4,RL+Path,2
best,C:\Users\erich\Documents\AFRL\Algebraic-Connectivity-Optimization-CDC2026\lite_trials\sweep\balanced\checkpoints\best.pt,ppo,7000,C:\Users\erich\Documents\AFRL\Algebraic-Connectivity-Optimization-CDC2026\lite_trials\lite_config.yaml,full,48,0.856614246068,3,973,973,0.8566142460684552,926,0.9170586756554684,44.01881643146248,1.7035546999995859,1.7035546999995859,1.7035546999995859,path,path,path,47,0.0,0.0,False,,,False,1,path,64,4,RL+Path,3
best,C:\Users\erich\Documents\AFRL\Algebraic-Connectivity-Optimization-CDC2026\lite_trials\sweep\balanced\checkpoints\best.pt,ppo,7000,C:\Users\erich\Documents\AFRL\Algebraic-Connectivity-Optimization-CDC2026\lite_trials\lite_config.yaml,full,48,0.856614246068,4,973,973,0.8566142460684552,926,0.9170586756554684,44.01881643146248,1.6639516999994157,1.6639516999994157,1.6639516999994157,path,path,path,47,0.0,0.0,False,,,False,1,path,64,4,RL+Path,4
best,C:\Users\erich\Documents\AFRL\Algebraic-Connectivity-Optimization-CDC2026\lite_trials\sweep\balanced\checkpoints\best.pt,ppo,7000,C:\Users\erich\Documents\AFRL\Algebraic-Connectivity-Optimization-CDC2026\lite_trials\lite_config.yaml,full,48,0.927844588344,0,1050,1050,0.9278445883441259,1003,0.9581951293275465,45.99336620772223,1.8233785000002172,1.8233785000002172,1.8233785000002172,path,path,path,47,0.0,0.0,False,,,False,1,path,64,4,RL+Path,0
best,C:\Users\erich\Documents\AFRL\Algebraic-Connectivity-Optimization-CDC2026\lite_trials\sweep\balanced\checkpoints\best.pt,ppo,7000,C:\Users\erich\Documents\AFRL\Algebraic-Connectivity-Optimization-CDC2026\lite_trials\lite_config.yaml,full,48,0.927844588344,1,1050,1050,0.9278445883441259,1003,0.9581951293275465,45.99336620772223,1.865629799999624,1.865629799999624,1.865629799999624,path,path,path,47,0.0,0.0,False,,,False,1,path,64,4,RL+Path,1
best,C:\Users\erich\Documents\AFRL\Algebraic-Connectivity-Optimization-CDC2026\lite_trials\sweep\balanced\checkpoints\best.pt,ppo,7000,C:\Users\erich\Documents\AFRL\Algebraic-Connectivity-Optimization-CDC2026\lite_trials\lite_config.yaml,full,48,0.927844588344,2,1050,1050,0.9278445883441259,1003,0.9581951293275465,45.99336620772223,1.8780980999999883,1.8780980999999883,1.8780980999999883,path,path,path,47,0.0,0.0,False,,,False,1,path,64,4,RL+Path,2
best,C:\Users\erich\Documents\AFRL\Algebraic-Connectivity-Optimization-CDC2026\lite_trials\sweep\balanced\checkpoints\best.pt,ppo,7000,C:\Users\erich\Documents\AFRL\Algebraic-Connectivity-Optimization-CDC2026\lite_trials\lite_config.yaml,full,48,0.927844588344,3,1050,1050,0.9278445883441259,1003,0.9581951293275465,45.99336620772223,1.897965999999542,1.897965999999542,1.897965999999542,path,path,path,47,0.0,0.0,False,,,False,1,path,64,4,RL+Path,3
best,C:\Users\erich\Documents\AFRL\Algebraic-Connectivity-Optimization-CDC2026\lite_trials\sweep\balanced\checkpoints\best.pt,ppo,7000,C:\Users\erich\Documents\AFRL\Algebraic-Connectivity-Optimization-CDC2026\lite_trials\lite_config.yaml,full,48,0.927844588344,4,1050,1050,0.9278445883441259,1003,0.9581951293275465,45.99336620772223,1.9012980999996216,1.9012980999996216,1.9012980999996216,path,path,path,47,0.0,0.0,False,,,False,1,path,64,4,RL+Path,4
best,C:\Users\erich\Documents\AFRL\Algebraic-Connectivity-Optimization-CDC2026\lite_trials\sweep\balanced\checkpoints\best.pt,ppo,7000,C:\Users\erich\Documents\AFRL\Algebraic-Connectivity-Optimization-CDC2026\lite_trials\lite_config.yaml,full,48,0.99907493062,0,1127,1127,0.9990749306197965,1080,0.9999999999999999,47.99999999999999,2.0982461999992665,2.0982461999992665,2.0982461999992665,path,path,path,47,0.0,0.0,False,,,False,1,path,64,4,RL+Path,0
best,C:\Users\erich\Documents\AFRL\Algebraic-Connectivity-Optimization-CDC2026\lite_trials\sweep\balanced\checkpoints\best.pt,ppo,7000,C:\Users\erich\Documents\AFRL\Algebraic-Connectivity-Optimization-CDC2026\lite_trials\lite_config.yaml,full,48,0.99907493062,1,1127,1127,0.9990749306197965,1080,0.9999999999999999,47.99999999999999,2.0772509999997055,2.0772509999997055,2.0772509999997055,path,path,path,47,0.0,0.0,False,,,False,1,path,64,4,RL+Path,1
best,C:\Users\erich\Documents\AFRL\Algebraic-Connectivity-Optimization-CDC2026\lite_trials\sweep\balanced\checkpoints\best.pt,ppo,7000,C:\Users\erich\Documents\AFRL\Algebraic-Connectivity-Optimization-CDC2026\lite_trials\lite_config.yaml,full,48,0.99907493062,2,1127,1127,0.9990749306197965,1080,0.9999999999999999,47.99999999999999,2.075102499999957,2.075102499999957,2.075102499999957,path,path,path,47,0.0,0.0,False,,,False,1,path,64,4,RL+Path,2
best,C:\Users\erich\Documents\AFRL\Algebraic-Connectivity-Optimization-CDC2026\lite_trials\sweep\balanced\checkpoints\best.pt,ppo,7000,C:\Users\erich\Documents\AFRL\Algebraic-Connectivity-Optimization-CDC2026\lite_trials\lite_config.yaml,full,48,0.99907493062,3,1127,1127,0.9990749306197965,1080,0.9999999999999999,47.99999999999999,2.0971277999997255,2.0971277999997255,2.0971277999997255,path,path,path,47,0.0,0.0,False,,,False,1,path,64,4,RL+Path,3
best,C:\Users\erich\Documents\AFRL\Algebraic-Connectivity-Optimization-CDC2026\lite_trials\sweep\balanced\checkpoints\best.pt,ppo,7000,C:\Users\erich\Documents\AFRL\Algebraic-Connectivity-Optimization-CDC2026\lite_trials\lite_config.yaml,full,48,0.99907493062,4,1127,1127,0.9990749306197965,1080,0.9999999999999999,47.99999999999999,2.128440999999839,2.128440999999839,2.128440999999839,path,path,path,47,0.0,0.0,False,,,False,1,path,64,4,RL+Path,4
best,C:\Users\erich\Documents\AFRL\Algebraic-Connectivity-Optimization-CDC2026\lite_trials\sweep\balanced\checkpoints\best.pt,ppo,7000,C:\Users\erich\Documents\AFRL\Algebraic-Connectivity-Optimization-CDC2026\lite_trials\lite_config.yaml,full,48,0.00092506938,0,48,48,0.0009250693802035153,1,0.020833333333333277,0.9999999999999973,0.003917000000001281,0.003917000000001281,0.004417299999659008,backbone,envelope_only,envelope,47,1.0,0.0005002999996577273,False,,,False,1,envelope,64,4,RL+Backbone,0
best,C:\Users\erich\Documents\AFRL\Algebraic-Connectivity-Optimization-CDC2026\lite_trials\sweep\balanced\checkpoints\best.pt,ppo,7000,C:\Users\erich\Documents\AFRL\Algebraic-Connectivity-Optimization-CDC2026\lite_trials\lite_config.yaml,full,48,0.00092506938,1,48,48,0.0009250693802035153,1,0.020833333333333277,0.9999999999999973,0.0012106000003768713,0.0012106000003768713,0.001375200000438781,backbone,envelope_only,envelope,47,1.0,0.00016460000006190967,False,,,False,1,envelope,64,4,RL+Backbone,1
best,C:\Users\erich\Documents\AFRL\Algebraic-Connectivity-Optimization-CDC2026\lite_trials\sweep\balanced\checkpoints\best.pt,ppo,7000,C:\Users\erich\Documents\AFRL\Algebraic-Connectivity-Optimization-CDC2026\lite_trials\lite_config.yaml,full,48,0.00092506938,2,48,48,0.0009250693802035153,1,0.020833333333333277,0.9999999999999973,0.0016105999993669684,0.0016105999993669684,0.0017354999990857323,backbone,envelope_only,envelope,47,1.0,0.00012489999971876387,False,,,False,1,envelope,64,4,RL+Backbone,2
best,C:\Users\erich\Documents\AFRL\Algebraic-Connectivity-Optimization-CDC2026\lite_trials\sweep\balanced\checkpoints\best.pt,ppo,7000,C:\Users\erich\Documents\AFRL\Algebraic-Connectivity-Optimization-CDC2026\lite_trials\lite_config.yaml,full,48,0.00092506938,3,48,48,0.0009250693802035153,1,0.020833333333333277,0.9999999999999973,0.0016465999997308245,0.0016465999997308245,0.0017697999992378755,backbone,envelope_only,envelope,47,1.0,0.00012319999950705096,False,,,False,1,envelope,64,4,RL+Backbone,3
best,C:\Users\erich\Documents\AFRL\Algebraic-Connectivity-Optimization-CDC2026\lite_trials\sweep\balanced\checkpoints\best.pt,ppo,7000,C:\Users\erich\Documents\AFRL\Algebraic-Connectivity-Optimization-CDC2026\lite_trials\lite_config.yaml,full,48,0.00092506938,4,48,48,0.0009250693802035153,1,0.020833333333333277,0.9999999999999973,0.0012529000005088164,0.0012529000005088164,0.0014066000003367662,backbone,envelope_only,envelope,47,1.0,0.0001536999998279498,False,,,False,1,envelope,64,4,RL+Backbone,4
best,C:\Users\erich\Documents\AFRL\Algebraic-Connectivity-Optimization-CDC2026\lite_trials\sweep\balanced\checkpoints\best.pt,ppo,7000,C:\Users\erich\Documents\AFRL\Algebraic-Connectivity-Optimization-CDC2026\lite_trials\lite_config.yaml,full,48,0.072155411656,0,125,125,0.07215541165587419,5,0.08165497838659401,3.9194389625565123,0.036280100000112725,0.036280100000112725,0.040141399999811256,backbone,both,cayley,120,2.7639320225002084,0.033650200000010955,False,2,,True,2,"cayley,envelope",64,4,RL+Backbone,0
best,C:\Users\erich\Documents\AFRL\Algebraic-Connectivity-Optimization-CDC2026\lite_trials\sweep\balanced\checkpoints\best.pt,ppo,7000,C:\Users\erich\Documents\AFRL\Algebraic-Connectivity-Optimization-CDC2026\lite_trials\lite_config.yaml,full,48,0.072155411656,1,125,125,0.07215541165587419,5,0.07151858106262268,3.4328918910058888,0.03823829999964801,0.03823829999964801,0.03842649999933201,backbone,both,cayley,120,2.7639320225002075,0.031656500000281085,False,2,,True,2,"cayley,envelope",64,4,RL+Backbone,1
best,C:\Users\erich\Documents\AFRL\Algebraic-Connectivity-Optimization-CDC2026\lite_trials\sweep\balanced\checkpoints\best.pt,ppo,7000,C:\Users\erich\Documents\AFRL\Algebraic-Connectivity-Optimization-CDC2026\lite_trials\lite_config.yaml,full,48,0.072155411656,2,125,125,0.07215541165587419,5,0.07937443961542738,3.809973101540514,0.042615399999704096,0.042615399999704096,0.044495399999505025,backbone,both,cayley,120,2.7639320225002053,0.037606299999424664,False,2,,True,2,"cayley,envelope",64,4,RL+Backbone,2
best,C:\Users\erich\Documents\AFRL\Algebraic-Connectivity-Optimization-CDC2026\lite_trials\sweep\balanced\checkpoints\best.pt,ppo,7000,C:\Users\erich\Documents\AFRL\Algebraic-Connectivity-Optimization-CDC2026\lite_trials\lite_config.yaml,full,48,0.072155411656,3,125,125,0.07215541165587419,5,0.07185469153249632,3.4490251935598235,0.04369169999972655,0.04369169999972655,0.04384529999970255,backbone,both,cayley,120,2.405380411781164,0.03696430000036344,False,2,,True,2,"cayley,envelope",64,4,RL+Backbone,3
best,C:\Users\erich\Documents\AFRL\Algebraic-Connectivity-Optimization-CDC2026\lite_trials\sweep\balanced\checkpoints\best.pt,ppo,7000,C:\Users\erich\Documents\AFRL\Algebraic-Connectivity-Optimization-CDC2026\lite_trials\lite_config.yaml,full,48,0.072155411656,4,125,125,0.07215541165587419,5,0.07129814519591576,3.4223109694039566,0.045795999999427295,0.045795999999427295,0.04602169999907346,backbone,both,cayley,120,2.4053804117811626,0.037311899999622256,False,2,,True,2,"cayley,envelope",64,4,RL+Backbone,4
best,C:\Users\erich\Documents\AFRL\Algebraic-Connectivity-Optimization-CDC2026\lite_trials\sweep\balanced\checkpoints\best.pt,ppo,7000,C:\Users\erich\Documents\AFRL\Algebraic-Connectivity-Optimization-CDC2026\lite_trials\lite_config.yaml,full,48,0.143385753932,0,202,202,0.14338575393154487,10,0.13349221226740077,6.407626188835237,0.01479639999979554,0.01479639999979554,0.054341199999726086,backbone,cayley_only,cayley,192,5.039032761414107,0.03954479999993055,False,2,,False,1,cayley,64,4,RL+Backbone,0
best,C:\Users\erich\Documents\AFRL\Algebraic-Connectivity-Optimization-CDC2026\lite_trials\sweep\balanced\checkpoints\best.pt,ppo,7000,C:\Users\erich\Documents\AFRL\Algebraic-Connectivity-Optimization-CDC2026\lite_trials\lite_config.yaml,full,48,0.143385753932,1,202,202,0.14338575393154487,10,0.14400859072966948,6.912412355024135,0.01328670000020793,0.01328670000020793,0.05091260000062903,backbone,cayley_only,cayley,192,5.028733077499398,0.0376259000004211,False,2,,False,1,cayley,64,4,RL+Backbone,1
best,C:\Users\erich\Documents\AFRL\Algebraic-Connectivity-Optimization-CDC2026\lite_trials\sweep\balanced\checkpoints\best.pt,ppo,7000,C:\Users\erich\Documents\AFRL\Algebraic-Connectivity-Optimization-CDC2026\lite_trials\lite_config.yaml,full,48,0.143385753932,2,202,202,0.14338575393154487,10,0.1276041666666666,6.1249999999999964,0.014763999999559019,0.014763999999559019,0.0512644000000364,backbone,cayley_only,cayley,192,4.999999999999999,0.036500400000477384,False,2,,False,1,cayley,64,4,RL+Backbone,2
best,C:\Users\erich\Documents\AFRL\Algebraic-Connectivity-Optimization-CDC2026\lite_trials\sweep\balanced\checkpoints\best.pt,ppo,7000,C:\Users\erich\Documents\AFRL\Algebraic-Connectivity-Optimization-CDC2026\lite_trials\lite_config.yaml,full,48,0.143385753932,3,202,202,0.14338575393154487,10,0.12760416666666688,6.125000000000011,0.015167500000643486,0.015167500000643486,0.052975800001149764,backbone,cayley_only,cayley,192,4.999999999999999,0.03780830000050628,False,2,,False,1,cayley,64,4,RL+Backbone,3
best,C:\Users\erich\Documents\AFRL\Algebraic-Connectivity-Optimization-CDC2026\lite_trials\sweep\balanced\checkpoints\best.pt,ppo,7000,C:\Users\erich\Documents\AFRL\Algebraic-Connectivity-Optimization-CDC2026\lite_trials\lite_config.yaml,full,48,0.143385753932,4,202,202,0.14338575393154487,10,0.13349221226740074,6.407626188835236,0.012193800000204646,0.012193800000204646,0.0482438999997612,backbone,cayley_only,cayley,192,5.039032761414109,0.03605009999955655,False,2,,False,1,cayley,64,4,RL+Backbone,4
best,C:\Users\erich\Documents\AFRL\Algebraic-Connectivity-Optimization-CDC2026\lite_trials\sweep\balanced\checkpoints\best.pt,ppo,7000,C:\Users\erich\Documents\AFRL\Algebraic-Connectivity-Optimization-CDC2026\lite_trials\lite_config.yaml,full,48,0.214616096207,0,279,279,0.21461609620721553,15,0.19972541972739752,9.58682014691508,0.025295599999481055,0.025295599999481055,0.06404959999963467,backbone,cayley_only,cayley,264,7.7186394608365605,0.03875400000015361,False,2,,False,1,cayley,64,4,RL+Backbone,0
best,C:\Users\erich\Documents\AFRL\Algebraic-Connectivity-Optimization-CDC2026\lite_trials\sweep\balanced\checkpoints\best.pt,ppo,7000,C:\Users\erich\Documents\AFRL\Algebraic-Connectivity-Optimization-CDC2026\lite_trials\lite_config.yaml,full,48,0.214616096207,1,279,279,0.21461609620721553,15,0.20739019445999674,9.954729334079843,0.024758099999417027,0.024758099999417027,0.06417030000011437,backbone,cayley_only,cayley,264,7.925997764674983,0.03941220000069734,False,2,,False,1,cayley,64,4,RL+Backbone,1
best,C:\Users\erich\Documents\AFRL\Algebraic-Connectivity-Optimization-CDC2026\lite_trials\sweep\balanced\checkpoints\best.pt,ppo,7000,C:\Users\erich\Documents\AFRL\Algebraic-Connectivity-Optimization-CDC2026\lite_trials\lite_config.yaml,full,48,0.214616096207,2,279,279,0.21461609620721553,15,0.21521554273472907,10.330346051266995,0.021812199999658333,0.021812199999658333,0.059779299999718205,backbone,cayley_only,cayley,264,7.837722339831611,0.03796710000005987,False,2,,False,1,cayley,64,4,RL+Backbone,2
best,C:\Users\erich\Documents\AFRL\Algebraic-Connectivity-Optimization-CDC2026\lite_trials\sweep\balanced\checkpoints\best.pt,ppo,7000,C:\Users\erich\Documents\AFRL\Algebraic-Connectivity-Optimization-CDC2026\lite_trials\lite_config.yaml,full,48,0.214616096207,3,279,279,0.21461609620721553,15,0.21504456612705622,10.322139174098698,0.02432310000040161,0.02432310000040161,0.06226189999961207,backbone,cayley_only,cayley,264,7.9999999999999964,0.03793879999921046,False,2,,False,1,cayley,64,4,RL+Backbone,3
best,C:\Users\erich\Documents\AFRL\Algebraic-Connectivity-Optimization-CDC2026\lite_trials\sweep\balanced\checkpoints\best.pt,ppo,7000,C:\Users\erich\Documents\AFRL\Algebraic-Connectivity-Optimization-CDC2026\lite_trials\lite_config.yaml,full,48,0.214616096207,4,279,279,0.21461609620721553,15,0.20305273741259014,9.746531395804327,0.024373000000196043,0.024373000000196043,0.06327610000062123,backbone,cayley_only,cayley,264,7.85702128904587,0.038903100000425184,False,2,,False,1,cayley,64,4,RL+Backbone,4
best,C:\Users\erich\Documents\AFRL\Algebraic-Connectivity-Optimization-CDC2026\lite_trials\sweep\balanced\checkpoints\best.pt,ppo,7000,C:\Users\erich\Documents\AFRL\Algebraic-Connectivity-Optimization-CDC2026\lite_trials\lite_config.yaml,full,48,0.285846438483,0,356,356,0.2858464384828862,20,0.28586067913138447,13.721312598306454,0.03343169999970996,0.03343169999970996,0.07512260000021342,backbone,cayley_only,cayley,336,10.999999999999998,0.04169090000050346,False,2,,False,1,cayley,64,4,RL+Backbone,0
best,C:\Users\erich\Documents\AFRL\Algebraic-Connectivity-Optimization-CDC2026\lite_trials\sweep\balanced\checkpoints\best.pt,ppo,7000,C:\Users\erich\Documents\AFRL\Algebraic-Connectivity-Optimization-CDC2026\lite_trials\lite_config.yaml,full,48,0.285846438483,1,356,356,0.2858464384828862,20,0.2723810838973017,13.07429202707048,0.03252069999962259,0.03252069999962259,0.07234070000049542,backbone,cayley_only,cayley,336,10.999999999999995,0.039820000000872824,False,2,,False,1,cayley,64,4,RL+Backbone,1
best,C:\Users\erich\Documents\AFRL\Algebraic-Connectivity-Optimization-CDC2026\lite_trials\sweep\balanced\checkpoints\best.pt,ppo,7000,C:\Users\erich\Documents\AFRL\Algebraic-Connectivity-Optimization-CDC2026\lite_trials\lite_config.yaml,full,48,0.285846438483,2,356,356,0.2858464384828862,20,0.2779284513518836,13.340565664890413,0.029559100000369654,0.029559100000369654,0.06699209999987943,backbone,cayley_only,cayley,336,10.765173634468493,0.037432999999509775,False,2,,False,1,cayley,64,4,RL+Backbone,2
best,C:\Users\erich\Documents\AFRL\Algebraic-Connectivity-Optimization-CDC2026\lite_trials\sweep\balanced\checkpoints\best.pt,ppo,7000,C:\Users\erich\Documents\AFRL\Algebraic-Connectivity-Optimization-CDC2026\lite_trials\lite_config.yaml,full,48,0.285846438483,3,356,356,0.2858464384828862,20,0.23437499999999992,11.249999999999996,0.03611170000021957,0.03611170000021957,0.07617089999985183,backbone,cayley_only,cayley,336,11.0,0.040059199999632256,False,2,,False,1,cayley,64,4,RL+Backbone,3
best,C:\Users\erich\Documents\AFRL\Algebraic-Connectivity-Optimization-CDC2026\lite_trials\sweep\balanced\checkpoints\best.pt,ppo,7000,C:\Users\erich\Documents\AFRL\Algebraic-Connectivity-Optimization-CDC2026\lite_trials\lite_config.yaml,full,48,0.285846438483,4,356,356,0.2858464384828862,20,0.2758261693438112,13.239656128502938,0.03496610000001965,0.03496610000001965,0.0767080999994505,backbone,cayley_only,cayley,336,10.880376495862219,0.041741999999430845,False,2,,False,1,cayley,64,4,RL+Backbone,4
best,C:\Users\erich\Documents\AFRL\Algebraic-Connectivity-Optimization-CDC2026\lite_trials\sweep\balanced\checkpoints\best.pt,ppo,7000,C:\Users\erich\Documents\AFRL\Algebraic-Connectivity-Optimization-CDC2026\lite_trials\lite_config.yaml,full,48,0.357076780759,0,433,433,0.35707678075855687,1,0.3193072963136245,15.326750223053974,0.0024264999992738012,0.0024264999992738012,0.04334329999892361,backbone,cayley_only,cayley,432,15.326750223053972,0.04091679999964981,False,2,,False,1,cayley,64,4,RL+Backbone,0
best,C:\Users\erich\Documents\AFRL\Algebraic-Connectivity-Optimization-CDC2026\lite_trials\sweep\balanced\checkpoints\best.pt,ppo,7000,C:\Users\erich\Documents\AFRL\Algebraic-Connectivity-Optimization-CDC2026\lite_trials\lite_config.yaml,full,48,0.357076780759,1,433,433,0.35707678075855687,1,0.3193072963136245,15.326750223053974,0.0027616999996098457,0.0027616999996098457,0.043189199999687844,backbone,cayley_only,cayley,432,15.326750223053978,0.040427500000078,False,2,,False,1,cayley,64,4,RL+Backbone,1
best,C:\Users\erich\Documents\AFRL\Algebraic-Connectivity-Optimization-CDC2026\lite_trials\sweep\balanced\checkpoints\best.pt,ppo,7000,C:\Users\erich\Documents\AFRL\Algebraic-Connectivity-Optimization-CDC2026\lite_trials\lite_config.yaml,full,48,0.357076780759,2,433,433,0.35707678075855687,1,0.3160744349011207,15.171572875253794,0.002179699999942386,0.002179699999942386,0.043891500000427186,backbone,cayley_only,cayley,432,15.171572875253807,0.0417118000004848,False,2,,False,1,cayley,64,4,RL+Backbone,2
best,C:\Users\erich\Documents\AFRL\Algebraic-Connectivity-Optimization-CDC2026\lite_trials\sweep\balanced\checkpoints\best.pt,ppo,7000,C:\Users\erich\Documents\AFRL\Algebraic-Connectivity-Optimization-CDC2026\lite_trials\lite_config.yaml,full,48,0.357076780759,3,433,433,0.35707678075855687,1,0.3193072963136244,15.326750223053972,0.0017931000002135988,0.0017931000002135988,0.04245100000025559,backbone,cayley_only,cayley,432,15.326750223053978,0.04065790000004199,False,2,,False,1,cayley,64,4,RL+Backbone,3
best,C:\Users\erich\Documents\AFRL\Algebraic-Connectivity-Optimization-CDC2026\lite_trials\sweep\balanced\checkpoints\best.pt,ppo,7000,C:\Users\erich\Documents\AFRL\Algebraic-Connectivity-Optimization-CDC2026\lite_trials\lite_config.yaml,full,48,0.357076780759,4,433,433,0.35707678075855687,1,0.31930729631362437,15.32675022305397,0.002424500000415719,0.002424500000415719,0.039134800000283576,backbone,cayley_only,cayley,432,15.326750223053972,0.03671029999986786,False,2,,False,1,cayley,64,4,RL+Backbone,4
best,C:\Users\erich\Documents\AFRL\Algebraic-Connectivity-Optimization-CDC2026\lite_trials\sweep\balanced\checkpoints\best.pt,ppo,7000,C:\Users\erich\Documents\AFRL\Algebraic-Connectivity-Optimization-CDC2026\lite_trials\lite_config.yaml,full,48,0.428307123034,0,510,510,0.4283071230342276,6,0.4072252458658863,19.546811801562544,0.012454100000468316,0.012454100000468316,0.05000350000045728,backbone,cayley_only,cayley,504,18.460415438938252,0.037549399999988964,False,2,,False,1,cayley,64,4,RL+Backbone,0
best,C:\Users\erich\Documents\AFRL\Algebraic-Connectivity-Optimization-CDC2026\lite_trials\sweep\balanced\checkpoints\best.pt,ppo,7000,C:\Users\erich\Documents\AFRL\Algebraic-Connectivity-Optimization-CDC2026\lite_trials\lite_config.yaml,full,48,0.428307123034,1,510,510,0.4283071230342276,6,0.4050338359111941,19.441624123737316,0.012910899999951653,0.012910899999951653,0.050830999999561755,backbone,cayley_only,cayley,504,18.460415438938256,0.0379200999996101,False,2,,False,1,cayley,64,4,RL+Backbone,1
best,C:\Users\erich\Documents\AFRL\Algebraic-Connectivity-Optimization-CDC2026\lite_trials\sweep\balanced\checkpoints\best.pt,ppo,7000,C:\Users\erich\Documents\AFRL\Algebraic-Connectivity-Optimization-CDC2026\lite_trials\lite_config.yaml,full,48,0.428307123034,2,510,510,0.4283071230342276,6,0.4095609860481973,19.65892733031347,0.013746099999480066,0.013746099999480066,0.0487182999995639,backbone,cayley_only,cayley,504,18.460415438938256,0.03497220000008383,False,2,,False,1,cayley,64,4,RL+Backbone,2
best,C:\Users\erich\Documents\AFRL\Algebraic-Connectivity-Optimization-CDC2026\lite_trials\sweep\balanced\checkpoints\best.pt,ppo,7000,C:\Users\erich\Documents\AFRL\Algebraic-Connectivity-Optimization-CDC2026\lite_trials\lite_config.yaml,full,48,0.428307123034,3,510,510,0.4283071230342276,6,0.4093496134865498,19.64878144735439,0.008719000000382948,0.008719000000382948,0.04531390000011015,backbone,cayley_only,cayley,504,18.460415438938252,0.036594899999727204,False,2,,False,1,cayley,64,4,RL+Backbone,3
best,C:\Users\erich\Documents\AFRL\Algebraic-Connectivity-Optimization-CDC2026\lite_trials\sweep\balanced\checkpoints\best.pt,ppo,7000,C:\Users\erich\Documents\AFRL\Algebraic-Connectivity-Optimization-CDC2026\lite_trials\lite_config.yaml,full,48,0.428307123034,4,510,510,0.4283071230342276,6,0.4093496134865498,19.64878144735439,0.009436600000299222,0.009436600000299222,0.04242750000048545,backbone,cayley_only,cayley,504,18.460415438938252,0.03299090000018623,False,2,,False,1,cayley,64,4,RL+Backbone,4
best,C:\Users\erich\Documents\AFRL\Algebraic-Connectivity-Optimization-CDC2026\lite_trials\sweep\balanced\checkpoints\best.pt,ppo,7000,C:\Users\erich\Documents\AFRL\Algebraic-Connectivity-Optimization-CDC2026\lite_trials\lite_config.yaml,full,48,0.50046253469,0,588,588,0.5004625346901017,12,0.5000762707938406,24.00366099810435,0.022017000000232656,0.022017000000232656,0.0265175000004092,backbone,both,envelope,576,24.0,0.004590700000335346,False,,,True,2,"cayley,envelope",64,4,RL+Backbone,0
best,C:\Users\erich\Documents\AFRL\Algebraic-Connectivity-Optimization-CDC2026\lite_trials\sweep\balanced\checkpoints\best.pt,ppo,7000,C:\Users\erich\Documents\AFRL\Algebraic-Connectivity-Optimization-CDC2026\lite_trials\lite_config.yaml,full,48,0.50046253469,1,588,588,0.5004625346901017,12,0.5000762707938406,24.00366099810435,0.02497060000041529,0.02497060000041529,0.03185510000002978,backbone,both,envelope,576,24.0,0.006884499999614491,False,,,True,2,"cayley,envelope",64,4,RL+Backbone,1
best,C:\Users\erich\Documents\AFRL\Algebraic-Connectivity-Optimization-CDC2026\lite_trials\sweep\balanced\checkpoints\best.pt,ppo,7000,C:\Users\erich\Documents\AFRL\Algebraic-Connectivity-Optimization-CDC2026\lite_trials\lite_config.yaml,full,48,0.50046253469,2,588,588,0.5004625346901017,12,0.5000762707938406,24.00366099810435,0.025052400000276975,0.025052400000276975,0.02863739999884274,backbone,both,envelope,576,24.0,0.006143899999187852,False,,,True,2,"cayley,envelope",64,4,RL+Backbone,2
best,C:\Users\erich\Documents\AFRL\Algebraic-Connectivity-Optimization-CDC2026\lite_trials\sweep\balanced\checkpoints\best.pt,ppo,7000,C:\Users\erich\Documents\AFRL\Algebraic-Connectivity-Optimization-CDC2026\lite_trials\lite_config.yaml,full,48,0.50046253469,3,588,588,0.5004625346901017,12,0.5000762707938406,24.00366099810435,0.025061100000129954,0.025061100000129954,0.031010399999104266,backbone,both,envelope,576,24.0,0.006504799999675015,False,,,True,2,"cayley,envelope",64,4,RL+Backbone,3
best,C:\Users\erich\Documents\AFRL\Algebraic-Connectivity-Optimization-CDC2026\lite_trials\sweep\balanced\checkpoints\best.pt,ppo,7000,C:\Users\erich\Documents\AFRL\Algebraic-Connectivity-Optimization-CDC2026\lite_trials\lite_config.yaml,full,48,0.50046253469,4,588,588,0.5004625346901017,12,0.5000762707938406,24.00366099810435,0.02547480000066571,0.02547480000066571,0.03203699999994569,backbone,both,envelope,576,24.0,0.006562199999279983,False,,,True,2,"cayley,envelope",64,4,RL+Backbone,4
best,C:\Users\erich\Documents\AFRL\Algebraic-Connectivity-Optimization-CDC2026\lite_trials\sweep\balanced\checkpoints\best.pt,ppo,7000,C:\Users\erich\Documents\AFRL\Algebraic-Connectivity-Optimization-CDC2026\lite_trials\lite_config.yaml,full,48,0.571692876966,0,665,665,0.5716928769657724,17,0.5937178969641249,28.498459054277994,0.03295669999988604,0.03295669999988604,0.072977599999831,backbone,both,cayley,648,24.267949192431107,0.04002089999994496,False,2,,True,2,"cayley,envelope",64,4,RL+Backbone,0
best,C:\Users\erich\Documents\AFRL\Algebraic-Connectivity-Optimization-CDC2026\lite_trials\sweep\balanced\checkpoints\best.pt,ppo,7000,C:\Users\erich\Documents\AFRL\Algebraic-Connectivity-Optimization-CDC2026\lite_trials\lite_config.yaml,full,48,0.571692876966,1,665,665,0.5716928769657724,17,0.5937178969641249,28.498459054277994,0.03495469999961642,0.03495469999961642,0.07026639999912732,backbone,both,cayley,648,24.267949192431107,0.03531169999951089,False,2,,True,2,"cayley,envelope",64,4,RL+Backbone,1
best,C:\Users\erich\Documents\AFRL\Algebraic-Connectivity-Optimization-CDC2026\lite_trials\sweep\balanced\checkpoints\best.pt,ppo,7000,C:\Users\erich\Documents\AFRL\Algebraic-Connectivity-Optimization-CDC2026\lite_trials\lite_config.yaml,full,48,0.571692876966,2,665,665,0.5716928769657724,17,0.5937178969641249,28.498459054277994,0.03342140000040672,0.03342140000040672,0.06953860000066925,backbone,both,cayley,648,24.267949192431107,0.03611720000026253,False,2,,True,2,"cayley,envelope",64,4,RL+Backbone,2
best,C:\Users\erich\Documents\AFRL\Algebraic-Connectivity-Optimization-CDC2026\lite_trials\sweep\balanced\checkpoints\best.pt,ppo,7000,C:\Users\erich\Documents\AFRL\Algebraic-Connectivity-Optimization-CDC2026\lite_trials\lite_config.yaml,full,48,0.571692876966,3,665,665,0.5716928769657724,17,0.5937178969641249,28.498459054277994,0.030926999999792315,0.030926999999792315,0.06196789999921748,backbone,both,cayley,648,24.267949192431107,0.031040899999425164,False,2,,True,2,"cayley,envelope",64,4,RL+Backbone,3
best,C:\Users\erich\Documents\AFRL\Algebraic-Connectivity-Optimization-CDC2026\lite_trials\sweep\balanced\checkpoints\best.pt,ppo,7000,C:\Users\erich\Documents\AFRL\Algebraic-Connectivity-Optimization-CDC2026\lite_trials\lite_config.yaml,full,48,0.571692876966,4,665,665,0.5716928769657724,17,0.5937178969641249,28.498459054277994,0.0364331000000675,0.0364331000000675,0.07458969999970577,backbone,both,cayley,648,24.267949192431107,0.038156599999638274,False,2,,True,2,"cayley,envelope",64,4,RL+Backbone,4
best,C:\Users\erich\Documents\AFRL\Algebraic-Connectivity-Optimization-CDC2026\lite_trials\sweep\balanced\checkpoints\best.pt,ppo,7000,C:\Users\erich\Documents\AFRL\Algebraic-Connectivity-Optimization-CDC2026\lite_trials\lite_config.yaml,full,48,0.642923219241,0,742,742,0.6429232192414431,22,0.6379323951756203,30.62075496842977,0.04917100000056962,0.04917100000056962,0.05605020000075456,backbone,both,cayley,720,28.999999999999947,0.006879200000184937,False,3,,True,2,"cayley,envelope",64,4,RL+Backbone,0
best,C:\Users\erich\Documents\AFRL\Algebraic-Connectivity-Optimization-CDC2026\lite_trials\sweep\balanced\checkpoints\best.pt,ppo,7000,C:\Users\erich\Documents\AFRL\Algebraic-Connectivity-Optimization-CDC2026\lite_trials\lite_config.yaml,full,48,0.642923219241,1,742,742,0.6429232192414431,22,0.6379323951756203,30.62075496842977,0.049285000000054424,0.049285000000054424,0.05491069999970932,backbone,both,cayley,720,28.999999999999947,0.005625699999654898,False,3,,True,2,"cayley,envelope",64,4,RL+Backbone,1
best,C:\Users\erich\Documents\AFRL\Algebraic-Connectivity-Optimization-CDC2026\lite_trials\sweep\balanced\checkpoints\best.pt,ppo,7000,C:\Users\erich\Documents\AFRL\Algebraic-Connectivity-Optimization-CDC2026\lite_trials\lite_config.yaml,full,48,0.642923219241,2,742,742,0.6429232192414431,22,0.6379323951756203,30.62075496842977,0.045128000000659085,0.045128000000659085,0.05202420000114216,backbone,both,cayley,720,28.999999999999947,0.006896200000483077,False,3,,True,2,"cayley,envelope",64,4,RL+Backbone,2
best,C:\Users\erich\Documents\AFRL\Algebraic-Connectivity-Optimization-CDC2026\lite_trials\sweep\balanced\checkpoints\best.pt,ppo,7000,C:\Users\erich\Documents\AFRL\Algebraic-Connectivity-Optimization-CDC2026\lite_trials\lite_config.yaml,full,48,0.642923219241,3,742,742,0.6429232192414431,22,0.6379323951756203,30.62075496842977,0.05156170000009297,0.05156170000009297,0.05839910000031523,backbone,both,cayley,720,28.999999999999947,0.00683740000022226,False,3,,True,2,"cayley,envelope",64,4,RL+Backbone,3
best,C:\Users\erich\Documents\AFRL\Algebraic-Connectivity-Optimization-CDC2026\lite_trials\sweep\balanced\checkpoints\best.pt,ppo,7000,C:\Users\erich\Documents\AFRL\Algebraic-Connectivity-Optimization-CDC2026\lite_trials\lite_config.yaml,full,48,0.642923219241,4,742,742,0.6429232192414431,22,0.6379323951756203,30.62075496842977,0.05099939999945491,0.05099939999945491,0.0579037999996217,backbone,both,cayley,720,28.999999999999947,0.006904400000166788,False,3,,True,2,"cayley,envelope",64,4,RL+Backbone,4
best,C:\Users\erich\Documents\AFRL\Algebraic-Connectivity-Optimization-CDC2026\lite_trials\sweep\balanced\checkpoints\best.pt,ppo,7000,C:\Users\erich\Documents\AFRL\Algebraic-Connectivity-Optimization-CDC2026\lite_trials\lite_config.yaml,full,48,0.714153561517,0,819,819,0.7141535615171137,9,0.7197211435388967,34.546614889867044,0.02334530000007362,0.02334530000007362,0.02402630000051431,backbone,both,envelope,810,33.0,0.006732700000611658,False,,,True,2,"cayley,envelope",64,4,RL+Backbone,0
best,C:\Users\erich\Documents\AFRL\Algebraic-Connectivity-Optimization-CDC2026\lite_trials\sweep\balanced\checkpoints\best.pt,ppo,7000,C:\Users\erich\Documents\AFRL\Algebraic-Connectivity-Optimization-CDC2026\lite_trials\lite_config.yaml,full,48,0.714153561517,1,819,819,0.7141535615171137,9,0.7197211435388967,34.546614889867044,0.020855299999311683,0.020855299999311683,0.021777299999484967,backbone,both,envelope,810,33.0,0.007163799999943876,False,,,True,2,"cayley,envelope",64,4,RL+Backbone,1
best,C:\Users\erich\Documents\AFRL\Algebraic-Connectivity-Optimization-CDC2026\lite_trials\sweep\balanced\checkpoints\best.pt,ppo,7000,C:\Users\erich\Documents\AFRL\Algebraic-Connectivity-Optimization-CDC2026\lite_trials\lite_config.yaml,full,48,0.714153561517,2,819,819,0.7141535615171137,9,0.7197211435388967,34.546614889867044,0.022224899999855552,0.022224899999855552,0.023158199999670614,backbone,both,envelope,810,33.0,0.0055230999996638275,False,,,True,2,"cayley,envelope",64,4,RL+Backbone,2
best,C:\Users\erich\Documents\AFRL\Algebraic-Connectivity-Optimization-CDC2026\lite_trials\sweep\balanced\checkpoints\best.pt,ppo,7000,C:\Users\erich\Documents\AFRL\Algebraic-Connectivity-Optimization-CDC2026\lite_trials\lite_config.yaml,full,48,0.714153561517,3,819,819,0.7141535615171137,9,0.7197211435388967,34.546614889867044,0.02383780000036495,0.02383780000036495,0.02465360000041983,backbone,both,envelope,810,33.0,0.0052624999998442945,False,,,True,2,"cayley,envelope",64,4,RL+Backbone,3
best,C:\Users\erich\Documents\AFRL\Algebraic-Connectivity-Optimization-CDC2026\lite_trials\sweep\balanced\checkpoints\best.pt,ppo,7000,C:\Users\erich\Documents\AFRL\Algebraic-Connectivity-Optimization-CDC2026\lite_trials\lite_config.yaml,full,48,0.714153561517,4,819,819,0.7141535615171137,9,0.7197211435388967,34.546614889867044,0.023629499999515247,0.023629499999515247,0.024184599999898637,backbone,both,envelope,810,33.0,0.007499899999857007,False,,,True,2,"cayley,envelope",64,4,RL+Backbone,4
best,C:\Users\erich\Documents\AFRL\Algebraic-Connectivity-Optimization-CDC2026\lite_trials\sweep\balanced\checkpoints\best.pt,ppo,7000,C:\Users\erich\Documents\AFRL\Algebraic-Connectivity-Optimization-CDC2026\lite_trials\lite_config.yaml,full,48,0.785383903793,0,896,896,0.7853839037927844,32,0.749999999999999,35.99999999999995,0.07650090000061027,0.07650090000061027,0.07731150000017806,backbone,envelope_only,envelope,864,36.0,0.0008105999995677848,False,,,False,1,envelope,64,4,RL+Backbone,0
best,C:\Users\erich\Documents\AFRL\Algebraic-Connectivity-Optimization-CDC2026\lite_trials\sweep\balanced\checkpoints\best.pt,ppo,7000,C:\Users\erich\Documents\AFRL\Algebraic-Connectivity-Optimization-CDC2026\lite_trials\lite_config.yaml,full,48,0.785383903793,1,896,896,0.7853839037927844,32,0.749999999999999,35.99999999999995,0.06866509999963455,0.06866509999963455,0.06957210000018677,backbone,envelope_only,envelope,864,36.0,0.0009070000005522161,False,,,False,1,envelope,64,4,RL+Backbone,1
best,C:\Users\erich\Documents\AFRL\Algebraic-Connectivity-Optimization-CDC2026\lite_trials\sweep\balanced\checkpoints\best.pt,ppo,7000,C:\Users\erich\Documents\AFRL\Algebraic-Connectivity-Optimization-CDC2026\lite_trials\lite_config.yaml,full,48,0.785383903793,2,896,896,0.7853839037927844,32,0.749999999999999,35.99999999999995,0.07673239999985526,0.07673239999985526,0.07775360000050568,backbone,envelope_only,envelope,864,36.0,0.001021200000650424,False,,,False,1,envelope,64,4,RL+Backbone,2
best,C:\Users\erich\Documents\AFRL\Algebraic-Connectivity-Optimization-CDC2026\lite_trials\sweep\balanced\checkpoints\best.pt,ppo,7000,C:\Users\erich\Documents\AFRL\Algebraic-Connectivity-Optimization-CDC2026\lite_trials\lite_config.yaml,full,48,0.785383903793,3,896,896,0.7853839037927844,32,0.749999999999999,35.99999999999995,0.08152439999958006,0.08152439999958006,0.0821366999998645,backbone,envelope_only,envelope,864,36.0,0.0006123000002844492,False,,,False,1,envelope,64,4,RL+Backbone,3
best,C:\Users\erich\Documents\AFRL\Algebraic-Connectivity-Optimization-CDC2026\lite_trials\sweep\balanced\checkpoints\best.pt,ppo,7000,C:\Users\erich\Documents\AFRL\Algebraic-Connectivity-Optimization-CDC2026\lite_trials\lite_config.yaml,full,48,0.785383903793,4,896,896,0.7853839037927844,32,0.749999999999999,35.99999999999995,0.07938899999953719,0.07938899999953719,0.08047939999960363,backbone,envelope_only,envelope,864,36.0,0.0010904000000664382,False,,,False,1,envelope,64,4,RL+Backbone,4
best,C:\Users\erich\Documents\AFRL\Algebraic-Connectivity-Optimization-CDC2026\lite_trials\sweep\balanced\checkpoints\best.pt,ppo,7000,C:\Users\erich\Documents\AFRL\Algebraic-Connectivity-Optimization-CDC2026\lite_trials\lite_config.yaml,full,48,0.856614246068,0,973,973,0.8566142460684552,13,0.861344793513072,41.34455008862746,0.03819070000008651,0.03819070000008651,0.03906529999949271,backbone,envelope_only,envelope,960,40.0,0.0008745999994062004,False,,,False,1,envelope,64,4,RL+Backbone,0
best,C:\Users\erich\Documents\AFRL\Algebraic-Connectivity-Optimization-CDC2026\lite_trials\sweep\balanced\checkpoints\best.pt,ppo,7000,C:\Users\erich\Documents\AFRL\Algebraic-Connectivity-Optimization-CDC2026\lite_trials\lite_config.yaml,full,48,0.856614246068,1,973,973,0.8566142460684552,13,0.861344793513072,41.34455008862746,0.03605069999957777,0.03605069999957777,0.03700849999950151,backbone,envelope_only,envelope,960,40.0,0.0009577999999237363,False,,,False,1,envelope,64,4,RL+Backbone,1
best,C:\Users\erich\Documents\AFRL\Algebraic-Connectivity-Optimization-CDC2026\lite_trials\sweep\balanced\checkpoints\best.pt,ppo,7000,C:\Users\erich\Documents\AFRL\Algebraic-Connectivity-Optimization-CDC2026\lite_trials\lite_config.yaml,full,48,0.856614246068,2,973,973,0.8566142460684552,13,0.861344793513072,41.34455008862746,0.034526200000073004,0.034526200000073004,0.03543360000003304,backbone,envelope_only,envelope,960,40.0,0.0009073999999600346,False,,,False,1,envelope,64,4,RL+Backbone,2
best,C:\Users\erich\Documents\AFRL\Algebraic-Connectivity-Optimization-CDC2026\lite_trials\sweep\balanced\checkpoints\best.pt,ppo,7000,C:\Users\erich\Documents\AFRL\Algebraic-Connectivity-Optimization-CDC2026\lite_trials\lite_config.yaml,full,48,0.856614246068,3,973,973,0.8566142460684552,13,0.861344793513072,41.34455008862746,0.0379467000002478,0.0379467000002478,0.03891600000042672,backbone,envelope_only,envelope,960,40.0,0.0009693000001789187,False,,,False,1,envelope,64,4,RL+Backbone,3
best,C:\Users\erich\Documents\AFRL\Algebraic-Connectivity-Optimization-CDC2026\lite_trials\sweep\balanced\checkpoints\best.pt,ppo,7000,C:\Users\erich\Documents\AFRL\Algebraic-Connectivity-Optimization-CDC2026\lite_trials\lite_config.yaml,full,48,0.856614246068,4,973,973,0.8566142460684552,13,0.861344793513072,41.34455008862746,0.03450040000006993,0.03450040000006993,0.03540930000053777,backbone,envelope_only,envelope,960,40.0,0.0009089000004678383,False,,,False,1,envelope,64,4,RL+Backbone,4
best,C:\Users\erich\Documents\AFRL\Algebraic-Connectivity-Optimization-CDC2026\lite_trials\sweep\balanced\checkpoints\best.pt,ppo,7000,C:\Users\erich\Documents\AFRL\Algebraic-Connectivity-Optimization-CDC2026\lite_trials\lite_config.yaml,full,48,0.927844588344,0,1050,1050,0.9278445883441259,15,0.9355419558735756,44.90601388193163,0.03751710000051389,0.03751710000051389,0.03821610000068176,backbone,envelope_only,envelope,1035,43.0,0.0006990000001678709,False,,,False,1,envelope,64,4,RL+Backbone,0
best,C:\Users\erich\Documents\AFRL\Algebraic-Connectivity-Optimization-CDC2026\lite_trials\sweep\balanced\checkpoints\best.pt,ppo,7000,C:\Users\erich\Documents\AFRL\Algebraic-Connectivity-Optimization-CDC2026\lite_trials\lite_config.yaml,full,48,0.927844588344,1,1050,1050,0.9278445883441259,15,0.9355419558735756,44.90601388193163,0.03917679999995016,0.03917679999995016,0.04016279999996186,backbone,envelope_only,envelope,1035,43.0,0.0009860000000116997,False,,,False,1,envelope,64,4,RL+Backbone,1
best,C:\Users\erich\Documents\AFRL\Algebraic-Connectivity-Optimization-CDC2026\lite_trials\sweep\balanced\checkpoints\best.pt,ppo,7000,C:\Users\erich\Documents\AFRL\Algebraic-Connectivity-Optimization-CDC2026\lite_trials\lite_config.yaml,full,48,0.927844588344,2,1050,1050,0.9278445883441259,15,0.9355419558735756,44.90601388193163,0.041697499999827414,0.041697499999827414,0.04268809999939549,backbone,envelope_only,envelope,1035,43.0,0.0009905999995680759,False,,,False,1,envelope,64,4,RL+Backbone,2
best,C:\Users\erich\Documents\AFRL\Algebraic-Connectivity-Optimization-CDC2026\lite_trials\sweep\balanced\checkpoints\best.pt,ppo,7000,C:\Users\erich\Documents\AFRL\Algebraic-Connectivity-Optimization-CDC2026\lite_trials\lite_config.yaml,full,48,0.927844588344,3,1050,1050,0.9278445883441259,15,0.9355419558735756,44.90601388193163,0.03138489999946614,0.03138489999946614,0.0324254999995901,backbone,envelope_only,envelope,1035,43.0,0.001040600000123959,False,,,False,1,envelope,64,4,RL+Backbone,3
best,C:\Users\erich\Documents\AFRL\Algebraic-Connectivity-Optimization-CDC2026\lite_trials\sweep\balanced\checkpoints\best.pt,ppo,7000,C:\Users\erich\Documents\AFRL\Algebraic-Connectivity-Optimization-CDC2026\lite_trials\lite_config.yaml,full,48,0.927844588344,4,1050,1050,0.9278445883441259,15,0.9355419558735756,44.90601388193163,0.04012640000019019,0.04012640000019019,0.041126400000393915,backbone,envelope_only,envelope,1035,43.0,0.0010000000002037268,False,,,False,1,envelope,64,4,RL+Backbone,4
best,C:\Users\erich\Documents\AFRL\Algebraic-Connectivity-Optimization-CDC2026\lite_trials\sweep\balanced\checkpoints\best.pt,ppo,7000,C:\Users\erich\Documents\AFRL\Algebraic-Connectivity-Optimization-CDC2026\lite_trials\lite_config.yaml,full,48,0.99907493062,0,1127,1127,0.9990749306197965,23,0.9838964642604306,47.22703028450067,0.060715300000083516,0.060715300000083516,0.06157400000029156,backbone,envelope_only,envelope,1104,46.0,0.0008587000002080458,False,,,False,1,envelope,64,4,RL+Backbone,0
best,C:\Users\erich\Documents\AFRL\Algebraic-Connectivity-Optimization-CDC2026\lite_trials\sweep\balanced\checkpoints\best.pt,ppo,7000,C:\Users\erich\Documents\AFRL\Algebraic-Connectivity-Optimization-CDC2026\lite_trials\lite_config.yaml,full,48,0.99907493062,1,1127,1127,0.9990749306197965,23,0.9838964642604306,47.22703028450067,0.05531689999952505,0.05531689999952505,0.05650919999970938,backbone,envelope_only,envelope,1104,46.0,0.001192300000184332,False,,,False,1,envelope,64,4,RL+Backbone,1
best,C:\Users\erich\Documents\AFRL\Algebraic-Connectivity-Optimization-CDC2026\lite_trials\sweep\balanced\checkpoints\best.pt,ppo,7000,C:\Users\erich\Documents\AFRL\Algebraic-Connectivity-Optimization-CDC2026\lite_trials\lite_config.yaml,full,48,0.99907493062,2,1127,1127,0.9990749306197965,23,0.9838964642604306,47.22703028450067,0.06608569999934844,0.06608569999934844,0.06723749999946449,backbone,envelope_only,envelope,1104,46.0,0.0011518000001160544,False,,,False,1,envelope,64,4,RL+Backbone,2
best,C:\Users\erich\Documents\AFRL\Algebraic-Connectivity-Optimization-CDC2026\lite_trials\sweep\balanced\checkpoints\best.pt,ppo,7000,C:\Users\erich\Documents\AFRL\Algebraic-Connectivity-Optimization-CDC2026\lite_trials\lite_config.yaml,full,48,0.99907493062,3,1127,1127,0.9990749306197965,23,0.9838964642604306,47.22703028450067,0.06007010000030277,0.06007010000030277,0.0612490000003163,backbone,envelope_only,envelope,1104,46.0,0.0011789000000135275,False,,,False,1,envelope,64,4,RL+Backbone,3
best,C:\Users\erich\Documents\AFRL\Algebraic-Connectivity-Optimization-CDC2026\lite_trials\sweep\balanced\checkpoints\best.pt,ppo,7000,C:\Users\erich\Documents\AFRL\Algebraic-Connectivity-Optimization-CDC2026\lite_trials\lite_config.yaml,full,48,0.99907493062,4,1127,1127,0.9990749306197965,23,0.9838964642604306,47.22703028450067,0.060957499999858555,0.060957499999858555,0.06174950000058743,backbone,envelope_only,envelope,1104,46.0,0.0007920000007288763,False,,,False,1,envelope,64,4,RL+Backbone,4
best,C:\Users\erich\Documents\AFRL\Algebraic-Connectivity-Optimization-CDC2026\lite_trials\sweep\balanced\checkpoints\best.pt,ppo,7000,C:\Users\erich\Documents\AFRL\Algebraic-Connectivity-Optimization-CDC2026\lite_trials\lite_config.yaml,full,91,0.00024968789,0,91,91,0.00024968789013732833,1,0.0009788748921518895,0.08907761518582194,0.005093599999781873,0.005093599999781873,0.005093599999781873,path,path,path,90,0.0,0.0,False,,,False,1,path,64,4,RL+Path,0
best,C:\Users\erich\Documents\AFRL\Algebraic-Connectivity-Optimization-CDC2026\lite_trials\sweep\balanced\checkpoints\best.pt,ppo,7000,C:\Users\erich\Documents\AFRL\Algebraic-Connectivity-Optimization-CDC2026\lite_trials\lite_config.yaml,full,91,0.00024968789,1,91,91,0.00024968789013732833,1,0.0009788748921518895,0.08907761518582194,0.0026299000001017703,0.0026299000001017703,0.0026299000001017703,path,path,path,90,0.0,0.0,False,,,False,1,path,64,4,RL+Path,1
best,C:\Users\erich\Documents\AFRL\Algebraic-Connectivity-Optimization-CDC2026\lite_trials\sweep\balanced\checkpoints\best.pt,ppo,7000,C:\Users\erich\Documents\AFRL\Algebraic-Connectivity-Optimization-CDC2026\lite_trials\lite_config.yaml,full,91,0.00024968789,2,91,91,0.00024968789013732833,1,0.0009788748921518895,0.08907761518582194,0.0017257999998037121,0.0017257999998037121,0.0017257999998037121,path,path,path,90,0.0,0.0,False,,,False,1,path,64,4,RL+Path,2
best,C:\Users\erich\Documents\AFRL\Algebraic-Connectivity-Optimization-CDC2026\lite_trials\sweep\balanced\checkpoints\best.pt,ppo,7000,C:\Users\erich\Documents\AFRL\Algebraic-Connectivity-Optimization-CDC2026\lite_trials\lite_config.yaml,full,91,0.00024968789,3,91,91,0.00024968789013732833,1,0.0009788748921518895,0.08907761518582194,0.001431800000318617,0.001431800000318617,0.001431800000318617,path,path,path,90,0.0,0.0,False,,,False,1,path,64,4,RL+Path,3
best,C:\Users\erich\Documents\AFRL\Algebraic-Connectivity-Optimization-CDC2026\lite_trials\sweep\balanced\checkpoints\best.pt,ppo,7000,C:\Users\erich\Documents\AFRL\Algebraic-Connectivity-Optimization-CDC2026\lite_trials\lite_config.yaml,full,91,0.00024968789,4,91,91,0.00024968789013732833,1,0.0009788748921518895,0.08907761518582194,0.0016291000001729117,0.0016291000001729117,0.0016291000001729117,path,path,path,90,0.0,0.0,False,,,False,1,path,64,4,RL+Path,4
best,C:\Users\erich\Documents\AFRL\Algebraic-Connectivity-Optimization-CDC2026\lite_trials\sweep\balanced\checkpoints\best.pt,ppo,7000,C:\Users\erich\Documents\AFRL\Algebraic-Connectivity-Optimization-CDC2026\lite_trials\lite_config.yaml,full,91,0.071660424469,0,377,377,0.07166042446941323,287,0.13389022508679735,12.18401048289856,0.4569533000003503,0.4569533000003503,0.4569533000003503,path,path,path,90,0.0,0.0,False,,,False,1,path,64,4,RL+Path,0
best,C:\Users\erich\Documents\AFRL\Algebraic-Connectivity-Optimization-CDC2026\lite_trials\sweep\balanced\checkpoints\best.pt,ppo,7000,C:\Users\erich\Documents\AFRL\Algebraic-Connectivity-Optimization-CDC2026\lite_trials\lite_config.yaml,full,91,0.071660424469,1,377,377,0.07166042446941323,287,0.13389022508679735,12.18401048289856,0.5294499000001451,0.5294499000001451,0.5294499000001451,path,path,path,90,0.0,0.0,False,,,False,1,path,64,4,RL+Path,1
best,C:\Users\erich\Documents\AFRL\Algebraic-Connectivity-Optimization-CDC2026\lite_trials\sweep\balanced\checkpoints\best.pt,ppo,7000,C:\Users\erich\Documents\AFRL\Algebraic-Connectivity-Optimization-CDC2026\lite_trials\lite_config.yaml,full,91,0.071660424469,2,377,377,0.07166042446941323,287,0.13389022508679735,12.18401048289856,0.5304298999999446,0.5304298999999446,0.5304298999999446,path,path,path,90,0.0,0.0,False,,,False,1,path,64,4,RL+Path,2
best,C:\Users\erich\Documents\AFRL\Algebraic-Connectivity-Optimization-CDC2026\lite_trials\sweep\balanced\checkpoints\best.pt,ppo,7000,C:\Users\erich\Documents\AFRL\Algebraic-Connectivity-Optimization-CDC2026\lite_trials\lite_config.yaml,full,91,0.071660424469,3,377,377,0.07166042446941323,287,0.13389022508679735,12.18401048289856,0.5781715000002805,0.5781715000002805,0.5781715000002805,path,path,path,90,0.0,0.0,False,,,False,1,path,64,4,RL+Path,3
best,C:\Users\erich\Documents\AFRL\Algebraic-Connectivity-Optimization-CDC2026\lite_trials\sweep\balanced\checkpoints\best.pt,ppo,7000,C:\Users\erich\Documents\AFRL\Algebraic-Connectivity-Optimization-CDC2026\lite_trials\lite_config.yaml,full,91,0.071660424469,4,377,377,0.07166042446941323,287,0.13389022508679735,12.18401048289856,0.4977750999996715,0.4977750999996715,0.4977750999996715,path,path,path,90,0.0,0.0,False,,,False,1,path,64,4,RL+Path,4
best,C:\Users\erich\Documents\AFRL\Algebraic-Connectivity-Optimization-CDC2026\lite_trials\sweep\balanced\checkpoints\best.pt,ppo,7000,C:\Users\erich\Documents\AFRL\Algebraic-Connectivity-Optimization-CDC2026\lite_trials\lite_config.yaml,full,91,0.143071161049,0,663,663,0.14307116104868914,573,0.08929961581517583,8.126265039181,0.9902369000001272,0.9902369000001272,0.9902369000001272,path,path,path,90,0.0,0.0,False,,,False,1,path,64,4,RL+Path,0
best,C:\Users\erich\Documents\AFRL\Algebraic-Connectivity-Optimization-CDC2026\lite_trials\sweep\balanced\checkpoints\best.pt,ppo,7000,C:\Users\erich\Documents\AFRL\Algebraic-Connectivity-Optimization-CDC2026\lite_trials\lite_config.yaml,full,91,0.143071161049,1,663,663,0.14307116104868914,573,0.08929961581517583,8.126265039181,1.003827800000181,1.003827800000181,1.003827800000181,path,path,path,90,0.0,0.0,False,,,False,1,path,64,4,RL+Path,1
best,C:\Users\erich\Documents\AFRL\Algebraic-Connectivity-Optimization-CDC2026\lite_trials\sweep\balanced\checkpoints\best.pt,ppo,7000,C:\Users\erich\Documents\AFRL\Algebraic-Connectivity-Optimization-CDC2026\lite_trials\lite_config.yaml,full,91,0.143071161049,2,663,663,0.14307116104868914,573,0.08929961581517583,8.126265039181,0.9667611999993824,0.9667611999993824,0.9667611999993824,path,path,path,90,0.0,0.0,False,,,False,1,path,64,4,RL+Path,2
best,C:\Users\erich\Documents\AFRL\Algebraic-Connectivity-Optimization-CDC2026\lite_trials\sweep\balanced\checkpoints\best.pt,ppo,7000,C:\Users\erich\Documents\AFRL\Algebraic-Connectivity-Optimization-CDC2026\lite_trials\lite_config.yaml,full,91,0.143071161049,3,663,663,0.14307116104868914,573,0.08929961581517583,8.126265039181,0.9813750000002983,0.9813750000002983,0.9813750000002983,path,path,path,90,0.0,0.0,False,,,False,1,path,64,4,RL+Path,3
best,C:\Users\erich\Documents\AFRL\Algebraic-Connectivity-Optimization-CDC2026\lite_trials\sweep\balanced\checkpoints\best.pt,ppo,7000,C:\Users\erich\Documents\AFRL\Algebraic-Connectivity-Optimization-CDC2026\lite_trials\lite_config.yaml,full,91,0.143071161049,4,663,663,0.14307116104868914,573,0.08929961581517583,8.126265039181,1.0055587000006199,1.0055587000006199,1.0055587000006199,path,path,path,90,0.0,0.0,False,,,False,1,path,64,4,RL+Path,4
best,C:\Users\erich\Documents\AFRL\Algebraic-Connectivity-Optimization-CDC2026\lite_trials\sweep\balanced\checkpoints\best.pt,ppo,7000,C:\Users\erich\Documents\AFRL\Algebraic-Connectivity-Optimization-CDC2026\lite_trials\lite_config.yaml,full,91,0.214481897628,0,949,949,0.21448189762796505,859,0.18271250621439497,16.626838065509943,1.7721070000006875,1.7721070000006875,1.7721070000006875,path,path,path,90,0.0,0.0,False,,,False,1,path,64,4,RL+Path,0
best,C:\Users\erich\Documents\AFRL\Algebraic-Connectivity-Optimization-CDC2026\lite_trials\sweep\balanced\checkpoints\best.pt,ppo,7000,C:\Users\erich\Documents\AFRL\Algebraic-Connectivity-Optimization-CDC2026\lite_trials\lite_config.yaml,full,91,0.214481897628,1,949,949,0.21448189762796505,859,0.18271250621439497,16.626838065509943,1.7519314000001032,1.7519314000001032,1.7519314000001032,path,path,path,90,0.0,0.0,False,,,False,1,path,64,4,RL+Path,1
best,C:\Users\erich\Documents\AFRL\Algebraic-Connectivity-Optimization-CDC2026\lite_trials\sweep\balanced\checkpoints\best.pt,ppo,7000,C:\Users\erich\Documents\AFRL\Algebraic-Connectivity-Optimization-CDC2026\lite_trials\lite_config.yaml,full,91,0.214481897628,2,949,949,0.21448189762796505,859,0.18271250621439497,16.626838065509943,1.92137189999994,1.92137189999994,1.92137189999994,path,path,path,90,0.0,0.0,False,,,False,1,path,64,4,RL+Path,2
best,C:\Users\erich\Documents\AFRL\Algebraic-Connectivity-Optimization-CDC2026\lite_trials\sweep\balanced\checkpoints\best.pt,ppo,7000,C:\Users\erich\Documents\AFRL\Algebraic-Connectivity-Optimization-CDC2026\lite_trials\lite_config.yaml,full,91,0.214481897628,3,949,949,0.21448189762796505,859,0.18271250621439497,16.626838065509943,1.8768687000001592,1.8768687000001592,1.8768687000001592,path,path,path,90,0.0,0.0,False,,,False,1,path,64,4,RL+Path,3
best,C:\Users\erich\Documents\AFRL\Algebraic-Connectivity-Optimization-CDC2026\lite_trials\sweep\balanced\checkpoints\best.pt,ppo,7000,C:\Users\erich\Documents\AFRL\Algebraic-Connectivity-Optimization-CDC2026\lite_trials\lite_config.yaml,full,91,0.214481897628,4,949,949,0.21448189762796505,859,0.18271250621439497,16.626838065509943,1.917483700000048,1.917483700000048,1.917483700000048,path,path,path,90,0.0,0.0,False,,,False,1,path,64,4,RL+Path,4
best,C:\Users\erich\Documents\AFRL\Algebraic-Connectivity-Optimization-CDC2026\lite_trials\sweep\balanced\checkpoints\best.pt,ppo,7000,C:\Users\erich\Documents\AFRL\Algebraic-Connectivity-Optimization-CDC2026\lite_trials\lite_config.yaml,full,91,0.285892634207,0,1235,1235,0.2858926342072409,1145,0.21851279080217823,19.884663962998218,2.745950399999856,2.745950399999856,2.745950399999856,path,path,path,90,0.0,0.0,False,,,False,1,path,64,4,RL+Path,0
best,C:\Users\erich\Documents\AFRL\Algebraic-Connectivity-Optimization-CDC2026\lite_trials\sweep\balanced\checkpoints\best.pt,ppo,7000,C:\Users\erich\Documents\AFRL\Algebraic-Connectivity-Optimization-CDC2026\lite_trials\lite_config.yaml,full,91,0.285892634207,1,1235,1235,0.2858926342072409,1145,0.21851279080217823,19.884663962998218,2.702007400000184,2.702007400000184,2.702007400000184,path,path,path,90,0.0,0.0,False,,,False,1,path,64,4,RL+Path,1
best,C:\Users\erich\Documents\AFRL\Algebraic-Connectivity-Optimization-CDC2026\lite_trials\sweep\balanced\checkpoints\best.pt,ppo,7000,C:\Users\erich\Documents\AFRL\Algebraic-Connectivity-Optimization-CDC2026\lite_trials\lite_config.yaml,full,91,0.285892634207,2,1235,1235,0.2858926342072409,1145,0.21851279080217823,19.884663962998218,2.7510661999995136,2.7510661999995136,2.7510661999995136,path,path,path,90,0.0,0.0,False,,,False,1,path,64,4,RL+Path,2
best,C:\Users\erich\Documents\AFRL\Algebraic-Connectivity-Optimization-CDC2026\lite_trials\sweep\balanced\checkpoints\best.pt,ppo,7000,C:\Users\erich\Documents\AFRL\Algebraic-Connectivity-Optimization-CDC2026\lite_trials\lite_config.yaml,full,91,0.285892634207,3,1235,1235,0.2858926342072409,1145,0.21851279080217823,19.884663962998218,2.715182499999173,2.715182499999173,2.715182499999173,path,path,path,90,0.0,0.0,False,,,False,1,path,64,4,RL+Path,3
best,C:\Users\erich\Documents\AFRL\Algebraic-Connectivity-Optimization-CDC2026\lite_trials\sweep\balanced\checkpoints\best.pt,ppo,7000,C:\Users\erich\Documents\AFRL\Algebraic-Connectivity-Optimization-CDC2026\lite_trials\lite_config.yaml,full,91,0.285892634207,4,1235,1235,0.2858926342072409,1145,0.21851279080217823,19.884663962998218,2.7521459999998115,2.7521459999998115,2.7521459999998115,path,path,path,90,0.0,0.0,False,,,False,1,path,64,4,RL+Path,4
best,C:\Users\erich\Documents\AFRL\Algebraic-Connectivity-Optimization-CDC2026\lite_trials\sweep\balanced\checkpoints\best.pt,ppo,7000,C:\Users\erich\Documents\AFRL\Algebraic-Connectivity-Optimization-CDC2026\lite_trials\lite_config.yaml,full,91,0.357303370787,0,1521,1521,0.35730337078651686,1431,0.3057680627974057,27.82489371456392,3.7218204999999216,3.7218204999999216,3.7218204999999216,path,path,path,90,0.0,0.0,False,,,False,1,path,64,4,RL+Path,0
best,C:\Users\erich\Documents\AFRL\Algebraic-Connectivity-Optimization-CDC2026\lite_trials\sweep\balanced\checkpoints\best.pt,ppo,7000,C:\Users\erich\Documents\AFRL\Algebraic-Connectivity-Optimization-CDC2026\lite_trials\lite_config.yaml,full,91,0.357303370787,1,1521,1521,0.35730337078651686,1431,0.3057680627974057,27.82489371456392,3.871511099999225,3.871511099999225,3.871511099999225,path,path,path,90,0.0,0.0,False,,,False,1,path,64,4,RL+Path,1
best,C:\Users\erich\Documents\AFRL\Algebraic-Connectivity-Optimization-CDC2026\lite_trials\sweep\balanced\checkpoints\best.pt,ppo,7000,C:\Users\erich\Documents\AFRL\Algebraic-Connectivity-Optimization-CDC2026\lite_trials\lite_config.yaml,full,91,0.357303370787,2,1521,1521,0.35730337078651686,1431,0.3057680627974057,27.82489371456392,3.773363000000245,3.773363000000245,3.773363000000245,path,path,path,90,0.0,0.0,False,,,False,1,path,64,4,RL+Path,2
best,C:\Users\erich\Documents\AFRL\Algebraic-Connectivity-Optimization-CDC2026\lite_trials\sweep\balanced\checkpoints\best.pt,ppo,7000,C:\Users\erich\Documents\AFRL\Algebraic-Connectivity-Optimization-CDC2026\lite_trials\lite_config.yaml,full,91,0.357303370787,3,1521,1521,0.35730337078651686,1431,0.3057680627974057,27.82489371456392,3.7394671000001836,3.7394671000001836,3.7394671000001836,path,path,path,90,0.0,0.0,False,,,False,1,path,64,4,RL+Path,3
best,C:\Users\erich\Documents\AFRL\Algebraic-Connectivity-Optimization-CDC2026\lite_trials\sweep\balanced\checkpoints\best.pt,ppo,7000,C:\Users\erich\Documents\AFRL\Algebraic-Connectivity-Optimization-CDC2026\lite_trials\lite_config.yaml,full,91,0.357303370787,4,1521,1521,0.35730337078651686,1431,0.3057680627974057,27.82489371456392,3.726982900000621,3.726982900000621,3.726982900000621,path,path,path,90,0.0,0.0,False,,,False,1,path,64,4,RL+Path,4
best,C:\Users\erich\Documents\AFRL\Algebraic-Connectivity-Optimization-CDC2026\lite_trials\sweep\balanced\checkpoints\best.pt,ppo,7000,C:\Users\erich\Documents\AFRL\Algebraic-Connectivity-Optimization-CDC2026\lite_trials\lite_config.yaml,full,91,0.428714107366,0,1807,1807,0.42871410736579274,1717,0.37419979461610625,34.05218131006567,4.794494900000245,4.794494900000245,4.794494900000245,path,path,path,90,0.0,0.0,False,,,False,1,path,64,4,RL+Path,0
best,C:\Users\erich\Documents\AFRL\Algebraic-Connectivity-Optimization-CDC2026\lite_trials\sweep\balanced\checkpoints\best.pt,ppo,7000,C:\Users\erich\Documents\AFRL\Algebraic-Connectivity-Optimization-CDC2026\lite_trials\lite_config.yaml,full,91,0.428714107366,1,1807,1807,0.42871410736579274,1717,0.37419979461610625,34.05218131006567,4.906439100000171,4.906439100000171,4.906439100000171,path,path,path,90,0.0,0.0,False,,,False,1,path,64,4,RL+Path,1
best,C:\Users\erich\Documents\AFRL\Algebraic-Connectivity-Optimization-CDC2026\lite_trials\sweep\balanced\checkpoints\best.pt,ppo,7000,C:\Users\erich\Documents\AFRL\Algebraic-Connectivity-Optimization-CDC2026\lite_trials\lite_config.yaml,full,91,0.428714107366,2,1807,1807,0.42871410736579274,1717,0.37419979461610625,34.05218131006567,4.884857300000476,4.884857300000476,4.884857300000476,path,path,path,90,0.0,0.0,False,,,False,1,path,64,4,RL+Path,2
best,C:\Users\erich\Documents\AFRL\Algebraic-Connectivity-Optimization-CDC2026\lite_trials\sweep\balanced\checkpoints\best.pt,ppo,7000,C:\Users\erich\Documents\AFRL\Algebraic-Connectivity-Optimization-CDC2026\lite_trials\lite_config.yaml,full,91,0.428714107366,3,1807,1807,0.42871410736579274,1717,0.37419979461610625,34.05218131006567,4.813681999999972,4.813681999999972,4.813681999999972,path,path,path,90,0.0,0.0,False,,,False,1,path,64,4,RL+Path,3
best,C:\Users\erich\Documents\AFRL\Algebraic-Connectivity-Optimization-CDC2026\lite_trials\sweep\balanced\checkpoints\best.pt,ppo,7000,C:\Users\erich\Documents\AFRL\Algebraic-Connectivity-Optimization-CDC2026\lite_trials\lite_config.yaml,full,91,0.428714107366,4,1807,1807,0.42871410736579274,1717,0.37419979461610625,34.05218131006567,4.927980200000093,4.927980200000093,4.927980200000093,path,path,path,90,0.0,0.0,False,,,False,1,path,64,4,RL+Path,4
best,C:\Users\erich\Documents\AFRL\Algebraic-Connectivity-Optimization-CDC2026\lite_trials\sweep\balanced\checkpoints\best.pt,ppo,7000,C:\Users\erich\Documents\AFRL\Algebraic-Connectivity-Optimization-CDC2026\lite_trials\lite_config.yaml,full,91,0.500124843945,0,2093,2093,0.5001248439450686,2003,0.4355698335769368,39.63685485550125,6.027688999999555,6.027688999999555,6.027688999999555,path,path,path,90,0.0,0.0,False,,,False,1,path,64,4,RL+Path,0
best,C:\Users\erich\Documents\AFRL\Algebraic-Connectivity-Optimization-CDC2026\lite_trials\sweep\balanced\checkpoints\best.pt,ppo,7000,C:\Users\erich\Documents\AFRL\Algebraic-Connectivity-Optimization-CDC2026\lite_trials\lite_config.yaml,full,91,0.500124843945,1,2093,2093,0.5001248439450686,2003,0.4355698335769368,39.63685485550125,6.006564199999957,6.006564199999957,6.006564199999957,path,path,path,90,0.0,0.0,False,,,False,1,path,64,4,RL+Path,1
best,C:\Users\erich\Documents\AFRL\Algebraic-Connectivity-Optimization-CDC2026\lite_trials\sweep\balanced\checkpoints\best.pt,ppo,7000,C:\Users\erich\Documents\AFRL\Algebraic-Connectivity-Optimization-CDC2026\lite_trials\lite_config.yaml,full,91,0.500124843945,2,2093,2093,0.5001248439450686,2003,0.4355698335769368,39.63685485550125,6.010657699999683,6.010657699999683,6.010657699999683,path,path,path,90,0.0,0.0,False,,,False,1,path,64,4,RL+Path,2
best,C:\Users\erich\Documents\AFRL\Algebraic-Connectivity-Optimization-CDC2026\lite_trials\sweep\balanced\checkpoints\best.pt,ppo,7000,C:\Users\erich\Documents\AFRL\Algebraic-Connectivity-Optimization-CDC2026\lite_trials\lite_config.yaml,full,91,0.500124843945,3,2093,2093,0.5001248439450686,2003,0.4355698335769368,39.63685485550125,6.042830500000491,6.042830500000491,6.042830500000491,path,path,path,90,0.0,0.0,False,,,False,1,path,64,4,RL+Path,3
best,C:\Users\erich\Documents\AFRL\Algebraic-Connectivity-Optimization-CDC2026\lite_trials\sweep\balanced\checkpoints\best.pt,ppo,7000,C:\Users\erich\Documents\AFRL\Algebraic-Connectivity-Optimization-CDC2026\lite_trials\lite_config.yaml,full,91,0.500124843945,4,2093,2093,0.5001248439450686,2003,0.4355698335769368,39.63685485550125,5.990847100000792,5.990847100000792,5.990847100000792,path,path,path,90,0.0,0.0,False,,,False,1,path,64,4,RL+Path,4
best,C:\Users\erich\Documents\AFRL\Algebraic-Connectivity-Optimization-CDC2026\lite_trials\sweep\balanced\checkpoints\best.pt,ppo,7000,C:\Users\erich\Documents\AFRL\Algebraic-Connectivity-Optimization-CDC2026\lite_trials\lite_config.yaml,full,91,0.571285892634,0,2378,2378,0.5712858926342073,2288,0.491568718226585,44.732753358619235,7.308550799999466,7.308550799999466,7.308550799999466,path,path,path,90,0.0,0.0,False,,,False,1,path,64,4,RL+Path,0
best,C:\Users\erich\Documents\AFRL\Algebraic-Connectivity-Optimization-CDC2026\lite_trials\sweep\balanced\checkpoints\best.pt,ppo,7000,C:\Users\erich\Documents\AFRL\Algebraic-Connectivity-Optimization-CDC2026\lite_trials\lite_config.yaml,full,91,0.571285892634,1,2378,2378,0.5712858926342073,2288,0.491568718226585,44.732753358619235,7.145911599999636,7.145911599999636,7.145911599999636,path,path,path,90,0.0,0.0,False,,,False,1,path,64,4,RL+Path,1
best,C:\Users\erich\Documents\AFRL\Algebraic-Connectivity-Optimization-CDC2026\lite_trials\sweep\balanced\checkpoints\best.pt,ppo,7000,C:\Users\erich\Documents\AFRL\Algebraic-Connectivity-Optimization-CDC2026\lite_trials\lite_config.yaml,full,91,0.571285892634,2,2378,2378,0.5712858926342073,2288,0.491568718226585,44.732753358619235,7.25210799999968,7.25210799999968,7.25210799999968,path,path,path,90,0.0,0.0,False,,,False,1,path,64,4,RL+Path,2
best,C:\Users\erich\Documents\AFRL\Algebraic-Connectivity-Optimization-CDC2026\lite_trials\sweep\balanced\checkpoints\best.pt,ppo,7000,C:\Users\erich\Documents\AFRL\Algebraic-Connectivity-Optimization-CDC2026\lite_trials\lite_config.yaml,full,91,0.571285892634,3,2378,2378,0.5712858926342073,2288,0.491568718226585,44.732753358619235,7.256472699999904,7.256472699999904,7.256472699999904,path,path,path,90,0.0,0.0,False,,,False,1,path,64,4,RL+Path,3
best,C:\Users\erich\Documents\AFRL\Algebraic-Connectivity-Optimization-CDC2026\lite_trials\sweep\balanced\checkpoints\best.pt,ppo,7000,C:\Users\erich\Documents\AFRL\Algebraic-Connectivity-Optimization-CDC2026\lite_trials\lite_config.yaml,full,91,0.571285892634,4,2378,2378,0.5712858926342073,2288,0.491568718226585,44.732753358619235,7.293595000000096,7.293595000000096,7.293595000000096,path,path,path,90,0.0,0.0,False,,,False,1,path,64,4,RL+Path,4
best,C:\Users\erich\Documents\AFRL\Algebraic-Connectivity-Optimization-CDC2026\lite_trials\sweep\balanced\checkpoints\best.pt,ppo,7000,C:\Users\erich\Documents\AFRL\Algebraic-Connectivity-Optimization-CDC2026\lite_trials\lite_config.yaml,full,91,0.642696629213,0,2664,2664,0.6426966292134831,2574,0.6300002339532141,57.33002128974249,8.633267600000181,8.633267600000181,8.633267600000181,path,path,path,90,0.0,0.0,False,,,False,1,path,64,4,RL+Path,0
best,C:\Users\erich\Documents\AFRL\Algebraic-Connectivity-Optimization-CDC2026\lite_trials\sweep\balanced\checkpoints\best.pt,ppo,7000,C:\Users\erich\Documents\AFRL\Algebraic-Connectivity-Optimization-CDC2026\lite_trials\lite_config.yaml,full,91,0.642696629213,1,2664,2664,0.6426966292134831,2574,0.6300002339532141,57.33002128974249,8.602501700000175,8.602501700000175,8.602501700000175,path,path,path,90,0.0,0.0,False,,,False,1,path,64,4,RL+Path,1
best,C:\Users\erich\Documents\AFRL\Algebraic-Connectivity-Optimization-CDC2026\lite_trials\sweep\balanced\checkpoints\best.pt,ppo,7000,C:\Users\erich\Documents\AFRL\Algebraic-Connectivity-Optimization-CDC2026\lite_trials\lite_config.yaml,full,91,0.642696629213,2,2664,2664,0.6426966292134831,2574,0.6300002339532141,57.33002128974249,8.716011500000604,8.716011500000604,8.716011500000604,path,path,path,90,0.0,0.0,False,,,False,1,path,64,4,RL+Path,2
best,C:\Users\erich\Documents\AFRL\Algebraic-Connectivity-Optimization-CDC2026\lite_trials\sweep\balanced\checkpoints\best.pt,ppo,7000,C:\Users\erich\Documents\AFRL\Algebraic-Connectivity-Optimization-CDC2026\lite_trials\lite_config.yaml,full,91,0.642696629213,3,2664,2664,0.6426966292134831,2574,0.6300002339532141,57.33002128974249,8.653915599999891,8.653915599999891,8.653915599999891,path,path,path,90,0.0,0.0,False,,,False,1,path,64,4,RL+Path,3
best,C:\Users\erich\Documents\AFRL\Algebraic-Connectivity-Optimization-CDC2026\lite_trials\sweep\balanced\checkpoints\best.pt,ppo,7000,C:\Users\erich\Documents\AFRL\Algebraic-Connectivity-Optimization-CDC2026\lite_trials\lite_config.yaml,full,91,0.642696629213,4,2664,2664,0.6426966292134831,2574,0.6300002339532141,57.33002128974249,8.713255799999388,8.713255799999388,8.713255799999388,path,path,path,90,0.0,0.0,False,,,False,1,path,64,4,RL+Path,4
best,C:\Users\erich\Documents\AFRL\Algebraic-Connectivity-Optimization-CDC2026\lite_trials\sweep\balanced\checkpoints\best.pt,ppo,7000,C:\Users\erich\Documents\AFRL\Algebraic-Connectivity-Optimization-CDC2026\lite_trials\lite_config.yaml,full,91,0.714107365793,0,2950,2950,0.714107365792759,2860,0.6335510379721128,57.65314445546226,10.119085500000438,10.119085500000438,10.119085500000438,path,path,path,90,0.0,0.0,False,,,False,1,path,64,4,RL+Path,0
best,C:\Users\erich\Documents\AFRL\Algebraic-Connectivity-Optimization-CDC2026\lite_trials\sweep\balanced\checkpoints\best.pt,ppo,7000,C:\Users\erich\Documents\AFRL\Algebraic-Connectivity-Optimization-CDC2026\lite_trials\lite_config.yaml,full,91,0.714107365793,1,2950,2950,0.714107365792759,2860,0.6335510379721128,57.65314445546226,10.178021900000203,10.178021900000203,10.178021900000203,path,path,path,90,0.0,0.0,False,,,False,1,path,64,4,RL+Path,1
best,C:\Users\erich\Documents\AFRL\Algebraic-Connectivity-Optimization-CDC2026\lite_trials\sweep\balanced\checkpoints\best.pt,ppo,7000,C:\Users\erich\Documents\AFRL\Algebraic-Connectivity-Optimization-CDC2026\lite_trials\lite_config.yaml,full,91,0.714107365793,2,2950,2950,0.714107365792759,2860,0.6335510379721128,57.65314445546226,10.144044599999688,10.144044599999688,10.144044599999688,path,path,path,90,0.0,0.0,False,,,False,1,path,64,4,RL+Path,2
best,C:\Users\erich\Documents\AFRL\Algebraic-Connectivity-Optimization-CDC2026\lite_trials\sweep\balanced\checkpoints\best.pt,ppo,7000,C:\Users\erich\Documents\AFRL\Algebraic-Connectivity-Optimization-CDC2026\lite_trials\lite_config.yaml,full,91,0.714107365793,3,2950,2950,0.714107365792759,2860,0.6335510379721128,57.65314445546226,10.272425499999372,10.272425499999372,10.272425499999372,path,path,path,90,0.0,0.0,False,,,False,1,path,64,4,RL+Path,3
best,C:\Users\erich\Documents\AFRL\Algebraic-Connectivity-Optimization-CDC2026\lite_trials\sweep\balanced\checkpoints\best.pt,ppo,7000,C:\Users\erich\Documents\AFRL\Algebraic-Connectivity-Optimization-CDC2026\lite_trials\lite_config.yaml,full,91,0.714107365793,4,2950,2950,0.714107365792759,2860,0.6335510379721128,57.65314445546226,10.1951853999999,10.1951853999999,10.1951853999999,path,path,path,90,0.0,0.0,False,,,False,1,path,64,4,RL+Path,4
best,C:\Users\erich\Documents\AFRL\Algebraic-Connectivity-Optimization-CDC2026\lite_trials\sweep\balanced\checkpoints\best.pt,ppo,7000,C:\Users\erich\Documents\AFRL\Algebraic-Connectivity-Optimization-CDC2026\lite_trials\lite_config.yaml,full,91,0.785518102372,0,3236,3236,0.785518102372035,3146,0.7219050999660646,65.69336409691188,11.953108100000463,11.953108100000463,11.953108100000463,path,path,path,90,0.0,0.0,False,,,False,1,path,64,4,RL+Path,0
best,C:\Users\erich\Documents\AFRL\Algebraic-Connectivity-Optimization-CDC2026\lite_trials\sweep\balanced\checkpoints\best.pt,ppo,7000,C:\Users\erich\Documents\AFRL\Algebraic-Connectivity-Optimization-CDC2026\lite_trials\lite_config.yaml,full,91,0.785518102372,1,3236,3236,0.785518102372035,3146,0.7219050999660646,65.69336409691188,11.744190100000196,11.744190100000196,11.744190100000196,path,path,path,90,0.0,0.0,False,,,False,1,path,64,4,RL+Path,1
best,C:\Users\erich\Documents\AFRL\Algebraic-Connectivity-Optimization-CDC2026\lite_trials\sweep\balanced\checkpoints\best.pt,ppo,7000,C:\Users\erich\Documents\AFRL\Algebraic-Connectivity-Optimization-CDC2026\lite_trials\lite_config.yaml,full,91,0.785518102372,2,3236,3236,0.785518102372035,3146,0.7219050999660646,65.69336409691188,11.977178099999946,11.977178099999946,11.977178099999946,path,path,path,90,0.0,0.0,False,,,False,1,path,64,4,RL+Path,2
best,C:\Users\erich\Documents\AFRL\Algebraic-Connectivity-Optimization-CDC2026\lite_trials\sweep\balanced\checkpoints\best.pt,ppo,7000,C:\Users\erich\Documents\AFRL\Algebraic-Connectivity-Optimization-CDC2026\lite_trials\lite_config.yaml,full,91,0.785518102372,3,3236,3236,0.785518102372035,3146,0.7219050999660646,65.69336409691188,11.299818199999208,11.299818199999208,11.299818199999208,path,path,path,90,0.0,0.0,False,,,False,1,path,64,4,RL+Path,3
best,C:\Users\erich\Documents\AFRL\Algebraic-Connectivity-Optimization-CDC2026\lite_trials\sweep\balanced\checkpoints\best.pt,ppo,7000,C:\Users\erich\Documents\AFRL\Algebraic-Connectivity-Optimization-CDC2026\lite_trials\lite_config.yaml,full,91,0.785518102372,4,3236,3236,0.785518102372035,3146,0.7219050999660646,65.69336409691188,11.689354599999206,11.689354599999206,11.689354599999206,path,path,path,90,0.0,0.0,False,,,False,1,path,64,4,RL+Path,4
best,C:\Users\erich\Documents\AFRL\Algebraic-Connectivity-Optimization-CDC2026\lite_trials\sweep\balanced\checkpoints\best.pt,ppo,7000,C:\Users\erich\Documents\AFRL\Algebraic-Connectivity-Optimization-CDC2026\lite_trials\lite_config.yaml,full,91,0.856928838951,0,3522,3522,0.8569288389513109,3432,0.7895099567258017,71.84540606204796,13.460830600000918,13.460830600000918,13.460830600000918,path,path,path,90,0.0,0.0,False,,,False,1,path,64,4,RL+Path,0
best,C:\Users\erich\Documents\AFRL\Algebraic-Connectivity-Optimization-CDC2026\lite_trials\sweep\balanced\checkpoints\best.pt,ppo,7000,C:\Users\erich\Documents\AFRL\Algebraic-Connectivity-Optimization-CDC2026\lite_trials\lite_config.yaml,full,91,0.856928838951,1,3522,3522,0.8569288389513109,3432,0.7895099567258017,71.84540606204796,13.4570920999995,13.4570920999995,13.4570920999995,path,path,path,90,0.0,0.0,False,,,False,1,path,64,4,RL+Path,1
best,C:\Users\erich\Documents\AFRL\Algebraic-Connectivity-Optimization-CDC2026\lite_trials\sweep\balanced\checkpoints\best.pt,ppo,7000,C:\Users\erich\Documents\AFRL\Algebraic-Connectivity-Optimization-CDC2026\lite_trials\lite_config.yaml,full,91,0.856928838951,2,3522,3522,0.8569288389513109,3432,0.7895099567258017,71.84540606204796,13.49332350000077,13.49332350000077,13.49332350000077,path,path,path,90,0.0,0.0,False,,,False,1,path,64,4,RL+Path,2
best,C:\Users\erich\Documents\AFRL\Algebraic-Connectivity-Optimization-CDC2026\lite_trials\sweep\balanced\checkpoints\best.pt,ppo,7000,C:\Users\erich\Documents\AFRL\Algebraic-Connectivity-Optimization-CDC2026\lite_trials\lite_config.yaml,full,91,0.856928838951,3,3522,3522,0.8569288389513109,3432,0.7895099567258017,71.84540606204796,13.777026600000681,13.777026600000681,13.777026600000681,path,path,path,90,0.0,0.0,False,,,False,1,path,64,4,RL+Path,3
best,C:\Users\erich\Documents\AFRL\Algebraic-Connectivity-Optimization-CDC2026\lite_trials\sweep\balanced\checkpoints\best.pt,ppo,7000,C:\Users\erich\Documents\AFRL\Algebraic-Connectivity-Optimization-CDC2026\lite_trials\lite_config.yaml,full,91,0.856928838951,4,3522,3522,0.8569288389513109,3432,0.7895099567258017,71.84540606204796,13.555803100000048,13.555803100000048,13.555803100000048,path,path,path,90,0.0,0.0,False,,,False,1,path,64,4,RL+Path,4
best,C:\Users\erich\Documents\AFRL\Algebraic-Connectivity-Optimization-CDC2026\lite_trials\sweep\balanced\checkpoints\best.pt,ppo,7000,C:\Users\erich\Documents\AFRL\Algebraic-Connectivity-Optimization-CDC2026\lite_trials\lite_config.yaml,full,91,0.928339575531,0,3808,3808,0.9283395755305868,3718,0.8941751144140347,81.36993541167716,15.49519490000057,15.49519490000057,15.49519490000057,path,path,path,90,0.0,0.0,False,,,False,1,path,64,4,RL+Path,0
best,C:\Users\erich\Documents\AFRL\Algebraic-Connectivity-Optimization-CDC2026\lite_trials\sweep\balanced\checkpoints\best.pt,ppo,7000,C:\Users\erich\Documents\AFRL\Algebraic-Connectivity-Optimization-CDC2026\lite_trials\lite_config.yaml,full,91,0.928339575531,1,3808,3808,0.9283395755305868,3718,0.8941751144140347,81.36993541167716,15.364381299999877,15.364381299999877,15.364381299999877,path,path,path,90,0.0,0.0,False,,,False,1,path,64,4,RL+Path,1
best,C:\Users\erich\Documents\AFRL\Algebraic-Connectivity-Optimization-CDC2026\lite_trials\sweep\balanced\checkpoints\best.pt,ppo,7000,C:\Users\erich\Documents\AFRL\Algebraic-Connectivity-Optimization-CDC2026\lite_trials\lite_config.yaml,full,91,0.928339575531,2,3808,3808,0.9283395755305868,3718,0.8941751144140347,81.36993541167716,15.515006800000265,15.515006800000265,15.515006800000265,path,path,path,90,0.0,0.0,False,,,False,1,path,64,4,RL+Path,2
best,C:\Users\erich\Documents\AFRL\Algebraic-Connectivity-Optimization-CDC2026\lite_trials\sweep\balanced\checkpoints\best.pt,ppo,7000,C:\Users\erich\Documents\AFRL\Algebraic-Connectivity-Optimization-CDC2026\lite_trials\lite_config.yaml,full,91,0.928339575531,3,3808,3808,0.9283395755305868,3718,0.8941751144140347,81.36993541167716,16.099173900000096,16.099173900000096,16.099173900000096,path,path,path,90,0.0,0.0,False,,,False,1,path,64,4,RL+Path,3
best,C:\Users\erich\Documents\AFRL\Algebraic-Connectivity-Optimization-CDC2026\lite_trials\sweep\balanced\checkpoints\best.pt,ppo,7000,C:\Users\erich\Documents\AFRL\Algebraic-Connectivity-Optimization-CDC2026\lite_trials\lite_config.yaml,full,91,0.928339575531,4,3808,3808,0.9283395755305868,3718,0.8941751144140347,81.36993541167716,15.799356499999703,15.799356499999703,15.799356499999703,path,path,path,90,0.0,0.0,False,,,False,1,path,64,4,RL+Path,4
best,C:\Users\erich\Documents\AFRL\Algebraic-Connectivity-Optimization-CDC2026\lite_trials\sweep\balanced\checkpoints\best.pt,ppo,7000,C:\Users\erich\Documents\AFRL\Algebraic-Connectivity-Optimization-CDC2026\lite_trials\lite_config.yaml,full,91,0.99975031211,0,4094,4094,0.9997503121098626,4004,0.9784603893519362,89.0398954310262,17.243307900000218,17.243307900000218,17.243307900000218,path,path,path,90,0.0,0.0,False,,,False,1,path,64,4,RL+Path,0
best,C:\Users\erich\Documents\AFRL\Algebraic-Connectivity-Optimization-CDC2026\lite_trials\sweep\balanced\checkpoints\best.pt,ppo,7000,C:\Users\erich\Documents\AFRL\Algebraic-Connectivity-Optimization-CDC2026\lite_trials\lite_config.yaml,full,91,0.99975031211,1,4094,4094,0.9997503121098626,4004,0.9784603893519362,89.0398954310262,17.025153200000204,17.025153200000204,17.025153200000204,path,path,path,90,0.0,0.0,False,,,False,1,path,64,4,RL+Path,1
best,C:\Users\erich\Documents\AFRL\Algebraic-Connectivity-Optimization-CDC2026\lite_trials\sweep\balanced\checkpoints\best.pt,ppo,7000,C:\Users\erich\Documents\AFRL\Algebraic-Connectivity-Optimization-CDC2026\lite_trials\lite_config.yaml,full,91,0.99975031211,2,4094,4094,0.9997503121098626,4004,0.9784603893519362,89.0398954310262,17.383099600001515,17.383099600001515,17.383099600001515,path,path,path,90,0.0,0.0,False,,,False,1,path,64,4,RL+Path,2
best,C:\Users\erich\Documents\AFRL\Algebraic-Connectivity-Optimization-CDC2026\lite_trials\sweep\balanced\checkpoints\best.pt,ppo,7000,C:\Users\erich\Documents\AFRL\Algebraic-Connectivity-Optimization-CDC2026\lite_trials\lite_config.yaml,full,91,0.99975031211,3,4094,4094,0.9997503121098626,4004,0.9784603893519362,89.0398954310262,17.32326710000052,17.32326710000052,17.32326710000052,path,path,path,90,0.0,0.0,False,,,False,1,path,64,4,RL+Path,3
best,C:\Users\erich\Documents\AFRL\Algebraic-Connectivity-Optimization-CDC2026\lite_trials\sweep\balanced\checkpoints\best.pt,ppo,7000,C:\Users\erich\Documents\AFRL\Algebraic-Connectivity-Optimization-CDC2026\lite_trials\lite_config.yaml,full,91,0.99975031211,4,4094,4094,0.9997503121098626,4004,0.9784603893519362,89.0398954310262,16.961526200000662,16.961526200000662,16.961526200000662,path,path,path,90,0.0,0.0,False,,,False,1,path,64,4,RL+Path,4
best,C:\Users\erich\Documents\AFRL\Algebraic-Connectivity-Optimization-CDC2026\lite_trials\sweep\balanced\checkpoints\best.pt,ppo,7000,C:\Users\erich\Documents\AFRL\Algebraic-Connectivity-Optimization-CDC2026\lite_trials\lite_config.yaml,full,91,0.00024968789,0,91,91,0.00024968789013732833,1,0.01098901098901096,0.9999999999999974,0.0061170000008132774,0.0061170000008132774,0.006688500001473585,backbone,envelope_only,envelope,90,1.0,0.0005715000006603077,False,,,False,1,envelope,64,4,RL+Backbone,0
best,C:\Users\erich\Documents\AFRL\Algebraic-Connectivity-Optimization-CDC2026\lite_trials\sweep\balanced\checkpoints\best.pt,ppo,7000,C:\Users\erich\Documents\AFRL\Algebraic-Connectivity-Optimization-CDC2026\lite_trials\lite_config.yaml,full,91,0.00024968789,1,91,91,0.00024968789013732833,1,0.01098901098901096,0.9999999999999974,0.004810599999473197,0.004810599999473197,0.005032399998526671,backbone,envelope_only,envelope,90,1.0,0.00022179999905347358,False,,,False,1,envelope,64,4,RL+Backbone,1
best,C:\Users\erich\Documents\AFRL\Algebraic-Connectivity-Optimization-CDC2026\lite_trials\sweep\balanced\checkpoints\best.pt,ppo,7000,C:\Users\erich\Documents\AFRL\Algebraic-Connectivity-Optimization-CDC2026\lite_trials\lite_config.yaml,full,91,0.00024968789,2,91,91,0.00024968789013732833,1,0.01098901098901096,0.9999999999999974,0.003984000000855303,0.003984000000855303,0.004243400000632391,backbone,envelope_only,envelope,90,1.0,0.00025939999977708794,False,,,False,1,envelope,64,4,RL+Backbone,2
best,C:\Users\erich\Documents\AFRL\Algebraic-Connectivity-Optimization-CDC2026\lite_trials\sweep\balanced\checkpoints\best.pt,ppo,7000,C:\Users\erich\Documents\AFRL\Algebraic-Connectivity-Optimization-CDC2026\lite_trials\lite_config.yaml,full,91,0.00024968789,3,91,91,0.00024968789013732833,1,0.01098901098901096,0.9999999999999974,0.003685199999381439,0.003685199999381439,0.0040658999987499556,backbone,envelope_only,envelope,90,1.0,0.00038069999936851673,False,,,False,1,envelope,64,4,RL+Backbone,3
best,C:\Users\erich\Documents\AFRL\Algebraic-Connectivity-Optimization-CDC2026\lite_trials\sweep\balanced\checkpoints\best.pt,ppo,7000,C:\Users\erich\Documents\AFRL\Algebraic-Connectivity-Optimization-CDC2026\lite_trials\lite_config.yaml,full,91,0.00024968789,4,91,91,0.00024968789013732833,1,0.01098901098901096,0.9999999999999974,0.003492900001219823,0.003492900001219823,0.0037007000028097536,backbone,envelope_only,envelope,90,1.0,0.00020780000158993062,False,,,False,1,envelope,64,4,RL+Backbone,4
best,C:\Users\erich\Documents\AFRL\Algebraic-Connectivity-Optimization-CDC2026\lite_trials\sweep\balanced\checkpoints\best.pt,ppo,7000,C:\Users\erich\Documents\AFRL\Algebraic-Connectivity-Optimization-CDC2026\lite_trials\lite_config.yaml,full,91,0.071660424469,0,377,377,0.07166042446941323,17,0.0789678722005296,7.186076370248194,0.11518509999950766,0.11518509999950766,0.1570676999999705,backbone,both,cayley,360,4.188989839037466,0.13043909999942116,False,2,,True,2,"cayley,envelope",64,4,RL+Backbone,0
best,C:\Users\erich\Documents\AFRL\Algebraic-Connectivity-Optimization-CDC2026\lite_trials\sweep\balanced\checkpoints\best.pt,ppo,7000,C:\Users\erich\Documents\AFRL\Algebraic-Connectivity-Optimization-CDC2026\lite_trials\lite_config.yaml,full,91,0.071660424469,1,377,377,0.07166042446941323,17,0.08982922654602532,8.174459615688304,0.10611040000003413,0.10611040000003413,0.17272720000073605,backbone,both,cayley,360,4.281660978444258,0.13660490000074788,False,2,,True,2,"cayley,envelope",64,4,RL+Backbone,1
best,C:\Users\erich\Documents\AFRL\Algebraic-Connectivity-Optimization-CDC2026\lite_trials\sweep\balanced\checkpoints\best.pt,ppo,7000,C:\Users\erich\Documents\AFRL\Algebraic-Connectivity-Optimization-CDC2026\lite_trials\lite_config.yaml,full,91,0.071660424469,2,377,377,0.07166042446941323,17,0.09305274923709743,8.467800180575866,0.11200599999938277,0.11200599999938277,0.17409170000064478,backbone,both,cayley,360,4.0504870286176615,0.1372642000005726,False,2,,True,2,"cayley,envelope",64,4,RL+Backbone,2
best,C:\Users\erich\Documents\AFRL\Algebraic-Connectivity-Optimization-CDC2026\lite_trials\sweep\balanced\checkpoints\best.pt,ppo,7000,C:\Users\erich\Documents\AFRL\Algebraic-Connectivity-Optimization-CDC2026\lite_trials\lite_config.yaml,full,91,0.071660424469,3,377,377,0.07166042446941323,17,0.0866680235452931,7.886790142621672,0.10781990000032238,0.10781990000032238,0.1651047000013932,backbone,both,cayley,360,4.064706988438584,0.13657290000082867,False,2,,True,2,"cayley,envelope",64,4,RL+Backbone,3
best,C:\Users\erich\Documents\AFRL\Algebraic-Connectivity-Optimization-CDC2026\lite_trials\sweep\balanced\checkpoints\best.pt,ppo,7000,C:\Users\erich\Documents\AFRL\Algebraic-Connectivity-Optimization-CDC2026\lite_trials\lite_config.yaml,full,91,0.071660424469,4,377,377,0.07166042446941323,17,0.07882598907230225,7.173165005579505,0.1084420000006503,0.1084420000006503,0.17614489999868965,backbone,both,cayley,360,4.077422640634839,0.14040859999840904,False,2,,True,2,"cayley,envelope",64,4,RL+Backbone,4
best,C:\Users\erich\Documents\AFRL\Algebraic-Connectivity-Optimization-CDC2026\lite_trials\sweep\balanced\checkpoints\best.pt,ppo,7000,C:\Users\erich\Documents\AFRL\Algebraic-Connectivity-Optimization-CDC2026\lite_trials\lite_config.yaml,full,91,0.143071161049,0,663,663,0.14307116104868914,33,0.10635119717737189,9.677958943140842,0.07844099999965692,0.07844099999965692,0.2138634999992064,backbone,cayley_only,cayley,630,9.321127444799135,0.13542249999954947,False,2,,False,1,cayley,64,4,RL+Backbone,0
best,C:\Users\erich\Documents\AFRL\Algebraic-Connectivity-Optimization-CDC2026\lite_trials\sweep\balanced\checkpoints\best.pt,ppo,7000,C:\Users\erich\Documents\AFRL\Algebraic-Connectivity-Optimization-CDC2026\lite_trials\lite_config.yaml,full,91,0.143071161049,1,663,663,0.14307116104868914,33,0.11179165618625685,10.173040712949373,0.0817869000002247,0.0817869000002247,0.22052650000114227,backbone,cayley_only,cayley,630,9.555021578086814,0.13873960000091756,False,2,,False,1,cayley,64,4,RL+Backbone,1
best,C:\Users\erich\Documents\AFRL\Algebraic-Connectivity-Optimization-CDC2026\lite_trials\sweep\balanced\checkpoints\best.pt,ppo,7000,C:\Users\erich\Documents\AFRL\Algebraic-Connectivity-Optimization-CDC2026\lite_trials\lite_config.yaml,full,91,0.143071161049,2,663,663,0.14307116104868914,33,0.10799258541638543,9.827325272891073,0.08472840000104043,0.08472840000104043,0.21793600000091828,backbone,cayley_only,cayley,630,9.261418531066674,0.13320759999987786,False,2,,False,1,cayley,64,4,RL+Backbone,2
best,C:\Users\erich\Documents\AFRL\Algebraic-Connectivity-Optimization-CDC2026\lite_trials\sweep\balanced\checkpoints\best.pt,ppo,7000,C:\Users\erich\Documents\AFRL\Algebraic-Connectivity-Optimization-CDC2026\lite_trials\lite_config.yaml,full,91,0.143071161049,3,663,663,0.14307116104868914,33,0.10656423302827009,9.697345205572578,0.09520829999928537,0.09520829999928537,0.23880259999896225,backbone,cayley_only,cayley,630,9.302997676006079,0.14359429999967688,False,2,,False,1,cayley,64,4,RL+Backbone,3
best,C:\Users\erich\Documents\AFRL\Algebraic-Connectivity-Optimization-CDC2026\lite_trials\sweep\balanced\checkpoints\best.pt,ppo,7000,C:\Users\erich\Documents\AFRL\Algebraic-Connectivity-Optimization-CDC2026\lite_trials\lite_config.yaml,full,91,0.143071161049,4,663,663,0.14307116104868914,33,0.10506089540764456,9.560541482095655,0.09315029999925173,0.09315029999925173,0.237707499998578,backbone,cayley_only,cayley,630,9.11108926306756,0.14455719999932626,False,2,,False,1,cayley,64,4,RL+Backbone,4
best,C:\Users\erich\Documents\AFRL\Algebraic-Connectivity-Optimization-CDC2026\lite_trials\sweep\balanced\checkpoints\best.pt,ppo,7000,C:\Users\erich\Documents\AFRL\Algebraic-Connectivity-Optimization-CDC2026\lite_trials\lite_config.yaml,full,91,0.214481897628,0,949,949,0.21448189762796505,4,0.18181163125196342,16.54485844392867,0.01259329999993497,0.01259329999993497,0.1662706999995862,backbone,cayley_only,cayley,945,15.840289429463455,0.15367739999965124,False,2,,False,1,cayley,64,4,RL+Backbone,0
best,C:\Users\erich\Documents\AFRL\Algebraic-Connectivity-Optimization-CDC2026\lite_trials\sweep\balanced\checkpoints\best.pt,ppo,7000,C:\Users\erich\Documents\AFRL\Algebraic-Connectivity-Optimization-CDC2026\lite_trials\lite_config.yaml,full,91,0.214481897628,1,949,949,0.21448189762796505,4,0.17954072636682625,16.33820609938119,0.011415599999963888,0.011415599999963888,0.16626949999954377,backbone,cayley_only,cayley,945,15.825378389093053,0.15485389999957988,False,2,,False,1,cayley,64,4,RL+Backbone,1
best,C:\Users\erich\Documents\AFRL\Algebraic-Connectivity-Optimization-CDC2026\lite_trials\sweep\balanced\checkpoints\best.pt,ppo,7000,C:\Users\erich\Documents\AFRL\Algebraic-Connectivity-Optimization-CDC2026\lite_trials\lite_config.yaml,full,91,0.214481897628,2,949,949,0.21448189762796505,4,0.18276245740072491,16.631383623465968,0.011746800000764779,0.011746800000764779,0.1459080000022368,backbone,cayley_only,cayley,945,15.595607203204986,0.13416120000147203,False,2,,False,1,cayley,64,4,RL+Backbone,2
best,C:\Users\erich\Documents\AFRL\Algebraic-Connectivity-Optimization-CDC2026\lite_trials\sweep\balanced\checkpoints\best.pt,ppo,7000,C:\Users\erich\Documents\AFRL\Algebraic-Connectivity-Optimization-CDC2026\lite_trials\lite_config.yaml,full,91,0.214481897628,3,949,949,0.21448189762796505,4,0.1787114282653237,16.26273997214446,0.011924100001124316,0.011924100001124316,0.1462578000009671,backbone,cayley_only,cayley,945,15.70543297670077,0.1343336999998428,False,2,,False,1,cayley,64,4,RL+Backbone,3
best,C:\Users\erich\Documents\AFRL\Algebraic-Connectivity-Optimization-CDC2026\lite_trials\sweep\balanced\checkpoints\best.pt,ppo,7000,C:\Users\erich\Documents\AFRL\Algebraic-Connectivity-Optimization-CDC2026\lite_trials\lite_config.yaml,full,91,0.214481897628,4,949,949,0.21448189762796505,4,0.1790574525804591,16.29422818482178,0.012094300000171643,0.012094300000171643,0.14724260000002687,backbone,cayley_only,cayley,945,15.780040026010091,0.13514829999985523,False,2,,False,1,cayley,64,4,RL+Backbone,4
best,C:\Users\erich\Documents\AFRL\Algebraic-Connectivity-Optimization-CDC2026\lite_trials\sweep\balanced\checkpoints\best.pt,ppo,7000,C:\Users\erich\Documents\AFRL\Algebraic-Connectivity-Optimization-CDC2026\lite_trials\lite_config.yaml,full,91,0.285892634207,0,1235,1235,0.2858926342072409,20,0.2718398149067215,24.737423156511657,0.06373030000031576,0.06373030000031576,0.2018249000011565,backbone,cayley_only,cayley,1215,21.893503443792007,0.13809460000084073,False,2,,False,1,cayley,64,4,RL+Backbone,0
best,C:\Users\erich\Documents\AFRL\Algebraic-Connectivity-Optimization-CDC2026\lite_trials\sweep\balanced\checkpoints\best.pt,ppo,7000,C:\Users\erich\Documents\AFRL\Algebraic-Connectivity-Optimization-CDC2026\lite_trials\lite_config.yaml,full,91,0.285892634207,1,1235,1235,0.2858926342072409,20,0.2763319041426116,25.146203276977655,0.05908350000026985,0.05908350000026985,0.19492320000063046,backbone,cayley_only,cayley,1215,21.717672622828523,0.1358397000003606,False,2,,False,1,cayley,64,4,RL+Backbone,1
best,C:\Users\erich\Documents\AFRL\Algebraic-Connectivity-Optimization-CDC2026\lite_trials\sweep\balanced\checkpoints\best.pt,ppo,7000,C:\Users\erich\Documents\AFRL\Algebraic-Connectivity-Optimization-CDC2026\lite_trials\lite_config.yaml,full,91,0.285892634207,2,1235,1235,0.2858926342072409,20,0.2744713772945835,24.976895333807096,0.06439849999878788,0.06439849999878788,0.20274699999754375,backbone,cayley_only,cayley,1215,21.73237283421249,0.13834849999875587,False,2,,False,1,cayley,64,4,RL+Backbone,2
best,C:\Users\erich\Documents\AFRL\Algebraic-Connectivity-Optimization-CDC2026\lite_trials\sweep\balanced\checkpoints\best.pt,ppo,7000,C:\Users\erich\Documents\AFRL\Algebraic-Connectivity-Optimization-CDC2026\lite_trials\lite_config.yaml,full,91,0.285892634207,3,1235,1235,0.2858926342072409,20,0.27220847717154856,24.77097142261092,0.06459289999838802,0.06459289999838802,0.20536659999925178,backbone,cayley_only,cayley,1215,21.74148138189659,0.14077370000086376,False,2,,False,1,cayley,64,4,RL+Backbone,3
best,C:\Users\erich\Documents\AFRL\Algebraic-Connectivity-Optimization-CDC2026\lite_trials\sweep\balanced\checkpoints\best.pt,ppo,7000,C:\Users\erich\Documents\AFRL\Algebraic-Connectivity-Optimization-CDC2026\lite_trials\lite_config.yaml,full,91,0.285892634207,4,1235,1235,0.2858926342072409,20,0.26499770159185326,24.114790844858646,0.051224299999375944,0.051224299999375944,0.1896718999978475,backbone,cayley_only,cayley,1215,21.630331782543152,0.13844759999847156,False,2,,False,1,cayley,64,4,RL+Backbone,4
best,C:\Users\erich\Documents\AFRL\Algebraic-Connectivity-Optimization-CDC2026\lite_trials\sweep\balanced\checkpoints\best.pt,ppo,7000,C:\Users\erich\Documents\AFRL\Algebraic-Connectivity-Optimization-CDC2026\lite_trials\lite_config.yaml,full,91,0.357303370787,0,1521,1521,0.35730337078651686,36,0.3200548278364738,29.124989333119117,0.12426569999843196,0.12426569999843196,0.26115459999891755,backbone,cayley_only,cayley,1485,28.23556926379106,0.1368889000004856,False,2,,False,1,cayley,64,4,RL+Backbone,0
best,C:\Users\erich\Documents\AFRL\Algebraic-Connectivity-Optimization-CDC2026\lite_trials\sweep\balanced\checkpoints\best.pt,ppo,7000,C:\Users\erich\Documents\AFRL\Algebraic-Connectivity-Optimization-CDC2026\lite_trials\lite_config.yaml,full,91,0.357303370787,1,1521,1521,0.35730337078651686,36,0.3176356320321641,28.904842514926933,0.12400560000060068,0.12400560000060068,0.259610099999918,backbone,cayley_only,cayley,1485,28.195541762313884,0.13560449999931734,False,2,,False,1,cayley,64,4,RL+Backbone,1
best,C:\Users\erich\Documents\AFRL\Algebraic-Connectivity-Optimization-CDC2026\lite_trials\sweep\balanced\checkpoints\best.pt,ppo,7000,C:\Users\erich\Documents\AFRL\Algebraic-Connectivity-Optimization-CDC2026\lite_trials\lite_config.yaml,full,91,0.357303370787,2,1521,1521,0.35730337078651686,36,0.31653591809888343,28.804768546998393,0.11545079999996233,0.11545079999996233,0.26216869999916526,backbone,cayley_only,cayley,1485,28.035058008185892,0.14671789999920293,False,2,,False,1,cayley,64,4,RL+Backbone,2
best,C:\Users\erich\Documents\AFRL\Algebraic-Connectivity-Optimization-CDC2026\lite_trials\sweep\balanced\checkpoints\best.pt,ppo,7000,C:\Users\erich\Documents\AFRL\Algebraic-Connectivity-Optimization-CDC2026\lite_trials\lite_config.yaml,full,91,0.357303370787,3,1521,1521,0.35730337078651686,36,0.32015126838920377,29.133765423417543,0.1308939000009559,0.1308939000009559,0.27325810000002093,backbone,cayley_only,cayley,1485,28.14210041804453,0.14236419999906502,False,2,,False,1,cayley,64,4,RL+Backbone,3
best,C:\Users\erich\Documents\AFRL\Algebraic-Connectivity-Optimization-CDC2026\lite_trials\sweep\balanced\checkpoints\best.pt,ppo,7000,C:\Users\erich\Documents\AFRL\Algebraic-Connectivity-Optimization-CDC2026\lite_trials\lite_config.yaml,full,91,0.357303370787,4,1521,1521,0.35730337078651686,36,0.3203077642700354,29.14800654857322,0.11730250000073283,0.11730250000073283,0.25940990000162856,backbone,cayley_only,cayley,1485,28.14066524379569,0.14210740000089572,False,2,,False,1,cayley,64,4,RL+Backbone,4
best,C:\Users\erich\Documents\AFRL\Algebraic-Connectivity-Optimization-CDC2026\lite_trials\sweep\balanced\checkpoints\best.pt,ppo,7000,C:\Users\erich\Documents\AFRL\Algebraic-Connectivity-Optimization-CDC2026\lite_trials\lite_config.yaml,full,91,0.428714107366,0,1807,1807,0.42871410736579274,7,0.40865504170628186,37.18760879527165,0.020097999999052263,0.020097999999052263,0.16251069999816536,backbone,cayley_only,cayley,1800,36.20382543985903,0.1424126999991131,False,2,,False,1,cayley,64,4,RL+Backbone,0
best,C:\Users\erich\Documents\AFRL\Algebraic-Connectivity-Optimization-CDC2026\lite_trials\sweep\balanced\checkpoints\best.pt,ppo,7000,C:\Users\erich\Documents\AFRL\Algebraic-Connectivity-Optimization-CDC2026\lite_trials\lite_config.yaml,full,91,0.428714107366,1,1807,1807,0.42871410736579274,7,0.41012980512071073,37.321812265984676,0.028826400000980357,0.028826400000980357,0.16593340000144963,backbone,cayley_only,cayley,1800,36.31407738058467,0.13710700000046927,False,2,,False,1,cayley,64,4,RL+Backbone,1
best,C:\Users\erich\Documents\AFRL\Algebraic-Connectivity-Optimization-CDC2026\lite_trials\sweep\balanced\checkpoints\best.pt,ppo,7000,C:\Users\erich\Documents\AFRL\Algebraic-Connectivity-Optimization-CDC2026\lite_trials\lite_config.yaml,full,91,0.428714107366,2,1807,1807,0.42871410736579274,7,0.4054129687019289,36.89258015187553,0.028766800000084913,0.028766800000084913,0.17347150000023248,backbone,cayley_only,cayley,1800,36.14062924823648,0.14470470000014757,False,2,,False,1,cayley,64,4,RL+Backbone,2
best,C:\Users\erich\Documents\AFRL\Algebraic-Connectivity-Optimization-CDC2026\lite_trials\sweep\balanced\checkpoints\best.pt,ppo,7000,C:\Users\erich\Documents\AFRL\Algebraic-Connectivity-Optimization-CDC2026\lite_trials\lite_config.yaml,full,91,0.428714107366,3,1807,1807,0.42871410736579274,7,0.4131220686523044,37.5941082473597,0.028284399999392917,0.028284399999392917,0.1628136999988783,backbone,cayley_only,cayley,1800,36.22801501270706,0.13452929999948537,False,2,,False,1,cayley,64,4,RL+Backbone,3
best,C:\Users\erich\Documents\AFRL\Algebraic-Connectivity-Optimization-CDC2026\lite_trials\sweep\balanced\checkpoints\best.pt,ppo,7000,C:\Users\erich\Documents\AFRL\Algebraic-Connectivity-Optimization-CDC2026\lite_trials\lite_config.yaml,full,91,0.428714107366,4,1807,1807,0.42871410736579274,7,0.41204245595118466,37.495863491557806,0.029344200000195997,0.029344200000195997,0.17027860000052897,backbone,cayley_only,cayley,1800,36.301903360329774,0.14093440000033297,False,2,,False,1,cayley,64,4,RL+Backbone,4
best,C:\Users\erich\Documents\AFRL\Algebraic-Connectivity-Optimization-CDC2026\lite_trials\sweep\balanced\checkpoints\best.pt,ppo,7000,C:\Users\erich\Documents\AFRL\Algebraic-Connectivity-Optimization-CDC2026\lite_trials\lite_config.yaml,full,91,0.500124843945,0,2093,2093,0.5001248439450686,23,0.5517805867879159,50.212033397700345,0.12980349999997998,0.12980349999997998,0.29011370000080206,backbone,both,envelope,2070,45.0,0.16031020000082208,False,,,True,2,"cayley,envelope",64,4,RL+Backbone,0
best,C:\Users\erich\Documents\AFRL\Algebraic-Connectivity-Optimization-CDC2026\lite_trials\sweep\balanced\checkpoints\best.pt,ppo,7000,C:\Users\erich\Documents\AFRL\Algebraic-Connectivity-Optimization-CDC2026\lite_trials\lite_config.yaml,full,91,0.500124843945,1,2093,2093,0.5001248439450686,23,0.5517805867879159,50.212033397700345,0.11128239999925427,0.11128239999925427,0.2669012999995175,backbone,both,envelope,2070,45.0,0.15561890000026324,False,,,True,2,"cayley,envelope",64,4,RL+Backbone,1
best,C:\Users\erich\Documents\AFRL\Algebraic-Connectivity-Optimization-CDC2026\lite_trials\sweep\balanced\checkpoints\best.pt,ppo,7000,C:\Users\erich\Documents\AFRL\Algebraic-Connectivity-Optimization-CDC2026\lite_trials\lite_config.yaml,full,91,0.500124843945,2,2093,2093,0.5001248439450686,23,0.5517805867879159,50.212033397700345,0.12474680000013905,0.12474680000013905,0.2663386999993236,backbone,both,envelope,2070,45.0,0.16256090000024415,False,,,True,2,"cayley,envelope",64,4,RL+Backbone,2
best,C:\Users\erich\Documents\AFRL\Algebraic-Connectivity-Optimization-CDC2026\lite_trials\sweep\balanced\checkpoints\best.pt,ppo,7000,C:\Users\erich\Documents\AFRL\Algebraic-Connectivity-Optimization-CDC2026\lite_trials\lite_config.yaml,full,91,0.500124843945,3,2093,2093,0.5001248439450686,23,0.5517805867879159,50.212033397700345,0.12099549999948067,0.12099549999948067,0.27538449999883596,backbone,both,envelope,2070,45.0,0.1543889999993553,False,,,True,2,"cayley,envelope",64,4,RL+Backbone,3
best,C:\Users\erich\Documents\AFRL\Algebraic-Connectivity-Optimization-CDC2026\lite_trials\sweep\balanced\checkpoints\best.pt,ppo,7000,C:\Users\erich\Documents\AFRL\Algebraic-Connectivity-Optimization-CDC2026\lite_trials\lite_config.yaml,full,91,0.500124843945,4,2093,2093,0.5001248439450686,23,0.5517805867879159,50.212033397700345,0.11737259999972594,0.11737259999972594,0.2695478000005096,backbone,both,envelope,2070,45.0,0.1649928999995609,False,,,True,2,"cayley,envelope",64,4,RL+Backbone,4
best,C:\Users\erich\Documents\AFRL\Algebraic-Connectivity-Optimization-CDC2026\lite_trials\sweep\balanced\checkpoints\best.pt,ppo,7000,C:\Users\erich\Documents\AFRL\Algebraic-Connectivity-Optimization-CDC2026\lite_trials\lite_config.yaml,full,91,0.571285892634,0,2378,2378,0.5712858926342073,26,0.5440002777868074,49.50402527859947,0.18221980000089388,0.18221980000089388,0.43561530000079074,backbone,both,envelope,2352,49.0,0.25339549999989686,False,,,True,2,"cayley,envelope",64,4,RL+Backbone,0
best,C:\Users\erich\Documents\AFRL\Algebraic-Connectivity-Optimization-CDC2026\lite_trials\sweep\balanced\checkpoints\best.pt,ppo,7000,C:\Users\erich\Documents\AFRL\Algebraic-Connectivity-Optimization-CDC2026\lite_trials\lite_config.yaml,full,91,0.571285892634,1,2378,2378,0.5712858926342073,38,0.5510110714417047,50.142007501195124,0.16937200000029407,0.16937200000029407,0.43821329999991576,backbone,both,cayley,2340,47.78957007774037,0.2688412999996217,False,2,,True,2,"cayley,envelope",64,4,RL+Backbone,1
best,C:\Users\erich\Documents\AFRL\Algebraic-Connectivity-Optimization-CDC2026\lite_trials\sweep\balanced\checkpoints\best.pt,ppo,7000,C:\Users\erich\Documents\AFRL\Algebraic-Connectivity-Optimization-CDC2026\lite_trials\lite_config.yaml,full,91,0.571285892634,2,2378,2378,0.5712858926342073,38,0.5458930068700444,49.67626362517404,0.17425060000095982,0.17425060000095982,0.4472005000025092,backbone,both,cayley,2340,47.78957007774038,0.2729499000015494,False,2,,True,2,"cayley,envelope",64,4,RL+Backbone,2
best,C:\Users\erich\Documents\AFRL\Algebraic-Connectivity-Optimization-CDC2026\lite_trials\sweep\balanced\checkpoints\best.pt,ppo,7000,C:\Users\erich\Documents\AFRL\Algebraic-Connectivity-Optimization-CDC2026\lite_trials\lite_config.yaml,full,91,0.571285892634,3,2378,2378,0.5712858926342073,38,0.5461439449298802,49.69909898861909,0.16501319999952102,0.16501319999952102,0.4228481999998621,backbone,both,cayley,2340,47.78957007774038,0.2586461999999301,False,2,,True,2,"cayley,envelope",64,4,RL+Backbone,3
best,C:\Users\erich\Documents\AFRL\Algebraic-Connectivity-Optimization-CDC2026\lite_trials\sweep\balanced\checkpoints\best.pt,ppo,7000,C:\Users\erich\Documents\AFRL\Algebraic-Connectivity-Optimization-CDC2026\lite_trials\lite_config.yaml,full,91,0.571285892634,4,2378,2378,0.5712858926342073,26,0.5440002777868074,49.50402527859947,0.1839775999997073,0.1839775999997073,0.44632109999838576,backbone,both,envelope,2352,49.0,0.26234349999867845,False,,,True,2,"cayley,envelope",64,4,RL+Backbone,4
best,C:\Users\erich\Documents\AFRL\Algebraic-Connectivity-Optimization-CDC2026\lite_trials\sweep\balanced\checkpoints\best.pt,ppo,7000,C:\Users\erich\Documents\AFRL\Algebraic-Connectivity-Optimization-CDC2026\lite_trials\lite_config.yaml,full,91,0.642696629213,0,2664,2664,0.6426966292134831,82,0.6806316609322702,61.93748114483659,0.37287970000033965,0.37287970000033965,0.47582650000003923,backbone,both,cayley,2582,54.274317797167534,0.10294679999969958,False,3,,True,2,"cayley,envelope",64,4,RL+Backbone,0
best,C:\Users\erich\Documents\AFRL\Algebraic-Connectivity-Optimization-CDC2026\lite_trials\sweep\balanced\checkpoints\best.pt,ppo,7000,C:\Users\erich\Documents\AFRL\Algebraic-Connectivity-Optimization-CDC2026\lite_trials\lite_config.yaml,full,91,0.642696629213,1,2664,2664,0.6426966292134831,82,0.6806316609322701,61.93748114483658,0.3987801999992371,0.3987801999992371,0.5026620999997249,backbone,both,cayley,2582,54.274317797167505,0.1038819000004878,False,3,,True,2,"cayley,envelope",64,4,RL+Backbone,1
best,C:\Users\erich\Documents\AFRL\Algebraic-Connectivity-Optimization-CDC2026\lite_trials\sweep\balanced\checkpoints\best.pt,ppo,7000,C:\Users\erich\Documents\AFRL\Algebraic-Connectivity-Optimization-CDC2026\lite_trials\lite_config.yaml,full,91,0.642696629213,2,2664,2664,0.6426966292134831,82,0.6596929900888175,60.0320620980824,0.393729199999143,0.393729199999143,0.49709710000024643,backbone,both,cayley,2582,54.272990055601575,0.10336790000110341,False,3,,True,2,"cayley,envelope",64,4,RL+Backbone,2
best,C:\Users\erich\Documents\AFRL\Algebraic-Connectivity-Optimization-CDC2026\lite_trials\sweep\balanced\checkpoints\best.pt,ppo,7000,C:\Users\erich\Documents\AFRL\Algebraic-Connectivity-Optimization-CDC2026\lite_trials\lite_config.yaml,full,91,0.642696629213,3,2664,2664,0.6426966292134831,83,0.6738119590198812,61.316888270809194,0.39493319999928644,0.39493319999928644,0.49430000000029395,backbone,both,cayley,2581,54.002514646980956,0.0993668000010075,False,3,,True,2,"cayley,envelope",64,4,RL+Backbone,3
best,C:\Users\erich\Documents\AFRL\Algebraic-Connectivity-Optimization-CDC2026\lite_trials\sweep\balanced\checkpoints\best.pt,ppo,7000,C:\Users\erich\Documents\AFRL\Algebraic-Connectivity-Optimization-CDC2026\lite_trials\lite_config.yaml,full,91,0.642696629213,4,2664,2664,0.6426966292134831,82,0.68063166093227,61.93748114483657,0.38172279999889724,0.38172279999889724,0.4821065999985876,backbone,both,cayley,2582,54.27431779716751,0.10038379999969038,False,3,,True,2,"cayley,envelope",64,4,RL+Backbone,4
best,C:\Users\erich\Documents\AFRL\Algebraic-Connectivity-Optimization-CDC2026\lite_trials\sweep\balanced\checkpoints\best.pt,ppo,7000,C:\Users\erich\Documents\AFRL\Algebraic-Connectivity-Optimization-CDC2026\lite_trials\lite_config.yaml,full,91,0.714107365793,0,2950,2950,0.714107365792759,25,0.7262368855396696,66.08755658410993,0.1449692000005598,0.1449692000005598,0.2545501999993576,backbone,both,cayley,2925,61.92128958041287,0.10958099999879778,False,4,,True,2,"cayley,envelope",64,4,RL+Backbone,0
best,C:\Users\erich\Documents\AFRL\Algebraic-Connectivity-Optimization-CDC2026\lite_trials\sweep\balanced\checkpoints\best.pt,ppo,7000,C:\Users\erich\Documents\AFRL\Algebraic-Connectivity-Optimization-CDC2026\lite_trials\lite_config.yaml,full,91,0.714107365793,1,2950,2950,0.714107365792759,25,0.7262368855398127,66.08755658412295,0.13878640000075393,0.13878640000075393,0.24995350000244798,backbone,both,cayley,2925,61.92128958041285,0.11116710000169405,False,4,,True,2,"cayley,envelope",64,4,RL+Backbone,1
best,C:\Users\erich\Documents\AFRL\Algebraic-Connectivity-Optimization-CDC2026\lite_trials\sweep\balanced\checkpoints\best.pt,ppo,7000,C:\Users\erich\Documents\AFRL\Algebraic-Connectivity-Optimization-CDC2026\lite_trials\lite_config.yaml,full,91,0.714107365793,2,2950,2950,0.714107365792759,25,0.7262368855397479,66.08755658411705,0.14041109999925538,0.14041109999925538,0.24865769999814802,backbone,both,cayley,2925,61.92128958041286,0.10824659999889263,False,4,,True,2,"cayley,envelope",64,4,RL+Backbone,2
best,C:\Users\erich\Documents\AFRL\Algebraic-Connectivity-Optimization-CDC2026\lite_trials\sweep\balanced\checkpoints\best.pt,ppo,7000,C:\Users\erich\Documents\AFRL\Algebraic-Connectivity-Optimization-CDC2026\lite_trials\lite_config.yaml,full,91,0.714107365793,3,2950,2950,0.714107365792759,25,0.7262368855397839,66.08755658412034,0.13685810000060883,0.13685810000060883,0.2403613000005862,backbone,both,cayley,2925,61.92128958041287,0.10350319999997737,False,4,,True,2,"cayley,envelope",64,4,RL+Backbone,3
best,C:\Users\erich\Documents\AFRL\Algebraic-Connectivity-Optimization-CDC2026\lite_trials\sweep\balanced\checkpoints\best.pt,ppo,7000,C:\Users\erich\Documents\AFRL\Algebraic-Connectivity-Optimization-CDC2026\lite_trials\lite_config.yaml,full,91,0.714107365793,4,2950,2950,0.714107365792759,25,0.7262368855397384,66.0875565841162,0.10946929999954591,0.10946929999954591,0.21157829999901878,backbone,both,cayley,2925,61.92128958041289,0.10210899999947287,False,4,,True,2,"cayley,envelope",64,4,RL+Backbone,4
best,C:\Users\erich\Documents\AFRL\Algebraic-Connectivity-Optimization-CDC2026\lite_trials\sweep\balanced\checkpoints\best.pt,ppo,7000,C:\Users\erich\Documents\AFRL\Algebraic-Connectivity-Optimization-CDC2026\lite_trials\lite_config.yaml,full,91,0.785518102372,0,3236,3236,0.785518102372035,2,0.7700993913447495,70.0790446123722,0.012304400001085014,0.012304400001085014,0.014938400001483387,backbone,envelope_only,envelope,3234,70.0,0.0026340000003983732,False,,,False,1,envelope,64,4,RL+Backbone,0
best,C:\Users\erich\Documents\AFRL\Algebraic-Connectivity-Optimization-CDC2026\lite_trials\sweep\balanced\checkpoints\best.pt,ppo,7000,C:\Users\erich\Documents\AFRL\Algebraic-Connectivity-Optimization-CDC2026\lite_trials\lite_config.yaml,full,91,0.785518102372,1,3236,3236,0.785518102372035,2,0.7700993913447495,70.0790446123722,0.016905899999983376,0.016905899999983376,0.019021099999008584,backbone,envelope_only,envelope,3234,70.0,0.002115199999025208,False,,,False,1,envelope,64,4,RL+Backbone,1
best,C:\Users\erich\Documents\AFRL\Algebraic-Connectivity-Optimization-CDC2026\lite_trials\sweep\balanced\checkpoints\best.pt,ppo,7000,C:\Users\erich\Documents\AFRL\Algebraic-Connectivity-Optimization-CDC2026\lite_trials\lite_config.yaml,full,91,0.785518102372,2,3236,3236,0.785518102372035,2,0.7700993913447495,70.0790446123722,0.012280800001462922,0.012280800001462922,0.01443440000184637,backbone,envelope_only,envelope,3234,70.0,0.002153600000383449,False,,,False,1,envelope,64,4,RL+Backbone,2
best,C:\Users\erich\Documents\AFRL\Algebraic-Connectivity-Optimization-CDC2026\lite_trials\sweep\balanced\checkpoints\best.pt,ppo,7000,C:\Users\erich\Documents\AFRL\Algebraic-Connectivity-Optimization-CDC2026\lite_trials\lite_config.yaml,full,91,0.785518102372,3,3236,3236,0.785518102372035,2,0.7700993913447495,70.0790446123722,0.011994299999059876,0.011994299999059876,0.013812599998345831,backbone,envelope_only,envelope,3234,70.0,0.001818299999285955,False,,,False,1,envelope,64,4,RL+Backbone,3
best,C:\Users\erich\Documents\AFRL\Algebraic-Connectivity-Optimization-CDC2026\lite_trials\sweep\balanced\checkpoints\best.pt,ppo,7000,C:\Users\erich\Documents\AFRL\Algebraic-Connectivity-Optimization-CDC2026\lite_trials\lite_config.yaml,full,91,0.785518102372,4,3236,3236,0.785518102372035,2,0.7700993913447495,70.0790446123722,0.012481299998398754,0.012481299998398754,0.014397899998584762,backbone,envelope_only,envelope,3234,70.0,0.0019166000001860084,False,,,False,1,envelope,64,4,RL+Backbone,4
best,C:\Users\erich\Documents\AFRL\Algebraic-Connectivity-Optimization-CDC2026\lite_trials\sweep\balanced\checkpoints\best.pt,ppo,7000,C:\Users\erich\Documents\AFRL\Algebraic-Connectivity-Optimization-CDC2026\lite_trials\lite_config.yaml,full,91,0.856928838951,0,3522,3522,0.8569288389513109,57,0.8769470028931377,79.80217726327552,0.44268860000011045,0.44268860000011045,0.44469300000127987,backbone,envelope_only,envelope,3465,76.0,0.002004400001169415,False,,,False,1,envelope,64,4,RL+Backbone,0
best,C:\Users\erich\Documents\AFRL\Algebraic-Connectivity-Optimization-CDC2026\lite_trials\sweep\balanced\checkpoints\best.pt,ppo,7000,C:\Users\erich\Documents\AFRL\Algebraic-Connectivity-Optimization-CDC2026\lite_trials\lite_config.yaml,full,91,0.856928838951,1,3522,3522,0.8569288389513109,57,0.8769470028931377,79.80217726327552,0.4615256999986741,0.4615256999986741,0.4643292999971891,backbone,envelope_only,envelope,3465,76.0,0.002803599998514983,False,,,False,1,envelope,64,4,RL+Backbone,1
best,C:\Users\erich\Documents\AFRL\Algebraic-Connectivity-Optimization-CDC2026\lite_trials\sweep\balanced\checkpoints\best.pt,ppo,7000,C:\Users\erich\Documents\AFRL\Algebraic-Connectivity-Optimization-CDC2026\lite_trials\lite_config.yaml,full,91,0.856928838951,2,3522,3522,0.8569288389513109,57,0.8769470028931377,79.80217726327552,0.46994919999997364,0.46994919999997364,0.4727810000003956,backbone,envelope_only,envelope,3465,76.0,0.0028318000004219357,False,,,False,1,envelope,64,4,RL+Backbone,2
best,C:\Users\erich\Documents\AFRL\Algebraic-Connectivity-Optimization-CDC2026\lite_trials\sweep\balanced\checkpoints\best.pt,ppo,7000,C:\Users\erich\Documents\AFRL\Algebraic-Connectivity-Optimization-CDC2026\lite_trials\lite_config.yaml,full,91,0.856928838951,3,3522,3522,0.8569288389513109,57,0.8769470028931377,79.80217726327552,0.43624610000006214,0.43624610000006214,0.4389836999998806,backbone,envelope_only,envelope,3465,76.0,0.0027375999998184852,False,,,False,1,envelope,64,4,RL+Backbone,3
best,C:\Users\erich\Documents\AFRL\Algebraic-Connectivity-Optimization-CDC2026\lite_trials\sweep\balanced\checkpoints\best.pt,ppo,7000,C:\Users\erich\Documents\AFRL\Algebraic-Connectivity-Optimization-CDC2026\lite_trials\lite_config.yaml,full,91,0.856928838951,4,3522,3522,0.8569288389513109,57,0.8769470028931377,79.80217726327552,0.4421125999997457,0.4421125999997457,0.4455455000006623,backbone,envelope_only,envelope,3465,76.0,0.003432900000916561,False,,,False,1,envelope,64,4,RL+Backbone,4
best,C:\Users\erich\Documents\AFRL\Algebraic-Connectivity-Optimization-CDC2026\lite_trials\sweep\balanced\checkpoints\best.pt,ppo,7000,C:\Users\erich\Documents\AFRL\Algebraic-Connectivity-Optimization-CDC2026\lite_trials\lite_config.yaml,full,91,0.928339575531,0,3808,3808,0.9283395755305868,24,0.9209397555786297,83.80551775765531,0.19805489999998827,0.19805489999998827,0.20109670000056212,backbone,envelope_only,envelope,3784,83.0,0.0030418000005738577,False,,,False,1,envelope,64,4,RL+Backbone,0
best,C:\Users\erich\Documents\AFRL\Algebraic-Connectivity-Optimization-CDC2026\lite_trials\sweep\balanced\checkpoints\best.pt,ppo,7000,C:\Users\erich\Documents\AFRL\Algebraic-Connectivity-Optimization-CDC2026\lite_trials\lite_config.yaml,full,91,0.928339575531,1,3808,3808,0.9283395755305868,24,0.9209397555786297,83.80551775765531,0.20528550000017276,0.20528550000017276,0.20839479999995092,backbone,envelope_only,envelope,3784,83.0,0.003109299999778159,False,,,False,1,envelope,64,4,RL+Backbone,1
best,C:\Users\erich\Documents\AFRL\Algebraic-Connectivity-Optimization-CDC2026\lite_trials\sweep\balanced\checkpoints\best.pt,ppo,7000,C:\Users\erich\Documents\AFRL\Algebraic-Connectivity-Optimization-CDC2026\lite_trials\lite_config.yaml,full,91,0.928339575531,2,3808,3808,0.9283395755305868,24,0.9209397555786297,83.80551775765531,0.1933243000003131,0.1933243000003131,0.196396299999833,backbone,envelope_only,envelope,3784,83.0,0.003071999999519903,False,,,False,1,envelope,64,4,RL+Backbone,2
best,C:\Users\erich\Documents\AFRL\Algebraic-Connectivity-Optimization-CDC2026\lite_trials\sweep\balanced\checkpoints\best.pt,ppo,7000,C:\Users\erich\Documents\AFRL\Algebraic-Connectivity-Optimization-CDC2026\lite_trials\lite_config.yaml,full,91,0.928339575531,3,3808,3808,0.9283395755305868,24,0.9209397555786297,83.80551775765531,0.20274249999965832,0.20274249999965832,0.20564569999805826,backbone,envelope_only,envelope,3784,83.0,0.0029031999983999413,False,,,False,1,envelope,64,4,RL+Backbone,3
best,C:\Users\erich\Documents\AFRL\Algebraic-Connectivity-Optimization-CDC2026\lite_trials\sweep\balanced\checkpoints\best.pt,ppo,7000,C:\Users\erich\Documents\AFRL\Algebraic-Connectivity-Optimization-CDC2026\lite_trials\lite_config.yaml,full,91,0.928339575531,4,3808,3808,0.9283395755305868,24,0.9209397555786297,83.80551775765531,0.20816779999950086,0.20816779999950086,0.21111480000035954,backbone,envelope_only,envelope,3784,83.0,0.0029470000008586794,False,,,False,1,envelope,64,4,RL+Backbone,4
best,C:\Users\erich\Documents\AFRL\Algebraic-Connectivity-Optimization-CDC2026\lite_trials\sweep\balanced\checkpoints\best.pt,ppo,7000,C:\Users\erich\Documents\AFRL\Algebraic-Connectivity-Optimization-CDC2026\lite_trials\lite_config.yaml,full,91,0.99975031211,0,4094,4094,0.9997503121098626,44,0.9882442123066713,89.93022331990709,0.3427422000004299,0.3427422000004299,0.3456631000008201,backbone,envelope_only,envelope,4050,89.0,0.0029209000003902474,False,,,False,1,envelope,64,4,RL+Backbone,0
best,C:\Users\erich\Documents\AFRL\Algebraic-Connectivity-Optimization-CDC2026\lite_trials\sweep\balanced\checkpoints\best.pt,ppo,7000,C:\Users\erich\Documents\AFRL\Algebraic-Connectivity-Optimization-CDC2026\lite_trials\lite_config.yaml,full,91,0.99975031211,1,4094,4094,0.9997503121098626,44,0.9882442123066713,89.93022331990709,0.3556728999992629,0.3556728999992629,0.35956479999913427,backbone,envelope_only,envelope,4050,89.0,0.0038918999998713844,False,,,False,1,envelope,64,4,RL+Backbone,1
best,C:\Users\erich\Documents\AFRL\Algebraic-Connectivity-Optimization-CDC2026\lite_trials\sweep\balanced\checkpoints\best.pt,ppo,7000,C:\Users\erich\Documents\AFRL\Algebraic-Connectivity-Optimization-CDC2026\lite_trials\lite_config.yaml,full,91,0.99975031211,2,4094,4094,0.9997503121098626,44,0.9882442123066713,89.93022331990709,0.3442806999992172,0.3442806999992172,0.3481558000003133,backbone,envelope_only,envelope,4050,89.0,0.0038751000010961434,False,,,False,1,envelope,64,4,RL+Backbone,2
best,C:\Users\erich\Documents\AFRL\Algebraic-Connectivity-Optimization-CDC2026\lite_trials\sweep\balanced\checkpoints\best.pt,ppo,7000,C:\Users\erich\Documents\AFRL\Algebraic-Connectivity-Optimization-CDC2026\lite_trials\lite_config.yaml,full,91,0.99975031211,3,4094,4094,0.9997503121098626,44,0.9882442123066713,89.93022331990709,0.3310166000010213,0.3310166000010213,0.33486720000109926,backbone,envelope_only,envelope,4050,89.0,0.003850600000077975,False,,,False,1,envelope,64,4,RL+Backbone,3
best,C:\Users\erich\Documents\AFRL\Algebraic-Connectivity-Optimization-CDC2026\lite_trials\sweep\balanced\checkpoints\best.pt,ppo,7000,C:\Users\erich\Documents\AFRL\Algebraic-Connectivity-Optimization-CDC2026\lite_trials\lite_config.yaml,full,91,0.99975031211,4,4094,4094,0.9997503121098626,44,0.9882442123066713,89.93022331990709,0.2988497999995161,0.2988497999995161,0.3016764999993029,backbone,envelope_only,envelope,4050,89.0,0.002826699999786797,False,,,False,1,envelope,64,4,RL+Backbone,4
