checkpoint_label,checkpoint_path,checkpoint_algo,checkpoint_global_env_steps,config_path,rl_variant,n,rho_target,seed,m_target,m_final,rho_final,episode_len,terminal_lambda2_norm,terminal_lambda2,rl_runtime_sec,runtime_sec,runtime_total_sec,init_mode,init_route_label,init_family,init_edges,init_lambda2,init_build_runtime_sec,init_cache_hit,init_selected_index,init_errors,overlap_post_completion_selection,overlap_candidate_count,overlap_evaluated_families,top_k,dist_cap,method,repeat_idx
best,C:\Users\erich\Documents\AFRL\Algebraic-Connectivity-Optimization-CDC2026\lite_trials\sweep\lambda2_only\checkpoints\best.pt,ppo,19000,C:\Users\erich\Documents\AFRL\Algebraic-Connectivity-Optimization-CDC2026\lite_trials\lite_config.yaml,full,12,0.018181818182,0,12,12,0.01818181818181818,1,0.0602880796820738,0.7234569561848856,0.003428400000302645,0.003428400000302645,0.003428400000302645,path,path,path,11,0.0,0.0,False,,,False,1,path,64,4,RL+Path,0
best,C:\Users\erich\Documents\AFRL\Algebraic-Connectivity-Optimization-CDC2026\lite_trials\sweep\lambda2_only\checkpoints\best.pt,ppo,19000,C:\Users\erich\Documents\AFRL\Algebraic-Connectivity-Optimization-CDC2026\lite_trials\lite_config.yaml,full,12,0.018181818182,1,12,12,0.01818181818181818,1,0.0602880796820738,0.7234569561848856,0.0010320999999748892,0.0010320999999748892,0.0010320999999748892,path,path,path,11,0.0,0.0,False,,,False,1,path,64,4,RL+Path,1
best,C:\Users\erich\Documents\AFRL\Algebraic-Connectivity-Optimization-CDC2026\lite_trials\sweep\lambda2_only\checkpoints\best.pt,ppo,19000,C:\Users\erich\Documents\AFRL\Algebraic-Connectivity-Optimization-CDC2026\lite_trials\lite_config.yaml,full,12,0.018181818182,2,12,12,0.01818181818181818,1,0.0602880796820738,0.7234569561848856,0.0009236000005330425,0.0009236000005330425,0.0009236000005330425,path,path,path,11,0.0,0.0,False,,,False,1,path,64,4,RL+Path,2
best,C:\Users\erich\Documents\AFRL\Algebraic-Connectivity-Optimization-CDC2026\lite_trials\sweep\lambda2_only\checkpoints\best.pt,ppo,19000,C:\Users\erich\Documents\AFRL\Algebraic-Connectivity-Optimization-CDC2026\lite_trials\lite_config.yaml,full,12,0.018181818182,3,12,12,0.01818181818181818,1,0.0602880796820738,0.7234569561848856,0.0008762999996179133,0.0008762999996179133,0.0008762999996179133,path,path,path,11,0.0,0.0,False,,,False,1,path,64,4,RL+Path,3
best,C:\Users\erich\Documents\AFRL\Algebraic-Connectivity-Optimization-CDC2026\lite_trials\sweep\lambda2_only\checkpoints\best.pt,ppo,19000,C:\Users\erich\Documents\AFRL\Algebraic-Connectivity-Optimization-CDC2026\lite_trials\lite_config.yaml,full,12,0.018181818182,4,12,12,0.01818181818181818,1,0.0602880796820738,0.7234569561848856,0.000825500000246393,0.000825500000246393,0.000825500000246393,path,path,path,11,0.0,0.0,False,,,False,1,path,64,4,RL+Path,4
best,C:\Users\erich\Documents\AFRL\Algebraic-Connectivity-Optimization-CDC2026\lite_trials\sweep\lambda2_only\checkpoints\best.pt,ppo,19000,C:\Users\erich\Documents\AFRL\Algebraic-Connectivity-Optimization-CDC2026\lite_trials\lite_config.yaml,full,12,0.090909090909,0,16,16,0.09090909090909091,5,0.23715074000346623,2.8458088800415946,0.005540400000427326,0.005540400000427326,0.005540400000427326,path,path,path,11,0.0,0.0,False,,,False,1,path,64,4,RL+Path,0
best,C:\Users\erich\Documents\AFRL\Algebraic-Connectivity-Optimization-CDC2026\lite_trials\sweep\lambda2_only\checkpoints\best.pt,ppo,19000,C:\Users\erich\Documents\AFRL\Algebraic-Connectivity-Optimization-CDC2026\lite_trials\lite_config.yaml,full,12,0.090909090909,1,16,16,0.09090909090909091,5,0.23715074000346623,2.8458088800415946,0.005228200000601646,0.005228200000601646,0.005228200000601646,path,path,path,11,0.0,0.0,False,,,False,1,path,64,4,RL+Path,1
best,C:\Users\erich\Documents\AFRL\Algebraic-Connectivity-Optimization-CDC2026\lite_trials\sweep\lambda2_only\checkpoints\best.pt,ppo,19000,C:\Users\erich\Documents\AFRL\Algebraic-Connectivity-Optimization-CDC2026\lite_trials\lite_config.yaml,full,12,0.090909090909,2,16,16,0.09090909090909091,5,0.23715074000346623,2.8458088800415946,0.0043384999999034335,0.0043384999999034335,0.0043384999999034335,path,path,path,11,0.0,0.0,False,,,False,1,path,64,4,RL+Path,2
best,C:\Users\erich\Documents\AFRL\Algebraic-Connectivity-Optimization-CDC2026\lite_trials\sweep\lambda2_only\checkpoints\best.pt,ppo,19000,C:\Users\erich\Documents\AFRL\Algebraic-Connectivity-Optimization-CDC2026\lite_trials\lite_config.yaml,full,12,0.090909090909,3,16,16,0.09090909090909091,5,0.23715074000346623,2.8458088800415946,0.004572700000608165,0.004572700000608165,0.004572700000608165,path,path,path,11,0.0,0.0,False,,,False,1,path,64,4,RL+Path,3
best,C:\Users\erich\Documents\AFRL\Algebraic-Connectivity-Optimization-CDC2026\lite_trials\sweep\lambda2_only\checkpoints\best.pt,ppo,19000,C:\Users\erich\Documents\AFRL\Algebraic-Connectivity-Optimization-CDC2026\lite_trials\lite_config.yaml,full,12,0.090909090909,4,16,16,0.09090909090909091,5,0.23715074000346623,2.8458088800415946,0.004221500000312517,0.004221500000312517,0.004221500000312517,path,path,path,11,0.0,0.0,False,,,False,1,path,64,4,RL+Path,4
best,C:\Users\erich\Documents\AFRL\Algebraic-Connectivity-Optimization-CDC2026\lite_trials\sweep\lambda2_only\checkpoints\best.pt,ppo,19000,C:\Users\erich\Documents\AFRL\Algebraic-Connectivity-Optimization-CDC2026\lite_trials\lite_config.yaml,full,12,0.163636363636,0,20,20,0.16363636363636364,9,0.41557412859841136,4.986889543180936,0.007639000000381202,0.007639000000381202,0.007639000000381202,path,path,path,11,0.0,0.0,False,,,False,1,path,64,4,RL+Path,0
best,C:\Users\erich\Documents\AFRL\Algebraic-Connectivity-Optimization-CDC2026\lite_trials\sweep\lambda2_only\checkpoints\best.pt,ppo,19000,C:\Users\erich\Documents\AFRL\Algebraic-Connectivity-Optimization-CDC2026\lite_trials\lite_config.yaml,full,12,0.163636363636,1,20,20,0.16363636363636364,9,0.41557412859841136,4.986889543180936,0.007406200000332319,0.007406200000332319,0.007406200000332319,path,path,path,11,0.0,0.0,False,,,False,1,path,64,4,RL+Path,1
best,C:\Users\erich\Documents\AFRL\Algebraic-Connectivity-Optimization-CDC2026\lite_trials\sweep\lambda2_only\checkpoints\best.pt,ppo,19000,C:\Users\erich\Documents\AFRL\Algebraic-Connectivity-Optimization-CDC2026\lite_trials\lite_config.yaml,full,12,0.163636363636,2,20,20,0.16363636363636364,9,0.41557412859841136,4.986889543180936,0.008893499999430787,0.008893499999430787,0.008893499999430787,path,path,path,11,0.0,0.0,False,,,False,1,path,64,4,RL+Path,2
best,C:\Users\erich\Documents\AFRL\Algebraic-Connectivity-Optimization-CDC2026\lite_trials\sweep\lambda2_only\checkpoints\best.pt,ppo,19000,C:\Users\erich\Documents\AFRL\Algebraic-Connectivity-Optimization-CDC2026\lite_trials\lite_config.yaml,full,12,0.163636363636,3,20,20,0.16363636363636364,9,0.41557412859841136,4.986889543180936,0.007515900000726106,0.007515900000726106,0.007515900000726106,path,path,path,11,0.0,0.0,False,,,False,1,path,64,4,RL+Path,3
best,C:\Users\erich\Documents\AFRL\Algebraic-Connectivity-Optimization-CDC2026\lite_trials\sweep\lambda2_only\checkpoints\best.pt,ppo,19000,C:\Users\erich\Documents\AFRL\Algebraic-Connectivity-Optimization-CDC2026\lite_trials\lite_config.yaml,full,12,0.163636363636,4,20,20,0.16363636363636364,9,0.41557412859841136,4.986889543180936,0.007677900000089721,0.007677900000089721,0.007677900000089721,path,path,path,11,0.0,0.0,False,,,False,1,path,64,4,RL+Path,4
best,C:\Users\erich\Documents\AFRL\Algebraic-Connectivity-Optimization-CDC2026\lite_trials\sweep\lambda2_only\checkpoints\best.pt,ppo,19000,C:\Users\erich\Documents\AFRL\Algebraic-Connectivity-Optimization-CDC2026\lite_trials\lite_config.yaml,full,12,0.218181818182,0,23,23,0.21818181818181817,12,0.5187308866388812,6.224770639666575,0.010104199999659613,0.010104199999659613,0.010104199999659613,path,path,path,11,0.0,0.0,False,,,False,1,path,64,4,RL+Path,0
best,C:\Users\erich\Documents\AFRL\Algebraic-Connectivity-Optimization-CDC2026\lite_trials\sweep\lambda2_only\checkpoints\best.pt,ppo,19000,C:\Users\erich\Documents\AFRL\Algebraic-Connectivity-Optimization-CDC2026\lite_trials\lite_config.yaml,full,12,0.218181818182,1,23,23,0.21818181818181817,12,0.5187308866388812,6.224770639666575,0.009564500000124099,0.009564500000124099,0.009564500000124099,path,path,path,11,0.0,0.0,False,,,False,1,path,64,4,RL+Path,1
best,C:\Users\erich\Documents\AFRL\Algebraic-Connectivity-Optimization-CDC2026\lite_trials\sweep\lambda2_only\checkpoints\best.pt,ppo,19000,C:\Users\erich\Documents\AFRL\Algebraic-Connectivity-Optimization-CDC2026\lite_trials\lite_config.yaml,full,12,0.218181818182,2,23,23,0.21818181818181817,12,0.5187308866388812,6.224770639666575,0.009740899999997055,0.009740899999997055,0.009740899999997055,path,path,path,11,0.0,0.0,False,,,False,1,path,64,4,RL+Path,2
best,C:\Users\erich\Documents\AFRL\Algebraic-Connectivity-Optimization-CDC2026\lite_trials\sweep\lambda2_only\checkpoints\best.pt,ppo,19000,C:\Users\erich\Documents\AFRL\Algebraic-Connectivity-Optimization-CDC2026\lite_trials\lite_config.yaml,full,12,0.218181818182,3,23,23,0.21818181818181817,12,0.5187308866388812,6.224770639666575,0.01020650000009482,0.01020650000009482,0.01020650000009482,path,path,path,11,0.0,0.0,False,,,False,1,path,64,4,RL+Path,3
best,C:\Users\erich\Documents\AFRL\Algebraic-Connectivity-Optimization-CDC2026\lite_trials\sweep\lambda2_only\checkpoints\best.pt,ppo,19000,C:\Users\erich\Documents\AFRL\Algebraic-Connectivity-Optimization-CDC2026\lite_trials\lite_config.yaml,full,12,0.218181818182,4,23,23,0.21818181818181817,12,0.5187308866388812,6.224770639666575,0.010090800000398303,0.010090800000398303,0.010090800000398303,path,path,path,11,0.0,0.0,False,,,False,1,path,64,4,RL+Path,4
best,C:\Users\erich\Documents\AFRL\Algebraic-Connectivity-Optimization-CDC2026\lite_trials\sweep\lambda2_only\checkpoints\best.pt,ppo,19000,C:\Users\erich\Documents\AFRL\Algebraic-Connectivity-Optimization-CDC2026\lite_trials\lite_config.yaml,full,12,0.290909090909,0,27,27,0.2909090909090909,16,0.6311110432850701,7.573332519420841,0.02005390000067564,0.02005390000067564,0.02005390000067564,path,path,path,11,0.0,0.0,False,,,False,1,path,64,4,RL+Path,0
best,C:\Users\erich\Documents\AFRL\Algebraic-Connectivity-Optimization-CDC2026\lite_trials\sweep\lambda2_only\checkpoints\best.pt,ppo,19000,C:\Users\erich\Documents\AFRL\Algebraic-Connectivity-Optimization-CDC2026\lite_trials\lite_config.yaml,full,12,0.290909090909,1,27,27,0.2909090909090909,16,0.6311110432850701,7.573332519420841,0.014619699999457225,0.014619699999457225,0.014619699999457225,path,path,path,11,0.0,0.0,False,,,False,1,path,64,4,RL+Path,1
best,C:\Users\erich\Documents\AFRL\Algebraic-Connectivity-Optimization-CDC2026\lite_trials\sweep\lambda2_only\checkpoints\best.pt,ppo,19000,C:\Users\erich\Documents\AFRL\Algebraic-Connectivity-Optimization-CDC2026\lite_trials\lite_config.yaml,full,12,0.290909090909,2,27,27,0.2909090909090909,16,0.6311110432850701,7.573332519420841,0.013907999999901222,0.013907999999901222,0.013907999999901222,path,path,path,11,0.0,0.0,False,,,False,1,path,64,4,RL+Path,2
best,C:\Users\erich\Documents\AFRL\Algebraic-Connectivity-Optimization-CDC2026\lite_trials\sweep\lambda2_only\checkpoints\best.pt,ppo,19000,C:\Users\erich\Documents\AFRL\Algebraic-Connectivity-Optimization-CDC2026\lite_trials\lite_config.yaml,full,12,0.290909090909,3,27,27,0.2909090909090909,16,0.6311110432850701,7.573332519420841,0.014244800000597024,0.014244800000597024,0.014244800000597024,path,path,path,11,0.0,0.0,False,,,False,1,path,64,4,RL+Path,3
best,C:\Users\erich\Documents\AFRL\Algebraic-Connectivity-Optimization-CDC2026\lite_trials\sweep\lambda2_only\checkpoints\best.pt,ppo,19000,C:\Users\erich\Documents\AFRL\Algebraic-Connectivity-Optimization-CDC2026\lite_trials\lite_config.yaml,full,12,0.290909090909,4,27,27,0.2909090909090909,16,0.6311110432850701,7.573332519420841,0.015332199999647855,0.015332199999647855,0.015332199999647855,path,path,path,11,0.0,0.0,False,,,False,1,path,64,4,RL+Path,4
best,C:\Users\erich\Documents\AFRL\Algebraic-Connectivity-Optimization-CDC2026\lite_trials\sweep\lambda2_only\checkpoints\best.pt,ppo,19000,C:\Users\erich\Documents\AFRL\Algebraic-Connectivity-Optimization-CDC2026\lite_trials\lite_config.yaml,full,12,0.363636363636,0,31,31,0.36363636363636365,20,0.7264235613191968,8.717082735830362,0.016429600000265054,0.016429600000265054,0.016429600000265054,path,path,path,11,0.0,0.0,False,,,False,1,path,64,4,RL+Path,0
best,C:\Users\erich\Documents\AFRL\Algebraic-Connectivity-Optimization-CDC2026\lite_trials\sweep\lambda2_only\checkpoints\best.pt,ppo,19000,C:\Users\erich\Documents\AFRL\Algebraic-Connectivity-Optimization-CDC2026\lite_trials\lite_config.yaml,full,12,0.363636363636,1,31,31,0.36363636363636365,20,0.7264235613191968,8.717082735830362,0.0172947999999451,0.0172947999999451,0.0172947999999451,path,path,path,11,0.0,0.0,False,,,False,1,path,64,4,RL+Path,1
best,C:\Users\erich\Documents\AFRL\Algebraic-Connectivity-Optimization-CDC2026\lite_trials\sweep\lambda2_only\checkpoints\best.pt,ppo,19000,C:\Users\erich\Documents\AFRL\Algebraic-Connectivity-Optimization-CDC2026\lite_trials\lite_config.yaml,full,12,0.363636363636,2,31,31,0.36363636363636365,20,0.7264235613191968,8.717082735830362,0.016491800000039802,0.016491800000039802,0.016491800000039802,path,path,path,11,0.0,0.0,False,,,False,1,path,64,4,RL+Path,2
best,C:\Users\erich\Documents\AFRL\Algebraic-Connectivity-Optimization-CDC2026\lite_trials\sweep\lambda2_only\checkpoints\best.pt,ppo,19000,C:\Users\erich\Documents\AFRL\Algebraic-Connectivity-Optimization-CDC2026\lite_trials\lite_config.yaml,full,12,0.363636363636,3,31,31,0.36363636363636365,20,0.7264235613191968,8.717082735830362,0.01580019999983051,0.01580019999983051,0.01580019999983051,path,path,path,11,0.0,0.0,False,,,False,1,path,64,4,RL+Path,3
best,C:\Users\erich\Documents\AFRL\Algebraic-Connectivity-Optimization-CDC2026\lite_trials\sweep\lambda2_only\checkpoints\best.pt,ppo,19000,C:\Users\erich\Documents\AFRL\Algebraic-Connectivity-Optimization-CDC2026\lite_trials\lite_config.yaml,full,12,0.363636363636,4,31,31,0.36363636363636365,20,0.7264235613191968,8.717082735830362,0.016375500000322063,0.016375500000322063,0.016375500000322063,path,path,path,11,0.0,0.0,False,,,False,1,path,64,4,RL+Path,4
best,C:\Users\erich\Documents\AFRL\Algebraic-Connectivity-Optimization-CDC2026\lite_trials\sweep\lambda2_only\checkpoints\best.pt,ppo,19000,C:\Users\erich\Documents\AFRL\Algebraic-Connectivity-Optimization-CDC2026\lite_trials\lite_config.yaml,full,12,0.436363636364,0,35,35,0.43636363636363634,24,0.7998091595342641,9.597709914411169,0.019593499999245978,0.019593499999245978,0.019593499999245978,path,path,path,11,0.0,0.0,False,,,False,1,path,64,4,RL+Path,0
best,C:\Users\erich\Documents\AFRL\Algebraic-Connectivity-Optimization-CDC2026\lite_trials\sweep\lambda2_only\checkpoints\best.pt,ppo,19000,C:\Users\erich\Documents\AFRL\Algebraic-Connectivity-Optimization-CDC2026\lite_trials\lite_config.yaml,full,12,0.436363636364,1,35,35,0.43636363636363634,24,0.7998091595342641,9.597709914411169,0.020943299999999,0.020943299999999,0.020943299999999,path,path,path,11,0.0,0.0,False,,,False,1,path,64,4,RL+Path,1
best,C:\Users\erich\Documents\AFRL\Algebraic-Connectivity-Optimization-CDC2026\lite_trials\sweep\lambda2_only\checkpoints\best.pt,ppo,19000,C:\Users\erich\Documents\AFRL\Algebraic-Connectivity-Optimization-CDC2026\lite_trials\lite_config.yaml,full,12,0.436363636364,2,35,35,0.43636363636363634,24,0.7998091595342641,9.597709914411169,0.01908640000056039,0.01908640000056039,0.01908640000056039,path,path,path,11,0.0,0.0,False,,,False,1,path,64,4,RL+Path,2
best,C:\Users\erich\Documents\AFRL\Algebraic-Connectivity-Optimization-CDC2026\lite_trials\sweep\lambda2_only\checkpoints\best.pt,ppo,19000,C:\Users\erich\Documents\AFRL\Algebraic-Connectivity-Optimization-CDC2026\lite_trials\lite_config.yaml,full,12,0.436363636364,3,35,35,0.43636363636363634,24,0.7998091595342641,9.597709914411169,0.021906299999500334,0.021906299999500334,0.021906299999500334,path,path,path,11,0.0,0.0,False,,,False,1,path,64,4,RL+Path,3
best,C:\Users\erich\Documents\AFRL\Algebraic-Connectivity-Optimization-CDC2026\lite_trials\sweep\lambda2_only\checkpoints\best.pt,ppo,19000,C:\Users\erich\Documents\AFRL\Algebraic-Connectivity-Optimization-CDC2026\lite_trials\lite_config.yaml,full,12,0.436363636364,4,35,35,0.43636363636363634,24,0.7998091595342641,9.597709914411169,0.022287499999947613,0.022287499999947613,0.022287499999947613,path,path,path,11,0.0,0.0,False,,,False,1,path,64,4,RL+Path,4
best,C:\Users\erich\Documents\AFRL\Algebraic-Connectivity-Optimization-CDC2026\lite_trials\sweep\lambda2_only\checkpoints\best.pt,ppo,19000,C:\Users\erich\Documents\AFRL\Algebraic-Connectivity-Optimization-CDC2026\lite_trials\lite_config.yaml,full,12,0.490909090909,0,38,38,0.4909090909090909,27,0.844343962004222,10.132127544050665,0.02208950000022014,0.02208950000022014,0.02208950000022014,path,path,path,11,0.0,0.0,False,,,False,1,path,64,4,RL+Path,0
best,C:\Users\erich\Documents\AFRL\Algebraic-Connectivity-Optimization-CDC2026\lite_trials\sweep\lambda2_only\checkpoints\best.pt,ppo,19000,C:\Users\erich\Documents\AFRL\Algebraic-Connectivity-Optimization-CDC2026\lite_trials\lite_config.yaml,full,12,0.490909090909,1,38,38,0.4909090909090909,27,0.844343962004222,10.132127544050665,0.02239259999987553,0.02239259999987553,0.02239259999987553,path,path,path,11,0.0,0.0,False,,,False,1,path,64,4,RL+Path,1
best,C:\Users\erich\Documents\AFRL\Algebraic-Connectivity-Optimization-CDC2026\lite_trials\sweep\lambda2_only\checkpoints\best.pt,ppo,19000,C:\Users\erich\Documents\AFRL\Algebraic-Connectivity-Optimization-CDC2026\lite_trials\lite_config.yaml,full,12,0.490909090909,2,38,38,0.4909090909090909,27,0.844343962004222,10.132127544050665,0.02466679999997723,0.02466679999997723,0.02466679999997723,path,path,path,11,0.0,0.0,False,,,False,1,path,64,4,RL+Path,2
best,C:\Users\erich\Documents\AFRL\Algebraic-Connectivity-Optimization-CDC2026\lite_trials\sweep\lambda2_only\checkpoints\best.pt,ppo,19000,C:\Users\erich\Documents\AFRL\Algebraic-Connectivity-Optimization-CDC2026\lite_trials\lite_config.yaml,full,12,0.490909090909,3,38,38,0.4909090909090909,27,0.844343962004222,10.132127544050665,0.02427220000026864,0.02427220000026864,0.02427220000026864,path,path,path,11,0.0,0.0,False,,,False,1,path,64,4,RL+Path,3
best,C:\Users\erich\Documents\AFRL\Algebraic-Connectivity-Optimization-CDC2026\lite_trials\sweep\lambda2_only\checkpoints\best.pt,ppo,19000,C:\Users\erich\Documents\AFRL\Algebraic-Connectivity-Optimization-CDC2026\lite_trials\lite_config.yaml,full,12,0.490909090909,4,38,38,0.4909090909090909,27,0.844343962004222,10.132127544050665,0.023292000000765256,0.023292000000765256,0.023292000000765256,path,path,path,11,0.0,0.0,False,,,False,1,path,64,4,RL+Path,4
best,C:\Users\erich\Documents\AFRL\Algebraic-Connectivity-Optimization-CDC2026\lite_trials\sweep\lambda2_only\checkpoints\best.pt,ppo,19000,C:\Users\erich\Documents\AFRL\Algebraic-Connectivity-Optimization-CDC2026\lite_trials\lite_config.yaml,full,12,0.563636363636,0,42,42,0.5636363636363636,31,0.8898419638369718,10.678103566043662,0.025666800000180956,0.025666800000180956,0.025666800000180956,path,path,path,11,0.0,0.0,False,,,False,1,path,64,4,RL+Path,0
best,C:\Users\erich\Documents\AFRL\Algebraic-Connectivity-Optimization-CDC2026\lite_trials\sweep\lambda2_only\checkpoints\best.pt,ppo,19000,C:\Users\erich\Documents\AFRL\Algebraic-Connectivity-Optimization-CDC2026\lite_trials\lite_config.yaml,full,12,0.563636363636,1,42,42,0.5636363636363636,31,0.8898419638369718,10.678103566043662,0.027024099999835016,0.027024099999835016,0.027024099999835016,path,path,path,11,0.0,0.0,False,,,False,1,path,64,4,RL+Path,1
best,C:\Users\erich\Documents\AFRL\Algebraic-Connectivity-Optimization-CDC2026\lite_trials\sweep\lambda2_only\checkpoints\best.pt,ppo,19000,C:\Users\erich\Documents\AFRL\Algebraic-Connectivity-Optimization-CDC2026\lite_trials\lite_config.yaml,full,12,0.563636363636,2,42,42,0.5636363636363636,31,0.8898419638369718,10.678103566043662,0.023949800000082178,0.023949800000082178,0.023949800000082178,path,path,path,11,0.0,0.0,False,,,False,1,path,64,4,RL+Path,2
best,C:\Users\erich\Documents\AFRL\Algebraic-Connectivity-Optimization-CDC2026\lite_trials\sweep\lambda2_only\checkpoints\best.pt,ppo,19000,C:\Users\erich\Documents\AFRL\Algebraic-Connectivity-Optimization-CDC2026\lite_trials\lite_config.yaml,full,12,0.563636363636,3,42,42,0.5636363636363636,31,0.8898419638369718,10.678103566043662,0.023946000000250933,0.023946000000250933,0.023946000000250933,path,path,path,11,0.0,0.0,False,,,False,1,path,64,4,RL+Path,3
best,C:\Users\erich\Documents\AFRL\Algebraic-Connectivity-Optimization-CDC2026\lite_trials\sweep\lambda2_only\checkpoints\best.pt,ppo,19000,C:\Users\erich\Documents\AFRL\Algebraic-Connectivity-Optimization-CDC2026\lite_trials\lite_config.yaml,full,12,0.563636363636,4,42,42,0.5636363636363636,31,0.8898419638369718,10.678103566043662,0.027421200000389945,0.027421200000389945,0.027421200000389945,path,path,path,11,0.0,0.0,False,,,False,1,path,64,4,RL+Path,4
best,C:\Users\erich\Documents\AFRL\Algebraic-Connectivity-Optimization-CDC2026\lite_trials\sweep\lambda2_only\checkpoints\best.pt,ppo,19000,C:\Users\erich\Documents\AFRL\Algebraic-Connectivity-Optimization-CDC2026\lite_trials\lite_config.yaml,full,12,0.636363636364,0,46,46,0.6363636363636364,35,0.6540696346012135,7.848835615214561,0.030136300000776828,0.030136300000776828,0.030136300000776828,path,path,path,11,0.0,0.0,False,,,False,1,path,64,4,RL+Path,0
best,C:\Users\erich\Documents\AFRL\Algebraic-Connectivity-Optimization-CDC2026\lite_trials\sweep\lambda2_only\checkpoints\best.pt,ppo,19000,C:\Users\erich\Documents\AFRL\Algebraic-Connectivity-Optimization-CDC2026\lite_trials\lite_config.yaml,full,12,0.636363636364,1,46,46,0.6363636363636364,35,0.6540696346012135,7.848835615214561,0.030050700000174402,0.030050700000174402,0.030050700000174402,path,path,path,11,0.0,0.0,False,,,False,1,path,64,4,RL+Path,1
best,C:\Users\erich\Documents\AFRL\Algebraic-Connectivity-Optimization-CDC2026\lite_trials\sweep\lambda2_only\checkpoints\best.pt,ppo,19000,C:\Users\erich\Documents\AFRL\Algebraic-Connectivity-Optimization-CDC2026\lite_trials\lite_config.yaml,full,12,0.636363636364,2,46,46,0.6363636363636364,35,0.6540696346012135,7.848835615214561,0.03328479999981937,0.03328479999981937,0.03328479999981937,path,path,path,11,0.0,0.0,False,,,False,1,path,64,4,RL+Path,2
best,C:\Users\erich\Documents\AFRL\Algebraic-Connectivity-Optimization-CDC2026\lite_trials\sweep\lambda2_only\checkpoints\best.pt,ppo,19000,C:\Users\erich\Documents\AFRL\Algebraic-Connectivity-Optimization-CDC2026\lite_trials\lite_config.yaml,full,12,0.636363636364,3,46,46,0.6363636363636364,35,0.6540696346012135,7.848835615214561,0.031362300000182586,0.031362300000182586,0.031362300000182586,path,path,path,11,0.0,0.0,False,,,False,1,path,64,4,RL+Path,3
best,C:\Users\erich\Documents\AFRL\Algebraic-Connectivity-Optimization-CDC2026\lite_trials\sweep\lambda2_only\checkpoints\best.pt,ppo,19000,C:\Users\erich\Documents\AFRL\Algebraic-Connectivity-Optimization-CDC2026\lite_trials\lite_config.yaml,full,12,0.636363636364,4,46,46,0.6363636363636364,35,0.6540696346012135,7.848835615214561,0.028922899999997753,0.028922899999997753,0.028922899999997753,path,path,path,11,0.0,0.0,False,,,False,1,path,64,4,RL+Path,4
best,C:\Users\erich\Documents\AFRL\Algebraic-Connectivity-Optimization-CDC2026\lite_trials\sweep\lambda2_only\checkpoints\best.pt,ppo,19000,C:\Users\erich\Documents\AFRL\Algebraic-Connectivity-Optimization-CDC2026\lite_trials\lite_config.yaml,full,12,0.709090909091,0,50,50,0.7090909090909091,39,0.9060187526769723,10.872225032123668,0.03390549999949144,0.03390549999949144,0.03390549999949144,path,path,path,11,0.0,0.0,False,,,False,1,path,64,4,RL+Path,0
best,C:\Users\erich\Documents\AFRL\Algebraic-Connectivity-Optimization-CDC2026\lite_trials\sweep\lambda2_only\checkpoints\best.pt,ppo,19000,C:\Users\erich\Documents\AFRL\Algebraic-Connectivity-Optimization-CDC2026\lite_trials\lite_config.yaml,full,12,0.709090909091,1,50,50,0.7090909090909091,39,0.9060187526769723,10.872225032123668,0.03353530000003957,0.03353530000003957,0.03353530000003957,path,path,path,11,0.0,0.0,False,,,False,1,path,64,4,RL+Path,1
best,C:\Users\erich\Documents\AFRL\Algebraic-Connectivity-Optimization-CDC2026\lite_trials\sweep\lambda2_only\checkpoints\best.pt,ppo,19000,C:\Users\erich\Documents\AFRL\Algebraic-Connectivity-Optimization-CDC2026\lite_trials\lite_config.yaml,full,12,0.709090909091,2,50,50,0.7090909090909091,39,0.9060187526769723,10.872225032123668,0.031373799999528273,0.031373799999528273,0.031373799999528273,path,path,path,11,0.0,0.0,False,,,False,1,path,64,4,RL+Path,2
best,C:\Users\erich\Documents\AFRL\Algebraic-Connectivity-Optimization-CDC2026\lite_trials\sweep\lambda2_only\checkpoints\best.pt,ppo,19000,C:\Users\erich\Documents\AFRL\Algebraic-Connectivity-Optimization-CDC2026\lite_trials\lite_config.yaml,full,12,0.709090909091,3,50,50,0.7090909090909091,39,0.9060187526769723,10.872225032123668,0.03238210000017716,0.03238210000017716,0.03238210000017716,path,path,path,11,0.0,0.0,False,,,False,1,path,64,4,RL+Path,3
best,C:\Users\erich\Documents\AFRL\Algebraic-Connectivity-Optimization-CDC2026\lite_trials\sweep\lambda2_only\checkpoints\best.pt,ppo,19000,C:\Users\erich\Documents\AFRL\Algebraic-Connectivity-Optimization-CDC2026\lite_trials\lite_config.yaml,full,12,0.709090909091,4,50,50,0.7090909090909091,39,0.9060187526769723,10.872225032123668,0.04158019999977114,0.04158019999977114,0.04158019999977114,path,path,path,11,0.0,0.0,False,,,False,1,path,64,4,RL+Path,4
best,C:\Users\erich\Documents\AFRL\Algebraic-Connectivity-Optimization-CDC2026\lite_trials\sweep\lambda2_only\checkpoints\best.pt,ppo,19000,C:\Users\erich\Documents\AFRL\Algebraic-Connectivity-Optimization-CDC2026\lite_trials\lite_config.yaml,full,12,0.781818181818,0,54,54,0.7818181818181819,43,0.9652735487956158,11.583282585547389,0.04159479999998439,0.04159479999998439,0.04159479999998439,path,path,path,11,0.0,0.0,False,,,False,1,path,64,4,RL+Path,0
best,C:\Users\erich\Documents\AFRL\Algebraic-Connectivity-Optimization-CDC2026\lite_trials\sweep\lambda2_only\checkpoints\best.pt,ppo,19000,C:\Users\erich\Documents\AFRL\Algebraic-Connectivity-Optimization-CDC2026\lite_trials\lite_config.yaml,full,12,0.781818181818,1,54,54,0.7818181818181819,43,0.9652735487956158,11.583282585547389,0.0411032999991221,0.0411032999991221,0.0411032999991221,path,path,path,11,0.0,0.0,False,,,False,1,path,64,4,RL+Path,1
best,C:\Users\erich\Documents\AFRL\Algebraic-Connectivity-Optimization-CDC2026\lite_trials\sweep\lambda2_only\checkpoints\best.pt,ppo,19000,C:\Users\erich\Documents\AFRL\Algebraic-Connectivity-Optimization-CDC2026\lite_trials\lite_config.yaml,full,12,0.781818181818,2,54,54,0.7818181818181819,43,0.9652735487956158,11.583282585547389,0.0368281000000934,0.0368281000000934,0.0368281000000934,path,path,path,11,0.0,0.0,False,,,False,1,path,64,4,RL+Path,2
best,C:\Users\erich\Documents\AFRL\Algebraic-Connectivity-Optimization-CDC2026\lite_trials\sweep\lambda2_only\checkpoints\best.pt,ppo,19000,C:\Users\erich\Documents\AFRL\Algebraic-Connectivity-Optimization-CDC2026\lite_trials\lite_config.yaml,full,12,0.781818181818,3,54,54,0.7818181818181819,43,0.9652735487956158,11.583282585547389,0.03502169999956095,0.03502169999956095,0.03502169999956095,path,path,path,11,0.0,0.0,False,,,False,1,path,64,4,RL+Path,3
best,C:\Users\erich\Documents\AFRL\Algebraic-Connectivity-Optimization-CDC2026\lite_trials\sweep\lambda2_only\checkpoints\best.pt,ppo,19000,C:\Users\erich\Documents\AFRL\Algebraic-Connectivity-Optimization-CDC2026\lite_trials\lite_config.yaml,full,12,0.781818181818,4,54,54,0.7818181818181819,43,0.9652735487956158,11.583282585547389,0.03751580000061949,0.03751580000061949,0.03751580000061949,path,path,path,11,0.0,0.0,False,,,False,1,path,64,4,RL+Path,4
best,C:\Users\erich\Documents\AFRL\Algebraic-Connectivity-Optimization-CDC2026\lite_trials\sweep\lambda2_only\checkpoints\best.pt,ppo,19000,C:\Users\erich\Documents\AFRL\Algebraic-Connectivity-Optimization-CDC2026\lite_trials\lite_config.yaml,full,12,0.836363636364,0,57,57,0.8363636363636363,46,0.9850952751179992,11.82114330141599,0.039826000000175554,0.039826000000175554,0.039826000000175554,path,path,path,11,0.0,0.0,False,,,False,1,path,64,4,RL+Path,0
best,C:\Users\erich\Documents\AFRL\Algebraic-Connectivity-Optimization-CDC2026\lite_trials\sweep\lambda2_only\checkpoints\best.pt,ppo,19000,C:\Users\erich\Documents\AFRL\Algebraic-Connectivity-Optimization-CDC2026\lite_trials\lite_config.yaml,full,12,0.836363636364,1,57,57,0.8363636363636363,46,0.9850952751179992,11.82114330141599,0.04050649999953748,0.04050649999953748,0.04050649999953748,path,path,path,11,0.0,0.0,False,,,False,1,path,64,4,RL+Path,1
best,C:\Users\erich\Documents\AFRL\Algebraic-Connectivity-Optimization-CDC2026\lite_trials\sweep\lambda2_only\checkpoints\best.pt,ppo,19000,C:\Users\erich\Documents\AFRL\Algebraic-Connectivity-Optimization-CDC2026\lite_trials\lite_config.yaml,full,12,0.836363636364,2,57,57,0.8363636363636363,46,0.9850952751179992,11.82114330141599,0.04045179999957327,0.04045179999957327,0.04045179999957327,path,path,path,11,0.0,0.0,False,,,False,1,path,64,4,RL+Path,2
best,C:\Users\erich\Documents\AFRL\Algebraic-Connectivity-Optimization-CDC2026\lite_trials\sweep\lambda2_only\checkpoints\best.pt,ppo,19000,C:\Users\erich\Documents\AFRL\Algebraic-Connectivity-Optimization-CDC2026\lite_trials\lite_config.yaml,full,12,0.836363636364,3,57,57,0.8363636363636363,46,0.9850952751179992,11.82114330141599,0.039522500000202854,0.039522500000202854,0.039522500000202854,path,path,path,11,0.0,0.0,False,,,False,1,path,64,4,RL+Path,3
best,C:\Users\erich\Documents\AFRL\Algebraic-Connectivity-Optimization-CDC2026\lite_trials\sweep\lambda2_only\checkpoints\best.pt,ppo,19000,C:\Users\erich\Documents\AFRL\Algebraic-Connectivity-Optimization-CDC2026\lite_trials\lite_config.yaml,full,12,0.836363636364,4,57,57,0.8363636363636363,46,0.9850952751179992,11.82114330141599,0.037876999999753025,0.037876999999753025,0.037876999999753025,path,path,path,11,0.0,0.0,False,,,False,1,path,64,4,RL+Path,4
best,C:\Users\erich\Documents\AFRL\Algebraic-Connectivity-Optimization-CDC2026\lite_trials\sweep\lambda2_only\checkpoints\best.pt,ppo,19000,C:\Users\erich\Documents\AFRL\Algebraic-Connectivity-Optimization-CDC2026\lite_trials\lite_config.yaml,full,12,0.909090909091,0,61,61,0.9090909090909091,50,0.9998553232749483,11.99826387929938,0.04060990000016318,0.04060990000016318,0.04060990000016318,path,path,path,11,0.0,0.0,False,,,False,1,path,64,4,RL+Path,0
best,C:\Users\erich\Documents\AFRL\Algebraic-Connectivity-Optimization-CDC2026\lite_trials\sweep\lambda2_only\checkpoints\best.pt,ppo,19000,C:\Users\erich\Documents\AFRL\Algebraic-Connectivity-Optimization-CDC2026\lite_trials\lite_config.yaml,full,12,0.909090909091,1,61,61,0.9090909090909091,50,0.9998553232749483,11.99826387929938,0.04569609999998647,0.04569609999998647,0.04569609999998647,path,path,path,11,0.0,0.0,False,,,False,1,path,64,4,RL+Path,1
best,C:\Users\erich\Documents\AFRL\Algebraic-Connectivity-Optimization-CDC2026\lite_trials\sweep\lambda2_only\checkpoints\best.pt,ppo,19000,C:\Users\erich\Documents\AFRL\Algebraic-Connectivity-Optimization-CDC2026\lite_trials\lite_config.yaml,full,12,0.909090909091,2,61,61,0.9090909090909091,50,0.9998553232749483,11.99826387929938,0.0432766999992964,0.0432766999992964,0.0432766999992964,path,path,path,11,0.0,0.0,False,,,False,1,path,64,4,RL+Path,2
best,C:\Users\erich\Documents\AFRL\Algebraic-Connectivity-Optimization-CDC2026\lite_trials\sweep\lambda2_only\checkpoints\best.pt,ppo,19000,C:\Users\erich\Documents\AFRL\Algebraic-Connectivity-Optimization-CDC2026\lite_trials\lite_config.yaml,full,12,0.909090909091,3,61,61,0.9090909090909091,50,0.9998553232749483,11.99826387929938,0.04427620000024035,0.04427620000024035,0.04427620000024035,path,path,path,11,0.0,0.0,False,,,False,1,path,64,4,RL+Path,3
best,C:\Users\erich\Documents\AFRL\Algebraic-Connectivity-Optimization-CDC2026\lite_trials\sweep\lambda2_only\checkpoints\best.pt,ppo,19000,C:\Users\erich\Documents\AFRL\Algebraic-Connectivity-Optimization-CDC2026\lite_trials\lite_config.yaml,full,12,0.909090909091,4,61,61,0.9090909090909091,50,0.9998553232749483,11.99826387929938,0.044004299999869545,0.044004299999869545,0.044004299999869545,path,path,path,11,0.0,0.0,False,,,False,1,path,64,4,RL+Path,4
best,C:\Users\erich\Documents\AFRL\Algebraic-Connectivity-Optimization-CDC2026\lite_trials\sweep\lambda2_only\checkpoints\best.pt,ppo,19000,C:\Users\erich\Documents\AFRL\Algebraic-Connectivity-Optimization-CDC2026\lite_trials\lite_config.yaml,full,12,0.981818181818,0,65,65,0.9818181818181818,54,0.9999991608421762,11.999989930106114,0.048733399999946414,0.048733399999946414,0.048733399999946414,path,path,path,11,0.0,0.0,False,,,False,1,path,64,4,RL+Path,0
best,C:\Users\erich\Documents\AFRL\Algebraic-Connectivity-Optimization-CDC2026\lite_trials\sweep\lambda2_only\checkpoints\best.pt,ppo,19000,C:\Users\erich\Documents\AFRL\Algebraic-Connectivity-Optimization-CDC2026\lite_trials\lite_config.yaml,full,12,0.981818181818,1,65,65,0.9818181818181818,54,0.9999991608421762,11.999989930106114,0.05091950000041834,0.05091950000041834,0.05091950000041834,path,path,path,11,0.0,0.0,False,,,False,1,path,64,4,RL+Path,1
best,C:\Users\erich\Documents\AFRL\Algebraic-Connectivity-Optimization-CDC2026\lite_trials\sweep\lambda2_only\checkpoints\best.pt,ppo,19000,C:\Users\erich\Documents\AFRL\Algebraic-Connectivity-Optimization-CDC2026\lite_trials\lite_config.yaml,full,12,0.981818181818,2,65,65,0.9818181818181818,54,0.9999991608421762,11.999989930106114,0.04722759999913251,0.04722759999913251,0.04722759999913251,path,path,path,11,0.0,0.0,False,,,False,1,path,64,4,RL+Path,2
best,C:\Users\erich\Documents\AFRL\Algebraic-Connectivity-Optimization-CDC2026\lite_trials\sweep\lambda2_only\checkpoints\best.pt,ppo,19000,C:\Users\erich\Documents\AFRL\Algebraic-Connectivity-Optimization-CDC2026\lite_trials\lite_config.yaml,full,12,0.981818181818,3,65,65,0.9818181818181818,54,0.9999991608421762,11.999989930106114,0.046733200000744546,0.046733200000744546,0.046733200000744546,path,path,path,11,0.0,0.0,False,,,False,1,path,64,4,RL+Path,3
best,C:\Users\erich\Documents\AFRL\Algebraic-Connectivity-Optimization-CDC2026\lite_trials\sweep\lambda2_only\checkpoints\best.pt,ppo,19000,C:\Users\erich\Documents\AFRL\Algebraic-Connectivity-Optimization-CDC2026\lite_trials\lite_config.yaml,full,12,0.981818181818,4,65,65,0.9818181818181818,54,0.9999991608421762,11.999989930106114,0.04781170000023849,0.04781170000023849,0.04781170000023849,path,path,path,11,0.0,0.0,False,,,False,1,path,64,4,RL+Path,4
best,C:\Users\erich\Documents\AFRL\Algebraic-Connectivity-Optimization-CDC2026\lite_trials\sweep\lambda2_only\checkpoints\best.pt,ppo,19000,C:\Users\erich\Documents\AFRL\Algebraic-Connectivity-Optimization-CDC2026\lite_trials\lite_config.yaml,full,12,0.018181818182,0,12,12,0.01818181818181818,1,0.08333333333333325,0.9999999999999989,0.0034955000000991276,0.0034955000000991276,0.004204899999422196,backbone,envelope_only,envelope,11,1.0,0.0007093999993230682,False,,,False,1,envelope,64,4,RL+Backbone,0
best,C:\Users\erich\Documents\AFRL\Algebraic-Connectivity-Optimization-CDC2026\lite_trials\sweep\lambda2_only\checkpoints\best.pt,ppo,19000,C:\Users\erich\Documents\AFRL\Algebraic-Connectivity-Optimization-CDC2026\lite_trials\lite_config.yaml,full,12,0.018181818182,1,12,12,0.01818181818181818,1,0.08333333333333325,0.9999999999999989,0.001052299999173556,0.001052299999173556,0.0012071999999534455,backbone,envelope_only,envelope,11,1.0,0.00015490000077988952,False,,,False,1,envelope,64,4,RL+Backbone,1
best,C:\Users\erich\Documents\AFRL\Algebraic-Connectivity-Optimization-CDC2026\lite_trials\sweep\lambda2_only\checkpoints\best.pt,ppo,19000,C:\Users\erich\Documents\AFRL\Algebraic-Connectivity-Optimization-CDC2026\lite_trials\lite_config.yaml,full,12,0.018181818182,2,12,12,0.01818181818181818,1,0.08333333333333325,0.9999999999999989,0.000931799999307259,0.000931799999307259,0.0010140999993382138,backbone,envelope_only,envelope,11,1.0,8.230000003095483e-05,False,,,False,1,envelope,64,4,RL+Backbone,2
best,C:\Users\erich\Documents\AFRL\Algebraic-Connectivity-Optimization-CDC2026\lite_trials\sweep\lambda2_only\checkpoints\best.pt,ppo,19000,C:\Users\erich\Documents\AFRL\Algebraic-Connectivity-Optimization-CDC2026\lite_trials\lite_config.yaml,full,12,0.018181818182,3,12,12,0.01818181818181818,1,0.08333333333333325,0.9999999999999989,0.0008750000006330083,0.0008750000006330083,0.0009639000008974108,backbone,envelope_only,envelope,11,1.0,8.890000026440248e-05,False,,,False,1,envelope,64,4,RL+Backbone,3
best,C:\Users\erich\Documents\AFRL\Algebraic-Connectivity-Optimization-CDC2026\lite_trials\sweep\lambda2_only\checkpoints\best.pt,ppo,19000,C:\Users\erich\Documents\AFRL\Algebraic-Connectivity-Optimization-CDC2026\lite_trials\lite_config.yaml,full,12,0.018181818182,4,12,12,0.01818181818181818,1,0.08333333333333325,0.9999999999999989,0.0008447000000160187,0.0008447000000160187,0.0009276999999201507,backbone,envelope_only,envelope,11,1.0,8.299999990413198e-05,False,,,False,1,envelope,64,4,RL+Backbone,4
best,C:\Users\erich\Documents\AFRL\Algebraic-Connectivity-Optimization-CDC2026\lite_trials\sweep\lambda2_only\checkpoints\best.pt,ppo,19000,C:\Users\erich\Documents\AFRL\Algebraic-Connectivity-Optimization-CDC2026\lite_trials\lite_config.yaml,full,12,0.090909090909,0,16,16,0.09090909090909091,5,0.20928074214348213,2.5113689057217856,0.005713399999876856,0.005713399999876856,0.007979599999998754,backbone,both,envelope,11,1.0,0.0022662000001218985,False,,,True,2,"cayley,envelope",64,4,RL+Backbone,0
best,C:\Users\erich\Documents\AFRL\Algebraic-Connectivity-Optimization-CDC2026\lite_trials\sweep\lambda2_only\checkpoints\best.pt,ppo,19000,C:\Users\erich\Documents\AFRL\Algebraic-Connectivity-Optimization-CDC2026\lite_trials\lite_config.yaml,full,12,0.090909090909,1,16,16,0.09090909090909091,5,0.20928074214348213,2.5113689057217856,0.004234500000166008,0.004234500000166008,0.006321799999568611,backbone,both,envelope,11,1.0,0.0024592999998276355,False,,,True,2,"cayley,envelope",64,4,RL+Backbone,1
best,C:\Users\erich\Documents\AFRL\Algebraic-Connectivity-Optimization-CDC2026\lite_trials\sweep\lambda2_only\checkpoints\best.pt,ppo,19000,C:\Users\erich\Documents\AFRL\Algebraic-Connectivity-Optimization-CDC2026\lite_trials\lite_config.yaml,full,12,0.090909090909,2,16,16,0.09090909090909091,5,0.20928074214348213,2.5113689057217856,0.00455469999997149,0.00455469999997149,0.0059701000009226846,backbone,both,envelope,11,1.0,0.0020542000002023997,False,,,True,2,"cayley,envelope",64,4,RL+Backbone,2
best,C:\Users\erich\Documents\AFRL\Algebraic-Connectivity-Optimization-CDC2026\lite_trials\sweep\lambda2_only\checkpoints\best.pt,ppo,19000,C:\Users\erich\Documents\AFRL\Algebraic-Connectivity-Optimization-CDC2026\lite_trials\lite_config.yaml,full,12,0.090909090909,3,16,16,0.09090909090909091,5,0.20928074214348213,2.5113689057217856,0.004544800000076066,0.004544800000076066,0.005351700000574056,backbone,both,envelope,11,1.0,0.001735499999995227,False,,,True,2,"cayley,envelope",64,4,RL+Backbone,3
best,C:\Users\erich\Documents\AFRL\Algebraic-Connectivity-Optimization-CDC2026\lite_trials\sweep\lambda2_only\checkpoints\best.pt,ppo,19000,C:\Users\erich\Documents\AFRL\Algebraic-Connectivity-Optimization-CDC2026\lite_trials\lite_config.yaml,full,12,0.090909090909,4,16,16,0.09090909090909091,5,0.20928074214348213,2.5113689057217856,0.0042063999999299995,0.0042063999999299995,0.004947899999933725,backbone,both,envelope,11,1.0,0.0016612999997960287,False,,,True,2,"cayley,envelope",64,4,RL+Backbone,4
best,C:\Users\erich\Documents\AFRL\Algebraic-Connectivity-Optimization-CDC2026\lite_trials\sweep\lambda2_only\checkpoints\best.pt,ppo,19000,C:\Users\erich\Documents\AFRL\Algebraic-Connectivity-Optimization-CDC2026\lite_trials\lite_config.yaml,full,12,0.163636363636,0,20,20,0.16363636363636364,2,0.1549712773366719,1.8596553280400627,0.0022847999998703017,0.0022847999998703017,0.004572699999698671,backbone,cayley_only,cayley,18,1.2679491924311233,0.002287899999828369,False,2,,False,1,cayley,64,4,RL+Backbone,0
best,C:\Users\erich\Documents\AFRL\Algebraic-Connectivity-Optimization-CDC2026\lite_trials\sweep\lambda2_only\checkpoints\best.pt,ppo,19000,C:\Users\erich\Documents\AFRL\Algebraic-Connectivity-Optimization-CDC2026\lite_trials\lite_config.yaml,full,12,0.163636363636,1,20,20,0.16363636363636364,2,0.1549712773366719,1.8596553280400627,0.002109300000483927,0.002109300000483927,0.004077200001120218,backbone,cayley_only,cayley,18,1.2679491924311233,0.0019679000006362912,False,2,,False,1,cayley,64,4,RL+Backbone,1
best,C:\Users\erich\Documents\AFRL\Algebraic-Connectivity-Optimization-CDC2026\lite_trials\sweep\lambda2_only\checkpoints\best.pt,ppo,19000,C:\Users\erich\Documents\AFRL\Algebraic-Connectivity-Optimization-CDC2026\lite_trials\lite_config.yaml,full,12,0.163636363636,2,20,20,0.16363636363636364,2,0.1549712773366719,1.8596553280400627,0.0017612000001463457,0.0017612000001463457,0.003632800000559655,backbone,cayley_only,cayley,18,1.2679491924311233,0.0018716000004133093,False,2,,False,1,cayley,64,4,RL+Backbone,2
best,C:\Users\erich\Documents\AFRL\Algebraic-Connectivity-Optimization-CDC2026\lite_trials\sweep\lambda2_only\checkpoints\best.pt,ppo,19000,C:\Users\erich\Documents\AFRL\Algebraic-Connectivity-Optimization-CDC2026\lite_trials\lite_config.yaml,full,12,0.163636363636,3,20,20,0.16363636363636364,2,0.1549712773366719,1.8596553280400627,0.0024863999997251085,0.0024863999997251085,0.004790400000274531,backbone,cayley_only,cayley,18,1.2679491924311233,0.002304000000549422,False,2,,False,1,cayley,64,4,RL+Backbone,3
best,C:\Users\erich\Documents\AFRL\Algebraic-Connectivity-Optimization-CDC2026\lite_trials\sweep\lambda2_only\checkpoints\best.pt,ppo,19000,C:\Users\erich\Documents\AFRL\Algebraic-Connectivity-Optimization-CDC2026\lite_trials\lite_config.yaml,full,12,0.163636363636,4,20,20,0.16363636363636364,2,0.1549712773366719,1.8596553280400627,0.0017627999995966093,0.0017627999995966093,0.0038126999997984967,backbone,cayley_only,cayley,18,1.2679491924311233,0.0020499000002018875,False,2,,False,1,cayley,64,4,RL+Backbone,4
best,C:\Users\erich\Documents\AFRL\Algebraic-Connectivity-Optimization-CDC2026\lite_trials\sweep\lambda2_only\checkpoints\best.pt,ppo,19000,C:\Users\erich\Documents\AFRL\Algebraic-Connectivity-Optimization-CDC2026\lite_trials\lite_config.yaml,full,12,0.218181818182,0,23,23,0.21818181818181817,5,0.2774737070256047,3.3296844843072564,0.004591699999764387,0.004591699999764387,0.006826899999396119,backbone,cayley_only,cayley,18,1.2679491924311233,0.0022351999996317318,False,2,,False,1,cayley,64,4,RL+Backbone,0
best,C:\Users\erich\Documents\AFRL\Algebraic-Connectivity-Optimization-CDC2026\lite_trials\sweep\lambda2_only\checkpoints\best.pt,ppo,19000,C:\Users\erich\Documents\AFRL\Algebraic-Connectivity-Optimization-CDC2026\lite_trials\lite_config.yaml,full,12,0.218181818182,1,23,23,0.21818181818181817,5,0.2774737070256047,3.3296844843072564,0.004366500000287488,0.004366500000287488,0.0064318000004277565,backbone,cayley_only,cayley,18,1.2679491924311233,0.002065300000140269,False,2,,False,1,cayley,64,4,RL+Backbone,1
best,C:\Users\erich\Documents\AFRL\Algebraic-Connectivity-Optimization-CDC2026\lite_trials\sweep\lambda2_only\checkpoints\best.pt,ppo,19000,C:\Users\erich\Documents\AFRL\Algebraic-Connectivity-Optimization-CDC2026\lite_trials\lite_config.yaml,full,12,0.218181818182,2,23,23,0.21818181818181817,5,0.2774737070256047,3.3296844843072564,0.004136300000027404,0.004136300000027404,0.005919999999605352,backbone,cayley_only,cayley,18,1.2679491924311233,0.001783699999577948,False,2,,False,1,cayley,64,4,RL+Backbone,2
best,C:\Users\erich\Documents\AFRL\Algebraic-Connectivity-Optimization-CDC2026\lite_trials\sweep\lambda2_only\checkpoints\best.pt,ppo,19000,C:\Users\erich\Documents\AFRL\Algebraic-Connectivity-Optimization-CDC2026\lite_trials\lite_config.yaml,full,12,0.218181818182,3,23,23,0.21818181818181817,5,0.2774737070256047,3.3296844843072564,0.004529099999672326,0.004529099999672326,0.0067867999996451545,backbone,cayley_only,cayley,18,1.2679491924311233,0.0022576999999728287,False,2,,False,1,cayley,64,4,RL+Backbone,3
best,C:\Users\erich\Documents\AFRL\Algebraic-Connectivity-Optimization-CDC2026\lite_trials\sweep\lambda2_only\checkpoints\best.pt,ppo,19000,C:\Users\erich\Documents\AFRL\Algebraic-Connectivity-Optimization-CDC2026\lite_trials\lite_config.yaml,full,12,0.218181818182,4,23,23,0.21818181818181817,5,0.2774737070256047,3.3296844843072564,0.005023200000323413,0.005023200000323413,0.007019800000307441,backbone,cayley_only,cayley,18,1.2679491924311233,0.001996599999984028,False,2,,False,1,cayley,64,4,RL+Backbone,4
best,C:\Users\erich\Documents\AFRL\Algebraic-Connectivity-Optimization-CDC2026\lite_trials\sweep\lambda2_only\checkpoints\best.pt,ppo,19000,C:\Users\erich\Documents\AFRL\Algebraic-Connectivity-Optimization-CDC2026\lite_trials\lite_config.yaml,full,12,0.290909090909,0,27,27,0.2909090909090909,3,0.2701371159169576,3.241645391003491,0.0030232999997679144,0.0030232999997679144,0.005004799999369425,backbone,cayley_only,cayley,24,2.267949192431123,0.0019814999996015104,False,2,,False,1,cayley,64,4,RL+Backbone,0
best,C:\Users\erich\Documents\AFRL\Algebraic-Connectivity-Optimization-CDC2026\lite_trials\sweep\lambda2_only\checkpoints\best.pt,ppo,19000,C:\Users\erich\Documents\AFRL\Algebraic-Connectivity-Optimization-CDC2026\lite_trials\lite_config.yaml,full,12,0.290909090909,1,27,27,0.2909090909090909,3,0.2701371159169576,3.241645391003491,0.0026615000006131595,0.0026615000006131595,0.0047522000004391884,backbone,cayley_only,cayley,24,2.267949192431123,0.002090699999826029,False,2,,False,1,cayley,64,4,RL+Backbone,1
best,C:\Users\erich\Documents\AFRL\Algebraic-Connectivity-Optimization-CDC2026\lite_trials\sweep\lambda2_only\checkpoints\best.pt,ppo,19000,C:\Users\erich\Documents\AFRL\Algebraic-Connectivity-Optimization-CDC2026\lite_trials\lite_config.yaml,full,12,0.290909090909,2,27,27,0.2909090909090909,3,0.2703639666688153,3.2443676000257833,0.0030850000002828892,0.0030850000002828892,0.005098900000120921,backbone,cayley_only,cayley,24,2.267949192431123,0.0020138999998380314,False,2,,False,1,cayley,64,4,RL+Backbone,2
best,C:\Users\erich\Documents\AFRL\Algebraic-Connectivity-Optimization-CDC2026\lite_trials\sweep\lambda2_only\checkpoints\best.pt,ppo,19000,C:\Users\erich\Documents\AFRL\Algebraic-Connectivity-Optimization-CDC2026\lite_trials\lite_config.yaml,full,12,0.290909090909,3,27,27,0.2909090909090909,3,0.2703639666688153,3.2443676000257833,0.0028931000006195973,0.0028931000006195973,0.004825600000913255,backbone,cayley_only,cayley,24,2.267949192431123,0.0019325000002936576,False,2,,False,1,cayley,64,4,RL+Backbone,3
best,C:\Users\erich\Documents\AFRL\Algebraic-Connectivity-Optimization-CDC2026\lite_trials\sweep\lambda2_only\checkpoints\best.pt,ppo,19000,C:\Users\erich\Documents\AFRL\Algebraic-Connectivity-Optimization-CDC2026\lite_trials\lite_config.yaml,full,12,0.290909090909,4,27,27,0.2909090909090909,3,0.2701371159169576,3.241645391003491,0.0027658000008159433,0.0027658000008159433,0.004678700001022662,backbone,cayley_only,cayley,24,2.267949192431123,0.0019129000002067187,False,2,,False,1,cayley,64,4,RL+Backbone,4
best,C:\Users\erich\Documents\AFRL\Algebraic-Connectivity-Optimization-CDC2026\lite_trials\sweep\lambda2_only\checkpoints\best.pt,ppo,19000,C:\Users\erich\Documents\AFRL\Algebraic-Connectivity-Optimization-CDC2026\lite_trials\lite_config.yaml,full,12,0.363636363636,0,31,31,0.36363636363636365,1,0.33333333333333287,3.9999999999999947,0.001105400000597001,0.001105400000597001,0.003276100001130544,backbone,cayley_only,cayley,30,3.9999999999999987,0.002170700000533543,False,2,,False,1,cayley,64,4,RL+Backbone,0
best,C:\Users\erich\Documents\AFRL\Algebraic-Connectivity-Optimization-CDC2026\lite_trials\sweep\lambda2_only\checkpoints\best.pt,ppo,19000,C:\Users\erich\Documents\AFRL\Algebraic-Connectivity-Optimization-CDC2026\lite_trials\lite_config.yaml,full,12,0.363636363636,1,31,31,0.36363636363636365,1,0.33333333333333304,3.9999999999999964,0.0011007000002791756,0.0011007000002791756,0.0039208999996844796,backbone,cayley_only,cayley,30,3.9999999999999987,0.002820199999405304,False,2,,False,1,cayley,64,4,RL+Backbone,1
best,C:\Users\erich\Documents\AFRL\Algebraic-Connectivity-Optimization-CDC2026\lite_trials\sweep\lambda2_only\checkpoints\best.pt,ppo,19000,C:\Users\erich\Documents\AFRL\Algebraic-Connectivity-Optimization-CDC2026\lite_trials\lite_config.yaml,full,12,0.363636363636,2,31,31,0.36363636363636365,1,0.33333333333333304,3.9999999999999964,0.0011397999996916042,0.0011397999996916042,0.0038580000000365544,backbone,cayley_only,cayley,30,3.9999999999999987,0.0027182000003449502,False,2,,False,1,cayley,64,4,RL+Backbone,2
best,C:\Users\erich\Documents\AFRL\Algebraic-Connectivity-Optimization-CDC2026\lite_trials\sweep\lambda2_only\checkpoints\best.pt,ppo,19000,C:\Users\erich\Documents\AFRL\Algebraic-Connectivity-Optimization-CDC2026\lite_trials\lite_config.yaml,full,12,0.363636363636,3,31,31,0.36363636363636365,1,0.33333333333333304,3.9999999999999964,0.0014142999998512096,0.0014142999998512096,0.004130999999688356,backbone,cayley_only,cayley,30,3.9999999999999987,0.0027166999998371466,False,2,,False,1,cayley,64,4,RL+Backbone,3
best,C:\Users\erich\Documents\AFRL\Algebraic-Connectivity-Optimization-CDC2026\lite_trials\sweep\lambda2_only\checkpoints\best.pt,ppo,19000,C:\Users\erich\Documents\AFRL\Algebraic-Connectivity-Optimization-CDC2026\lite_trials\lite_config.yaml,full,12,0.363636363636,4,31,31,0.36363636363636365,1,0.33333333333333304,3.9999999999999964,0.0008852000000842963,0.0008852000000842963,0.002851800000826188,backbone,cayley_only,cayley,30,3.9999999999999987,0.0019666000007418916,False,2,,False,1,cayley,64,4,RL+Backbone,4
best,C:\Users\erich\Documents\AFRL\Algebraic-Connectivity-Optimization-CDC2026\lite_trials\sweep\lambda2_only\checkpoints\best.pt,ppo,19000,C:\Users\erich\Documents\AFRL\Algebraic-Connectivity-Optimization-CDC2026\lite_trials\lite_config.yaml,full,12,0.436363636364,0,35,35,0.43636363636363634,5,0.4107582751972539,4.929099302367047,0.0043304999999236315,0.0043304999999236315,0.0065883999996003695,backbone,cayley_only,cayley,30,3.9999999999999987,0.002257899999676738,False,2,,False,1,cayley,64,4,RL+Backbone,0
best,C:\Users\erich\Documents\AFRL\Algebraic-Connectivity-Optimization-CDC2026\lite_trials\sweep\lambda2_only\checkpoints\best.pt,ppo,19000,C:\Users\erich\Documents\AFRL\Algebraic-Connectivity-Optimization-CDC2026\lite_trials\lite_config.yaml,full,12,0.436363636364,1,35,35,0.43636363636363634,5,0.4412725161692605,5.295270194031126,0.005598400000053516,0.005598400000053516,0.007495100000596722,backbone,cayley_only,cayley,30,3.9999999999999987,0.0018967000005432055,False,2,,False,1,cayley,64,4,RL+Backbone,1
best,C:\Users\erich\Documents\AFRL\Algebraic-Connectivity-Optimization-CDC2026\lite_trials\sweep\lambda2_only\checkpoints\best.pt,ppo,19000,C:\Users\erich\Documents\AFRL\Algebraic-Connectivity-Optimization-CDC2026\lite_trials\lite_config.yaml,full,12,0.436363636364,2,35,35,0.43636363636363634,5,0.4412725161692605,5.295270194031126,0.00458489999982703,0.00458489999982703,0.006995100000494858,backbone,cayley_only,cayley,30,3.9999999999999987,0.002410200000667828,False,2,,False,1,cayley,64,4,RL+Backbone,2
best,C:\Users\erich\Documents\AFRL\Algebraic-Connectivity-Optimization-CDC2026\lite_trials\sweep\lambda2_only\checkpoints\best.pt,ppo,19000,C:\Users\erich\Documents\AFRL\Algebraic-Connectivity-Optimization-CDC2026\lite_trials\lite_config.yaml,full,12,0.436363636364,3,35,35,0.43636363636363634,5,0.4412725161692605,5.295270194031126,0.004359800000202085,0.004359800000202085,0.006388000000697502,backbone,cayley_only,cayley,30,3.9999999999999987,0.002028200000495417,False,2,,False,1,cayley,64,4,RL+Backbone,3
best,C:\Users\erich\Documents\AFRL\Algebraic-Connectivity-Optimization-CDC2026\lite_trials\sweep\lambda2_only\checkpoints\best.pt,ppo,19000,C:\Users\erich\Documents\AFRL\Algebraic-Connectivity-Optimization-CDC2026\lite_trials\lite_config.yaml,full,12,0.436363636364,4,35,35,0.43636363636363634,5,0.4412725161692605,5.295270194031126,0.004305100000237871,0.004305100000237871,0.006269000000429514,backbone,cayley_only,cayley,30,3.9999999999999987,0.001963900000191643,False,2,,False,1,cayley,64,4,RL+Backbone,4
best,C:\Users\erich\Documents\AFRL\Algebraic-Connectivity-Optimization-CDC2026\lite_trials\sweep\lambda2_only\checkpoints\best.pt,ppo,19000,C:\Users\erich\Documents\AFRL\Algebraic-Connectivity-Optimization-CDC2026\lite_trials\lite_config.yaml,full,12,0.490909090909,0,38,38,0.4909090909090909,2,0.5680892123886956,6.817070548664347,0.0018371999994997168,0.0018371999994997168,0.0039598999992449535,backbone,cayley_only,cayley,36,5.999999999999995,0.0021226999997452367,False,2,,False,1,cayley,64,4,RL+Backbone,0
best,C:\Users\erich\Documents\AFRL\Algebraic-Connectivity-Optimization-CDC2026\lite_trials\sweep\lambda2_only\checkpoints\best.pt,ppo,19000,C:\Users\erich\Documents\AFRL\Algebraic-Connectivity-Optimization-CDC2026\lite_trials\lite_config.yaml,full,12,0.490909090909,1,38,38,0.4909090909090909,2,0.5680892123886956,6.817070548664347,0.0017443999995521153,0.0017443999995521153,0.003997799999524432,backbone,cayley_only,cayley,36,5.999999999999995,0.0022533999999723164,False,2,,False,1,cayley,64,4,RL+Backbone,1
best,C:\Users\erich\Documents\AFRL\Algebraic-Connectivity-Optimization-CDC2026\lite_trials\sweep\lambda2_only\checkpoints\best.pt,ppo,19000,C:\Users\erich\Documents\AFRL\Algebraic-Connectivity-Optimization-CDC2026\lite_trials\lite_config.yaml,full,12,0.490909090909,2,38,38,0.4909090909090909,2,0.5680892123886956,6.817070548664347,0.0019460000003164168,0.0019460000003164168,0.003942600000300445,backbone,cayley_only,cayley,36,5.999999999999995,0.001996599999984028,False,2,,False,1,cayley,64,4,RL+Backbone,2
best,C:\Users\erich\Documents\AFRL\Algebraic-Connectivity-Optimization-CDC2026\lite_trials\sweep\lambda2_only\checkpoints\best.pt,ppo,19000,C:\Users\erich\Documents\AFRL\Algebraic-Connectivity-Optimization-CDC2026\lite_trials\lite_config.yaml,full,12,0.490909090909,3,38,38,0.4909090909090909,2,0.5680892123886956,6.817070548664347,0.0019376999998712563,0.0019376999998712563,0.003962200000387384,backbone,cayley_only,cayley,36,5.999999999999995,0.0020245000005161273,False,2,,False,1,cayley,64,4,RL+Backbone,3
best,C:\Users\erich\Documents\AFRL\Algebraic-Connectivity-Optimization-CDC2026\lite_trials\sweep\lambda2_only\checkpoints\best.pt,ppo,19000,C:\Users\erich\Documents\AFRL\Algebraic-Connectivity-Optimization-CDC2026\lite_trials\lite_config.yaml,full,12,0.490909090909,4,38,38,0.4909090909090909,2,0.5680892123886956,6.817070548664347,0.0020162000000709668,0.0020162000000709668,0.004051300000355695,backbone,cayley_only,cayley,36,5.999999999999995,0.0020351000002847286,False,2,,False,1,cayley,64,4,RL+Backbone,4
best,C:\Users\erich\Documents\AFRL\Algebraic-Connectivity-Optimization-CDC2026\lite_trials\sweep\lambda2_only\checkpoints\best.pt,ppo,19000,C:\Users\erich\Documents\AFRL\Algebraic-Connectivity-Optimization-CDC2026\lite_trials\lite_config.yaml,full,12,0.563636363636,0,42,42,0.5636363636363636,6,0.7486323879528404,8.983588655434085,0.005107200000566081,0.005107200000566081,0.005201599999963946,backbone,both,envelope,36,6.0,0.0036705000002257293,False,,,True,2,"cayley,envelope",64,4,RL+Backbone,0
best,C:\Users\erich\Documents\AFRL\Algebraic-Connectivity-Optimization-CDC2026\lite_trials\sweep\lambda2_only\checkpoints\best.pt,ppo,19000,C:\Users\erich\Documents\AFRL\Algebraic-Connectivity-Optimization-CDC2026\lite_trials\lite_config.yaml,full,12,0.563636363636,1,42,42,0.5636363636363636,6,0.7486323879528404,8.983588655434085,0.006860600000436534,0.006860600000436534,0.0069503000004260684,backbone,both,envelope,36,6.0,0.004014699999970617,False,,,True,2,"cayley,envelope",64,4,RL+Backbone,1
best,C:\Users\erich\Documents\AFRL\Algebraic-Connectivity-Optimization-CDC2026\lite_trials\sweep\lambda2_only\checkpoints\best.pt,ppo,19000,C:\Users\erich\Documents\AFRL\Algebraic-Connectivity-Optimization-CDC2026\lite_trials\lite_config.yaml,full,12,0.563636363636,2,42,42,0.5636363636363636,6,0.7486323879528404,8.983588655434085,0.005953400000180409,0.005953400000180409,0.006042800000614079,backbone,both,envelope,36,6.0,0.004041000000142958,False,,,True,2,"cayley,envelope",64,4,RL+Backbone,2
best,C:\Users\erich\Documents\AFRL\Algebraic-Connectivity-Optimization-CDC2026\lite_trials\sweep\lambda2_only\checkpoints\best.pt,ppo,19000,C:\Users\erich\Documents\AFRL\Algebraic-Connectivity-Optimization-CDC2026\lite_trials\lite_config.yaml,full,12,0.563636363636,3,42,42,0.5636363636363636,6,0.7486323879528404,8.983588655434085,0.005985499999951571,0.005985499999951571,0.006088799999815819,backbone,both,envelope,36,6.0,0.0037415999995573657,False,,,True,2,"cayley,envelope",64,4,RL+Backbone,3
best,C:\Users\erich\Documents\AFRL\Algebraic-Connectivity-Optimization-CDC2026\lite_trials\sweep\lambda2_only\checkpoints\best.pt,ppo,19000,C:\Users\erich\Documents\AFRL\Algebraic-Connectivity-Optimization-CDC2026\lite_trials\lite_config.yaml,full,12,0.563636363636,4,42,42,0.5636363636363636,6,0.7486323879528404,8.983588655434085,0.00526609999997163,0.00526609999997163,0.005349099999875762,backbone,both,envelope,36,6.0,0.0036595999999917694,False,,,True,2,"cayley,envelope",64,4,RL+Backbone,4
best,C:\Users\erich\Documents\AFRL\Algebraic-Connectivity-Optimization-CDC2026\lite_trials\sweep\lambda2_only\checkpoints\best.pt,ppo,19000,C:\Users\erich\Documents\AFRL\Algebraic-Connectivity-Optimization-CDC2026\lite_trials\lite_config.yaml,full,12,0.636363636364,0,46,46,0.6363636363636364,4,0.7304661415241513,8.765593698289816,0.0036080999998375773,0.0036080999998375773,0.007452400000147463,backbone,both,cayley,42,5.999999999999996,0.003844300000309886,False,2,,True,2,"cayley,envelope",64,4,RL+Backbone,0
best,C:\Users\erich\Documents\AFRL\Algebraic-Connectivity-Optimization-CDC2026\lite_trials\sweep\lambda2_only\checkpoints\best.pt,ppo,19000,C:\Users\erich\Documents\AFRL\Algebraic-Connectivity-Optimization-CDC2026\lite_trials\lite_config.yaml,full,12,0.636363636364,1,46,46,0.6363636363636364,4,0.7304661415241513,8.765593698289816,0.003821399999651476,0.003821399999651476,0.007627199999660661,backbone,both,cayley,42,5.999999999999996,0.003805800000009185,False,2,,True,2,"cayley,envelope",64,4,RL+Backbone,1
best,C:\Users\erich\Documents\AFRL\Algebraic-Connectivity-Optimization-CDC2026\lite_trials\sweep\lambda2_only\checkpoints\best.pt,ppo,19000,C:\Users\erich\Documents\AFRL\Algebraic-Connectivity-Optimization-CDC2026\lite_trials\lite_config.yaml,full,12,0.636363636364,2,46,46,0.6363636363636364,4,0.7304661415241513,8.765593698289816,0.0037855999999010237,0.0037855999999010237,0.00752699999975448,backbone,both,cayley,42,5.999999999999996,0.0037413999998534564,False,2,,True,2,"cayley,envelope",64,4,RL+Backbone,2
best,C:\Users\erich\Documents\AFRL\Algebraic-Connectivity-Optimization-CDC2026\lite_trials\sweep\lambda2_only\checkpoints\best.pt,ppo,19000,C:\Users\erich\Documents\AFRL\Algebraic-Connectivity-Optimization-CDC2026\lite_trials\lite_config.yaml,full,12,0.636363636364,3,46,46,0.6363636363636364,4,0.7304661415241513,8.765593698289816,0.0040065000002869056,0.0040065000002869056,0.008096600000499166,backbone,both,cayley,42,5.999999999999996,0.00409010000021226,False,2,,True,2,"cayley,envelope",64,4,RL+Backbone,3
best,C:\Users\erich\Documents\AFRL\Algebraic-Connectivity-Optimization-CDC2026\lite_trials\sweep\lambda2_only\checkpoints\best.pt,ppo,19000,C:\Users\erich\Documents\AFRL\Algebraic-Connectivity-Optimization-CDC2026\lite_trials\lite_config.yaml,full,12,0.636363636364,4,46,46,0.6363636363636364,4,0.7304661415241513,8.765593698289816,0.0037353999996412313,0.0037353999996412313,0.0076766999991377816,backbone,both,cayley,42,5.999999999999996,0.00394129999949655,False,2,,True,2,"cayley,envelope",64,4,RL+Backbone,4
best,C:\Users\erich\Documents\AFRL\Algebraic-Connectivity-Optimization-CDC2026\lite_trials\sweep\lambda2_only\checkpoints\best.pt,ppo,19000,C:\Users\erich\Documents\AFRL\Algebraic-Connectivity-Optimization-CDC2026\lite_trials\lite_config.yaml,full,12,0.709090909091,0,50,50,0.7090909090909091,2,0.7115799628953955,8.538959554744746,0.002204899999924237,0.002204899999924237,0.0023111999998945976,backbone,both,envelope,48,8.0,0.00010629999997036066,False,,"cayley:No feasible backbone candidate for (n=12, m=50, rho=0.709091, seed=0); errors=['cayley:no_candidate']",True,1,envelope,64,4,RL+Backbone,0
best,C:\Users\erich\Documents\AFRL\Algebraic-Connectivity-Optimization-CDC2026\lite_trials\sweep\lambda2_only\checkpoints\best.pt,ppo,19000,C:\Users\erich\Documents\AFRL\Algebraic-Connectivity-Optimization-CDC2026\lite_trials\lite_config.yaml,full,12,0.709090909091,1,50,50,0.7090909090909091,2,0.7115799628953955,8.538959554744746,0.001707899999928486,0.001707899999928486,0.0018036000001302455,backbone,both,envelope,48,8.0,9.57000002017594e-05,False,,"cayley:No feasible backbone candidate for (n=12, m=50, rho=0.709091, seed=1); errors=['cayley:no_candidate']",True,1,envelope,64,4,RL+Backbone,1
best,C:\Users\erich\Documents\AFRL\Algebraic-Connectivity-Optimization-CDC2026\lite_trials\sweep\lambda2_only\checkpoints\best.pt,ppo,19000,C:\Users\erich\Documents\AFRL\Algebraic-Connectivity-Optimization-CDC2026\lite_trials\lite_config.yaml,full,12,0.709090909091,2,50,50,0.7090909090909091,2,0.7115799628953955,8.538959554744746,0.001801800000066578,0.001801800000066578,0.001908900000671565,backbone,both,envelope,48,8.0,0.00010710000060498714,False,,"cayley:No feasible backbone candidate for (n=12, m=50, rho=0.709091, seed=2); errors=['cayley:no_candidate']",True,1,envelope,64,4,RL+Backbone,2
best,C:\Users\erich\Documents\AFRL\Algebraic-Connectivity-Optimization-CDC2026\lite_trials\sweep\lambda2_only\checkpoints\best.pt,ppo,19000,C:\Users\erich\Documents\AFRL\Algebraic-Connectivity-Optimization-CDC2026\lite_trials\lite_config.yaml,full,12,0.709090909091,3,50,50,0.7090909090909091,2,0.7115799628953955,8.538959554744746,0.001698000000033062,0.001698000000033062,0.001920599999721162,backbone,both,envelope,48,8.0,0.00022259999968810007,False,,"cayley:No feasible backbone candidate for (n=12, m=50, rho=0.709091, seed=3); errors=['cayley:no_candidate']",True,1,envelope,64,4,RL+Backbone,3
best,C:\Users\erich\Documents\AFRL\Algebraic-Connectivity-Optimization-CDC2026\lite_trials\sweep\lambda2_only\checkpoints\best.pt,ppo,19000,C:\Users\erich\Documents\AFRL\Algebraic-Connectivity-Optimization-CDC2026\lite_trials\lite_config.yaml,full,12,0.709090909091,4,50,50,0.7090909090909091,2,0.7115799628953955,8.538959554744746,0.0024249999996754923,0.0024249999996754923,0.0025490999996691244,backbone,both,envelope,48,8.0,0.00012409999999363208,False,,"cayley:No feasible backbone candidate for (n=12, m=50, rho=0.709091, seed=4); errors=['cayley:no_candidate']",True,1,envelope,64,4,RL+Backbone,4
best,C:\Users\erich\Documents\AFRL\Algebraic-Connectivity-Optimization-CDC2026\lite_trials\sweep\lambda2_only\checkpoints\best.pt,ppo,19000,C:\Users\erich\Documents\AFRL\Algebraic-Connectivity-Optimization-CDC2026\lite_trials\lite_config.yaml,full,12,0.781818181818,0,54,54,0.7818181818181819,0,0.749999999999999,8.999999999999988,1.9999970390927047e-07,1.9999970390927047e-07,0.00018389999968349002,backbone,envelope_only,envelope,54,9.0,0.00018369999997958075,False,,,False,1,envelope,64,4,RL+Backbone,0
best,C:\Users\erich\Documents\AFRL\Algebraic-Connectivity-Optimization-CDC2026\lite_trials\sweep\lambda2_only\checkpoints\best.pt,ppo,19000,C:\Users\erich\Documents\AFRL\Algebraic-Connectivity-Optimization-CDC2026\lite_trials\lite_config.yaml,full,12,0.781818181818,1,54,54,0.7818181818181819,0,0.749999999999999,8.999999999999988,9.999985195463523e-08,9.999985195463523e-08,0.00012150000020483276,backbone,envelope_only,envelope,54,9.0,0.00012140000035287812,False,,,False,1,envelope,64,4,RL+Backbone,1
best,C:\Users\erich\Documents\AFRL\Algebraic-Connectivity-Optimization-CDC2026\lite_trials\sweep\lambda2_only\checkpoints\best.pt,ppo,19000,C:\Users\erich\Documents\AFRL\Algebraic-Connectivity-Optimization-CDC2026\lite_trials\lite_config.yaml,full,12,0.781818181818,2,54,54,0.7818181818181819,0,0.749999999999999,8.999999999999988,9.999985195463523e-08,9.999985195463523e-08,0.00011839999933727086,backbone,envelope_only,envelope,54,9.0,0.00011829999948531622,False,,,False,1,envelope,64,4,RL+Backbone,2
best,C:\Users\erich\Documents\AFRL\Algebraic-Connectivity-Optimization-CDC2026\lite_trials\sweep\lambda2_only\checkpoints\best.pt,ppo,19000,C:\Users\erich\Documents\AFRL\Algebraic-Connectivity-Optimization-CDC2026\lite_trials\lite_config.yaml,full,12,0.781818181818,3,54,54,0.7818181818181819,0,0.749999999999999,8.999999999999988,9.999985195463523e-08,9.999985195463523e-08,0.00011960000028921058,backbone,envelope_only,envelope,54,9.0,0.00011950000043725595,False,,,False,1,envelope,64,4,RL+Backbone,3
best,C:\Users\erich\Documents\AFRL\Algebraic-Connectivity-Optimization-CDC2026\lite_trials\sweep\lambda2_only\checkpoints\best.pt,ppo,19000,C:\Users\erich\Documents\AFRL\Algebraic-Connectivity-Optimization-CDC2026\lite_trials\lite_config.yaml,full,12,0.781818181818,4,54,54,0.7818181818181819,0,0.749999999999999,8.999999999999988,9.999985195463523e-08,9.999985195463523e-08,0.00016320000031555537,backbone,envelope_only,envelope,54,9.0,0.00016310000046360074,False,,,False,1,envelope,64,4,RL+Backbone,4
best,C:\Users\erich\Documents\AFRL\Algebraic-Connectivity-Optimization-CDC2026\lite_trials\sweep\lambda2_only\checkpoints\best.pt,ppo,19000,C:\Users\erich\Documents\AFRL\Algebraic-Connectivity-Optimization-CDC2026\lite_trials\lite_config.yaml,full,12,0.836363636364,0,57,57,0.8363636363636363,3,0.8325295229197432,9.99035427503692,0.0036309999995864928,0.0036309999995864928,0.003767899999729707,backbone,envelope_only,envelope,54,9.0,0.00013690000014321413,False,,,False,1,envelope,64,4,RL+Backbone,0
best,C:\Users\erich\Documents\AFRL\Algebraic-Connectivity-Optimization-CDC2026\lite_trials\sweep\lambda2_only\checkpoints\best.pt,ppo,19000,C:\Users\erich\Documents\AFRL\Algebraic-Connectivity-Optimization-CDC2026\lite_trials\lite_config.yaml,full,12,0.836363636364,1,57,57,0.8363636363636363,3,0.8325295229197432,9.99035427503692,0.0027162999995198334,0.0027162999995198334,0.002824499999405816,backbone,envelope_only,envelope,54,9.0,0.00010819999988598283,False,,,False,1,envelope,64,4,RL+Backbone,1
best,C:\Users\erich\Documents\AFRL\Algebraic-Connectivity-Optimization-CDC2026\lite_trials\sweep\lambda2_only\checkpoints\best.pt,ppo,19000,C:\Users\erich\Documents\AFRL\Algebraic-Connectivity-Optimization-CDC2026\lite_trials\lite_config.yaml,full,12,0.836363636364,2,57,57,0.8363636363636363,3,0.8325295229197432,9.99035427503692,0.0025417000006200396,0.0025417000006200396,0.0026815000010174117,backbone,envelope_only,envelope,54,9.0,0.00013980000039737206,False,,,False,1,envelope,64,4,RL+Backbone,2
best,C:\Users\erich\Documents\AFRL\Algebraic-Connectivity-Optimization-CDC2026\lite_trials\sweep\lambda2_only\checkpoints\best.pt,ppo,19000,C:\Users\erich\Documents\AFRL\Algebraic-Connectivity-Optimization-CDC2026\lite_trials\lite_config.yaml,full,12,0.836363636364,3,57,57,0.8363636363636363,3,0.8325295229197432,9.99035427503692,0.0028754000004482805,0.0028754000004482805,0.0029949999998279964,backbone,envelope_only,envelope,54,9.0,0.00011959999937971588,False,,,False,1,envelope,64,4,RL+Backbone,3
best,C:\Users\erich\Documents\AFRL\Algebraic-Connectivity-Optimization-CDC2026\lite_trials\sweep\lambda2_only\checkpoints\best.pt,ppo,19000,C:\Users\erich\Documents\AFRL\Algebraic-Connectivity-Optimization-CDC2026\lite_trials\lite_config.yaml,full,12,0.836363636364,4,57,57,0.8363636363636363,3,0.8325295229197432,9.99035427503692,0.002641600000060862,0.002641600000060862,0.0027516000000105123,backbone,envelope_only,envelope,54,9.0,0.00010999999994965037,False,,,False,1,envelope,64,4,RL+Backbone,4
best,C:\Users\erich\Documents\AFRL\Algebraic-Connectivity-Optimization-CDC2026\lite_trials\sweep\lambda2_only\checkpoints\best.pt,ppo,19000,C:\Users\erich\Documents\AFRL\Algebraic-Connectivity-Optimization-CDC2026\lite_trials\lite_config.yaml,full,12,0.909090909091,0,61,61,0.9090909090909091,1,0.8333333333333323,9.999999999999988,0.001045900000463007,0.001045900000463007,0.0012476000001697685,backbone,envelope_only,envelope,60,10.0,0.00020169999970676145,False,,,False,1,envelope,64,4,RL+Backbone,0
best,C:\Users\erich\Documents\AFRL\Algebraic-Connectivity-Optimization-CDC2026\lite_trials\sweep\lambda2_only\checkpoints\best.pt,ppo,19000,C:\Users\erich\Documents\AFRL\Algebraic-Connectivity-Optimization-CDC2026\lite_trials\lite_config.yaml,full,12,0.909090909091,1,61,61,0.9090909090909091,1,0.8333333333333323,9.999999999999988,0.0014986999995016959,0.0014986999995016959,0.0016232999987551011,backbone,envelope_only,envelope,60,10.0,0.00012459999925340526,False,,,False,1,envelope,64,4,RL+Backbone,1
best,C:\Users\erich\Documents\AFRL\Algebraic-Connectivity-Optimization-CDC2026\lite_trials\sweep\lambda2_only\checkpoints\best.pt,ppo,19000,C:\Users\erich\Documents\AFRL\Algebraic-Connectivity-Optimization-CDC2026\lite_trials\lite_config.yaml,full,12,0.909090909091,2,61,61,0.9090909090909091,1,0.8333333333333323,9.999999999999988,0.0011488999998618965,0.0011488999998618965,0.0013294000000314554,backbone,envelope_only,envelope,60,10.0,0.00018050000016955892,False,,,False,1,envelope,64,4,RL+Backbone,2
best,C:\Users\erich\Documents\AFRL\Algebraic-Connectivity-Optimization-CDC2026\lite_trials\sweep\lambda2_only\checkpoints\best.pt,ppo,19000,C:\Users\erich\Documents\AFRL\Algebraic-Connectivity-Optimization-CDC2026\lite_trials\lite_config.yaml,full,12,0.909090909091,3,61,61,0.9090909090909091,1,0.8333333333333323,9.999999999999988,0.0009350999998787302,0.0009350999998787302,0.0010498999999981606,backbone,envelope_only,envelope,60,10.0,0.00011480000011943048,False,,,False,1,envelope,64,4,RL+Backbone,3
best,C:\Users\erich\Documents\AFRL\Algebraic-Connectivity-Optimization-CDC2026\lite_trials\sweep\lambda2_only\checkpoints\best.pt,ppo,19000,C:\Users\erich\Documents\AFRL\Algebraic-Connectivity-Optimization-CDC2026\lite_trials\lite_config.yaml,full,12,0.909090909091,4,61,61,0.9090909090909091,1,0.8333333333333323,9.999999999999988,0.0011068000003433554,0.0011068000003433554,0.0012225000000398722,backbone,envelope_only,envelope,60,10.0,0.0001156999996965169,False,,,False,1,envelope,64,4,RL+Backbone,4
best,C:\Users\erich\Documents\AFRL\Algebraic-Connectivity-Optimization-CDC2026\lite_trials\sweep\lambda2_only\checkpoints\best.pt,ppo,19000,C:\Users\erich\Documents\AFRL\Algebraic-Connectivity-Optimization-CDC2026\lite_trials\lite_config.yaml,full,12,0.981818181818,0,65,65,0.9818181818181818,5,0.8524253031198383,10.22910363743806,0.005070199999863689,0.005070199999863689,0.005195499999899766,backbone,envelope_only,envelope,60,10.0,0.0001253000000360771,False,,,False,1,envelope,64,4,RL+Backbone,0
best,C:\Users\erich\Documents\AFRL\Algebraic-Connectivity-Optimization-CDC2026\lite_trials\sweep\lambda2_only\checkpoints\best.pt,ppo,19000,C:\Users\erich\Documents\AFRL\Algebraic-Connectivity-Optimization-CDC2026\lite_trials\lite_config.yaml,full,12,0.981818181818,1,65,65,0.9818181818181818,5,0.8524253031198383,10.22910363743806,0.0044497999997474835,0.0044497999997474835,0.004591999999320251,backbone,envelope_only,envelope,60,10.0,0.0001421999995727674,False,,,False,1,envelope,64,4,RL+Backbone,1
best,C:\Users\erich\Documents\AFRL\Algebraic-Connectivity-Optimization-CDC2026\lite_trials\sweep\lambda2_only\checkpoints\best.pt,ppo,19000,C:\Users\erich\Documents\AFRL\Algebraic-Connectivity-Optimization-CDC2026\lite_trials\lite_config.yaml,full,12,0.981818181818,2,65,65,0.9818181818181818,5,0.8524253031198383,10.22910363743806,0.004227600000376697,0.004227600000376697,0.004341500000009546,backbone,envelope_only,envelope,60,10.0,0.00011389999963284936,False,,,False,1,envelope,64,4,RL+Backbone,2
best,C:\Users\erich\Documents\AFRL\Algebraic-Connectivity-Optimization-CDC2026\lite_trials\sweep\lambda2_only\checkpoints\best.pt,ppo,19000,C:\Users\erich\Documents\AFRL\Algebraic-Connectivity-Optimization-CDC2026\lite_trials\lite_config.yaml,full,12,0.981818181818,3,65,65,0.9818181818181818,5,0.8524253031198383,10.22910363743806,0.0044476000002759974,0.0044476000002759974,0.004572500000904256,backbone,envelope_only,envelope,60,10.0,0.00012490000062825857,False,,,False,1,envelope,64,4,RL+Backbone,3
best,C:\Users\erich\Documents\AFRL\Algebraic-Connectivity-Optimization-CDC2026\lite_trials\sweep\lambda2_only\checkpoints\best.pt,ppo,19000,C:\Users\erich\Documents\AFRL\Algebraic-Connectivity-Optimization-CDC2026\lite_trials\lite_config.yaml,full,12,0.981818181818,4,65,65,0.9818181818181818,5,0.8524253031198383,10.22910363743806,0.011021899999832385,0.011021899999832385,0.011148599999614817,backbone,envelope_only,envelope,60,10.0,0.0001266999997824314,False,,,False,1,envelope,64,4,RL+Backbone,4
best,C:\Users\erich\Documents\AFRL\Algebraic-Connectivity-Optimization-CDC2026\lite_trials\sweep\lambda2_only\checkpoints\best.pt,ppo,19000,C:\Users\erich\Documents\AFRL\Algebraic-Connectivity-Optimization-CDC2026\lite_trials\lite_config.yaml,full,16,0.009523809524,0,16,16,0.009523809523809525,1,0.03335160995589666,0.5336257592943465,0.0035850000003847526,0.0035850000003847526,0.0035850000003847526,path,path,path,15,0.0,0.0,False,,,False,1,path,64,4,RL+Path,0
best,C:\Users\erich\Documents\AFRL\Algebraic-Connectivity-Optimization-CDC2026\lite_trials\sweep\lambda2_only\checkpoints\best.pt,ppo,19000,C:\Users\erich\Documents\AFRL\Algebraic-Connectivity-Optimization-CDC2026\lite_trials\lite_config.yaml,full,16,0.009523809524,1,16,16,0.009523809523809525,1,0.03335160995589666,0.5336257592943465,0.0010948999997708597,0.0010948999997708597,0.0010948999997708597,path,path,path,15,0.0,0.0,False,,,False,1,path,64,4,RL+Path,1
best,C:\Users\erich\Documents\AFRL\Algebraic-Connectivity-Optimization-CDC2026\lite_trials\sweep\lambda2_only\checkpoints\best.pt,ppo,19000,C:\Users\erich\Documents\AFRL\Algebraic-Connectivity-Optimization-CDC2026\lite_trials\lite_config.yaml,full,16,0.009523809524,2,16,16,0.009523809523809525,1,0.03335160995589666,0.5336257592943465,0.0009132000004683505,0.0009132000004683505,0.0009132000004683505,path,path,path,15,0.0,0.0,False,,,False,1,path,64,4,RL+Path,2
best,C:\Users\erich\Documents\AFRL\Algebraic-Connectivity-Optimization-CDC2026\lite_trials\sweep\lambda2_only\checkpoints\best.pt,ppo,19000,C:\Users\erich\Documents\AFRL\Algebraic-Connectivity-Optimization-CDC2026\lite_trials\lite_config.yaml,full,16,0.009523809524,3,16,16,0.009523809523809525,1,0.03335160995589666,0.5336257592943465,0.0008669000008012517,0.0008669000008012517,0.0008669000008012517,path,path,path,15,0.0,0.0,False,,,False,1,path,64,4,RL+Path,3
best,C:\Users\erich\Documents\AFRL\Algebraic-Connectivity-Optimization-CDC2026\lite_trials\sweep\lambda2_only\checkpoints\best.pt,ppo,19000,C:\Users\erich\Documents\AFRL\Algebraic-Connectivity-Optimization-CDC2026\lite_trials\lite_config.yaml,full,16,0.009523809524,4,16,16,0.009523809523809525,1,0.03335160995589666,0.5336257592943465,0.000847500000418222,0.000847500000418222,0.000847500000418222,path,path,path,15,0.0,0.0,False,,,False,1,path,64,4,RL+Path,4
best,C:\Users\erich\Documents\AFRL\Algebraic-Connectivity-Optimization-CDC2026\lite_trials\sweep\lambda2_only\checkpoints\best.pt,ppo,19000,C:\Users\erich\Documents\AFRL\Algebraic-Connectivity-Optimization-CDC2026\lite_trials\lite_config.yaml,full,16,0.07619047619,0,23,23,0.0761904761904762,8,0.2125165095947562,3.4002641535160993,0.008526900000106252,0.008526900000106252,0.008526900000106252,path,path,path,15,0.0,0.0,False,,,False,1,path,64,4,RL+Path,0
best,C:\Users\erich\Documents\AFRL\Algebraic-Connectivity-Optimization-CDC2026\lite_trials\sweep\lambda2_only\checkpoints\best.pt,ppo,19000,C:\Users\erich\Documents\AFRL\Algebraic-Connectivity-Optimization-CDC2026\lite_trials\lite_config.yaml,full,16,0.07619047619,1,23,23,0.0761904761904762,8,0.2125165095947562,3.4002641535160993,0.007046599999739556,0.007046599999739556,0.007046599999739556,path,path,path,15,0.0,0.0,False,,,False,1,path,64,4,RL+Path,1
best,C:\Users\erich\Documents\AFRL\Algebraic-Connectivity-Optimization-CDC2026\lite_trials\sweep\lambda2_only\checkpoints\best.pt,ppo,19000,C:\Users\erich\Documents\AFRL\Algebraic-Connectivity-Optimization-CDC2026\lite_trials\lite_config.yaml,full,16,0.07619047619,2,23,23,0.0761904761904762,8,0.2125165095947562,3.4002641535160993,0.007045000000289292,0.007045000000289292,0.007045000000289292,path,path,path,15,0.0,0.0,False,,,False,1,path,64,4,RL+Path,2
best,C:\Users\erich\Documents\AFRL\Algebraic-Connectivity-Optimization-CDC2026\lite_trials\sweep\lambda2_only\checkpoints\best.pt,ppo,19000,C:\Users\erich\Documents\AFRL\Algebraic-Connectivity-Optimization-CDC2026\lite_trials\lite_config.yaml,full,16,0.07619047619,3,23,23,0.0761904761904762,8,0.2125165095947562,3.4002641535160993,0.006595099999685772,0.006595099999685772,0.006595099999685772,path,path,path,15,0.0,0.0,False,,,False,1,path,64,4,RL+Path,3
best,C:\Users\erich\Documents\AFRL\Algebraic-Connectivity-Optimization-CDC2026\lite_trials\sweep\lambda2_only\checkpoints\best.pt,ppo,19000,C:\Users\erich\Documents\AFRL\Algebraic-Connectivity-Optimization-CDC2026\lite_trials\lite_config.yaml,full,16,0.07619047619,4,23,23,0.0761904761904762,8,0.2125165095947562,3.4002641535160993,0.0068670999999085325,0.0068670999999085325,0.0068670999999085325,path,path,path,15,0.0,0.0,False,,,False,1,path,64,4,RL+Path,4
best,C:\Users\erich\Documents\AFRL\Algebraic-Connectivity-Optimization-CDC2026\lite_trials\sweep\lambda2_only\checkpoints\best.pt,ppo,19000,C:\Users\erich\Documents\AFRL\Algebraic-Connectivity-Optimization-CDC2026\lite_trials\lite_config.yaml,full,16,0.152380952381,0,31,31,0.1523809523809524,16,0.41286061237371985,6.605769797979518,0.014257499999985157,0.014257499999985157,0.014257499999985157,path,path,path,15,0.0,0.0,False,,,False,1,path,64,4,RL+Path,0
best,C:\Users\erich\Documents\AFRL\Algebraic-Connectivity-Optimization-CDC2026\lite_trials\sweep\lambda2_only\checkpoints\best.pt,ppo,19000,C:\Users\erich\Documents\AFRL\Algebraic-Connectivity-Optimization-CDC2026\lite_trials\lite_config.yaml,full,16,0.152380952381,1,31,31,0.1523809523809524,16,0.41286061237371985,6.605769797979518,0.014372599999660451,0.014372599999660451,0.014372599999660451,path,path,path,15,0.0,0.0,False,,,False,1,path,64,4,RL+Path,1
best,C:\Users\erich\Documents\AFRL\Algebraic-Connectivity-Optimization-CDC2026\lite_trials\sweep\lambda2_only\checkpoints\best.pt,ppo,19000,C:\Users\erich\Documents\AFRL\Algebraic-Connectivity-Optimization-CDC2026\lite_trials\lite_config.yaml,full,16,0.152380952381,2,31,31,0.1523809523809524,16,0.41286061237371985,6.605769797979518,0.013691300000573392,0.013691300000573392,0.013691300000573392,path,path,path,15,0.0,0.0,False,,,False,1,path,64,4,RL+Path,2
best,C:\Users\erich\Documents\AFRL\Algebraic-Connectivity-Optimization-CDC2026\lite_trials\sweep\lambda2_only\checkpoints\best.pt,ppo,19000,C:\Users\erich\Documents\AFRL\Algebraic-Connectivity-Optimization-CDC2026\lite_trials\lite_config.yaml,full,16,0.152380952381,3,31,31,0.1523809523809524,16,0.41286061237371985,6.605769797979518,0.013699699999961013,0.013699699999961013,0.013699699999961013,path,path,path,15,0.0,0.0,False,,,False,1,path,64,4,RL+Path,3
best,C:\Users\erich\Documents\AFRL\Algebraic-Connectivity-Optimization-CDC2026\lite_trials\sweep\lambda2_only\checkpoints\best.pt,ppo,19000,C:\Users\erich\Documents\AFRL\Algebraic-Connectivity-Optimization-CDC2026\lite_trials\lite_config.yaml,full,16,0.152380952381,4,31,31,0.1523809523809524,16,0.41286061237371985,6.605769797979518,0.013191300000471529,0.013191300000471529,0.013191300000471529,path,path,path,15,0.0,0.0,False,,,False,1,path,64,4,RL+Path,4
best,C:\Users\erich\Documents\AFRL\Algebraic-Connectivity-Optimization-CDC2026\lite_trials\sweep\lambda2_only\checkpoints\best.pt,ppo,19000,C:\Users\erich\Documents\AFRL\Algebraic-Connectivity-Optimization-CDC2026\lite_trials\lite_config.yaml,full,16,0.219047619048,0,38,38,0.21904761904761905,23,0.5434178210083745,8.694685136133993,0.020477000000028056,0.020477000000028056,0.020477000000028056,path,path,path,15,0.0,0.0,False,,,False,1,path,64,4,RL+Path,0
best,C:\Users\erich\Documents\AFRL\Algebraic-Connectivity-Optimization-CDC2026\lite_trials\sweep\lambda2_only\checkpoints\best.pt,ppo,19000,C:\Users\erich\Documents\AFRL\Algebraic-Connectivity-Optimization-CDC2026\lite_trials\lite_config.yaml,full,16,0.219047619048,1,38,38,0.21904761904761905,23,0.5434178210083745,8.694685136133993,0.022779899999477493,0.022779899999477493,0.022779899999477493,path,path,path,15,0.0,0.0,False,,,False,1,path,64,4,RL+Path,1
best,C:\Users\erich\Documents\AFRL\Algebraic-Connectivity-Optimization-CDC2026\lite_trials\sweep\lambda2_only\checkpoints\best.pt,ppo,19000,C:\Users\erich\Documents\AFRL\Algebraic-Connectivity-Optimization-CDC2026\lite_trials\lite_config.yaml,full,16,0.219047619048,2,38,38,0.21904761904761905,23,0.5434178210083745,8.694685136133993,0.0210014999993291,0.0210014999993291,0.0210014999993291,path,path,path,15,0.0,0.0,False,,,False,1,path,64,4,RL+Path,2
best,C:\Users\erich\Documents\AFRL\Algebraic-Connectivity-Optimization-CDC2026\lite_trials\sweep\lambda2_only\checkpoints\best.pt,ppo,19000,C:\Users\erich\Documents\AFRL\Algebraic-Connectivity-Optimization-CDC2026\lite_trials\lite_config.yaml,full,16,0.219047619048,3,38,38,0.21904761904761905,23,0.5434178210083745,8.694685136133993,0.021337299999686365,0.021337299999686365,0.021337299999686365,path,path,path,15,0.0,0.0,False,,,False,1,path,64,4,RL+Path,3
best,C:\Users\erich\Documents\AFRL\Algebraic-Connectivity-Optimization-CDC2026\lite_trials\sweep\lambda2_only\checkpoints\best.pt,ppo,19000,C:\Users\erich\Documents\AFRL\Algebraic-Connectivity-Optimization-CDC2026\lite_trials\lite_config.yaml,full,16,0.219047619048,4,38,38,0.21904761904761905,23,0.5434178210083745,8.694685136133993,0.022305299999970885,0.022305299999970885,0.022305299999970885,path,path,path,15,0.0,0.0,False,,,False,1,path,64,4,RL+Path,4
best,C:\Users\erich\Documents\AFRL\Algebraic-Connectivity-Optimization-CDC2026\lite_trials\sweep\lambda2_only\checkpoints\best.pt,ppo,19000,C:\Users\erich\Documents\AFRL\Algebraic-Connectivity-Optimization-CDC2026\lite_trials\lite_config.yaml,full,16,0.285714285714,0,45,45,0.2857142857142857,30,0.6528241739859448,10.445186783775117,0.02771850000044651,0.02771850000044651,0.02771850000044651,path,path,path,15,0.0,0.0,False,,,False,1,path,64,4,RL+Path,0
best,C:\Users\erich\Documents\AFRL\Algebraic-Connectivity-Optimization-CDC2026\lite_trials\sweep\lambda2_only\checkpoints\best.pt,ppo,19000,C:\Users\erich\Documents\AFRL\Algebraic-Connectivity-Optimization-CDC2026\lite_trials\lite_config.yaml,full,16,0.285714285714,1,45,45,0.2857142857142857,30,0.6528241739859448,10.445186783775117,0.024579899999480403,0.024579899999480403,0.024579899999480403,path,path,path,15,0.0,0.0,False,,,False,1,path,64,4,RL+Path,1
best,C:\Users\erich\Documents\AFRL\Algebraic-Connectivity-Optimization-CDC2026\lite_trials\sweep\lambda2_only\checkpoints\best.pt,ppo,19000,C:\Users\erich\Documents\AFRL\Algebraic-Connectivity-Optimization-CDC2026\lite_trials\lite_config.yaml,full,16,0.285714285714,2,45,45,0.2857142857142857,30,0.6528241739859448,10.445186783775117,0.02498239999931684,0.02498239999931684,0.02498239999931684,path,path,path,15,0.0,0.0,False,,,False,1,path,64,4,RL+Path,2
best,C:\Users\erich\Documents\AFRL\Algebraic-Connectivity-Optimization-CDC2026\lite_trials\sweep\lambda2_only\checkpoints\best.pt,ppo,19000,C:\Users\erich\Documents\AFRL\Algebraic-Connectivity-Optimization-CDC2026\lite_trials\lite_config.yaml,full,16,0.285714285714,3,45,45,0.2857142857142857,30,0.6528241739859448,10.445186783775117,0.02830770000036864,0.02830770000036864,0.02830770000036864,path,path,path,15,0.0,0.0,False,,,False,1,path,64,4,RL+Path,3
best,C:\Users\erich\Documents\AFRL\Algebraic-Connectivity-Optimization-CDC2026\lite_trials\sweep\lambda2_only\checkpoints\best.pt,ppo,19000,C:\Users\erich\Documents\AFRL\Algebraic-Connectivity-Optimization-CDC2026\lite_trials\lite_config.yaml,full,16,0.285714285714,4,45,45,0.2857142857142857,30,0.6528241739859448,10.445186783775117,0.026144200000089768,0.026144200000089768,0.026144200000089768,path,path,path,15,0.0,0.0,False,,,False,1,path,64,4,RL+Path,4
best,C:\Users\erich\Documents\AFRL\Algebraic-Connectivity-Optimization-CDC2026\lite_trials\sweep\lambda2_only\checkpoints\best.pt,ppo,19000,C:\Users\erich\Documents\AFRL\Algebraic-Connectivity-Optimization-CDC2026\lite_trials\lite_config.yaml,full,16,0.361904761905,0,53,53,0.3619047619047619,38,0.2560779134716218,4.097246615545949,0.031520000000455184,0.031520000000455184,0.031520000000455184,path,path,path,15,0.0,0.0,False,,,False,1,path,64,4,RL+Path,0
best,C:\Users\erich\Documents\AFRL\Algebraic-Connectivity-Optimization-CDC2026\lite_trials\sweep\lambda2_only\checkpoints\best.pt,ppo,19000,C:\Users\erich\Documents\AFRL\Algebraic-Connectivity-Optimization-CDC2026\lite_trials\lite_config.yaml,full,16,0.361904761905,1,53,53,0.3619047619047619,38,0.2560779134716218,4.097246615545949,0.03147949999947741,0.03147949999947741,0.03147949999947741,path,path,path,15,0.0,0.0,False,,,False,1,path,64,4,RL+Path,1
best,C:\Users\erich\Documents\AFRL\Algebraic-Connectivity-Optimization-CDC2026\lite_trials\sweep\lambda2_only\checkpoints\best.pt,ppo,19000,C:\Users\erich\Documents\AFRL\Algebraic-Connectivity-Optimization-CDC2026\lite_trials\lite_config.yaml,full,16,0.361904761905,2,53,53,0.3619047619047619,38,0.2560779134716218,4.097246615545949,0.03660039999977016,0.03660039999977016,0.03660039999977016,path,path,path,15,0.0,0.0,False,,,False,1,path,64,4,RL+Path,2
best,C:\Users\erich\Documents\AFRL\Algebraic-Connectivity-Optimization-CDC2026\lite_trials\sweep\lambda2_only\checkpoints\best.pt,ppo,19000,C:\Users\erich\Documents\AFRL\Algebraic-Connectivity-Optimization-CDC2026\lite_trials\lite_config.yaml,full,16,0.361904761905,3,53,53,0.3619047619047619,38,0.2560779134716218,4.097246615545949,0.03355259999989357,0.03355259999989357,0.03355259999989357,path,path,path,15,0.0,0.0,False,,,False,1,path,64,4,RL+Path,3
best,C:\Users\erich\Documents\AFRL\Algebraic-Connectivity-Optimization-CDC2026\lite_trials\sweep\lambda2_only\checkpoints\best.pt,ppo,19000,C:\Users\erich\Documents\AFRL\Algebraic-Connectivity-Optimization-CDC2026\lite_trials\lite_config.yaml,full,16,0.361904761905,4,53,53,0.3619047619047619,38,0.2560779134716218,4.097246615545949,0.034979899999598274,0.034979899999598274,0.034979899999598274,path,path,path,15,0.0,0.0,False,,,False,1,path,64,4,RL+Path,4
best,C:\Users\erich\Documents\AFRL\Algebraic-Connectivity-Optimization-CDC2026\lite_trials\sweep\lambda2_only\checkpoints\best.pt,ppo,19000,C:\Users\erich\Documents\AFRL\Algebraic-Connectivity-Optimization-CDC2026\lite_trials\lite_config.yaml,full,16,0.428571428571,0,60,60,0.42857142857142855,45,0.5022346791064798,8.035754865703677,0.04020260000015696,0.04020260000015696,0.04020260000015696,path,path,path,15,0.0,0.0,False,,,False,1,path,64,4,RL+Path,0
best,C:\Users\erich\Documents\AFRL\Algebraic-Connectivity-Optimization-CDC2026\lite_trials\sweep\lambda2_only\checkpoints\best.pt,ppo,19000,C:\Users\erich\Documents\AFRL\Algebraic-Connectivity-Optimization-CDC2026\lite_trials\lite_config.yaml,full,16,0.428571428571,1,60,60,0.42857142857142855,45,0.5022346791064798,8.035754865703677,0.040199800000664254,0.040199800000664254,0.040199800000664254,path,path,path,15,0.0,0.0,False,,,False,1,path,64,4,RL+Path,1
best,C:\Users\erich\Documents\AFRL\Algebraic-Connectivity-Optimization-CDC2026\lite_trials\sweep\lambda2_only\checkpoints\best.pt,ppo,19000,C:\Users\erich\Documents\AFRL\Algebraic-Connectivity-Optimization-CDC2026\lite_trials\lite_config.yaml,full,16,0.428571428571,2,60,60,0.42857142857142855,45,0.5022346791064798,8.035754865703677,0.038156200000230456,0.038156200000230456,0.038156200000230456,path,path,path,15,0.0,0.0,False,,,False,1,path,64,4,RL+Path,2
best,C:\Users\erich\Documents\AFRL\Algebraic-Connectivity-Optimization-CDC2026\lite_trials\sweep\lambda2_only\checkpoints\best.pt,ppo,19000,C:\Users\erich\Documents\AFRL\Algebraic-Connectivity-Optimization-CDC2026\lite_trials\lite_config.yaml,full,16,0.428571428571,3,60,60,0.42857142857142855,45,0.5022346791064798,8.035754865703677,0.03806749999966996,0.03806749999966996,0.03806749999966996,path,path,path,15,0.0,0.0,False,,,False,1,path,64,4,RL+Path,3
best,C:\Users\erich\Documents\AFRL\Algebraic-Connectivity-Optimization-CDC2026\lite_trials\sweep\lambda2_only\checkpoints\best.pt,ppo,19000,C:\Users\erich\Documents\AFRL\Algebraic-Connectivity-Optimization-CDC2026\lite_trials\lite_config.yaml,full,16,0.428571428571,4,60,60,0.42857142857142855,45,0.5022346791064798,8.035754865703677,0.03908849999970698,0.03908849999970698,0.03908849999970698,path,path,path,15,0.0,0.0,False,,,False,1,path,64,4,RL+Path,4
best,C:\Users\erich\Documents\AFRL\Algebraic-Connectivity-Optimization-CDC2026\lite_trials\sweep\lambda2_only\checkpoints\best.pt,ppo,19000,C:\Users\erich\Documents\AFRL\Algebraic-Connectivity-Optimization-CDC2026\lite_trials\lite_config.yaml,full,16,0.504761904762,0,68,68,0.5047619047619047,53,0.7556346507737872,12.090154412380596,0.045400599999993574,0.045400599999993574,0.045400599999993574,path,path,path,15,0.0,0.0,False,,,False,1,path,64,4,RL+Path,0
best,C:\Users\erich\Documents\AFRL\Algebraic-Connectivity-Optimization-CDC2026\lite_trials\sweep\lambda2_only\checkpoints\best.pt,ppo,19000,C:\Users\erich\Documents\AFRL\Algebraic-Connectivity-Optimization-CDC2026\lite_trials\lite_config.yaml,full,16,0.504761904762,1,68,68,0.5047619047619047,53,0.7556346507737872,12.090154412380596,0.04983509999965463,0.04983509999965463,0.04983509999965463,path,path,path,15,0.0,0.0,False,,,False,1,path,64,4,RL+Path,1
best,C:\Users\erich\Documents\AFRL\Algebraic-Connectivity-Optimization-CDC2026\lite_trials\sweep\lambda2_only\checkpoints\best.pt,ppo,19000,C:\Users\erich\Documents\AFRL\Algebraic-Connectivity-Optimization-CDC2026\lite_trials\lite_config.yaml,full,16,0.504761904762,2,68,68,0.5047619047619047,53,0.7556346507737872,12.090154412380596,0.05551170000035199,0.05551170000035199,0.05551170000035199,path,path,path,15,0.0,0.0,False,,,False,1,path,64,4,RL+Path,2
best,C:\Users\erich\Documents\AFRL\Algebraic-Connectivity-Optimization-CDC2026\lite_trials\sweep\lambda2_only\checkpoints\best.pt,ppo,19000,C:\Users\erich\Documents\AFRL\Algebraic-Connectivity-Optimization-CDC2026\lite_trials\lite_config.yaml,full,16,0.504761904762,3,68,68,0.5047619047619047,53,0.7556346507737872,12.090154412380596,0.05046940000011091,0.05046940000011091,0.05046940000011091,path,path,path,15,0.0,0.0,False,,,False,1,path,64,4,RL+Path,3
best,C:\Users\erich\Documents\AFRL\Algebraic-Connectivity-Optimization-CDC2026\lite_trials\sweep\lambda2_only\checkpoints\best.pt,ppo,19000,C:\Users\erich\Documents\AFRL\Algebraic-Connectivity-Optimization-CDC2026\lite_trials\lite_config.yaml,full,16,0.504761904762,4,68,68,0.5047619047619047,53,0.7556346507737872,12.090154412380596,0.046640199999274046,0.046640199999274046,0.046640199999274046,path,path,path,15,0.0,0.0,False,,,False,1,path,64,4,RL+Path,4
best,C:\Users\erich\Documents\AFRL\Algebraic-Connectivity-Optimization-CDC2026\lite_trials\sweep\lambda2_only\checkpoints\best.pt,ppo,19000,C:\Users\erich\Documents\AFRL\Algebraic-Connectivity-Optimization-CDC2026\lite_trials\lite_config.yaml,full,16,0.571428571429,0,75,75,0.5714285714285714,60,0.878758231295193,14.060131700723089,0.05427959999997256,0.05427959999997256,0.05427959999997256,path,path,path,15,0.0,0.0,False,,,False,1,path,64,4,RL+Path,0
best,C:\Users\erich\Documents\AFRL\Algebraic-Connectivity-Optimization-CDC2026\lite_trials\sweep\lambda2_only\checkpoints\best.pt,ppo,19000,C:\Users\erich\Documents\AFRL\Algebraic-Connectivity-Optimization-CDC2026\lite_trials\lite_config.yaml,full,16,0.571428571429,1,75,75,0.5714285714285714,60,0.878758231295193,14.060131700723089,0.052881199999319506,0.052881199999319506,0.052881199999319506,path,path,path,15,0.0,0.0,False,,,False,1,path,64,4,RL+Path,1
best,C:\Users\erich\Documents\AFRL\Algebraic-Connectivity-Optimization-CDC2026\lite_trials\sweep\lambda2_only\checkpoints\best.pt,ppo,19000,C:\Users\erich\Documents\AFRL\Algebraic-Connectivity-Optimization-CDC2026\lite_trials\lite_config.yaml,full,16,0.571428571429,2,75,75,0.5714285714285714,60,0.878758231295193,14.060131700723089,0.055647700000008626,0.055647700000008626,0.055647700000008626,path,path,path,15,0.0,0.0,False,,,False,1,path,64,4,RL+Path,2
best,C:\Users\erich\Documents\AFRL\Algebraic-Connectivity-Optimization-CDC2026\lite_trials\sweep\lambda2_only\checkpoints\best.pt,ppo,19000,C:\Users\erich\Documents\AFRL\Algebraic-Connectivity-Optimization-CDC2026\lite_trials\lite_config.yaml,full,16,0.571428571429,3,75,75,0.5714285714285714,60,0.878758231295193,14.060131700723089,0.0529130000004443,0.0529130000004443,0.0529130000004443,path,path,path,15,0.0,0.0,False,,,False,1,path,64,4,RL+Path,3
best,C:\Users\erich\Documents\AFRL\Algebraic-Connectivity-Optimization-CDC2026\lite_trials\sweep\lambda2_only\checkpoints\best.pt,ppo,19000,C:\Users\erich\Documents\AFRL\Algebraic-Connectivity-Optimization-CDC2026\lite_trials\lite_config.yaml,full,16,0.571428571429,4,75,75,0.5714285714285714,60,0.878758231295193,14.060131700723089,0.049671800000396615,0.049671800000396615,0.049671800000396615,path,path,path,15,0.0,0.0,False,,,False,1,path,64,4,RL+Path,4
best,C:\Users\erich\Documents\AFRL\Algebraic-Connectivity-Optimization-CDC2026\lite_trials\sweep\lambda2_only\checkpoints\best.pt,ppo,19000,C:\Users\erich\Documents\AFRL\Algebraic-Connectivity-Optimization-CDC2026\lite_trials\lite_config.yaml,full,16,0.638095238095,0,82,82,0.638095238095238,67,0.49898031489830424,7.983685038372868,0.05669240000042919,0.05669240000042919,0.05669240000042919,path,path,path,15,0.0,0.0,False,,,False,1,path,64,4,RL+Path,0
best,C:\Users\erich\Documents\AFRL\Algebraic-Connectivity-Optimization-CDC2026\lite_trials\sweep\lambda2_only\checkpoints\best.pt,ppo,19000,C:\Users\erich\Documents\AFRL\Algebraic-Connectivity-Optimization-CDC2026\lite_trials\lite_config.yaml,full,16,0.638095238095,1,82,82,0.638095238095238,67,0.49898031489830424,7.983685038372868,0.059769800000140094,0.059769800000140094,0.059769800000140094,path,path,path,15,0.0,0.0,False,,,False,1,path,64,4,RL+Path,1
best,C:\Users\erich\Documents\AFRL\Algebraic-Connectivity-Optimization-CDC2026\lite_trials\sweep\lambda2_only\checkpoints\best.pt,ppo,19000,C:\Users\erich\Documents\AFRL\Algebraic-Connectivity-Optimization-CDC2026\lite_trials\lite_config.yaml,full,16,0.638095238095,2,82,82,0.638095238095238,67,0.49898031489830424,7.983685038372868,0.05657280000013998,0.05657280000013998,0.05657280000013998,path,path,path,15,0.0,0.0,False,,,False,1,path,64,4,RL+Path,2
best,C:\Users\erich\Documents\AFRL\Algebraic-Connectivity-Optimization-CDC2026\lite_trials\sweep\lambda2_only\checkpoints\best.pt,ppo,19000,C:\Users\erich\Documents\AFRL\Algebraic-Connectivity-Optimization-CDC2026\lite_trials\lite_config.yaml,full,16,0.638095238095,3,82,82,0.638095238095238,67,0.49898031489830424,7.983685038372868,0.05803620000006049,0.05803620000006049,0.05803620000006049,path,path,path,15,0.0,0.0,False,,,False,1,path,64,4,RL+Path,3
best,C:\Users\erich\Documents\AFRL\Algebraic-Connectivity-Optimization-CDC2026\lite_trials\sweep\lambda2_only\checkpoints\best.pt,ppo,19000,C:\Users\erich\Documents\AFRL\Algebraic-Connectivity-Optimization-CDC2026\lite_trials\lite_config.yaml,full,16,0.638095238095,4,82,82,0.638095238095238,67,0.49898031489830424,7.983685038372868,0.05932980000034149,0.05932980000034149,0.05932980000034149,path,path,path,15,0.0,0.0,False,,,False,1,path,64,4,RL+Path,4
best,C:\Users\erich\Documents\AFRL\Algebraic-Connectivity-Optimization-CDC2026\lite_trials\sweep\lambda2_only\checkpoints\best.pt,ppo,19000,C:\Users\erich\Documents\AFRL\Algebraic-Connectivity-Optimization-CDC2026\lite_trials\lite_config.yaml,full,16,0.714285714286,0,90,90,0.7142857142857143,75,0.7286997909583377,11.659196655333403,0.06850779999967926,0.06850779999967926,0.06850779999967926,path,path,path,15,0.0,0.0,False,,,False,1,path,64,4,RL+Path,0
best,C:\Users\erich\Documents\AFRL\Algebraic-Connectivity-Optimization-CDC2026\lite_trials\sweep\lambda2_only\checkpoints\best.pt,ppo,19000,C:\Users\erich\Documents\AFRL\Algebraic-Connectivity-Optimization-CDC2026\lite_trials\lite_config.yaml,full,16,0.714285714286,1,90,90,0.7142857142857143,75,0.7286997909583377,11.659196655333403,0.06717800000023999,0.06717800000023999,0.06717800000023999,path,path,path,15,0.0,0.0,False,,,False,1,path,64,4,RL+Path,1
best,C:\Users\erich\Documents\AFRL\Algebraic-Connectivity-Optimization-CDC2026\lite_trials\sweep\lambda2_only\checkpoints\best.pt,ppo,19000,C:\Users\erich\Documents\AFRL\Algebraic-Connectivity-Optimization-CDC2026\lite_trials\lite_config.yaml,full,16,0.714285714286,2,90,90,0.7142857142857143,75,0.7286997909583377,11.659196655333403,0.07061330000033195,0.07061330000033195,0.07061330000033195,path,path,path,15,0.0,0.0,False,,,False,1,path,64,4,RL+Path,2
best,C:\Users\erich\Documents\AFRL\Algebraic-Connectivity-Optimization-CDC2026\lite_trials\sweep\lambda2_only\checkpoints\best.pt,ppo,19000,C:\Users\erich\Documents\AFRL\Algebraic-Connectivity-Optimization-CDC2026\lite_trials\lite_config.yaml,full,16,0.714285714286,3,90,90,0.7142857142857143,75,0.7286997909583377,11.659196655333403,0.0698579999998401,0.0698579999998401,0.0698579999998401,path,path,path,15,0.0,0.0,False,,,False,1,path,64,4,RL+Path,3
best,C:\Users\erich\Documents\AFRL\Algebraic-Connectivity-Optimization-CDC2026\lite_trials\sweep\lambda2_only\checkpoints\best.pt,ppo,19000,C:\Users\erich\Documents\AFRL\Algebraic-Connectivity-Optimization-CDC2026\lite_trials\lite_config.yaml,full,16,0.714285714286,4,90,90,0.7142857142857143,75,0.7286997909583377,11.659196655333403,0.06568559999959689,0.06568559999959689,0.06568559999959689,path,path,path,15,0.0,0.0,False,,,False,1,path,64,4,RL+Path,4
best,C:\Users\erich\Documents\AFRL\Algebraic-Connectivity-Optimization-CDC2026\lite_trials\sweep\lambda2_only\checkpoints\best.pt,ppo,19000,C:\Users\erich\Documents\AFRL\Algebraic-Connectivity-Optimization-CDC2026\lite_trials\lite_config.yaml,full,16,0.780952380952,0,97,97,0.780952380952381,82,0.8620572468157791,13.792915949052466,0.07524159999957192,0.07524159999957192,0.07524159999957192,path,path,path,15,0.0,0.0,False,,,False,1,path,64,4,RL+Path,0
best,C:\Users\erich\Documents\AFRL\Algebraic-Connectivity-Optimization-CDC2026\lite_trials\sweep\lambda2_only\checkpoints\best.pt,ppo,19000,C:\Users\erich\Documents\AFRL\Algebraic-Connectivity-Optimization-CDC2026\lite_trials\lite_config.yaml,full,16,0.780952380952,1,97,97,0.780952380952381,82,0.8620572468157791,13.792915949052466,0.07428869999966992,0.07428869999966992,0.07428869999966992,path,path,path,15,0.0,0.0,False,,,False,1,path,64,4,RL+Path,1
best,C:\Users\erich\Documents\AFRL\Algebraic-Connectivity-Optimization-CDC2026\lite_trials\sweep\lambda2_only\checkpoints\best.pt,ppo,19000,C:\Users\erich\Documents\AFRL\Algebraic-Connectivity-Optimization-CDC2026\lite_trials\lite_config.yaml,full,16,0.780952380952,2,97,97,0.780952380952381,82,0.8620572468157791,13.792915949052466,0.07587569999941479,0.07587569999941479,0.07587569999941479,path,path,path,15,0.0,0.0,False,,,False,1,path,64,4,RL+Path,2
best,C:\Users\erich\Documents\AFRL\Algebraic-Connectivity-Optimization-CDC2026\lite_trials\sweep\lambda2_only\checkpoints\best.pt,ppo,19000,C:\Users\erich\Documents\AFRL\Algebraic-Connectivity-Optimization-CDC2026\lite_trials\lite_config.yaml,full,16,0.780952380952,3,97,97,0.780952380952381,82,0.8620572468157791,13.792915949052466,0.07622919999994338,0.07622919999994338,0.07622919999994338,path,path,path,15,0.0,0.0,False,,,False,1,path,64,4,RL+Path,3
best,C:\Users\erich\Documents\AFRL\Algebraic-Connectivity-Optimization-CDC2026\lite_trials\sweep\lambda2_only\checkpoints\best.pt,ppo,19000,C:\Users\erich\Documents\AFRL\Algebraic-Connectivity-Optimization-CDC2026\lite_trials\lite_config.yaml,full,16,0.780952380952,4,97,97,0.780952380952381,82,0.8620572468157791,13.792915949052466,0.07495639999979176,0.07495639999979176,0.07495639999979176,path,path,path,15,0.0,0.0,False,,,False,1,path,64,4,RL+Path,4
best,C:\Users\erich\Documents\AFRL\Algebraic-Connectivity-Optimization-CDC2026\lite_trials\sweep\lambda2_only\checkpoints\best.pt,ppo,19000,C:\Users\erich\Documents\AFRL\Algebraic-Connectivity-Optimization-CDC2026\lite_trials\lite_config.yaml,full,16,0.847619047619,0,104,104,0.8476190476190476,89,0.9514532352420716,15.223251763873145,0.0808924000002662,0.0808924000002662,0.0808924000002662,path,path,path,15,0.0,0.0,False,,,False,1,path,64,4,RL+Path,0
best,C:\Users\erich\Documents\AFRL\Algebraic-Connectivity-Optimization-CDC2026\lite_trials\sweep\lambda2_only\checkpoints\best.pt,ppo,19000,C:\Users\erich\Documents\AFRL\Algebraic-Connectivity-Optimization-CDC2026\lite_trials\lite_config.yaml,full,16,0.847619047619,1,104,104,0.8476190476190476,89,0.9514532352420716,15.223251763873145,0.08731350000016391,0.08731350000016391,0.08731350000016391,path,path,path,15,0.0,0.0,False,,,False,1,path,64,4,RL+Path,1
best,C:\Users\erich\Documents\AFRL\Algebraic-Connectivity-Optimization-CDC2026\lite_trials\sweep\lambda2_only\checkpoints\best.pt,ppo,19000,C:\Users\erich\Documents\AFRL\Algebraic-Connectivity-Optimization-CDC2026\lite_trials\lite_config.yaml,full,16,0.847619047619,2,104,104,0.8476190476190476,89,0.9514532352420716,15.223251763873145,0.07810310000058962,0.07810310000058962,0.07810310000058962,path,path,path,15,0.0,0.0,False,,,False,1,path,64,4,RL+Path,2
best,C:\Users\erich\Documents\AFRL\Algebraic-Connectivity-Optimization-CDC2026\lite_trials\sweep\lambda2_only\checkpoints\best.pt,ppo,19000,C:\Users\erich\Documents\AFRL\Algebraic-Connectivity-Optimization-CDC2026\lite_trials\lite_config.yaml,full,16,0.847619047619,3,104,104,0.8476190476190476,89,0.9514532352420716,15.223251763873145,0.08586650000052032,0.08586650000052032,0.08586650000052032,path,path,path,15,0.0,0.0,False,,,False,1,path,64,4,RL+Path,3
best,C:\Users\erich\Documents\AFRL\Algebraic-Connectivity-Optimization-CDC2026\lite_trials\sweep\lambda2_only\checkpoints\best.pt,ppo,19000,C:\Users\erich\Documents\AFRL\Algebraic-Connectivity-Optimization-CDC2026\lite_trials\lite_config.yaml,full,16,0.847619047619,4,104,104,0.8476190476190476,89,0.9514532352420716,15.223251763873145,0.08406439999998838,0.08406439999998838,0.08406439999998838,path,path,path,15,0.0,0.0,False,,,False,1,path,64,4,RL+Path,4
best,C:\Users\erich\Documents\AFRL\Algebraic-Connectivity-Optimization-CDC2026\lite_trials\sweep\lambda2_only\checkpoints\best.pt,ppo,19000,C:\Users\erich\Documents\AFRL\Algebraic-Connectivity-Optimization-CDC2026\lite_trials\lite_config.yaml,full,16,0.92380952381,0,112,112,0.9238095238095239,97,0.8444978830179638,13.51196612828742,0.08836089999931573,0.08836089999931573,0.08836089999931573,path,path,path,15,0.0,0.0,False,,,False,1,path,64,4,RL+Path,0
best,C:\Users\erich\Documents\AFRL\Algebraic-Connectivity-Optimization-CDC2026\lite_trials\sweep\lambda2_only\checkpoints\best.pt,ppo,19000,C:\Users\erich\Documents\AFRL\Algebraic-Connectivity-Optimization-CDC2026\lite_trials\lite_config.yaml,full,16,0.92380952381,1,112,112,0.9238095238095239,97,0.8444978830179638,13.51196612828742,0.08683640000072046,0.08683640000072046,0.08683640000072046,path,path,path,15,0.0,0.0,False,,,False,1,path,64,4,RL+Path,1
best,C:\Users\erich\Documents\AFRL\Algebraic-Connectivity-Optimization-CDC2026\lite_trials\sweep\lambda2_only\checkpoints\best.pt,ppo,19000,C:\Users\erich\Documents\AFRL\Algebraic-Connectivity-Optimization-CDC2026\lite_trials\lite_config.yaml,full,16,0.92380952381,2,112,112,0.9238095238095239,97,0.8444978830179638,13.51196612828742,0.08716670000012527,0.08716670000012527,0.08716670000012527,path,path,path,15,0.0,0.0,False,,,False,1,path,64,4,RL+Path,2
best,C:\Users\erich\Documents\AFRL\Algebraic-Connectivity-Optimization-CDC2026\lite_trials\sweep\lambda2_only\checkpoints\best.pt,ppo,19000,C:\Users\erich\Documents\AFRL\Algebraic-Connectivity-Optimization-CDC2026\lite_trials\lite_config.yaml,full,16,0.92380952381,3,112,112,0.9238095238095239,97,0.8444978830179638,13.51196612828742,0.09291480000047159,0.09291480000047159,0.09291480000047159,path,path,path,15,0.0,0.0,False,,,False,1,path,64,4,RL+Path,3
best,C:\Users\erich\Documents\AFRL\Algebraic-Connectivity-Optimization-CDC2026\lite_trials\sweep\lambda2_only\checkpoints\best.pt,ppo,19000,C:\Users\erich\Documents\AFRL\Algebraic-Connectivity-Optimization-CDC2026\lite_trials\lite_config.yaml,full,16,0.92380952381,4,112,112,0.9238095238095239,97,0.8444978830179638,13.51196612828742,0.09042420000059792,0.09042420000059792,0.09042420000059792,path,path,path,15,0.0,0.0,False,,,False,1,path,64,4,RL+Path,4
best,C:\Users\erich\Documents\AFRL\Algebraic-Connectivity-Optimization-CDC2026\lite_trials\sweep\lambda2_only\checkpoints\best.pt,ppo,19000,C:\Users\erich\Documents\AFRL\Algebraic-Connectivity-Optimization-CDC2026\lite_trials\lite_config.yaml,full,16,0.990476190476,0,119,119,0.9904761904761905,104,1.0000000000000002,16.000000000000004,0.11500650000016321,0.11500650000016321,0.11500650000016321,path,path,path,15,0.0,0.0,False,,,False,1,path,64,4,RL+Path,0
best,C:\Users\erich\Documents\AFRL\Algebraic-Connectivity-Optimization-CDC2026\lite_trials\sweep\lambda2_only\checkpoints\best.pt,ppo,19000,C:\Users\erich\Documents\AFRL\Algebraic-Connectivity-Optimization-CDC2026\lite_trials\lite_config.yaml,full,16,0.990476190476,1,119,119,0.9904761904761905,104,1.0000000000000002,16.000000000000004,0.09888469999987137,0.09888469999987137,0.09888469999987137,path,path,path,15,0.0,0.0,False,,,False,1,path,64,4,RL+Path,1
best,C:\Users\erich\Documents\AFRL\Algebraic-Connectivity-Optimization-CDC2026\lite_trials\sweep\lambda2_only\checkpoints\best.pt,ppo,19000,C:\Users\erich\Documents\AFRL\Algebraic-Connectivity-Optimization-CDC2026\lite_trials\lite_config.yaml,full,16,0.990476190476,2,119,119,0.9904761904761905,104,1.0000000000000002,16.000000000000004,0.09807270000055723,0.09807270000055723,0.09807270000055723,path,path,path,15,0.0,0.0,False,,,False,1,path,64,4,RL+Path,2
best,C:\Users\erich\Documents\AFRL\Algebraic-Connectivity-Optimization-CDC2026\lite_trials\sweep\lambda2_only\checkpoints\best.pt,ppo,19000,C:\Users\erich\Documents\AFRL\Algebraic-Connectivity-Optimization-CDC2026\lite_trials\lite_config.yaml,full,16,0.990476190476,3,119,119,0.9904761904761905,104,1.0000000000000002,16.000000000000004,0.09882800000013958,0.09882800000013958,0.09882800000013958,path,path,path,15,0.0,0.0,False,,,False,1,path,64,4,RL+Path,3
best,C:\Users\erich\Documents\AFRL\Algebraic-Connectivity-Optimization-CDC2026\lite_trials\sweep\lambda2_only\checkpoints\best.pt,ppo,19000,C:\Users\erich\Documents\AFRL\Algebraic-Connectivity-Optimization-CDC2026\lite_trials\lite_config.yaml,full,16,0.990476190476,4,119,119,0.9904761904761905,104,1.0000000000000002,16.000000000000004,0.09621100000003935,0.09621100000003935,0.09621100000003935,path,path,path,15,0.0,0.0,False,,,False,1,path,64,4,RL+Path,4
best,C:\Users\erich\Documents\AFRL\Algebraic-Connectivity-Optimization-CDC2026\lite_trials\sweep\lambda2_only\checkpoints\best.pt,ppo,19000,C:\Users\erich\Documents\AFRL\Algebraic-Connectivity-Optimization-CDC2026\lite_trials\lite_config.yaml,full,16,0.009523809524,0,16,16,0.009523809523809525,1,0.06249999999999991,0.9999999999999986,0.0035364999994271784,0.0035364999994271784,0.004032599999845843,backbone,envelope_only,envelope,15,1.0,0.0004961000004186644,False,,,False,1,envelope,64,4,RL+Backbone,0
best,C:\Users\erich\Documents\AFRL\Algebraic-Connectivity-Optimization-CDC2026\lite_trials\sweep\lambda2_only\checkpoints\best.pt,ppo,19000,C:\Users\erich\Documents\AFRL\Algebraic-Connectivity-Optimization-CDC2026\lite_trials\lite_config.yaml,full,16,0.009523809524,1,16,16,0.009523809523809525,1,0.06249999999999991,0.9999999999999986,0.0010266999997838866,0.0010266999997838866,0.0011440999996921164,backbone,envelope_only,envelope,15,1.0,0.0001173999999082298,False,,,False,1,envelope,64,4,RL+Backbone,1
best,C:\Users\erich\Documents\AFRL\Algebraic-Connectivity-Optimization-CDC2026\lite_trials\sweep\lambda2_only\checkpoints\best.pt,ppo,19000,C:\Users\erich\Documents\AFRL\Algebraic-Connectivity-Optimization-CDC2026\lite_trials\lite_config.yaml,full,16,0.009523809524,2,16,16,0.009523809523809525,1,0.06249999999999991,0.9999999999999986,0.0009166999998342362,0.0009166999998342362,0.0010345000000597793,backbone,envelope_only,envelope,15,1.0,0.00011780000022554304,False,,,False,1,envelope,64,4,RL+Backbone,2
best,C:\Users\erich\Documents\AFRL\Algebraic-Connectivity-Optimization-CDC2026\lite_trials\sweep\lambda2_only\checkpoints\best.pt,ppo,19000,C:\Users\erich\Documents\AFRL\Algebraic-Connectivity-Optimization-CDC2026\lite_trials\lite_config.yaml,full,16,0.009523809524,3,16,16,0.009523809523809525,1,0.06249999999999991,0.9999999999999986,0.0008831000004647649,0.0008831000004647649,0.000982500000645814,backbone,envelope_only,envelope,15,1.0,9.940000018104911e-05,False,,,False,1,envelope,64,4,RL+Backbone,3
best,C:\Users\erich\Documents\AFRL\Algebraic-Connectivity-Optimization-CDC2026\lite_trials\sweep\lambda2_only\checkpoints\best.pt,ppo,19000,C:\Users\erich\Documents\AFRL\Algebraic-Connectivity-Optimization-CDC2026\lite_trials\lite_config.yaml,full,16,0.009523809524,4,16,16,0.009523809523809525,1,0.06249999999999991,0.9999999999999986,0.0009084000002985704,0.0009084000002985704,0.000985200000286568,backbone,envelope_only,envelope,15,1.0,7.679999998799758e-05,False,,,False,1,envelope,64,4,RL+Backbone,4
best,C:\Users\erich\Documents\AFRL\Algebraic-Connectivity-Optimization-CDC2026\lite_trials\sweep\lambda2_only\checkpoints\best.pt,ppo,19000,C:\Users\erich\Documents\AFRL\Algebraic-Connectivity-Optimization-CDC2026\lite_trials\lite_config.yaml,full,16,0.07619047619,0,23,23,0.0761904761904762,8,0.23974994021382726,3.835999043421236,0.007487000000764965,0.007487000000764965,0.007562400001006608,backbone,both,envelope,15,1.0,7.540000024164328e-05,False,,"cayley:No feasible backbone candidate for (n=16, m=23, rho=0.076190, seed=0); errors=['cayley:no_candidate']",True,1,envelope,64,4,RL+Backbone,0
best,C:\Users\erich\Documents\AFRL\Algebraic-Connectivity-Optimization-CDC2026\lite_trials\sweep\lambda2_only\checkpoints\best.pt,ppo,19000,C:\Users\erich\Documents\AFRL\Algebraic-Connectivity-Optimization-CDC2026\lite_trials\lite_config.yaml,full,16,0.07619047619,1,23,23,0.0761904761904762,8,0.23974994021382726,3.835999043421236,0.008077000000412227,0.008077000000412227,0.008221900000535243,backbone,both,envelope,15,1.0,0.00014490000012301607,False,,"cayley:No feasible backbone candidate for (n=16, m=23, rho=0.076190, seed=1); errors=['cayley:no_candidate']",True,1,envelope,64,4,RL+Backbone,1
best,C:\Users\erich\Documents\AFRL\Algebraic-Connectivity-Optimization-CDC2026\lite_trials\sweep\lambda2_only\checkpoints\best.pt,ppo,19000,C:\Users\erich\Documents\AFRL\Algebraic-Connectivity-Optimization-CDC2026\lite_trials\lite_config.yaml,full,16,0.07619047619,2,23,23,0.0761904761904762,8,0.23974994021382726,3.835999043421236,0.006356100000630249,0.006356100000630249,0.006457100001171057,backbone,both,envelope,15,1.0,0.00010100000054080738,False,,"cayley:No feasible backbone candidate for (n=16, m=23, rho=0.076190, seed=2); errors=['cayley:no_candidate']",True,1,envelope,64,4,RL+Backbone,2
best,C:\Users\erich\Documents\AFRL\Algebraic-Connectivity-Optimization-CDC2026\lite_trials\sweep\lambda2_only\checkpoints\best.pt,ppo,19000,C:\Users\erich\Documents\AFRL\Algebraic-Connectivity-Optimization-CDC2026\lite_trials\lite_config.yaml,full,16,0.07619047619,3,23,23,0.0761904761904762,8,0.23974994021382726,3.835999043421236,0.006904299999405339,0.006904299999405339,0.007046299999274197,backbone,both,envelope,15,1.0,0.00014199999986885814,False,,"cayley:No feasible backbone candidate for (n=16, m=23, rho=0.076190, seed=3); errors=['cayley:no_candidate']",True,1,envelope,64,4,RL+Backbone,3
best,C:\Users\erich\Documents\AFRL\Algebraic-Connectivity-Optimization-CDC2026\lite_trials\sweep\lambda2_only\checkpoints\best.pt,ppo,19000,C:\Users\erich\Documents\AFRL\Algebraic-Connectivity-Optimization-CDC2026\lite_trials\lite_config.yaml,full,16,0.07619047619,4,23,23,0.0761904761904762,8,0.23974994021382726,3.835999043421236,0.009603399999832618,0.009603399999832618,0.0096997000000556,backbone,both,envelope,15,1.0,9.630000022298191e-05,False,,"cayley:No feasible backbone candidate for (n=16, m=23, rho=0.076190, seed=4); errors=['cayley:no_candidate']",True,1,envelope,64,4,RL+Backbone,4
best,C:\Users\erich\Documents\AFRL\Algebraic-Connectivity-Optimization-CDC2026\lite_trials\sweep\lambda2_only\checkpoints\best.pt,ppo,19000,C:\Users\erich\Documents\AFRL\Algebraic-Connectivity-Optimization-CDC2026\lite_trials\lite_config.yaml,full,16,0.152380952381,0,31,31,0.1523809523809524,7,0.21245984625355874,3.39935754005694,0.006004900000334601,0.006004900000334601,0.008294300000670773,backbone,cayley_only,cayley,24,0.7639320225002113,0.0022894000003361725,False,2,,False,1,cayley,64,4,RL+Backbone,0
best,C:\Users\erich\Documents\AFRL\Algebraic-Connectivity-Optimization-CDC2026\lite_trials\sweep\lambda2_only\checkpoints\best.pt,ppo,19000,C:\Users\erich\Documents\AFRL\Algebraic-Connectivity-Optimization-CDC2026\lite_trials\lite_config.yaml,full,16,0.152380952381,1,31,31,0.1523809523809524,7,0.21245984625355874,3.39935754005694,0.007091800000125659,0.007091800000125659,0.009253000000171596,backbone,cayley_only,cayley,24,0.7639320225002113,0.0021612000000459375,False,2,,False,1,cayley,64,4,RL+Backbone,1
best,C:\Users\erich\Documents\AFRL\Algebraic-Connectivity-Optimization-CDC2026\lite_trials\sweep\lambda2_only\checkpoints\best.pt,ppo,19000,C:\Users\erich\Documents\AFRL\Algebraic-Connectivity-Optimization-CDC2026\lite_trials\lite_config.yaml,full,16,0.152380952381,2,31,31,0.1523809523809524,7,0.21245984625355874,3.39935754005694,0.006487700000434415,0.006487700000434415,0.008496399999785353,backbone,cayley_only,cayley,24,0.7639320225002113,0.002008699999350938,False,2,,False,1,cayley,64,4,RL+Backbone,2
best,C:\Users\erich\Documents\AFRL\Algebraic-Connectivity-Optimization-CDC2026\lite_trials\sweep\lambda2_only\checkpoints\best.pt,ppo,19000,C:\Users\erich\Documents\AFRL\Algebraic-Connectivity-Optimization-CDC2026\lite_trials\lite_config.yaml,full,16,0.152380952381,3,31,31,0.1523809523809524,7,0.21245984625355874,3.39935754005694,0.005839700000251469,0.005839700000251469,0.007941400000163412,backbone,cayley_only,cayley,24,0.7639320225002113,0.0021016999999119435,False,2,,False,1,cayley,64,4,RL+Backbone,3
best,C:\Users\erich\Documents\AFRL\Algebraic-Connectivity-Optimization-CDC2026\lite_trials\sweep\lambda2_only\checkpoints\best.pt,ppo,19000,C:\Users\erich\Documents\AFRL\Algebraic-Connectivity-Optimization-CDC2026\lite_trials\lite_config.yaml,full,16,0.152380952381,4,31,31,0.1523809523809524,7,0.21245984625355874,3.39935754005694,0.005768699999862292,0.005768699999862292,0.008797899999990477,backbone,cayley_only,cayley,24,0.7639320225002113,0.003029200000128185,False,2,,False,1,cayley,64,4,RL+Backbone,4
best,C:\Users\erich\Documents\AFRL\Algebraic-Connectivity-Optimization-CDC2026\lite_trials\sweep\lambda2_only\checkpoints\best.pt,ppo,19000,C:\Users\erich\Documents\AFRL\Algebraic-Connectivity-Optimization-CDC2026\lite_trials\lite_config.yaml,full,16,0.219047619048,0,38,38,0.21904761904761905,6,0.2751368557141845,4.402189691426952,0.005128400000103284,0.005128400000103284,0.007141500000216183,backbone,cayley_only,cayley,32,1.9999999999999991,0.0020131000001128996,False,2,,False,1,cayley,64,4,RL+Backbone,0
best,C:\Users\erich\Documents\AFRL\Algebraic-Connectivity-Optimization-CDC2026\lite_trials\sweep\lambda2_only\checkpoints\best.pt,ppo,19000,C:\Users\erich\Documents\AFRL\Algebraic-Connectivity-Optimization-CDC2026\lite_trials\lite_config.yaml,full,16,0.219047619048,1,38,38,0.21904761904761905,6,0.2751368557141845,4.402189691426952,0.005306199999722594,0.005306199999722594,0.007365299999946728,backbone,cayley_only,cayley,32,1.9999999999999991,0.0020591000002241344,False,2,,False,1,cayley,64,4,RL+Backbone,1
best,C:\Users\erich\Documents\AFRL\Algebraic-Connectivity-Optimization-CDC2026\lite_trials\sweep\lambda2_only\checkpoints\best.pt,ppo,19000,C:\Users\erich\Documents\AFRL\Algebraic-Connectivity-Optimization-CDC2026\lite_trials\lite_config.yaml,full,16,0.219047619048,2,38,38,0.21904761904761905,6,0.2751368557141845,4.402189691426952,0.005251399999906425,0.005251399999906425,0.007247300000017276,backbone,cayley_only,cayley,32,1.9999999999999991,0.0019959000001108507,False,2,,False,1,cayley,64,4,RL+Backbone,2
best,C:\Users\erich\Documents\AFRL\Algebraic-Connectivity-Optimization-CDC2026\lite_trials\sweep\lambda2_only\checkpoints\best.pt,ppo,19000,C:\Users\erich\Documents\AFRL\Algebraic-Connectivity-Optimization-CDC2026\lite_trials\lite_config.yaml,full,16,0.219047619048,3,38,38,0.21904761904761905,6,0.2751368557141845,4.402189691426952,0.005163699999684468,0.005163699999684468,0.007682999999815365,backbone,cayley_only,cayley,32,1.9999999999999991,0.0025193000001308974,False,2,,False,1,cayley,64,4,RL+Backbone,3
best,C:\Users\erich\Documents\AFRL\Algebraic-Connectivity-Optimization-CDC2026\lite_trials\sweep\lambda2_only\checkpoints\best.pt,ppo,19000,C:\Users\erich\Documents\AFRL\Algebraic-Connectivity-Optimization-CDC2026\lite_trials\lite_config.yaml,full,16,0.219047619048,4,38,38,0.21904761904761905,6,0.2751368557141845,4.402189691426952,0.005840899999384419,0.005840899999384419,0.00786199999947712,backbone,cayley_only,cayley,32,1.9999999999999991,0.0020211000000927015,False,2,,False,1,cayley,64,4,RL+Backbone,4
best,C:\Users\erich\Documents\AFRL\Algebraic-Connectivity-Optimization-CDC2026\lite_trials\sweep\lambda2_only\checkpoints\best.pt,ppo,19000,C:\Users\erich\Documents\AFRL\Algebraic-Connectivity-Optimization-CDC2026\lite_trials\lite_config.yaml,full,16,0.285714285714,0,45,45,0.2857142857142857,5,0.24642004108335322,3.9427206573336515,0.0049295999997411855,0.0049295999997411855,0.007132899999305664,backbone,cayley_only,cayley,40,2.7639320225002098,0.0022032999995644786,False,2,,False,1,cayley,64,4,RL+Backbone,0
best,C:\Users\erich\Documents\AFRL\Algebraic-Connectivity-Optimization-CDC2026\lite_trials\sweep\lambda2_only\checkpoints\best.pt,ppo,19000,C:\Users\erich\Documents\AFRL\Algebraic-Connectivity-Optimization-CDC2026\lite_trials\lite_config.yaml,full,16,0.285714285714,1,45,45,0.2857142857142857,5,0.24642004108335322,3.9427206573336515,0.005371500000364904,0.005371500000364904,0.00757770000018354,backbone,cayley_only,cayley,40,2.7639320225002098,0.0022061999998186366,False,2,,False,1,cayley,64,4,RL+Backbone,1
best,C:\Users\erich\Documents\AFRL\Algebraic-Connectivity-Optimization-CDC2026\lite_trials\sweep\lambda2_only\checkpoints\best.pt,ppo,19000,C:\Users\erich\Documents\AFRL\Algebraic-Connectivity-Optimization-CDC2026\lite_trials\lite_config.yaml,full,16,0.285714285714,2,45,45,0.2857142857142857,5,0.24642004108335322,3.9427206573336515,0.005271400000310678,0.005271400000310678,0.007553100000222912,backbone,cayley_only,cayley,40,2.7639320225002098,0.0022816999999122345,False,2,,False,1,cayley,64,4,RL+Backbone,2
best,C:\Users\erich\Documents\AFRL\Algebraic-Connectivity-Optimization-CDC2026\lite_trials\sweep\lambda2_only\checkpoints\best.pt,ppo,19000,C:\Users\erich\Documents\AFRL\Algebraic-Connectivity-Optimization-CDC2026\lite_trials\lite_config.yaml,full,16,0.285714285714,3,45,45,0.2857142857142857,5,0.24642004108335322,3.9427206573336515,0.004795099999682861,0.004795099999682861,0.007199599999694328,backbone,cayley_only,cayley,40,2.7639320225002098,0.002404500000011467,False,2,,False,1,cayley,64,4,RL+Backbone,3
best,C:\Users\erich\Documents\AFRL\Algebraic-Connectivity-Optimization-CDC2026\lite_trials\sweep\lambda2_only\checkpoints\best.pt,ppo,19000,C:\Users\erich\Documents\AFRL\Algebraic-Connectivity-Optimization-CDC2026\lite_trials\lite_config.yaml,full,16,0.285714285714,4,45,45,0.2857142857142857,5,0.24642004108335322,3.9427206573336515,0.0049126000003525405,0.0049126000003525405,0.0070538999998461804,backbone,cayley_only,cayley,40,2.7639320225002098,0.00214129999949364,False,2,,False,1,cayley,64,4,RL+Backbone,4
best,C:\Users\erich\Documents\AFRL\Algebraic-Connectivity-Optimization-CDC2026\lite_trials\sweep\lambda2_only\checkpoints\best.pt,ppo,19000,C:\Users\erich\Documents\AFRL\Algebraic-Connectivity-Optimization-CDC2026\lite_trials\lite_config.yaml,full,16,0.361904761905,0,53,53,0.3619047619047619,5,0.328125,5.25,0.004599200000484416,0.004599200000484416,0.007028300000456511,backbone,cayley_only,cayley,48,4.000000000000001,0.0024290999999720952,False,2,,False,1,cayley,64,4,RL+Backbone,0
best,C:\Users\erich\Documents\AFRL\Algebraic-Connectivity-Optimization-CDC2026\lite_trials\sweep\lambda2_only\checkpoints\best.pt,ppo,19000,C:\Users\erich\Documents\AFRL\Algebraic-Connectivity-Optimization-CDC2026\lite_trials\lite_config.yaml,full,16,0.361904761905,1,53,53,0.3619047619047619,5,0.328125,5.25,0.004891099999440485,0.004891099999440485,0.007114799999726529,backbone,cayley_only,cayley,48,4.000000000000001,0.002223700000286044,False,2,,False,1,cayley,64,4,RL+Backbone,1
best,C:\Users\erich\Documents\AFRL\Algebraic-Connectivity-Optimization-CDC2026\lite_trials\sweep\lambda2_only\checkpoints\best.pt,ppo,19000,C:\Users\erich\Documents\AFRL\Algebraic-Connectivity-Optimization-CDC2026\lite_trials\lite_config.yaml,full,16,0.361904761905,2,53,53,0.3619047619047619,5,0.3281250000000001,5.250000000000002,0.004426299999977346,0.004426299999977346,0.007483999999749358,backbone,cayley_only,cayley,48,4.000000000000001,0.0030576999997720122,False,2,,False,1,cayley,64,4,RL+Backbone,2
best,C:\Users\erich\Documents\AFRL\Algebraic-Connectivity-Optimization-CDC2026\lite_trials\sweep\lambda2_only\checkpoints\best.pt,ppo,19000,C:\Users\erich\Documents\AFRL\Algebraic-Connectivity-Optimization-CDC2026\lite_trials\lite_config.yaml,full,16,0.361904761905,3,53,53,0.3619047619047619,5,0.328125,5.25,0.004819100000531762,0.004819100000531762,0.006974300000365474,backbone,cayley_only,cayley,48,4.000000000000001,0.0021551999998337124,False,2,,False,1,cayley,64,4,RL+Backbone,3
best,C:\Users\erich\Documents\AFRL\Algebraic-Connectivity-Optimization-CDC2026\lite_trials\sweep\lambda2_only\checkpoints\best.pt,ppo,19000,C:\Users\erich\Documents\AFRL\Algebraic-Connectivity-Optimization-CDC2026\lite_trials\lite_config.yaml,full,16,0.361904761905,4,53,53,0.3619047619047619,5,0.328125,5.25,0.004250999999385385,0.004250999999385385,0.00647099999969214,backbone,cayley_only,cayley,48,4.000000000000001,0.0022200000003067544,False,2,,False,1,cayley,64,4,RL+Backbone,4
best,C:\Users\erich\Documents\AFRL\Algebraic-Connectivity-Optimization-CDC2026\lite_trials\sweep\lambda2_only\checkpoints\best.pt,ppo,19000,C:\Users\erich\Documents\AFRL\Algebraic-Connectivity-Optimization-CDC2026\lite_trials\lite_config.yaml,full,16,0.428571428571,0,60,60,0.42857142857142855,4,0.47324870086594056,7.571979213855049,0.004170600000179547,0.004170600000179547,0.006378800000675255,backbone,cayley_only,cayley,56,5.999999999999996,0.002208200000495708,False,2,,False,1,cayley,64,4,RL+Backbone,0
best,C:\Users\erich\Documents\AFRL\Algebraic-Connectivity-Optimization-CDC2026\lite_trials\sweep\lambda2_only\checkpoints\best.pt,ppo,19000,C:\Users\erich\Documents\AFRL\Algebraic-Connectivity-Optimization-CDC2026\lite_trials\lite_config.yaml,full,16,0.428571428571,1,60,60,0.42857142857142855,4,0.47324870086594056,7.571979213855049,0.004096399999980349,0.004096399999980349,0.007199899999250192,backbone,cayley_only,cayley,56,5.999999999999996,0.003103499999269843,False,2,,False,1,cayley,64,4,RL+Backbone,1
best,C:\Users\erich\Documents\AFRL\Algebraic-Connectivity-Optimization-CDC2026\lite_trials\sweep\lambda2_only\checkpoints\best.pt,ppo,19000,C:\Users\erich\Documents\AFRL\Algebraic-Connectivity-Optimization-CDC2026\lite_trials\lite_config.yaml,full,16,0.428571428571,2,60,60,0.42857142857142855,4,0.47324870086594056,7.571979213855049,0.004868200000601064,0.004868200000601064,0.007377700000688492,backbone,cayley_only,cayley,56,5.999999999999996,0.002509500000087428,False,2,,False,1,cayley,64,4,RL+Backbone,2
best,C:\Users\erich\Documents\AFRL\Algebraic-Connectivity-Optimization-CDC2026\lite_trials\sweep\lambda2_only\checkpoints\best.pt,ppo,19000,C:\Users\erich\Documents\AFRL\Algebraic-Connectivity-Optimization-CDC2026\lite_trials\lite_config.yaml,full,16,0.428571428571,3,60,60,0.42857142857142855,4,0.47324870086594056,7.571979213855049,0.003791599999203754,0.003791599999203754,0.0061850999991293065,backbone,cayley_only,cayley,56,5.999999999999996,0.0023934999999255524,False,2,,False,1,cayley,64,4,RL+Backbone,3
best,C:\Users\erich\Documents\AFRL\Algebraic-Connectivity-Optimization-CDC2026\lite_trials\sweep\lambda2_only\checkpoints\best.pt,ppo,19000,C:\Users\erich\Documents\AFRL\Algebraic-Connectivity-Optimization-CDC2026\lite_trials\lite_config.yaml,full,16,0.428571428571,4,60,60,0.42857142857142855,4,0.47324870086594056,7.571979213855049,0.005292899999403744,0.005292899999403744,0.0074772999996639555,backbone,cayley_only,cayley,56,5.999999999999996,0.0021844000002602115,False,2,,False,1,cayley,64,4,RL+Backbone,4
best,C:\Users\erich\Documents\AFRL\Algebraic-Connectivity-Optimization-CDC2026\lite_trials\sweep\lambda2_only\checkpoints\best.pt,ppo,19000,C:\Users\erich\Documents\AFRL\Algebraic-Connectivity-Optimization-CDC2026\lite_trials\lite_config.yaml,full,16,0.504761904762,0,68,68,0.5047619047619047,4,0.6100202687009928,9.760324299215885,0.004258099999788101,0.004258099999788101,0.006701600000269536,backbone,both,envelope,64,8.0,0.0031232000001182314,False,,,True,2,"cayley,envelope",64,4,RL+Backbone,0
best,C:\Users\erich\Documents\AFRL\Algebraic-Connectivity-Optimization-CDC2026\lite_trials\sweep\lambda2_only\checkpoints\best.pt,ppo,19000,C:\Users\erich\Documents\AFRL\Algebraic-Connectivity-Optimization-CDC2026\lite_trials\lite_config.yaml,full,16,0.504761904762,1,68,68,0.5047619047619047,4,0.6100202687009928,9.760324299215885,0.003760800000236486,0.003760800000236486,0.006054000000403903,backbone,both,envelope,64,8.0,0.002293200000167417,False,,,True,2,"cayley,envelope",64,4,RL+Backbone,1
best,C:\Users\erich\Documents\AFRL\Algebraic-Connectivity-Optimization-CDC2026\lite_trials\sweep\lambda2_only\checkpoints\best.pt,ppo,19000,C:\Users\erich\Documents\AFRL\Algebraic-Connectivity-Optimization-CDC2026\lite_trials\lite_config.yaml,full,16,0.504761904762,2,68,68,0.5047619047619047,4,0.6100202687009928,9.760324299215885,0.003900600000633858,0.003900600000633858,0.006292500000199652,backbone,both,envelope,64,8.0,0.002391899999565794,False,,,True,2,"cayley,envelope",64,4,RL+Backbone,2
best,C:\Users\erich\Documents\AFRL\Algebraic-Connectivity-Optimization-CDC2026\lite_trials\sweep\lambda2_only\checkpoints\best.pt,ppo,19000,C:\Users\erich\Documents\AFRL\Algebraic-Connectivity-Optimization-CDC2026\lite_trials\lite_config.yaml,full,16,0.504761904762,3,68,68,0.5047619047619047,4,0.6100202687009928,9.760324299215885,0.003910299999915878,0.003910299999915878,0.0061465999997381005,backbone,both,envelope,64,8.0,0.002236299999822222,False,,,True,2,"cayley,envelope",64,4,RL+Backbone,3
best,C:\Users\erich\Documents\AFRL\Algebraic-Connectivity-Optimization-CDC2026\lite_trials\sweep\lambda2_only\checkpoints\best.pt,ppo,19000,C:\Users\erich\Documents\AFRL\Algebraic-Connectivity-Optimization-CDC2026\lite_trials\lite_config.yaml,full,16,0.504761904762,4,68,68,0.5047619047619047,4,0.6100202687009928,9.760324299215885,0.0042763000001286855,0.0042763000001286855,0.0058003000003736815,backbone,both,envelope,64,8.0,0.00222589999975753,False,,,True,2,"cayley,envelope",64,4,RL+Backbone,4
best,C:\Users\erich\Documents\AFRL\Algebraic-Connectivity-Optimization-CDC2026\lite_trials\sweep\lambda2_only\checkpoints\best.pt,ppo,19000,C:\Users\erich\Documents\AFRL\Algebraic-Connectivity-Optimization-CDC2026\lite_trials\lite_config.yaml,full,16,0.571428571429,0,75,75,0.5714285714285714,11,0.7102619217891819,11.36419074862691,0.011743300000489398,0.011743300000489398,0.011853300000439049,backbone,both,envelope,64,8.0,0.004467899999326619,False,,,True,2,"cayley,envelope",64,4,RL+Backbone,0
best,C:\Users\erich\Documents\AFRL\Algebraic-Connectivity-Optimization-CDC2026\lite_trials\sweep\lambda2_only\checkpoints\best.pt,ppo,19000,C:\Users\erich\Documents\AFRL\Algebraic-Connectivity-Optimization-CDC2026\lite_trials\lite_config.yaml,full,16,0.571428571429,1,75,75,0.5714285714285714,11,0.7102619217891819,11.36419074862691,0.01726799999960349,0.01726799999960349,0.017378999999891676,backbone,both,envelope,64,8.0,0.00439860000005865,False,,,True,2,"cayley,envelope",64,4,RL+Backbone,1
best,C:\Users\erich\Documents\AFRL\Algebraic-Connectivity-Optimization-CDC2026\lite_trials\sweep\lambda2_only\checkpoints\best.pt,ppo,19000,C:\Users\erich\Documents\AFRL\Algebraic-Connectivity-Optimization-CDC2026\lite_trials\lite_config.yaml,full,16,0.571428571429,2,75,75,0.5714285714285714,11,0.7102619217891819,11.36419074862691,0.010248000000501634,0.010248000000501634,0.010367500000029395,backbone,both,envelope,64,8.0,0.004422799999701965,False,,,True,2,"cayley,envelope",64,4,RL+Backbone,2
best,C:\Users\erich\Documents\AFRL\Algebraic-Connectivity-Optimization-CDC2026\lite_trials\sweep\lambda2_only\checkpoints\best.pt,ppo,19000,C:\Users\erich\Documents\AFRL\Algebraic-Connectivity-Optimization-CDC2026\lite_trials\lite_config.yaml,full,16,0.571428571429,3,75,75,0.5714285714285714,11,0.7102619217891819,11.36419074862691,0.010542300000452087,0.010542300000452087,0.010649900000316848,backbone,both,envelope,64,8.0,0.005425899999863759,False,,,True,2,"cayley,envelope",64,4,RL+Backbone,3
best,C:\Users\erich\Documents\AFRL\Algebraic-Connectivity-Optimization-CDC2026\lite_trials\sweep\lambda2_only\checkpoints\best.pt,ppo,19000,C:\Users\erich\Documents\AFRL\Algebraic-Connectivity-Optimization-CDC2026\lite_trials\lite_config.yaml,full,16,0.571428571429,4,75,75,0.5714285714285714,11,0.7102619217891819,11.36419074862691,0.010446899999806192,0.010446899999806192,0.010550400000283844,backbone,both,envelope,64,8.0,0.004238399999849207,False,,,True,2,"cayley,envelope",64,4,RL+Backbone,4
best,C:\Users\erich\Documents\AFRL\Algebraic-Connectivity-Optimization-CDC2026\lite_trials\sweep\lambda2_only\checkpoints\best.pt,ppo,19000,C:\Users\erich\Documents\AFRL\Algebraic-Connectivity-Optimization-CDC2026\lite_trials\lite_config.yaml,full,16,0.638095238095,0,82,82,0.638095238095238,11,0.8127996725365675,13.00479476058508,0.010566500000095402,0.010566500000095402,0.012853399999585235,backbone,both,cayley,71,6.69722436226801,0.002286899999489833,False,3,,True,2,"cayley,envelope",64,4,RL+Backbone,0
best,C:\Users\erich\Documents\AFRL\Algebraic-Connectivity-Optimization-CDC2026\lite_trials\sweep\lambda2_only\checkpoints\best.pt,ppo,19000,C:\Users\erich\Documents\AFRL\Algebraic-Connectivity-Optimization-CDC2026\lite_trials\lite_config.yaml,full,16,0.638095238095,1,82,82,0.638095238095238,12,0.6912413931232938,11.0598622899727,0.010331200000109675,0.010331200000109675,0.012697299999672396,backbone,both,cayley,70,6.697224362268007,0.0023660999995627208,False,3,,True,2,"cayley,envelope",64,4,RL+Backbone,1
best,C:\Users\erich\Documents\AFRL\Algebraic-Connectivity-Optimization-CDC2026\lite_trials\sweep\lambda2_only\checkpoints\best.pt,ppo,19000,C:\Users\erich\Documents\AFRL\Algebraic-Connectivity-Optimization-CDC2026\lite_trials\lite_config.yaml,full,16,0.638095238095,2,82,82,0.638095238095238,12,0.7758883476483189,12.414213562373103,0.010728299999755109,0.010728299999755109,0.013221299999713665,backbone,both,cayley,70,6.58578643762691,0.002492999999958556,False,3,,True,2,"cayley,envelope",64,4,RL+Backbone,2
best,C:\Users\erich\Documents\AFRL\Algebraic-Connectivity-Optimization-CDC2026\lite_trials\sweep\lambda2_only\checkpoints\best.pt,ppo,19000,C:\Users\erich\Documents\AFRL\Algebraic-Connectivity-Optimization-CDC2026\lite_trials\lite_config.yaml,full,16,0.638095238095,3,82,82,0.638095238095238,11,0.7322557068059011,11.716091308894418,0.010010399999373476,0.010010399999373476,0.012491599999520986,backbone,both,cayley,71,6.733752496014796,0.00248120000014751,False,3,,True,2,"cayley,envelope",64,4,RL+Backbone,3
best,C:\Users\erich\Documents\AFRL\Algebraic-Connectivity-Optimization-CDC2026\lite_trials\sweep\lambda2_only\checkpoints\best.pt,ppo,19000,C:\Users\erich\Documents\AFRL\Algebraic-Connectivity-Optimization-CDC2026\lite_trials\lite_config.yaml,full,16,0.638095238095,4,82,82,0.638095238095238,12,0.7261173895303885,11.617878232486216,0.01115129999925557,0.01115129999925557,0.013478499999109772,backbone,both,cayley,70,6.539495129981236,0.0023271999998542015,False,3,,True,2,"cayley,envelope",64,4,RL+Backbone,4
best,C:\Users\erich\Documents\AFRL\Algebraic-Connectivity-Optimization-CDC2026\lite_trials\sweep\lambda2_only\checkpoints\best.pt,ppo,19000,C:\Users\erich\Documents\AFRL\Algebraic-Connectivity-Optimization-CDC2026\lite_trials\lite_config.yaml,full,16,0.714285714286,0,90,90,0.7142857142857143,5,0.7912825408457326,12.660520653531721,0.0046832999996695435,0.0046832999996695435,0.009774199999810662,backbone,both,cayley,85,9.999999999999996,0.005090900000141119,False,3,,True,2,"cayley,envelope",64,4,RL+Backbone,0
best,C:\Users\erich\Documents\AFRL\Algebraic-Connectivity-Optimization-CDC2026\lite_trials\sweep\lambda2_only\checkpoints\best.pt,ppo,19000,C:\Users\erich\Documents\AFRL\Algebraic-Connectivity-Optimization-CDC2026\lite_trials\lite_config.yaml,full,16,0.714285714286,1,90,90,0.7142857142857143,5,0.780997487828535,12.49595980525656,0.008550900000045658,0.008550900000045658,0.01321289999941655,backbone,both,cayley,85,9.999999999999996,0.004661999999370892,False,3,,True,2,"cayley,envelope",64,4,RL+Backbone,1
best,C:\Users\erich\Documents\AFRL\Algebraic-Connectivity-Optimization-CDC2026\lite_trials\sweep\lambda2_only\checkpoints\best.pt,ppo,19000,C:\Users\erich\Documents\AFRL\Algebraic-Connectivity-Optimization-CDC2026\lite_trials\lite_config.yaml,full,16,0.714285714286,2,90,90,0.7142857142857143,6,0.7659078242188159,12.254525187501054,0.015551399999822024,0.015551399999822024,0.02479219999986526,backbone,both,cayley,84,9.999999999999973,0.009240800000043237,False,3,,True,2,"cayley,envelope",64,4,RL+Backbone,2
best,C:\Users\erich\Documents\AFRL\Algebraic-Connectivity-Optimization-CDC2026\lite_trials\sweep\lambda2_only\checkpoints\best.pt,ppo,19000,C:\Users\erich\Documents\AFRL\Algebraic-Connectivity-Optimization-CDC2026\lite_trials\lite_config.yaml,full,16,0.714285714286,3,90,90,0.7142857142857143,5,0.7717333826214624,12.347734121943398,0.005971800000224903,0.005971800000224903,0.01321020000068529,backbone,both,cayley,85,9.999999999999996,0.007238400000460388,False,3,,True,2,"cayley,envelope",64,4,RL+Backbone,3
best,C:\Users\erich\Documents\AFRL\Algebraic-Connectivity-Optimization-CDC2026\lite_trials\sweep\lambda2_only\checkpoints\best.pt,ppo,19000,C:\Users\erich\Documents\AFRL\Algebraic-Connectivity-Optimization-CDC2026\lite_trials\lite_config.yaml,full,16,0.714285714286,4,90,90,0.7142857142857143,6,0.8484788695492085,13.575661912787336,0.006160400000226218,0.006160400000226218,0.010731100000157312,backbone,both,cayley,84,9.999999999999988,0.004570699999931094,False,3,,True,2,"cayley,envelope",64,4,RL+Backbone,4
best,C:\Users\erich\Documents\AFRL\Algebraic-Connectivity-Optimization-CDC2026\lite_trials\sweep\lambda2_only\checkpoints\best.pt,ppo,19000,C:\Users\erich\Documents\AFRL\Algebraic-Connectivity-Optimization-CDC2026\lite_trials\lite_config.yaml,full,16,0.780952380952,0,97,97,0.780952380952381,1,0.7499999999999996,11.999999999999993,0.0011150999998790212,0.0011150999998790212,0.0012509999996836996,backbone,envelope_only,envelope,96,12.0,0.00013589999980467837,False,,,False,1,envelope,64,4,RL+Backbone,0
best,C:\Users\erich\Documents\AFRL\Algebraic-Connectivity-Optimization-CDC2026\lite_trials\sweep\lambda2_only\checkpoints\best.pt,ppo,19000,C:\Users\erich\Documents\AFRL\Algebraic-Connectivity-Optimization-CDC2026\lite_trials\lite_config.yaml,full,16,0.780952380952,1,97,97,0.780952380952381,1,0.7499999999999996,11.999999999999993,0.0009588000002622721,0.0009588000002622721,0.0011115000006611808,backbone,envelope_only,envelope,96,12.0,0.00015270000039890874,False,,,False,1,envelope,64,4,RL+Backbone,1
best,C:\Users\erich\Documents\AFRL\Algebraic-Connectivity-Optimization-CDC2026\lite_trials\sweep\lambda2_only\checkpoints\best.pt,ppo,19000,C:\Users\erich\Documents\AFRL\Algebraic-Connectivity-Optimization-CDC2026\lite_trials\lite_config.yaml,full,16,0.780952380952,2,97,97,0.780952380952381,1,0.7499999999999996,11.999999999999993,0.0009609999997337582,0.0009609999997337582,0.001090900000235706,backbone,envelope_only,envelope,96,12.0,0.00012990000050194794,False,,,False,1,envelope,64,4,RL+Backbone,2
best,C:\Users\erich\Documents\AFRL\Algebraic-Connectivity-Optimization-CDC2026\lite_trials\sweep\lambda2_only\checkpoints\best.pt,ppo,19000,C:\Users\erich\Documents\AFRL\Algebraic-Connectivity-Optimization-CDC2026\lite_trials\lite_config.yaml,full,16,0.780952380952,3,97,97,0.780952380952381,1,0.7499999999999996,11.999999999999993,0.0009478000001763576,0.0009478000001763576,0.0010843000000022585,backbone,envelope_only,envelope,96,12.0,0.00013649999982590089,False,,,False,1,envelope,64,4,RL+Backbone,3
best,C:\Users\erich\Documents\AFRL\Algebraic-Connectivity-Optimization-CDC2026\lite_trials\sweep\lambda2_only\checkpoints\best.pt,ppo,19000,C:\Users\erich\Documents\AFRL\Algebraic-Connectivity-Optimization-CDC2026\lite_trials\lite_config.yaml,full,16,0.780952380952,4,97,97,0.780952380952381,1,0.7499999999999996,11.999999999999993,0.000943399999414396,0.000943399999414396,0.001075999999557098,backbone,envelope_only,envelope,96,12.0,0.0001326000001427019,False,,,False,1,envelope,64,4,RL+Backbone,4
best,C:\Users\erich\Documents\AFRL\Algebraic-Connectivity-Optimization-CDC2026\lite_trials\sweep\lambda2_only\checkpoints\best.pt,ppo,19000,C:\Users\erich\Documents\AFRL\Algebraic-Connectivity-Optimization-CDC2026\lite_trials\lite_config.yaml,full,16,0.847619047619,0,104,104,0.8476190476190476,8,0.8730358738903612,13.968573982245779,0.012584100000822218,0.012584100000822218,0.01278080000065529,backbone,envelope_only,envelope,96,12.0,0.00019669999983307207,False,,,False,1,envelope,64,4,RL+Backbone,0
best,C:\Users\erich\Documents\AFRL\Algebraic-Connectivity-Optimization-CDC2026\lite_trials\sweep\lambda2_only\checkpoints\best.pt,ppo,19000,C:\Users\erich\Documents\AFRL\Algebraic-Connectivity-Optimization-CDC2026\lite_trials\lite_config.yaml,full,16,0.847619047619,1,104,104,0.8476190476190476,8,0.8730358738903612,13.968573982245779,0.008373399999982212,0.008373399999982212,0.008634799999526876,backbone,envelope_only,envelope,96,12.0,0.00026139999954466475,False,,,False,1,envelope,64,4,RL+Backbone,1
best,C:\Users\erich\Documents\AFRL\Algebraic-Connectivity-Optimization-CDC2026\lite_trials\sweep\lambda2_only\checkpoints\best.pt,ppo,19000,C:\Users\erich\Documents\AFRL\Algebraic-Connectivity-Optimization-CDC2026\lite_trials\lite_config.yaml,full,16,0.847619047619,2,104,104,0.8476190476190476,8,0.8730358738903612,13.968573982245779,0.009322200000497105,0.009322200000497105,0.009519000001091626,backbone,envelope_only,envelope,96,12.0,0.0001968000005945214,False,,,False,1,envelope,64,4,RL+Backbone,2
best,C:\Users\erich\Documents\AFRL\Algebraic-Connectivity-Optimization-CDC2026\lite_trials\sweep\lambda2_only\checkpoints\best.pt,ppo,19000,C:\Users\erich\Documents\AFRL\Algebraic-Connectivity-Optimization-CDC2026\lite_trials\lite_config.yaml,full,16,0.847619047619,3,104,104,0.8476190476190476,8,0.8730358738903612,13.968573982245779,0.008527399999366025,0.008527399999366025,0.00874779999958264,backbone,envelope_only,envelope,96,12.0,0.000220400000216614,False,,,False,1,envelope,64,4,RL+Backbone,3
best,C:\Users\erich\Documents\AFRL\Algebraic-Connectivity-Optimization-CDC2026\lite_trials\sweep\lambda2_only\checkpoints\best.pt,ppo,19000,C:\Users\erich\Documents\AFRL\Algebraic-Connectivity-Optimization-CDC2026\lite_trials\lite_config.yaml,full,16,0.847619047619,4,104,104,0.8476190476190476,8,0.8730358738903612,13.968573982245779,0.007921899999928428,0.007921899999928428,0.008106499999485095,backbone,envelope_only,envelope,96,12.0,0.00018459999955666717,False,,,False,1,envelope,64,4,RL+Backbone,4
best,C:\Users\erich\Documents\AFRL\Algebraic-Connectivity-Optimization-CDC2026\lite_trials\sweep\lambda2_only\checkpoints\best.pt,ppo,19000,C:\Users\erich\Documents\AFRL\Algebraic-Connectivity-Optimization-CDC2026\lite_trials\lite_config.yaml,full,16,0.92380952381,0,112,112,0.9238095238095239,0,0.8749999999999992,13.999999999999988,2.0000061340397224e-07,2.0000061340397224e-07,0.00021070000093459385,backbone,envelope_only,envelope,112,14.0,0.00021050000032118987,False,,,False,1,envelope,64,4,RL+Backbone,0
best,C:\Users\erich\Documents\AFRL\Algebraic-Connectivity-Optimization-CDC2026\lite_trials\sweep\lambda2_only\checkpoints\best.pt,ppo,19000,C:\Users\erich\Documents\AFRL\Algebraic-Connectivity-Optimization-CDC2026\lite_trials\lite_config.yaml,full,16,0.92380952381,1,112,112,0.9238095238095239,0,0.8749999999999992,13.999999999999988,1.9999970390927047e-07,1.9999970390927047e-07,0.00016209999921557028,backbone,envelope_only,envelope,112,14.0,0.000161899999511661,False,,,False,1,envelope,64,4,RL+Backbone,1
best,C:\Users\erich\Documents\AFRL\Algebraic-Connectivity-Optimization-CDC2026\lite_trials\sweep\lambda2_only\checkpoints\best.pt,ppo,19000,C:\Users\erich\Documents\AFRL\Algebraic-Connectivity-Optimization-CDC2026\lite_trials\lite_config.yaml,full,16,0.92380952381,2,112,112,0.9238095238095239,0,0.8749999999999992,13.999999999999988,9.999985195463523e-08,9.999985195463523e-08,0.00015150000035646372,backbone,envelope_only,envelope,112,14.0,0.00015140000050450908,False,,,False,1,envelope,64,4,RL+Backbone,2
best,C:\Users\erich\Documents\AFRL\Algebraic-Connectivity-Optimization-CDC2026\lite_trials\sweep\lambda2_only\checkpoints\best.pt,ppo,19000,C:\Users\erich\Documents\AFRL\Algebraic-Connectivity-Optimization-CDC2026\lite_trials\lite_config.yaml,full,16,0.92380952381,3,112,112,0.9238095238095239,0,0.8749999999999992,13.999999999999988,9.999985195463523e-08,9.999985195463523e-08,0.00018170000021200394,backbone,envelope_only,envelope,112,14.0,0.0001816000003600493,False,,,False,1,envelope,64,4,RL+Backbone,3
best,C:\Users\erich\Documents\AFRL\Algebraic-Connectivity-Optimization-CDC2026\lite_trials\sweep\lambda2_only\checkpoints\best.pt,ppo,19000,C:\Users\erich\Documents\AFRL\Algebraic-Connectivity-Optimization-CDC2026\lite_trials\lite_config.yaml,full,16,0.92380952381,4,112,112,0.9238095238095239,0,0.8749999999999992,13.999999999999988,9.999985195463523e-08,9.999985195463523e-08,0.0001426999997420353,backbone,envelope_only,envelope,112,14.0,0.00014259999989008065,False,,,False,1,envelope,64,4,RL+Backbone,4
best,C:\Users\erich\Documents\AFRL\Algebraic-Connectivity-Optimization-CDC2026\lite_trials\sweep\lambda2_only\checkpoints\best.pt,ppo,19000,C:\Users\erich\Documents\AFRL\Algebraic-Connectivity-Optimization-CDC2026\lite_trials\lite_config.yaml,full,16,0.990476190476,0,119,119,0.9904761904761905,7,0.927737296423572,14.843796742777153,0.006837500000074215,0.006837500000074215,0.007024700000329176,backbone,envelope_only,envelope,112,14.0,0.0001872000002549612,False,,,False,1,envelope,64,4,RL+Backbone,0
best,C:\Users\erich\Documents\AFRL\Algebraic-Connectivity-Optimization-CDC2026\lite_trials\sweep\lambda2_only\checkpoints\best.pt,ppo,19000,C:\Users\erich\Documents\AFRL\Algebraic-Connectivity-Optimization-CDC2026\lite_trials\lite_config.yaml,full,16,0.990476190476,1,119,119,0.9904761904761905,7,0.927737296423572,14.843796742777153,0.00868120000086492,0.00868120000086492,0.008940400000028603,backbone,envelope_only,envelope,112,14.0,0.00025919999916368397,False,,,False,1,envelope,64,4,RL+Backbone,1
best,C:\Users\erich\Documents\AFRL\Algebraic-Connectivity-Optimization-CDC2026\lite_trials\sweep\lambda2_only\checkpoints\best.pt,ppo,19000,C:\Users\erich\Documents\AFRL\Algebraic-Connectivity-Optimization-CDC2026\lite_trials\lite_config.yaml,full,16,0.990476190476,2,119,119,0.9904761904761905,7,0.927737296423572,14.843796742777153,0.00791280000066763,0.00791280000066763,0.00817189999997936,backbone,envelope_only,envelope,112,14.0,0.00025909999931172933,False,,,False,1,envelope,64,4,RL+Backbone,2
best,C:\Users\erich\Documents\AFRL\Algebraic-Connectivity-Optimization-CDC2026\lite_trials\sweep\lambda2_only\checkpoints\best.pt,ppo,19000,C:\Users\erich\Documents\AFRL\Algebraic-Connectivity-Optimization-CDC2026\lite_trials\lite_config.yaml,full,16,0.990476190476,3,119,119,0.9904761904761905,7,0.927737296423572,14.843796742777153,0.00665240000034828,0.00665240000034828,0.006838000000243483,backbone,envelope_only,envelope,112,14.0,0.00018559999989520293,False,,,False,1,envelope,64,4,RL+Backbone,3
best,C:\Users\erich\Documents\AFRL\Algebraic-Connectivity-Optimization-CDC2026\lite_trials\sweep\lambda2_only\checkpoints\best.pt,ppo,19000,C:\Users\erich\Documents\AFRL\Algebraic-Connectivity-Optimization-CDC2026\lite_trials\lite_config.yaml,full,16,0.990476190476,4,119,119,0.9904761904761905,7,0.927737296423572,14.843796742777153,0.007855700000618526,0.007855700000618526,0.008038600000872975,backbone,envelope_only,envelope,112,14.0,0.00018290000025444897,False,,,False,1,envelope,64,4,RL+Backbone,4
best,C:\Users\erich\Documents\AFRL\Algebraic-Connectivity-Optimization-CDC2026\lite_trials\sweep\lambda2_only\checkpoints\best.pt,ppo,19000,C:\Users\erich\Documents\AFRL\Algebraic-Connectivity-Optimization-CDC2026\lite_trials\lite_config.yaml,full,24,0.00395256917,0,24,24,0.003952569169960474,1,0.014542406422833923,0.34901775414801417,0.003470300000117277,0.003470300000117277,0.003470300000117277,path,path,path,23,0.0,0.0,False,,,False,1,path,64,4,RL+Path,0
best,C:\Users\erich\Documents\AFRL\Algebraic-Connectivity-Optimization-CDC2026\lite_trials\sweep\lambda2_only\checkpoints\best.pt,ppo,19000,C:\Users\erich\Documents\AFRL\Algebraic-Connectivity-Optimization-CDC2026\lite_trials\lite_config.yaml,full,24,0.00395256917,1,24,24,0.003952569169960474,1,0.014542406422833923,0.34901775414801417,0.0013036999998803367,0.0013036999998803367,0.0013036999998803367,path,path,path,23,0.0,0.0,False,,,False,1,path,64,4,RL+Path,1
best,C:\Users\erich\Documents\AFRL\Algebraic-Connectivity-Optimization-CDC2026\lite_trials\sweep\lambda2_only\checkpoints\best.pt,ppo,19000,C:\Users\erich\Documents\AFRL\Algebraic-Connectivity-Optimization-CDC2026\lite_trials\lite_config.yaml,full,24,0.00395256917,2,24,24,0.003952569169960474,1,0.014542406422833923,0.34901775414801417,0.0010697999996409635,0.0010697999996409635,0.0010697999996409635,path,path,path,23,0.0,0.0,False,,,False,1,path,64,4,RL+Path,2
best,C:\Users\erich\Documents\AFRL\Algebraic-Connectivity-Optimization-CDC2026\lite_trials\sweep\lambda2_only\checkpoints\best.pt,ppo,19000,C:\Users\erich\Documents\AFRL\Algebraic-Connectivity-Optimization-CDC2026\lite_trials\lite_config.yaml,full,24,0.00395256917,3,24,24,0.003952569169960474,1,0.014542406422833923,0.34901775414801417,0.0009785000002011657,0.0009785000002011657,0.0009785000002011657,path,path,path,23,0.0,0.0,False,,,False,1,path,64,4,RL+Path,3
best,C:\Users\erich\Documents\AFRL\Algebraic-Connectivity-Optimization-CDC2026\lite_trials\sweep\lambda2_only\checkpoints\best.pt,ppo,19000,C:\Users\erich\Documents\AFRL\Algebraic-Connectivity-Optimization-CDC2026\lite_trials\lite_config.yaml,full,24,0.00395256917,4,24,24,0.003952569169960474,1,0.014542406422833923,0.34901775414801417,0.000970900000538677,0.000970900000538677,0.000970900000538677,path,path,path,23,0.0,0.0,False,,,False,1,path,64,4,RL+Path,4
best,C:\Users\erich\Documents\AFRL\Algebraic-Connectivity-Optimization-CDC2026\lite_trials\sweep\lambda2_only\checkpoints\best.pt,ppo,19000,C:\Users\erich\Documents\AFRL\Algebraic-Connectivity-Optimization-CDC2026\lite_trials\lite_config.yaml,full,24,0.075098814229,0,42,42,0.07509881422924901,19,0.22585789470887965,5.420589473013112,0.019653199999993376,0.019653199999993376,0.019653199999993376,path,path,path,23,0.0,0.0,False,,,False,1,path,64,4,RL+Path,0
best,C:\Users\erich\Documents\AFRL\Algebraic-Connectivity-Optimization-CDC2026\lite_trials\sweep\lambda2_only\checkpoints\best.pt,ppo,19000,C:\Users\erich\Documents\AFRL\Algebraic-Connectivity-Optimization-CDC2026\lite_trials\lite_config.yaml,full,24,0.075098814229,1,42,42,0.07509881422924901,19,0.22585789470887965,5.420589473013112,0.016430900000159454,0.016430900000159454,0.016430900000159454,path,path,path,23,0.0,0.0,False,,,False,1,path,64,4,RL+Path,1
best,C:\Users\erich\Documents\AFRL\Algebraic-Connectivity-Optimization-CDC2026\lite_trials\sweep\lambda2_only\checkpoints\best.pt,ppo,19000,C:\Users\erich\Documents\AFRL\Algebraic-Connectivity-Optimization-CDC2026\lite_trials\lite_config.yaml,full,24,0.075098814229,2,42,42,0.07509881422924901,19,0.22585789470887965,5.420589473013112,0.016305500000271422,0.016305500000271422,0.016305500000271422,path,path,path,23,0.0,0.0,False,,,False,1,path,64,4,RL+Path,2
best,C:\Users\erich\Documents\AFRL\Algebraic-Connectivity-Optimization-CDC2026\lite_trials\sweep\lambda2_only\checkpoints\best.pt,ppo,19000,C:\Users\erich\Documents\AFRL\Algebraic-Connectivity-Optimization-CDC2026\lite_trials\lite_config.yaml,full,24,0.075098814229,3,42,42,0.07509881422924901,19,0.22585789470887965,5.420589473013112,0.01616420000027574,0.01616420000027574,0.01616420000027574,path,path,path,23,0.0,0.0,False,,,False,1,path,64,4,RL+Path,3
best,C:\Users\erich\Documents\AFRL\Algebraic-Connectivity-Optimization-CDC2026\lite_trials\sweep\lambda2_only\checkpoints\best.pt,ppo,19000,C:\Users\erich\Documents\AFRL\Algebraic-Connectivity-Optimization-CDC2026\lite_trials\lite_config.yaml,full,24,0.075098814229,4,42,42,0.07509881422924901,19,0.22585789470887965,5.420589473013112,0.01708520000011049,0.01708520000011049,0.01708520000011049,path,path,path,23,0.0,0.0,False,,,False,1,path,64,4,RL+Path,4
best,C:\Users\erich\Documents\AFRL\Algebraic-Connectivity-Optimization-CDC2026\lite_trials\sweep\lambda2_only\checkpoints\best.pt,ppo,19000,C:\Users\erich\Documents\AFRL\Algebraic-Connectivity-Optimization-CDC2026\lite_trials\lite_config.yaml,full,24,0.146245059289,0,60,60,0.14624505928853754,37,0.06298761855101606,1.5117028452243855,0.033666700000139826,0.033666700000139826,0.033666700000139826,path,path,path,23,0.0,0.0,False,,,False,1,path,64,4,RL+Path,0
best,C:\Users\erich\Documents\AFRL\Algebraic-Connectivity-Optimization-CDC2026\lite_trials\sweep\lambda2_only\checkpoints\best.pt,ppo,19000,C:\Users\erich\Documents\AFRL\Algebraic-Connectivity-Optimization-CDC2026\lite_trials\lite_config.yaml,full,24,0.146245059289,1,60,60,0.14624505928853754,37,0.06298761855101606,1.5117028452243855,0.03392710000025545,0.03392710000025545,0.03392710000025545,path,path,path,23,0.0,0.0,False,,,False,1,path,64,4,RL+Path,1
best,C:\Users\erich\Documents\AFRL\Algebraic-Connectivity-Optimization-CDC2026\lite_trials\sweep\lambda2_only\checkpoints\best.pt,ppo,19000,C:\Users\erich\Documents\AFRL\Algebraic-Connectivity-Optimization-CDC2026\lite_trials\lite_config.yaml,full,24,0.146245059289,2,60,60,0.14624505928853754,37,0.06298761855101606,1.5117028452243855,0.0316184000002977,0.0316184000002977,0.0316184000002977,path,path,path,23,0.0,0.0,False,,,False,1,path,64,4,RL+Path,2
best,C:\Users\erich\Documents\AFRL\Algebraic-Connectivity-Optimization-CDC2026\lite_trials\sweep\lambda2_only\checkpoints\best.pt,ppo,19000,C:\Users\erich\Documents\AFRL\Algebraic-Connectivity-Optimization-CDC2026\lite_trials\lite_config.yaml,full,24,0.146245059289,3,60,60,0.14624505928853754,37,0.06298761855101606,1.5117028452243855,0.03183619999981602,0.03183619999981602,0.03183619999981602,path,path,path,23,0.0,0.0,False,,,False,1,path,64,4,RL+Path,3
best,C:\Users\erich\Documents\AFRL\Algebraic-Connectivity-Optimization-CDC2026\lite_trials\sweep\lambda2_only\checkpoints\best.pt,ppo,19000,C:\Users\erich\Documents\AFRL\Algebraic-Connectivity-Optimization-CDC2026\lite_trials\lite_config.yaml,full,24,0.146245059289,4,60,60,0.14624505928853754,37,0.06298761855101606,1.5117028452243855,0.03304680000019289,0.03304680000019289,0.03304680000019289,path,path,path,23,0.0,0.0,False,,,False,1,path,64,4,RL+Path,4
best,C:\Users\erich\Documents\AFRL\Algebraic-Connectivity-Optimization-CDC2026\lite_trials\sweep\lambda2_only\checkpoints\best.pt,ppo,19000,C:\Users\erich\Documents\AFRL\Algebraic-Connectivity-Optimization-CDC2026\lite_trials\lite_config.yaml,full,24,0.217391304348,0,78,78,0.21739130434782608,55,0.26149027682897247,6.27576664389534,0.049411500000132946,0.049411500000132946,0.049411500000132946,path,path,path,23,0.0,0.0,False,,,False,1,path,64,4,RL+Path,0
best,C:\Users\erich\Documents\AFRL\Algebraic-Connectivity-Optimization-CDC2026\lite_trials\sweep\lambda2_only\checkpoints\best.pt,ppo,19000,C:\Users\erich\Documents\AFRL\Algebraic-Connectivity-Optimization-CDC2026\lite_trials\lite_config.yaml,full,24,0.217391304348,1,78,78,0.21739130434782608,55,0.26149027682897247,6.27576664389534,0.049529400000210444,0.049529400000210444,0.049529400000210444,path,path,path,23,0.0,0.0,False,,,False,1,path,64,4,RL+Path,1
best,C:\Users\erich\Documents\AFRL\Algebraic-Connectivity-Optimization-CDC2026\lite_trials\sweep\lambda2_only\checkpoints\best.pt,ppo,19000,C:\Users\erich\Documents\AFRL\Algebraic-Connectivity-Optimization-CDC2026\lite_trials\lite_config.yaml,full,24,0.217391304348,2,78,78,0.21739130434782608,55,0.26149027682897247,6.27576664389534,0.049251299999923503,0.049251299999923503,0.049251299999923503,path,path,path,23,0.0,0.0,False,,,False,1,path,64,4,RL+Path,2
best,C:\Users\erich\Documents\AFRL\Algebraic-Connectivity-Optimization-CDC2026\lite_trials\sweep\lambda2_only\checkpoints\best.pt,ppo,19000,C:\Users\erich\Documents\AFRL\Algebraic-Connectivity-Optimization-CDC2026\lite_trials\lite_config.yaml,full,24,0.217391304348,3,78,78,0.21739130434782608,55,0.26149027682897247,6.27576664389534,0.04735469999923225,0.04735469999923225,0.04735469999923225,path,path,path,23,0.0,0.0,False,,,False,1,path,64,4,RL+Path,3
best,C:\Users\erich\Documents\AFRL\Algebraic-Connectivity-Optimization-CDC2026\lite_trials\sweep\lambda2_only\checkpoints\best.pt,ppo,19000,C:\Users\erich\Documents\AFRL\Algebraic-Connectivity-Optimization-CDC2026\lite_trials\lite_config.yaml,full,24,0.217391304348,4,78,78,0.21739130434782608,55,0.26149027682897247,6.27576664389534,0.04747910000060074,0.04747910000060074,0.04747910000060074,path,path,path,23,0.0,0.0,False,,,False,1,path,64,4,RL+Path,4
best,C:\Users\erich\Documents\AFRL\Algebraic-Connectivity-Optimization-CDC2026\lite_trials\sweep\lambda2_only\checkpoints\best.pt,ppo,19000,C:\Users\erich\Documents\AFRL\Algebraic-Connectivity-Optimization-CDC2026\lite_trials\lite_config.yaml,full,24,0.288537549407,0,96,96,0.2885375494071146,73,0.24911782765155396,5.978827863637295,0.07117500000003929,0.07117500000003929,0.07117500000003929,path,path,path,23,0.0,0.0,False,,,False,1,path,64,4,RL+Path,0
best,C:\Users\erich\Documents\AFRL\Algebraic-Connectivity-Optimization-CDC2026\lite_trials\sweep\lambda2_only\checkpoints\best.pt,ppo,19000,C:\Users\erich\Documents\AFRL\Algebraic-Connectivity-Optimization-CDC2026\lite_trials\lite_config.yaml,full,24,0.288537549407,1,96,96,0.2885375494071146,73,0.24911782765155396,5.978827863637295,0.06944920000023558,0.06944920000023558,0.06944920000023558,path,path,path,23,0.0,0.0,False,,,False,1,path,64,4,RL+Path,1
best,C:\Users\erich\Documents\AFRL\Algebraic-Connectivity-Optimization-CDC2026\lite_trials\sweep\lambda2_only\checkpoints\best.pt,ppo,19000,C:\Users\erich\Documents\AFRL\Algebraic-Connectivity-Optimization-CDC2026\lite_trials\lite_config.yaml,full,24,0.288537549407,2,96,96,0.2885375494071146,73,0.24911782765155396,5.978827863637295,0.06540020000011282,0.06540020000011282,0.06540020000011282,path,path,path,23,0.0,0.0,False,,,False,1,path,64,4,RL+Path,2
best,C:\Users\erich\Documents\AFRL\Algebraic-Connectivity-Optimization-CDC2026\lite_trials\sweep\lambda2_only\checkpoints\best.pt,ppo,19000,C:\Users\erich\Documents\AFRL\Algebraic-Connectivity-Optimization-CDC2026\lite_trials\lite_config.yaml,full,24,0.288537549407,3,96,96,0.2885375494071146,73,0.24911782765155396,5.978827863637295,0.06866119999995135,0.06866119999995135,0.06866119999995135,path,path,path,23,0.0,0.0,False,,,False,1,path,64,4,RL+Path,3
best,C:\Users\erich\Documents\AFRL\Algebraic-Connectivity-Optimization-CDC2026\lite_trials\sweep\lambda2_only\checkpoints\best.pt,ppo,19000,C:\Users\erich\Documents\AFRL\Algebraic-Connectivity-Optimization-CDC2026\lite_trials\lite_config.yaml,full,24,0.288537549407,4,96,96,0.2885375494071146,73,0.24911782765155396,5.978827863637295,0.06956429999991087,0.06956429999991087,0.06956429999991087,path,path,path,23,0.0,0.0,False,,,False,1,path,64,4,RL+Path,4
best,C:\Users\erich\Documents\AFRL\Algebraic-Connectivity-Optimization-CDC2026\lite_trials\sweep\lambda2_only\checkpoints\best.pt,ppo,19000,C:\Users\erich\Documents\AFRL\Algebraic-Connectivity-Optimization-CDC2026\lite_trials\lite_config.yaml,full,24,0.359683794466,0,114,114,0.35968379446640314,91,0.4401275967351654,10.563062321643969,0.08448119999957271,0.08448119999957271,0.08448119999957271,path,path,path,23,0.0,0.0,False,,,False,1,path,64,4,RL+Path,0
best,C:\Users\erich\Documents\AFRL\Algebraic-Connectivity-Optimization-CDC2026\lite_trials\sweep\lambda2_only\checkpoints\best.pt,ppo,19000,C:\Users\erich\Documents\AFRL\Algebraic-Connectivity-Optimization-CDC2026\lite_trials\lite_config.yaml,full,24,0.359683794466,1,114,114,0.35968379446640314,91,0.4401275967351654,10.563062321643969,0.08465650000016467,0.08465650000016467,0.08465650000016467,path,path,path,23,0.0,0.0,False,,,False,1,path,64,4,RL+Path,1
best,C:\Users\erich\Documents\AFRL\Algebraic-Connectivity-Optimization-CDC2026\lite_trials\sweep\lambda2_only\checkpoints\best.pt,ppo,19000,C:\Users\erich\Documents\AFRL\Algebraic-Connectivity-Optimization-CDC2026\lite_trials\lite_config.yaml,full,24,0.359683794466,2,114,114,0.35968379446640314,91,0.4401275967351654,10.563062321643969,0.09096179999960441,0.09096179999960441,0.09096179999960441,path,path,path,23,0.0,0.0,False,,,False,1,path,64,4,RL+Path,2
best,C:\Users\erich\Documents\AFRL\Algebraic-Connectivity-Optimization-CDC2026\lite_trials\sweep\lambda2_only\checkpoints\best.pt,ppo,19000,C:\Users\erich\Documents\AFRL\Algebraic-Connectivity-Optimization-CDC2026\lite_trials\lite_config.yaml,full,24,0.359683794466,3,114,114,0.35968379446640314,91,0.4401275967351654,10.563062321643969,0.08629830000063521,0.08629830000063521,0.08629830000063521,path,path,path,23,0.0,0.0,False,,,False,1,path,64,4,RL+Path,3
best,C:\Users\erich\Documents\AFRL\Algebraic-Connectivity-Optimization-CDC2026\lite_trials\sweep\lambda2_only\checkpoints\best.pt,ppo,19000,C:\Users\erich\Documents\AFRL\Algebraic-Connectivity-Optimization-CDC2026\lite_trials\lite_config.yaml,full,24,0.359683794466,4,114,114,0.35968379446640314,91,0.4401275967351654,10.563062321643969,0.08279140000013285,0.08279140000013285,0.08279140000013285,path,path,path,23,0.0,0.0,False,,,False,1,path,64,4,RL+Path,4
best,C:\Users\erich\Documents\AFRL\Algebraic-Connectivity-Optimization-CDC2026\lite_trials\sweep\lambda2_only\checkpoints\best.pt,ppo,19000,C:\Users\erich\Documents\AFRL\Algebraic-Connectivity-Optimization-CDC2026\lite_trials\lite_config.yaml,full,24,0.430830039526,0,132,132,0.4308300395256917,109,0.2730397892368365,6.552954941684076,0.1042821000000913,0.1042821000000913,0.1042821000000913,path,path,path,23,0.0,0.0,False,,,False,1,path,64,4,RL+Path,0
best,C:\Users\erich\Documents\AFRL\Algebraic-Connectivity-Optimization-CDC2026\lite_trials\sweep\lambda2_only\checkpoints\best.pt,ppo,19000,C:\Users\erich\Documents\AFRL\Algebraic-Connectivity-Optimization-CDC2026\lite_trials\lite_config.yaml,full,24,0.430830039526,1,132,132,0.4308300395256917,109,0.2730397892368365,6.552954941684076,0.10524549999990995,0.10524549999990995,0.10524549999990995,path,path,path,23,0.0,0.0,False,,,False,1,path,64,4,RL+Path,1
best,C:\Users\erich\Documents\AFRL\Algebraic-Connectivity-Optimization-CDC2026\lite_trials\sweep\lambda2_only\checkpoints\best.pt,ppo,19000,C:\Users\erich\Documents\AFRL\Algebraic-Connectivity-Optimization-CDC2026\lite_trials\lite_config.yaml,full,24,0.430830039526,2,132,132,0.4308300395256917,109,0.2730397892368365,6.552954941684076,0.09963779999998224,0.09963779999998224,0.09963779999998224,path,path,path,23,0.0,0.0,False,,,False,1,path,64,4,RL+Path,2
best,C:\Users\erich\Documents\AFRL\Algebraic-Connectivity-Optimization-CDC2026\lite_trials\sweep\lambda2_only\checkpoints\best.pt,ppo,19000,C:\Users\erich\Documents\AFRL\Algebraic-Connectivity-Optimization-CDC2026\lite_trials\lite_config.yaml,full,24,0.430830039526,3,132,132,0.4308300395256917,109,0.2730397892368365,6.552954941684076,0.10217280000051687,0.10217280000051687,0.10217280000051687,path,path,path,23,0.0,0.0,False,,,False,1,path,64,4,RL+Path,3
best,C:\Users\erich\Documents\AFRL\Algebraic-Connectivity-Optimization-CDC2026\lite_trials\sweep\lambda2_only\checkpoints\best.pt,ppo,19000,C:\Users\erich\Documents\AFRL\Algebraic-Connectivity-Optimization-CDC2026\lite_trials\lite_config.yaml,full,24,0.430830039526,4,132,132,0.4308300395256917,109,0.2730397892368365,6.552954941684076,0.098920100000214,0.098920100000214,0.098920100000214,path,path,path,23,0.0,0.0,False,,,False,1,path,64,4,RL+Path,4
best,C:\Users\erich\Documents\AFRL\Algebraic-Connectivity-Optimization-CDC2026\lite_trials\sweep\lambda2_only\checkpoints\best.pt,ppo,19000,C:\Users\erich\Documents\AFRL\Algebraic-Connectivity-Optimization-CDC2026\lite_trials\lite_config.yaml,full,24,0.498023715415,0,149,149,0.4980237154150198,126,0.45913093859021165,11.01914252616508,0.11674130000028526,0.11674130000028526,0.11674130000028526,path,path,path,23,0.0,0.0,False,,,False,1,path,64,4,RL+Path,0
best,C:\Users\erich\Documents\AFRL\Algebraic-Connectivity-Optimization-CDC2026\lite_trials\sweep\lambda2_only\checkpoints\best.pt,ppo,19000,C:\Users\erich\Documents\AFRL\Algebraic-Connectivity-Optimization-CDC2026\lite_trials\lite_config.yaml,full,24,0.498023715415,1,149,149,0.4980237154150198,126,0.45913093859021165,11.01914252616508,0.11941399999977875,0.11941399999977875,0.11941399999977875,path,path,path,23,0.0,0.0,False,,,False,1,path,64,4,RL+Path,1
best,C:\Users\erich\Documents\AFRL\Algebraic-Connectivity-Optimization-CDC2026\lite_trials\sweep\lambda2_only\checkpoints\best.pt,ppo,19000,C:\Users\erich\Documents\AFRL\Algebraic-Connectivity-Optimization-CDC2026\lite_trials\lite_config.yaml,full,24,0.498023715415,2,149,149,0.4980237154150198,126,0.45913093859021165,11.01914252616508,0.13091119999990042,0.13091119999990042,0.13091119999990042,path,path,path,23,0.0,0.0,False,,,False,1,path,64,4,RL+Path,2
best,C:\Users\erich\Documents\AFRL\Algebraic-Connectivity-Optimization-CDC2026\lite_trials\sweep\lambda2_only\checkpoints\best.pt,ppo,19000,C:\Users\erich\Documents\AFRL\Algebraic-Connectivity-Optimization-CDC2026\lite_trials\lite_config.yaml,full,24,0.498023715415,3,149,149,0.4980237154150198,126,0.45913093859021165,11.01914252616508,0.12758320000011736,0.12758320000011736,0.12758320000011736,path,path,path,23,0.0,0.0,False,,,False,1,path,64,4,RL+Path,3
best,C:\Users\erich\Documents\AFRL\Algebraic-Connectivity-Optimization-CDC2026\lite_trials\sweep\lambda2_only\checkpoints\best.pt,ppo,19000,C:\Users\erich\Documents\AFRL\Algebraic-Connectivity-Optimization-CDC2026\lite_trials\lite_config.yaml,full,24,0.498023715415,4,149,149,0.4980237154150198,126,0.45913093859021165,11.01914252616508,0.12163270000019111,0.12163270000019111,0.12163270000019111,path,path,path,23,0.0,0.0,False,,,False,1,path,64,4,RL+Path,4
best,C:\Users\erich\Documents\AFRL\Algebraic-Connectivity-Optimization-CDC2026\lite_trials\sweep\lambda2_only\checkpoints\best.pt,ppo,19000,C:\Users\erich\Documents\AFRL\Algebraic-Connectivity-Optimization-CDC2026\lite_trials\lite_config.yaml,full,24,0.569169960474,0,167,167,0.5691699604743083,144,0.8300998933278413,19.922397439868192,0.13547879999987344,0.13547879999987344,0.13547879999987344,path,path,path,23,0.0,0.0,False,,,False,1,path,64,4,RL+Path,0
best,C:\Users\erich\Documents\AFRL\Algebraic-Connectivity-Optimization-CDC2026\lite_trials\sweep\lambda2_only\checkpoints\best.pt,ppo,19000,C:\Users\erich\Documents\AFRL\Algebraic-Connectivity-Optimization-CDC2026\lite_trials\lite_config.yaml,full,24,0.569169960474,1,167,167,0.5691699604743083,144,0.8300998933278413,19.922397439868192,0.14034859999992477,0.14034859999992477,0.14034859999992477,path,path,path,23,0.0,0.0,False,,,False,1,path,64,4,RL+Path,1
best,C:\Users\erich\Documents\AFRL\Algebraic-Connectivity-Optimization-CDC2026\lite_trials\sweep\lambda2_only\checkpoints\best.pt,ppo,19000,C:\Users\erich\Documents\AFRL\Algebraic-Connectivity-Optimization-CDC2026\lite_trials\lite_config.yaml,full,24,0.569169960474,2,167,167,0.5691699604743083,144,0.8300998933278413,19.922397439868192,0.13548719999926107,0.13548719999926107,0.13548719999926107,path,path,path,23,0.0,0.0,False,,,False,1,path,64,4,RL+Path,2
best,C:\Users\erich\Documents\AFRL\Algebraic-Connectivity-Optimization-CDC2026\lite_trials\sweep\lambda2_only\checkpoints\best.pt,ppo,19000,C:\Users\erich\Documents\AFRL\Algebraic-Connectivity-Optimization-CDC2026\lite_trials\lite_config.yaml,full,24,0.569169960474,3,167,167,0.5691699604743083,144,0.8300998933278413,19.922397439868192,0.14505219999955443,0.14505219999955443,0.14505219999955443,path,path,path,23,0.0,0.0,False,,,False,1,path,64,4,RL+Path,3
best,C:\Users\erich\Documents\AFRL\Algebraic-Connectivity-Optimization-CDC2026\lite_trials\sweep\lambda2_only\checkpoints\best.pt,ppo,19000,C:\Users\erich\Documents\AFRL\Algebraic-Connectivity-Optimization-CDC2026\lite_trials\lite_config.yaml,full,24,0.569169960474,4,167,167,0.5691699604743083,144,0.8300998933278413,19.922397439868192,0.14420900000004622,0.14420900000004622,0.14420900000004622,path,path,path,23,0.0,0.0,False,,,False,1,path,64,4,RL+Path,4
best,C:\Users\erich\Documents\AFRL\Algebraic-Connectivity-Optimization-CDC2026\lite_trials\sweep\lambda2_only\checkpoints\best.pt,ppo,19000,C:\Users\erich\Documents\AFRL\Algebraic-Connectivity-Optimization-CDC2026\lite_trials\lite_config.yaml,full,24,0.640316205534,0,185,185,0.6403162055335968,162,0.536634018928582,12.879216454285967,0.16085750000002008,0.16085750000002008,0.16085750000002008,path,path,path,23,0.0,0.0,False,,,False,1,path,64,4,RL+Path,0
best,C:\Users\erich\Documents\AFRL\Algebraic-Connectivity-Optimization-CDC2026\lite_trials\sweep\lambda2_only\checkpoints\best.pt,ppo,19000,C:\Users\erich\Documents\AFRL\Algebraic-Connectivity-Optimization-CDC2026\lite_trials\lite_config.yaml,full,24,0.640316205534,1,185,185,0.6403162055335968,162,0.536634018928582,12.879216454285967,0.1674167999999554,0.1674167999999554,0.1674167999999554,path,path,path,23,0.0,0.0,False,,,False,1,path,64,4,RL+Path,1
best,C:\Users\erich\Documents\AFRL\Algebraic-Connectivity-Optimization-CDC2026\lite_trials\sweep\lambda2_only\checkpoints\best.pt,ppo,19000,C:\Users\erich\Documents\AFRL\Algebraic-Connectivity-Optimization-CDC2026\lite_trials\lite_config.yaml,full,24,0.640316205534,2,185,185,0.6403162055335968,162,0.536634018928582,12.879216454285967,0.1632383000005575,0.1632383000005575,0.1632383000005575,path,path,path,23,0.0,0.0,False,,,False,1,path,64,4,RL+Path,2
best,C:\Users\erich\Documents\AFRL\Algebraic-Connectivity-Optimization-CDC2026\lite_trials\sweep\lambda2_only\checkpoints\best.pt,ppo,19000,C:\Users\erich\Documents\AFRL\Algebraic-Connectivity-Optimization-CDC2026\lite_trials\lite_config.yaml,full,24,0.640316205534,3,185,185,0.6403162055335968,162,0.536634018928582,12.879216454285967,0.15502880000076402,0.15502880000076402,0.15502880000076402,path,path,path,23,0.0,0.0,False,,,False,1,path,64,4,RL+Path,3
best,C:\Users\erich\Documents\AFRL\Algebraic-Connectivity-Optimization-CDC2026\lite_trials\sweep\lambda2_only\checkpoints\best.pt,ppo,19000,C:\Users\erich\Documents\AFRL\Algebraic-Connectivity-Optimization-CDC2026\lite_trials\lite_config.yaml,full,24,0.640316205534,4,185,185,0.6403162055335968,162,0.536634018928582,12.879216454285967,0.1645738999995956,0.1645738999995956,0.1645738999995956,path,path,path,23,0.0,0.0,False,,,False,1,path,64,4,RL+Path,4
best,C:\Users\erich\Documents\AFRL\Algebraic-Connectivity-Optimization-CDC2026\lite_trials\sweep\lambda2_only\checkpoints\best.pt,ppo,19000,C:\Users\erich\Documents\AFRL\Algebraic-Connectivity-Optimization-CDC2026\lite_trials\lite_config.yaml,full,24,0.711462450593,0,203,203,0.7114624505928854,180,0.8765303251115596,21.03672780267743,0.1819087000003492,0.1819087000003492,0.1819087000003492,path,path,path,23,0.0,0.0,False,,,False,1,path,64,4,RL+Path,0
best,C:\Users\erich\Documents\AFRL\Algebraic-Connectivity-Optimization-CDC2026\lite_trials\sweep\lambda2_only\checkpoints\best.pt,ppo,19000,C:\Users\erich\Documents\AFRL\Algebraic-Connectivity-Optimization-CDC2026\lite_trials\lite_config.yaml,full,24,0.711462450593,1,203,203,0.7114624505928854,180,0.8765303251115596,21.03672780267743,0.18292819999987842,0.18292819999987842,0.18292819999987842,path,path,path,23,0.0,0.0,False,,,False,1,path,64,4,RL+Path,1
best,C:\Users\erich\Documents\AFRL\Algebraic-Connectivity-Optimization-CDC2026\lite_trials\sweep\lambda2_only\checkpoints\best.pt,ppo,19000,C:\Users\erich\Documents\AFRL\Algebraic-Connectivity-Optimization-CDC2026\lite_trials\lite_config.yaml,full,24,0.711462450593,2,203,203,0.7114624505928854,180,0.8765303251115596,21.03672780267743,0.1903482999996413,0.1903482999996413,0.1903482999996413,path,path,path,23,0.0,0.0,False,,,False,1,path,64,4,RL+Path,2
best,C:\Users\erich\Documents\AFRL\Algebraic-Connectivity-Optimization-CDC2026\lite_trials\sweep\lambda2_only\checkpoints\best.pt,ppo,19000,C:\Users\erich\Documents\AFRL\Algebraic-Connectivity-Optimization-CDC2026\lite_trials\lite_config.yaml,full,24,0.711462450593,3,203,203,0.7114624505928854,180,0.8765303251115596,21.03672780267743,0.1803724000001239,0.1803724000001239,0.1803724000001239,path,path,path,23,0.0,0.0,False,,,False,1,path,64,4,RL+Path,3
best,C:\Users\erich\Documents\AFRL\Algebraic-Connectivity-Optimization-CDC2026\lite_trials\sweep\lambda2_only\checkpoints\best.pt,ppo,19000,C:\Users\erich\Documents\AFRL\Algebraic-Connectivity-Optimization-CDC2026\lite_trials\lite_config.yaml,full,24,0.711462450593,4,203,203,0.7114624505928854,180,0.8765303251115596,21.03672780267743,0.18773590000000695,0.18773590000000695,0.18773590000000695,path,path,path,23,0.0,0.0,False,,,False,1,path,64,4,RL+Path,4
best,C:\Users\erich\Documents\AFRL\Algebraic-Connectivity-Optimization-CDC2026\lite_trials\sweep\lambda2_only\checkpoints\best.pt,ppo,19000,C:\Users\erich\Documents\AFRL\Algebraic-Connectivity-Optimization-CDC2026\lite_trials\lite_config.yaml,full,24,0.782608695652,0,221,221,0.782608695652174,198,0.7923384052651657,19.016121726363977,0.20646549999946728,0.20646549999946728,0.20646549999946728,path,path,path,23,0.0,0.0,False,,,False,1,path,64,4,RL+Path,0
best,C:\Users\erich\Documents\AFRL\Algebraic-Connectivity-Optimization-CDC2026\lite_trials\sweep\lambda2_only\checkpoints\best.pt,ppo,19000,C:\Users\erich\Documents\AFRL\Algebraic-Connectivity-Optimization-CDC2026\lite_trials\lite_config.yaml,full,24,0.782608695652,1,221,221,0.782608695652174,198,0.7923384052651657,19.016121726363977,0.19952350000039587,0.19952350000039587,0.19952350000039587,path,path,path,23,0.0,0.0,False,,,False,1,path,64,4,RL+Path,1
best,C:\Users\erich\Documents\AFRL\Algebraic-Connectivity-Optimization-CDC2026\lite_trials\sweep\lambda2_only\checkpoints\best.pt,ppo,19000,C:\Users\erich\Documents\AFRL\Algebraic-Connectivity-Optimization-CDC2026\lite_trials\lite_config.yaml,full,24,0.782608695652,2,221,221,0.782608695652174,198,0.7923384052651657,19.016121726363977,0.2004809000000023,0.2004809000000023,0.2004809000000023,path,path,path,23,0.0,0.0,False,,,False,1,path,64,4,RL+Path,2
best,C:\Users\erich\Documents\AFRL\Algebraic-Connectivity-Optimization-CDC2026\lite_trials\sweep\lambda2_only\checkpoints\best.pt,ppo,19000,C:\Users\erich\Documents\AFRL\Algebraic-Connectivity-Optimization-CDC2026\lite_trials\lite_config.yaml,full,24,0.782608695652,3,221,221,0.782608695652174,198,0.7923384052651657,19.016121726363977,0.2066993000007642,0.2066993000007642,0.2066993000007642,path,path,path,23,0.0,0.0,False,,,False,1,path,64,4,RL+Path,3
best,C:\Users\erich\Documents\AFRL\Algebraic-Connectivity-Optimization-CDC2026\lite_trials\sweep\lambda2_only\checkpoints\best.pt,ppo,19000,C:\Users\erich\Documents\AFRL\Algebraic-Connectivity-Optimization-CDC2026\lite_trials\lite_config.yaml,full,24,0.782608695652,4,221,221,0.782608695652174,198,0.7923384052651657,19.016121726363977,0.19452860000001237,0.19452860000001237,0.19452860000001237,path,path,path,23,0.0,0.0,False,,,False,1,path,64,4,RL+Path,4
best,C:\Users\erich\Documents\AFRL\Algebraic-Connectivity-Optimization-CDC2026\lite_trials\sweep\lambda2_only\checkpoints\best.pt,ppo,19000,C:\Users\erich\Documents\AFRL\Algebraic-Connectivity-Optimization-CDC2026\lite_trials\lite_config.yaml,full,24,0.853754940711,0,239,239,0.8537549407114624,216,0.977578281603288,23.46187875847891,0.22564339999917138,0.22564339999917138,0.22564339999917138,path,path,path,23,0.0,0.0,False,,,False,1,path,64,4,RL+Path,0
best,C:\Users\erich\Documents\AFRL\Algebraic-Connectivity-Optimization-CDC2026\lite_trials\sweep\lambda2_only\checkpoints\best.pt,ppo,19000,C:\Users\erich\Documents\AFRL\Algebraic-Connectivity-Optimization-CDC2026\lite_trials\lite_config.yaml,full,24,0.853754940711,1,239,239,0.8537549407114624,216,0.977578281603288,23.46187875847891,0.22219680000034714,0.22219680000034714,0.22219680000034714,path,path,path,23,0.0,0.0,False,,,False,1,path,64,4,RL+Path,1
best,C:\Users\erich\Documents\AFRL\Algebraic-Connectivity-Optimization-CDC2026\lite_trials\sweep\lambda2_only\checkpoints\best.pt,ppo,19000,C:\Users\erich\Documents\AFRL\Algebraic-Connectivity-Optimization-CDC2026\lite_trials\lite_config.yaml,full,24,0.853754940711,2,239,239,0.8537549407114624,216,0.977578281603288,23.46187875847891,0.21736039999996137,0.21736039999996137,0.21736039999996137,path,path,path,23,0.0,0.0,False,,,False,1,path,64,4,RL+Path,2
best,C:\Users\erich\Documents\AFRL\Algebraic-Connectivity-Optimization-CDC2026\lite_trials\sweep\lambda2_only\checkpoints\best.pt,ppo,19000,C:\Users\erich\Documents\AFRL\Algebraic-Connectivity-Optimization-CDC2026\lite_trials\lite_config.yaml,full,24,0.853754940711,3,239,239,0.8537549407114624,216,0.977578281603288,23.46187875847891,0.21225870000034774,0.21225870000034774,0.21225870000034774,path,path,path,23,0.0,0.0,False,,,False,1,path,64,4,RL+Path,3
best,C:\Users\erich\Documents\AFRL\Algebraic-Connectivity-Optimization-CDC2026\lite_trials\sweep\lambda2_only\checkpoints\best.pt,ppo,19000,C:\Users\erich\Documents\AFRL\Algebraic-Connectivity-Optimization-CDC2026\lite_trials\lite_config.yaml,full,24,0.853754940711,4,239,239,0.8537549407114624,216,0.977578281603288,23.46187875847891,0.21800340000027063,0.21800340000027063,0.21800340000027063,path,path,path,23,0.0,0.0,False,,,False,1,path,64,4,RL+Path,4
best,C:\Users\erich\Documents\AFRL\Algebraic-Connectivity-Optimization-CDC2026\lite_trials\sweep\lambda2_only\checkpoints\best.pt,ppo,19000,C:\Users\erich\Documents\AFRL\Algebraic-Connectivity-Optimization-CDC2026\lite_trials\lite_config.yaml,full,24,0.924901185771,0,257,257,0.924901185770751,234,0.9812794461019151,23.55070670644596,0.2708426999997755,0.2708426999997755,0.2708426999997755,path,path,path,23,0.0,0.0,False,,,False,1,path,64,4,RL+Path,0
best,C:\Users\erich\Documents\AFRL\Algebraic-Connectivity-Optimization-CDC2026\lite_trials\sweep\lambda2_only\checkpoints\best.pt,ppo,19000,C:\Users\erich\Documents\AFRL\Algebraic-Connectivity-Optimization-CDC2026\lite_trials\lite_config.yaml,full,24,0.924901185771,1,257,257,0.924901185770751,234,0.9812794461019151,23.55070670644596,0.22856460000002699,0.22856460000002699,0.22856460000002699,path,path,path,23,0.0,0.0,False,,,False,1,path,64,4,RL+Path,1
best,C:\Users\erich\Documents\AFRL\Algebraic-Connectivity-Optimization-CDC2026\lite_trials\sweep\lambda2_only\checkpoints\best.pt,ppo,19000,C:\Users\erich\Documents\AFRL\Algebraic-Connectivity-Optimization-CDC2026\lite_trials\lite_config.yaml,full,24,0.924901185771,2,257,257,0.924901185770751,234,0.9812794461019151,23.55070670644596,0.2375293999994028,0.2375293999994028,0.2375293999994028,path,path,path,23,0.0,0.0,False,,,False,1,path,64,4,RL+Path,2
best,C:\Users\erich\Documents\AFRL\Algebraic-Connectivity-Optimization-CDC2026\lite_trials\sweep\lambda2_only\checkpoints\best.pt,ppo,19000,C:\Users\erich\Documents\AFRL\Algebraic-Connectivity-Optimization-CDC2026\lite_trials\lite_config.yaml,full,24,0.924901185771,3,257,257,0.924901185770751,234,0.9812794461019151,23.55070670644596,0.24648580000030051,0.24648580000030051,0.24648580000030051,path,path,path,23,0.0,0.0,False,,,False,1,path,64,4,RL+Path,3
best,C:\Users\erich\Documents\AFRL\Algebraic-Connectivity-Optimization-CDC2026\lite_trials\sweep\lambda2_only\checkpoints\best.pt,ppo,19000,C:\Users\erich\Documents\AFRL\Algebraic-Connectivity-Optimization-CDC2026\lite_trials\lite_config.yaml,full,24,0.924901185771,4,257,257,0.924901185770751,234,0.9812794461019151,23.55070670644596,0.23494800000025862,0.23494800000025862,0.23494800000025862,path,path,path,23,0.0,0.0,False,,,False,1,path,64,4,RL+Path,4
best,C:\Users\erich\Documents\AFRL\Algebraic-Connectivity-Optimization-CDC2026\lite_trials\sweep\lambda2_only\checkpoints\best.pt,ppo,19000,C:\Users\erich\Documents\AFRL\Algebraic-Connectivity-Optimization-CDC2026\lite_trials\lite_config.yaml,full,24,0.99604743083,0,275,275,0.9960474308300395,252,1.0000000000000007,24.000000000000014,0.2638752000002569,0.2638752000002569,0.2638752000002569,path,path,path,23,0.0,0.0,False,,,False,1,path,64,4,RL+Path,0
best,C:\Users\erich\Documents\AFRL\Algebraic-Connectivity-Optimization-CDC2026\lite_trials\sweep\lambda2_only\checkpoints\best.pt,ppo,19000,C:\Users\erich\Documents\AFRL\Algebraic-Connectivity-Optimization-CDC2026\lite_trials\lite_config.yaml,full,24,0.99604743083,1,275,275,0.9960474308300395,252,1.0000000000000007,24.000000000000014,0.260937300000478,0.260937300000478,0.260937300000478,path,path,path,23,0.0,0.0,False,,,False,1,path,64,4,RL+Path,1
best,C:\Users\erich\Documents\AFRL\Algebraic-Connectivity-Optimization-CDC2026\lite_trials\sweep\lambda2_only\checkpoints\best.pt,ppo,19000,C:\Users\erich\Documents\AFRL\Algebraic-Connectivity-Optimization-CDC2026\lite_trials\lite_config.yaml,full,24,0.99604743083,2,275,275,0.9960474308300395,252,1.0000000000000007,24.000000000000014,0.26119870000002265,0.26119870000002265,0.26119870000002265,path,path,path,23,0.0,0.0,False,,,False,1,path,64,4,RL+Path,2
best,C:\Users\erich\Documents\AFRL\Algebraic-Connectivity-Optimization-CDC2026\lite_trials\sweep\lambda2_only\checkpoints\best.pt,ppo,19000,C:\Users\erich\Documents\AFRL\Algebraic-Connectivity-Optimization-CDC2026\lite_trials\lite_config.yaml,full,24,0.99604743083,3,275,275,0.9960474308300395,252,1.0000000000000007,24.000000000000014,0.26056640000024345,0.26056640000024345,0.26056640000024345,path,path,path,23,0.0,0.0,False,,,False,1,path,64,4,RL+Path,3
best,C:\Users\erich\Documents\AFRL\Algebraic-Connectivity-Optimization-CDC2026\lite_trials\sweep\lambda2_only\checkpoints\best.pt,ppo,19000,C:\Users\erich\Documents\AFRL\Algebraic-Connectivity-Optimization-CDC2026\lite_trials\lite_config.yaml,full,24,0.99604743083,4,275,275,0.9960474308300395,252,1.0000000000000007,24.000000000000014,0.2636494999997012,0.2636494999997012,0.2636494999997012,path,path,path,23,0.0,0.0,False,,,False,1,path,64,4,RL+Path,4
best,C:\Users\erich\Documents\AFRL\Algebraic-Connectivity-Optimization-CDC2026\lite_trials\sweep\lambda2_only\checkpoints\best.pt,ppo,19000,C:\Users\erich\Documents\AFRL\Algebraic-Connectivity-Optimization-CDC2026\lite_trials\lite_config.yaml,full,24,0.00395256917,0,24,24,0.003952569169960474,1,0.04166666666666659,0.9999999999999981,0.0038642999998046434,0.0038642999998046434,0.004334799999924144,backbone,envelope_only,envelope,23,1.0,0.00047050000011950033,False,,,False,1,envelope,64,4,RL+Backbone,0
best,C:\Users\erich\Documents\AFRL\Algebraic-Connectivity-Optimization-CDC2026\lite_trials\sweep\lambda2_only\checkpoints\best.pt,ppo,19000,C:\Users\erich\Documents\AFRL\Algebraic-Connectivity-Optimization-CDC2026\lite_trials\lite_config.yaml,full,24,0.00395256917,1,24,24,0.003952569169960474,1,0.04166666666666659,0.9999999999999981,0.0011488000000099419,0.0011488000000099419,0.0012920999997731997,backbone,envelope_only,envelope,23,1.0,0.0001432999997632578,False,,,False,1,envelope,64,4,RL+Backbone,1
best,C:\Users\erich\Documents\AFRL\Algebraic-Connectivity-Optimization-CDC2026\lite_trials\sweep\lambda2_only\checkpoints\best.pt,ppo,19000,C:\Users\erich\Documents\AFRL\Algebraic-Connectivity-Optimization-CDC2026\lite_trials\lite_config.yaml,full,24,0.00395256917,2,24,24,0.003952569169960474,1,0.04166666666666659,0.9999999999999981,0.0012533999997685896,0.0012533999997685896,0.0013558000000557513,backbone,envelope_only,envelope,23,1.0,0.00010240000028716167,False,,,False,1,envelope,64,4,RL+Backbone,2
best,C:\Users\erich\Documents\AFRL\Algebraic-Connectivity-Optimization-CDC2026\lite_trials\sweep\lambda2_only\checkpoints\best.pt,ppo,19000,C:\Users\erich\Documents\AFRL\Algebraic-Connectivity-Optimization-CDC2026\lite_trials\lite_config.yaml,full,24,0.00395256917,3,24,24,0.003952569169960474,1,0.04166666666666659,0.9999999999999981,0.0009886999996524537,0.0009886999996524537,0.001081099999282742,backbone,envelope_only,envelope,23,1.0,9.239999963028822e-05,False,,,False,1,envelope,64,4,RL+Backbone,3
best,C:\Users\erich\Documents\AFRL\Algebraic-Connectivity-Optimization-CDC2026\lite_trials\sweep\lambda2_only\checkpoints\best.pt,ppo,19000,C:\Users\erich\Documents\AFRL\Algebraic-Connectivity-Optimization-CDC2026\lite_trials\lite_config.yaml,full,24,0.00395256917,4,24,24,0.003952569169960474,1,0.04166666666666659,0.9999999999999981,0.001126500000282249,0.001126500000282249,0.0012170000009064097,backbone,envelope_only,envelope,23,1.0,9.050000062416075e-05,False,,,False,1,envelope,64,4,RL+Backbone,4
best,C:\Users\erich\Documents\AFRL\Algebraic-Connectivity-Optimization-CDC2026\lite_trials\sweep\lambda2_only\checkpoints\best.pt,ppo,19000,C:\Users\erich\Documents\AFRL\Algebraic-Connectivity-Optimization-CDC2026\lite_trials\lite_config.yaml,full,24,0.075098814229,0,42,42,0.07509881422924901,19,0.13073571517050123,3.1376571640920297,0.018062799999825074,0.018062799999825074,0.01820419999967271,backbone,both,envelope,23,1.0,0.0048763999993752805,False,,,True,2,"cayley,envelope",64,4,RL+Backbone,0
best,C:\Users\erich\Documents\AFRL\Algebraic-Connectivity-Optimization-CDC2026\lite_trials\sweep\lambda2_only\checkpoints\best.pt,ppo,19000,C:\Users\erich\Documents\AFRL\Algebraic-Connectivity-Optimization-CDC2026\lite_trials\lite_config.yaml,full,24,0.075098814229,1,42,42,0.07509881422924901,19,0.13073571517050123,3.1376571640920297,0.01809179999963817,0.01809179999963817,0.018187299999226525,backbone,both,envelope,23,1.0,0.005066599999736354,False,,,True,2,"cayley,envelope",64,4,RL+Backbone,1
best,C:\Users\erich\Documents\AFRL\Algebraic-Connectivity-Optimization-CDC2026\lite_trials\sweep\lambda2_only\checkpoints\best.pt,ppo,19000,C:\Users\erich\Documents\AFRL\Algebraic-Connectivity-Optimization-CDC2026\lite_trials\lite_config.yaml,full,24,0.075098814229,2,42,42,0.07509881422924901,19,0.13073571517050123,3.1376571640920297,0.017989300000408548,0.017989300000408548,0.018088300000272284,backbone,both,envelope,23,1.0,0.004433999999491789,False,,,True,2,"cayley,envelope",64,4,RL+Backbone,2
best,C:\Users\erich\Documents\AFRL\Algebraic-Connectivity-Optimization-CDC2026\lite_trials\sweep\lambda2_only\checkpoints\best.pt,ppo,19000,C:\Users\erich\Documents\AFRL\Algebraic-Connectivity-Optimization-CDC2026\lite_trials\lite_config.yaml,full,24,0.075098814229,3,42,42,0.07509881422924901,19,0.13073571517050123,3.1376571640920297,0.017526200000247627,0.017526200000247627,0.01762460000009014,backbone,both,envelope,23,1.0,0.0045160999998188345,False,,,True,2,"cayley,envelope",64,4,RL+Backbone,3
best,C:\Users\erich\Documents\AFRL\Algebraic-Connectivity-Optimization-CDC2026\lite_trials\sweep\lambda2_only\checkpoints\best.pt,ppo,19000,C:\Users\erich\Documents\AFRL\Algebraic-Connectivity-Optimization-CDC2026\lite_trials\lite_config.yaml,full,24,0.075098814229,4,42,42,0.07509881422924901,19,0.13073571517050123,3.1376571640920297,0.01774900000054913,0.01774900000054913,0.017845800000031886,backbone,both,envelope,23,1.0,0.0049503999998705694,False,,,True,2,"cayley,envelope",64,4,RL+Backbone,4
best,C:\Users\erich\Documents\AFRL\Algebraic-Connectivity-Optimization-CDC2026\lite_trials\sweep\lambda2_only\checkpoints\best.pt,ppo,19000,C:\Users\erich\Documents\AFRL\Algebraic-Connectivity-Optimization-CDC2026\lite_trials\lite_config.yaml,full,24,0.146245059289,0,60,60,0.14624505928853754,0,0.12499999999999979,2.999999999999995,9.999985195463523e-08,9.999985195463523e-08,0.007325100000343809,backbone,cayley_only,cayley,60,2.9999999999999987,0.007325000000491855,False,2,,False,1,cayley,64,4,RL+Backbone,0
best,C:\Users\erich\Documents\AFRL\Algebraic-Connectivity-Optimization-CDC2026\lite_trials\sweep\lambda2_only\checkpoints\best.pt,ppo,19000,C:\Users\erich\Documents\AFRL\Algebraic-Connectivity-Optimization-CDC2026\lite_trials\lite_config.yaml,full,24,0.146245059289,1,60,60,0.14624505928853754,0,0.12499999999999979,2.999999999999995,9.999985195463523e-08,9.999985195463523e-08,0.006605399999898509,backbone,cayley_only,cayley,60,2.9999999999999987,0.0066053000000465545,False,2,,False,1,cayley,64,4,RL+Backbone,1
best,C:\Users\erich\Documents\AFRL\Algebraic-Connectivity-Optimization-CDC2026\lite_trials\sweep\lambda2_only\checkpoints\best.pt,ppo,19000,C:\Users\erich\Documents\AFRL\Algebraic-Connectivity-Optimization-CDC2026\lite_trials\lite_config.yaml,full,24,0.146245059289,2,60,60,0.14624505928853754,0,0.12499999999999993,2.9999999999999982,9.999985195463523e-08,9.999985195463523e-08,0.006599399999686284,backbone,cayley_only,cayley,60,2.999999999999999,0.006599299999834329,False,2,,False,1,cayley,64,4,RL+Backbone,2
best,C:\Users\erich\Documents\AFRL\Algebraic-Connectivity-Optimization-CDC2026\lite_trials\sweep\lambda2_only\checkpoints\best.pt,ppo,19000,C:\Users\erich\Documents\AFRL\Algebraic-Connectivity-Optimization-CDC2026\lite_trials\lite_config.yaml,full,24,0.146245059289,3,60,60,0.14624505928853754,0,0.12499999999999989,2.9999999999999973,3.0000046535860747e-07,3.0000046535860747e-07,0.008457000000817061,backbone,cayley_only,cayley,60,2.9999999999999987,0.008456700000351702,False,2,,False,1,cayley,64,4,RL+Backbone,3
best,C:\Users\erich\Documents\AFRL\Algebraic-Connectivity-Optimization-CDC2026\lite_trials\sweep\lambda2_only\checkpoints\best.pt,ppo,19000,C:\Users\erich\Documents\AFRL\Algebraic-Connectivity-Optimization-CDC2026\lite_trials\lite_config.yaml,full,24,0.146245059289,4,60,60,0.14624505928853754,0,0.12499999999999993,2.9999999999999982,9.999985195463523e-08,9.999985195463523e-08,0.0064702999998189625,backbone,cayley_only,cayley,60,2.999999999999999,0.006470199999967008,False,2,,False,1,cayley,64,4,RL+Backbone,4
best,C:\Users\erich\Documents\AFRL\Algebraic-Connectivity-Optimization-CDC2026\lite_trials\sweep\lambda2_only\checkpoints\best.pt,ppo,19000,C:\Users\erich\Documents\AFRL\Algebraic-Connectivity-Optimization-CDC2026\lite_trials\lite_config.yaml,full,24,0.217391304348,0,78,78,0.21739130434782608,6,0.2518284085002587,6.04388180400621,0.00616230000014184,0.00616230000014184,0.01407909999943513,backbone,cayley_only,cayley,72,3.7639320225002106,0.00791679999929329,False,2,,False,1,cayley,64,4,RL+Backbone,0
best,C:\Users\erich\Documents\AFRL\Algebraic-Connectivity-Optimization-CDC2026\lite_trials\sweep\lambda2_only\checkpoints\best.pt,ppo,19000,C:\Users\erich\Documents\AFRL\Algebraic-Connectivity-Optimization-CDC2026\lite_trials\lite_config.yaml,full,24,0.217391304348,1,78,78,0.21739130434782608,6,0.2518284085002587,6.04388180400621,0.006985799999711162,0.006985799999711162,0.015667899999243673,backbone,cayley_only,cayley,72,3.7639320225002106,0.008682099999532511,False,2,,False,1,cayley,64,4,RL+Backbone,1
best,C:\Users\erich\Documents\AFRL\Algebraic-Connectivity-Optimization-CDC2026\lite_trials\sweep\lambda2_only\checkpoints\best.pt,ppo,19000,C:\Users\erich\Documents\AFRL\Algebraic-Connectivity-Optimization-CDC2026\lite_trials\lite_config.yaml,full,24,0.217391304348,2,78,78,0.21739130434782608,6,0.22906287376611267,5.497508970386704,0.006250999999792839,0.006250999999792839,0.013483499999892956,backbone,cayley_only,cayley,72,3.7639320225002106,0.007232500000100117,False,2,,False,1,cayley,64,4,RL+Backbone,2
best,C:\Users\erich\Documents\AFRL\Algebraic-Connectivity-Optimization-CDC2026\lite_trials\sweep\lambda2_only\checkpoints\best.pt,ppo,19000,C:\Users\erich\Documents\AFRL\Algebraic-Connectivity-Optimization-CDC2026\lite_trials\lite_config.yaml,full,24,0.217391304348,3,78,78,0.21739130434782608,6,0.23930244392797032,5.743258654271288,0.006075799999962328,0.006075799999962328,0.01369299999987561,backbone,cayley_only,cayley,72,3.763932022500211,0.007617199999913282,False,2,,False,1,cayley,64,4,RL+Backbone,3
best,C:\Users\erich\Documents\AFRL\Algebraic-Connectivity-Optimization-CDC2026\lite_trials\sweep\lambda2_only\checkpoints\best.pt,ppo,19000,C:\Users\erich\Documents\AFRL\Algebraic-Connectivity-Optimization-CDC2026\lite_trials\lite_config.yaml,full,24,0.217391304348,4,78,78,0.21739130434782608,6,0.23930244392797032,5.743258654271288,0.006183999999848311,0.006183999999848311,0.013497900000402296,backbone,cayley_only,cayley,72,3.763932022500211,0.007313900000553986,False,2,,False,1,cayley,64,4,RL+Backbone,4
best,C:\Users\erich\Documents\AFRL\Algebraic-Connectivity-Optimization-CDC2026\lite_trials\sweep\lambda2_only\checkpoints\best.pt,ppo,19000,C:\Users\erich\Documents\AFRL\Algebraic-Connectivity-Optimization-CDC2026\lite_trials\lite_config.yaml,full,24,0.288537549407,0,96,96,0.2885375494071146,0,0.24999999999999975,5.999999999999994,9.999985195463523e-08,9.999985195463523e-08,0.00647690000005241,backbone,cayley_only,cayley,96,6.0,0.0064768000002004555,False,2,,False,1,cayley,64,4,RL+Backbone,0
best,C:\Users\erich\Documents\AFRL\Algebraic-Connectivity-Optimization-CDC2026\lite_trials\sweep\lambda2_only\checkpoints\best.pt,ppo,19000,C:\Users\erich\Documents\AFRL\Algebraic-Connectivity-Optimization-CDC2026\lite_trials\lite_config.yaml,full,24,0.288537549407,1,96,96,0.2885375494071146,0,0.24999999999999975,5.999999999999994,9.999985195463523e-08,9.999985195463523e-08,0.007065599999805272,backbone,cayley_only,cayley,96,6.0,0.0070654999999533175,False,2,,False,1,cayley,64,4,RL+Backbone,1
best,C:\Users\erich\Documents\AFRL\Algebraic-Connectivity-Optimization-CDC2026\lite_trials\sweep\lambda2_only\checkpoints\best.pt,ppo,19000,C:\Users\erich\Documents\AFRL\Algebraic-Connectivity-Optimization-CDC2026\lite_trials\lite_config.yaml,full,24,0.288537549407,2,96,96,0.2885375494071146,0,0.2499999999999999,5.999999999999997,3.0000046535860747e-07,3.0000046535860747e-07,0.007152800000767456,backbone,cayley_only,cayley,96,6.0,0.007152500000302098,False,2,,False,1,cayley,64,4,RL+Backbone,2
best,C:\Users\erich\Documents\AFRL\Algebraic-Connectivity-Optimization-CDC2026\lite_trials\sweep\lambda2_only\checkpoints\best.pt,ppo,19000,C:\Users\erich\Documents\AFRL\Algebraic-Connectivity-Optimization-CDC2026\lite_trials\lite_config.yaml,full,24,0.288537549407,3,96,96,0.2885375494071146,0,0.2499999999999999,5.999999999999997,2.999995558639057e-07,2.999995558639057e-07,0.0068709999995917315,backbone,cayley_only,cayley,96,6.0,0.0068707000000358676,False,2,,False,1,cayley,64,4,RL+Backbone,3
best,C:\Users\erich\Documents\AFRL\Algebraic-Connectivity-Optimization-CDC2026\lite_trials\sweep\lambda2_only\checkpoints\best.pt,ppo,19000,C:\Users\erich\Documents\AFRL\Algebraic-Connectivity-Optimization-CDC2026\lite_trials\lite_config.yaml,full,24,0.288537549407,4,96,96,0.2885375494071146,0,0.24999999999999975,5.999999999999994,9.999985195463523e-08,9.999985195463523e-08,0.006394000000000233,backbone,cayley_only,cayley,96,6.0,0.006393900000148278,False,2,,False,1,cayley,64,4,RL+Backbone,4
best,C:\Users\erich\Documents\AFRL\Algebraic-Connectivity-Optimization-CDC2026\lite_trials\sweep\lambda2_only\checkpoints\best.pt,ppo,19000,C:\Users\erich\Documents\AFRL\Algebraic-Connectivity-Optimization-CDC2026\lite_trials\lite_config.yaml,full,24,0.359683794466,0,114,114,0.35968379446640314,6,0.33403383555098637,8.016812053223672,0.00676370000019233,0.00676370000019233,0.011749200000849669,backbone,cayley_only,cayley,108,6.763932022500214,0.004985500000657339,False,2,,False,1,cayley,64,4,RL+Backbone,0
best,C:\Users\erich\Documents\AFRL\Algebraic-Connectivity-Optimization-CDC2026\lite_trials\sweep\lambda2_only\checkpoints\best.pt,ppo,19000,C:\Users\erich\Documents\AFRL\Algebraic-Connectivity-Optimization-CDC2026\lite_trials\lite_config.yaml,full,24,0.359683794466,1,114,114,0.35968379446640314,6,0.33403383555098637,8.016812053223672,0.006113499999628402,0.006113499999628402,0.01118640000004234,backbone,cayley_only,cayley,108,6.763932022500214,0.005072900000413938,False,2,,False,1,cayley,64,4,RL+Backbone,1
best,C:\Users\erich\Documents\AFRL\Algebraic-Connectivity-Optimization-CDC2026\lite_trials\sweep\lambda2_only\checkpoints\best.pt,ppo,19000,C:\Users\erich\Documents\AFRL\Algebraic-Connectivity-Optimization-CDC2026\lite_trials\lite_config.yaml,full,24,0.359683794466,2,114,114,0.35968379446640314,6,0.33403383555098637,8.016812053223672,0.005819599999995262,0.005819599999995262,0.01081979999980831,backbone,cayley_only,cayley,108,6.763932022500214,0.005000199999813049,False,2,,False,1,cayley,64,4,RL+Backbone,2
best,C:\Users\erich\Documents\AFRL\Algebraic-Connectivity-Optimization-CDC2026\lite_trials\sweep\lambda2_only\checkpoints\best.pt,ppo,19000,C:\Users\erich\Documents\AFRL\Algebraic-Connectivity-Optimization-CDC2026\lite_trials\lite_config.yaml,full,24,0.359683794466,3,114,114,0.35968379446640314,6,0.33403383555098637,8.016812053223672,0.00605840000025637,0.00605840000025637,0.011283700000603858,backbone,cayley_only,cayley,108,6.763932022500214,0.005225300000347488,False,2,,False,1,cayley,64,4,RL+Backbone,3
best,C:\Users\erich\Documents\AFRL\Algebraic-Connectivity-Optimization-CDC2026\lite_trials\sweep\lambda2_only\checkpoints\best.pt,ppo,19000,C:\Users\erich\Documents\AFRL\Algebraic-Connectivity-Optimization-CDC2026\lite_trials\lite_config.yaml,full,24,0.359683794466,4,114,114,0.35968379446640314,6,0.33403383555098637,8.016812053223672,0.006171699999867997,0.006171699999867997,0.011056299999836483,backbone,cayley_only,cayley,108,6.763932022500214,0.004884599999968486,False,2,,False,1,cayley,64,4,RL+Backbone,4
best,C:\Users\erich\Documents\AFRL\Algebraic-Connectivity-Optimization-CDC2026\lite_trials\sweep\lambda2_only\checkpoints\best.pt,ppo,19000,C:\Users\erich\Documents\AFRL\Algebraic-Connectivity-Optimization-CDC2026\lite_trials\lite_config.yaml,full,24,0.430830039526,0,132,132,0.4308300395256917,0,0.4166666666666665,9.999999999999996,1.00000761449337e-07,1.00000761449337e-07,0.0028800000009141513,backbone,cayley_only,cayley,132,9.999999999999995,0.002879900000152702,False,2,,False,1,cayley,64,4,RL+Backbone,0
best,C:\Users\erich\Documents\AFRL\Algebraic-Connectivity-Optimization-CDC2026\lite_trials\sweep\lambda2_only\checkpoints\best.pt,ppo,19000,C:\Users\erich\Documents\AFRL\Algebraic-Connectivity-Optimization-CDC2026\lite_trials\lite_config.yaml,full,24,0.430830039526,1,132,132,0.4308300395256917,0,0.4166666666666665,9.999999999999996,1.9999970390927047e-07,1.9999970390927047e-07,0.002969699999084696,backbone,cayley_only,cayley,132,9.999999999999995,0.002969499999380787,False,2,,False,1,cayley,64,4,RL+Backbone,1
best,C:\Users\erich\Documents\AFRL\Algebraic-Connectivity-Optimization-CDC2026\lite_trials\sweep\lambda2_only\checkpoints\best.pt,ppo,19000,C:\Users\erich\Documents\AFRL\Algebraic-Connectivity-Optimization-CDC2026\lite_trials\lite_config.yaml,full,24,0.430830039526,2,132,132,0.4308300395256917,0,0.4166666666666665,9.999999999999996,1.00000761449337e-07,1.00000761449337e-07,0.0031040000003486057,backbone,cayley_only,cayley,132,9.999999999999995,0.0031038999995871563,False,2,,False,1,cayley,64,4,RL+Backbone,2
best,C:\Users\erich\Documents\AFRL\Algebraic-Connectivity-Optimization-CDC2026\lite_trials\sweep\lambda2_only\checkpoints\best.pt,ppo,19000,C:\Users\erich\Documents\AFRL\Algebraic-Connectivity-Optimization-CDC2026\lite_trials\lite_config.yaml,full,24,0.430830039526,3,132,132,0.4308300395256917,0,0.4166666666666665,9.999999999999996,9.999985195463523e-08,9.999985195463523e-08,0.003655399999843212,backbone,cayley_only,cayley,132,9.999999999999995,0.003655299999991257,False,2,,False,1,cayley,64,4,RL+Backbone,3
best,C:\Users\erich\Documents\AFRL\Algebraic-Connectivity-Optimization-CDC2026\lite_trials\sweep\lambda2_only\checkpoints\best.pt,ppo,19000,C:\Users\erich\Documents\AFRL\Algebraic-Connectivity-Optimization-CDC2026\lite_trials\lite_config.yaml,full,24,0.430830039526,4,132,132,0.4308300395256917,0,0.4166666666666665,9.999999999999996,9.999985195463523e-08,9.999985195463523e-08,0.0028116000003137742,backbone,cayley_only,cayley,132,9.999999999999995,0.0028115000004618196,False,2,,False,1,cayley,64,4,RL+Backbone,4
best,C:\Users\erich\Documents\AFRL\Algebraic-Connectivity-Optimization-CDC2026\lite_trials\sweep\lambda2_only\checkpoints\best.pt,ppo,19000,C:\Users\erich\Documents\AFRL\Algebraic-Connectivity-Optimization-CDC2026\lite_trials\lite_config.yaml,full,24,0.498023715415,0,149,149,0.4980237154150198,5,0.5875423410549147,14.101016185317953,0.006987899999330693,0.006987899999330693,0.010712599999351369,backbone,cayley_only,cayley,144,11.999999999999986,0.0037247000000206754,False,2,,False,1,cayley,64,4,RL+Backbone,0
best,C:\Users\erich\Documents\AFRL\Algebraic-Connectivity-Optimization-CDC2026\lite_trials\sweep\lambda2_only\checkpoints\best.pt,ppo,19000,C:\Users\erich\Documents\AFRL\Algebraic-Connectivity-Optimization-CDC2026\lite_trials\lite_config.yaml,full,24,0.498023715415,1,149,149,0.4980237154150198,5,0.5875423410549147,14.101016185317953,0.00561680000009801,0.00561680000009801,0.009649699999499717,backbone,cayley_only,cayley,144,11.999999999999986,0.004032899999401707,False,2,,False,1,cayley,64,4,RL+Backbone,1
best,C:\Users\erich\Documents\AFRL\Algebraic-Connectivity-Optimization-CDC2026\lite_trials\sweep\lambda2_only\checkpoints\best.pt,ppo,19000,C:\Users\erich\Documents\AFRL\Algebraic-Connectivity-Optimization-CDC2026\lite_trials\lite_config.yaml,full,24,0.498023715415,2,149,149,0.4980237154150198,5,0.5875423410549147,14.101016185317953,0.007092600000760285,0.007092600000760285,0.00992460000088613,backbone,cayley_only,cayley,144,11.999999999999986,0.002832000000125845,False,2,,False,1,cayley,64,4,RL+Backbone,2
best,C:\Users\erich\Documents\AFRL\Algebraic-Connectivity-Optimization-CDC2026\lite_trials\sweep\lambda2_only\checkpoints\best.pt,ppo,19000,C:\Users\erich\Documents\AFRL\Algebraic-Connectivity-Optimization-CDC2026\lite_trials\lite_config.yaml,full,24,0.498023715415,3,149,149,0.4980237154150198,5,0.5875423410549147,14.101016185317953,0.005873899999642163,0.005873899999642163,0.009884099999908358,backbone,cayley_only,cayley,144,11.999999999999986,0.004010200000266195,False,2,,False,1,cayley,64,4,RL+Backbone,3
best,C:\Users\erich\Documents\AFRL\Algebraic-Connectivity-Optimization-CDC2026\lite_trials\sweep\lambda2_only\checkpoints\best.pt,ppo,19000,C:\Users\erich\Documents\AFRL\Algebraic-Connectivity-Optimization-CDC2026\lite_trials\lite_config.yaml,full,24,0.498023715415,4,149,149,0.4980237154150198,5,0.5875423410549147,14.101016185317953,0.005643899999995483,0.005643899999995483,0.008607900000242807,backbone,cayley_only,cayley,144,11.999999999999986,0.0029640000002473244,False,2,,False,1,cayley,64,4,RL+Backbone,4
best,C:\Users\erich\Documents\AFRL\Algebraic-Connectivity-Optimization-CDC2026\lite_trials\sweep\lambda2_only\checkpoints\best.pt,ppo,19000,C:\Users\erich\Documents\AFRL\Algebraic-Connectivity-Optimization-CDC2026\lite_trials\lite_config.yaml,full,24,0.569169960474,0,167,167,0.5691699604743083,11,0.6556431344678608,15.73543522722866,0.014014899999892805,0.014014899999892805,0.018972899999425863,backbone,both,cayley,156,11.999999999999996,0.004957999999533058,False,2,,True,2,"cayley,envelope",64,4,RL+Backbone,0
best,C:\Users\erich\Documents\AFRL\Algebraic-Connectivity-Optimization-CDC2026\lite_trials\sweep\lambda2_only\checkpoints\best.pt,ppo,19000,C:\Users\erich\Documents\AFRL\Algebraic-Connectivity-Optimization-CDC2026\lite_trials\lite_config.yaml,full,24,0.569169960474,1,167,167,0.5691699604743083,11,0.6556431344678608,15.73543522722866,0.012806300000193005,0.012806300000193005,0.018562199999905715,backbone,both,cayley,156,11.999999999999996,0.00575589999971271,False,2,,True,2,"cayley,envelope",64,4,RL+Backbone,1
best,C:\Users\erich\Documents\AFRL\Algebraic-Connectivity-Optimization-CDC2026\lite_trials\sweep\lambda2_only\checkpoints\best.pt,ppo,19000,C:\Users\erich\Documents\AFRL\Algebraic-Connectivity-Optimization-CDC2026\lite_trials\lite_config.yaml,full,24,0.569169960474,2,167,167,0.5691699604743083,11,0.6556431344678608,15.73543522722866,0.012451200000214158,0.012451200000214158,0.017912799999976414,backbone,both,cayley,156,11.999999999999996,0.005461599999762257,False,2,,True,2,"cayley,envelope",64,4,RL+Backbone,2
best,C:\Users\erich\Documents\AFRL\Algebraic-Connectivity-Optimization-CDC2026\lite_trials\sweep\lambda2_only\checkpoints\best.pt,ppo,19000,C:\Users\erich\Documents\AFRL\Algebraic-Connectivity-Optimization-CDC2026\lite_trials\lite_config.yaml,full,24,0.569169960474,3,167,167,0.5691699604743083,11,0.6556431344678608,15.73543522722866,0.012147299999924144,0.012147299999924144,0.017459799999414827,backbone,both,cayley,156,11.999999999999996,0.005312499999490683,False,2,,True,2,"cayley,envelope",64,4,RL+Backbone,3
best,C:\Users\erich\Documents\AFRL\Algebraic-Connectivity-Optimization-CDC2026\lite_trials\sweep\lambda2_only\checkpoints\best.pt,ppo,19000,C:\Users\erich\Documents\AFRL\Algebraic-Connectivity-Optimization-CDC2026\lite_trials\lite_config.yaml,full,24,0.569169960474,4,167,167,0.5691699604743083,11,0.6556431344678608,15.73543522722866,0.011975800000072923,0.011975800000072923,0.01698020000003453,backbone,both,cayley,156,11.999999999999996,0.005004399999961606,False,2,,True,2,"cayley,envelope",64,4,RL+Backbone,4
best,C:\Users\erich\Documents\AFRL\Algebraic-Connectivity-Optimization-CDC2026\lite_trials\sweep\lambda2_only\checkpoints\best.pt,ppo,19000,C:\Users\erich\Documents\AFRL\Algebraic-Connectivity-Optimization-CDC2026\lite_trials\lite_config.yaml,full,24,0.640316205534,0,185,185,0.6403162055335968,5,0.6434848875682535,15.443637301638084,0.020732099999804632,0.020732099999804632,0.023716300000160118,backbone,both,envelope,180,14.0,0.002984200000355486,False,,,True,2,"cayley,envelope",64,4,RL+Backbone,0
best,C:\Users\erich\Documents\AFRL\Algebraic-Connectivity-Optimization-CDC2026\lite_trials\sweep\lambda2_only\checkpoints\best.pt,ppo,19000,C:\Users\erich\Documents\AFRL\Algebraic-Connectivity-Optimization-CDC2026\lite_trials\lite_config.yaml,full,24,0.640316205534,1,185,185,0.6403162055335968,5,0.6434848875682535,15.443637301638084,0.02090440000029048,0.02090440000029048,0.02389110000058281,backbone,both,envelope,180,14.0,0.0029867000002923305,False,,,True,2,"cayley,envelope",64,4,RL+Backbone,1
best,C:\Users\erich\Documents\AFRL\Algebraic-Connectivity-Optimization-CDC2026\lite_trials\sweep\lambda2_only\checkpoints\best.pt,ppo,19000,C:\Users\erich\Documents\AFRL\Algebraic-Connectivity-Optimization-CDC2026\lite_trials\lite_config.yaml,full,24,0.640316205534,2,185,185,0.6403162055335968,5,0.6434848875682535,15.443637301638084,0.01937679999991815,0.01937679999991815,0.022298000000773754,backbone,both,envelope,180,14.0,0.002921200000855606,False,,,True,2,"cayley,envelope",64,4,RL+Backbone,2
best,C:\Users\erich\Documents\AFRL\Algebraic-Connectivity-Optimization-CDC2026\lite_trials\sweep\lambda2_only\checkpoints\best.pt,ppo,19000,C:\Users\erich\Documents\AFRL\Algebraic-Connectivity-Optimization-CDC2026\lite_trials\lite_config.yaml,full,24,0.640316205534,3,185,185,0.6403162055335968,5,0.6434848875682535,15.443637301638084,0.01911489999929472,0.01911489999929472,0.021958899999845016,backbone,both,envelope,180,14.0,0.0028440000005502952,False,,,True,2,"cayley,envelope",64,4,RL+Backbone,3
best,C:\Users\erich\Documents\AFRL\Algebraic-Connectivity-Optimization-CDC2026\lite_trials\sweep\lambda2_only\checkpoints\best.pt,ppo,19000,C:\Users\erich\Documents\AFRL\Algebraic-Connectivity-Optimization-CDC2026\lite_trials\lite_config.yaml,full,24,0.640316205534,4,185,185,0.6403162055335968,5,0.6434848875682535,15.443637301638084,0.018118100000720005,0.018118100000720005,0.020753600000716688,backbone,both,envelope,180,14.0,0.002635499999996682,False,,,True,2,"cayley,envelope",64,4,RL+Backbone,4
best,C:\Users\erich\Documents\AFRL\Algebraic-Connectivity-Optimization-CDC2026\lite_trials\sweep\lambda2_only\checkpoints\best.pt,ppo,19000,C:\Users\erich\Documents\AFRL\Algebraic-Connectivity-Optimization-CDC2026\lite_trials\lite_config.yaml,full,24,0.711462450593,0,203,203,0.7114624505928854,11,0.7660032219752636,18.384077327406327,0.011794600000030186,0.011794600000030186,0.012191100000563893,backbone,both,envelope,192,16.0,0.00039650000053370604,False,,"cayley:No feasible backbone candidate for (n=24, m=203, rho=0.711462, seed=0); errors=['cayley:no_candidate']",True,1,envelope,64,4,RL+Backbone,0
best,C:\Users\erich\Documents\AFRL\Algebraic-Connectivity-Optimization-CDC2026\lite_trials\sweep\lambda2_only\checkpoints\best.pt,ppo,19000,C:\Users\erich\Documents\AFRL\Algebraic-Connectivity-Optimization-CDC2026\lite_trials\lite_config.yaml,full,24,0.711462450593,1,203,203,0.7114624505928854,11,0.7660032219752636,18.384077327406327,0.012236599999596365,0.012236599999596365,0.012455199999749311,backbone,both,envelope,192,16.0,0.00021860000015294645,False,,"cayley:No feasible backbone candidate for (n=24, m=203, rho=0.711462, seed=1); errors=['cayley:no_candidate']",True,1,envelope,64,4,RL+Backbone,1
best,C:\Users\erich\Documents\AFRL\Algebraic-Connectivity-Optimization-CDC2026\lite_trials\sweep\lambda2_only\checkpoints\best.pt,ppo,19000,C:\Users\erich\Documents\AFRL\Algebraic-Connectivity-Optimization-CDC2026\lite_trials\lite_config.yaml,full,24,0.711462450593,2,203,203,0.7114624505928854,11,0.7660032219752636,18.384077327406327,0.013860099999874365,0.013860099999874365,0.014071499999772641,backbone,both,envelope,192,16.0,0.0002113999998982763,False,,"cayley:No feasible backbone candidate for (n=24, m=203, rho=0.711462, seed=2); errors=['cayley:no_candidate']",True,1,envelope,64,4,RL+Backbone,2
best,C:\Users\erich\Documents\AFRL\Algebraic-Connectivity-Optimization-CDC2026\lite_trials\sweep\lambda2_only\checkpoints\best.pt,ppo,19000,C:\Users\erich\Documents\AFRL\Algebraic-Connectivity-Optimization-CDC2026\lite_trials\lite_config.yaml,full,24,0.711462450593,3,203,203,0.7114624505928854,11,0.7660032219752636,18.384077327406327,0.011857600000439561,0.011857600000439561,0.012141800000790681,backbone,both,envelope,192,16.0,0.00028420000035112025,False,,"cayley:No feasible backbone candidate for (n=24, m=203, rho=0.711462, seed=3); errors=['cayley:no_candidate']",True,1,envelope,64,4,RL+Backbone,3
best,C:\Users\erich\Documents\AFRL\Algebraic-Connectivity-Optimization-CDC2026\lite_trials\sweep\lambda2_only\checkpoints\best.pt,ppo,19000,C:\Users\erich\Documents\AFRL\Algebraic-Connectivity-Optimization-CDC2026\lite_trials\lite_config.yaml,full,24,0.711462450593,4,203,203,0.7114624505928854,11,0.7660032219752636,18.384077327406327,0.012252600000465463,0.012252600000465463,0.012476500000047963,backbone,both,envelope,192,16.0,0.00022389999958249973,False,,"cayley:No feasible backbone candidate for (n=24, m=203, rho=0.711462, seed=4); errors=['cayley:no_candidate']",True,1,envelope,64,4,RL+Backbone,4
best,C:\Users\erich\Documents\AFRL\Algebraic-Connectivity-Optimization-CDC2026\lite_trials\sweep\lambda2_only\checkpoints\best.pt,ppo,19000,C:\Users\erich\Documents\AFRL\Algebraic-Connectivity-Optimization-CDC2026\lite_trials\lite_config.yaml,full,24,0.782608695652,0,221,221,0.782608695652174,5,0.8553273577436369,20.527856585847285,0.005548600000111037,0.005548600000111037,0.0058122000000366825,backbone,envelope_only,envelope,216,18.0,0.00026359999992564553,False,,,False,1,envelope,64,4,RL+Backbone,0
best,C:\Users\erich\Documents\AFRL\Algebraic-Connectivity-Optimization-CDC2026\lite_trials\sweep\lambda2_only\checkpoints\best.pt,ppo,19000,C:\Users\erich\Documents\AFRL\Algebraic-Connectivity-Optimization-CDC2026\lite_trials\lite_config.yaml,full,24,0.782608695652,1,221,221,0.782608695652174,5,0.8553273577436369,20.527856585847285,0.005776900000455498,0.005776900000455498,0.006007100000715582,backbone,envelope_only,envelope,216,18.0,0.00023020000026008347,False,,,False,1,envelope,64,4,RL+Backbone,1
best,C:\Users\erich\Documents\AFRL\Algebraic-Connectivity-Optimization-CDC2026\lite_trials\sweep\lambda2_only\checkpoints\best.pt,ppo,19000,C:\Users\erich\Documents\AFRL\Algebraic-Connectivity-Optimization-CDC2026\lite_trials\lite_config.yaml,full,24,0.782608695652,2,221,221,0.782608695652174,5,0.8553273577436369,20.527856585847285,0.005515699999705248,0.005515699999705248,0.005754099999649043,backbone,envelope_only,envelope,216,18.0,0.00023839999994379468,False,,,False,1,envelope,64,4,RL+Backbone,2
best,C:\Users\erich\Documents\AFRL\Algebraic-Connectivity-Optimization-CDC2026\lite_trials\sweep\lambda2_only\checkpoints\best.pt,ppo,19000,C:\Users\erich\Documents\AFRL\Algebraic-Connectivity-Optimization-CDC2026\lite_trials\lite_config.yaml,full,24,0.782608695652,3,221,221,0.782608695652174,5,0.8553273577436369,20.527856585847285,0.005706699999791454,0.005706699999791454,0.005920099999457307,backbone,envelope_only,envelope,216,18.0,0.0002133999996658531,False,,,False,1,envelope,64,4,RL+Backbone,3
best,C:\Users\erich\Documents\AFRL\Algebraic-Connectivity-Optimization-CDC2026\lite_trials\sweep\lambda2_only\checkpoints\best.pt,ppo,19000,C:\Users\erich\Documents\AFRL\Algebraic-Connectivity-Optimization-CDC2026\lite_trials\lite_config.yaml,full,24,0.782608695652,4,221,221,0.782608695652174,5,0.8553273577436369,20.527856585847285,0.005350699999326025,0.005350699999326025,0.005560799999329902,backbone,envelope_only,envelope,216,18.0,0.00021010000000387663,False,,,False,1,envelope,64,4,RL+Backbone,4
best,C:\Users\erich\Documents\AFRL\Algebraic-Connectivity-Optimization-CDC2026\lite_trials\sweep\lambda2_only\checkpoints\best.pt,ppo,19000,C:\Users\erich\Documents\AFRL\Algebraic-Connectivity-Optimization-CDC2026\lite_trials\lite_config.yaml,full,24,0.853754940711,0,239,239,0.8537549407114624,9,0.8761644077503409,21.027945786008182,0.01189280000016879,0.01189280000016879,0.012303900000006252,backbone,envelope_only,envelope,230,19.0,0.00041109999983746093,False,,,False,1,envelope,64,4,RL+Backbone,0
best,C:\Users\erich\Documents\AFRL\Algebraic-Connectivity-Optimization-CDC2026\lite_trials\sweep\lambda2_only\checkpoints\best.pt,ppo,19000,C:\Users\erich\Documents\AFRL\Algebraic-Connectivity-Optimization-CDC2026\lite_trials\lite_config.yaml,full,24,0.853754940711,1,239,239,0.8537549407114624,9,0.8761644077503409,21.027945786008182,0.010562299999946845,0.010562299999946845,0.010827900000549562,backbone,envelope_only,envelope,230,19.0,0.00026560000060271705,False,,,False,1,envelope,64,4,RL+Backbone,1
best,C:\Users\erich\Documents\AFRL\Algebraic-Connectivity-Optimization-CDC2026\lite_trials\sweep\lambda2_only\checkpoints\best.pt,ppo,19000,C:\Users\erich\Documents\AFRL\Algebraic-Connectivity-Optimization-CDC2026\lite_trials\lite_config.yaml,full,24,0.853754940711,2,239,239,0.8537549407114624,9,0.8761644077503409,21.027945786008182,0.009610000000066066,0.009610000000066066,0.00986890000058338,backbone,envelope_only,envelope,230,19.0,0.00025890000051731477,False,,,False,1,envelope,64,4,RL+Backbone,2
best,C:\Users\erich\Documents\AFRL\Algebraic-Connectivity-Optimization-CDC2026\lite_trials\sweep\lambda2_only\checkpoints\best.pt,ppo,19000,C:\Users\erich\Documents\AFRL\Algebraic-Connectivity-Optimization-CDC2026\lite_trials\lite_config.yaml,full,24,0.853754940711,3,239,239,0.8537549407114624,9,0.8761644077503409,21.027945786008182,0.009124700000029407,0.009124700000029407,0.009349699999802397,backbone,envelope_only,envelope,230,19.0,0.00022499999977299012,False,,,False,1,envelope,64,4,RL+Backbone,3
best,C:\Users\erich\Documents\AFRL\Algebraic-Connectivity-Optimization-CDC2026\lite_trials\sweep\lambda2_only\checkpoints\best.pt,ppo,19000,C:\Users\erich\Documents\AFRL\Algebraic-Connectivity-Optimization-CDC2026\lite_trials\lite_config.yaml,full,24,0.853754940711,4,239,239,0.8537549407114624,9,0.8761644077503409,21.027945786008182,0.00943120000010822,0.00943120000010822,0.00975300000027346,backbone,envelope_only,envelope,230,19.0,0.0003218000001652399,False,,,False,1,envelope,64,4,RL+Backbone,4
best,C:\Users\erich\Documents\AFRL\Algebraic-Connectivity-Optimization-CDC2026\lite_trials\sweep\lambda2_only\checkpoints\best.pt,ppo,19000,C:\Users\erich\Documents\AFRL\Algebraic-Connectivity-Optimization-CDC2026\lite_trials\lite_config.yaml,full,24,0.924901185771,0,257,257,0.924901185770751,5,0.9343441829905328,22.424260391772787,0.006056700000044657,0.006056700000044657,0.006296399999882851,backbone,envelope_only,envelope,252,21.0,0.00023969999983819434,False,,,False,1,envelope,64,4,RL+Backbone,0
best,C:\Users\erich\Documents\AFRL\Algebraic-Connectivity-Optimization-CDC2026\lite_trials\sweep\lambda2_only\checkpoints\best.pt,ppo,19000,C:\Users\erich\Documents\AFRL\Algebraic-Connectivity-Optimization-CDC2026\lite_trials\lite_config.yaml,full,24,0.924901185771,1,257,257,0.924901185770751,5,0.9343441829905328,22.424260391772787,0.005256499999632069,0.005256499999632069,0.005562499999541615,backbone,envelope_only,envelope,252,21.0,0.0003059999999095453,False,,,False,1,envelope,64,4,RL+Backbone,1
best,C:\Users\erich\Documents\AFRL\Algebraic-Connectivity-Optimization-CDC2026\lite_trials\sweep\lambda2_only\checkpoints\best.pt,ppo,19000,C:\Users\erich\Documents\AFRL\Algebraic-Connectivity-Optimization-CDC2026\lite_trials\lite_config.yaml,full,24,0.924901185771,2,257,257,0.924901185770751,5,0.9343441829905328,22.424260391772787,0.00602560000061203,0.00602560000061203,0.006355399999847577,backbone,envelope_only,envelope,252,21.0,0.00032979999923554715,False,,,False,1,envelope,64,4,RL+Backbone,2
best,C:\Users\erich\Documents\AFRL\Algebraic-Connectivity-Optimization-CDC2026\lite_trials\sweep\lambda2_only\checkpoints\best.pt,ppo,19000,C:\Users\erich\Documents\AFRL\Algebraic-Connectivity-Optimization-CDC2026\lite_trials\lite_config.yaml,full,24,0.924901185771,3,257,257,0.924901185770751,5,0.9343441829905328,22.424260391772787,0.005463700000291283,0.005463700000291283,0.005707800000891439,backbone,envelope_only,envelope,252,21.0,0.0002441000006001559,False,,,False,1,envelope,64,4,RL+Backbone,3
best,C:\Users\erich\Documents\AFRL\Algebraic-Connectivity-Optimization-CDC2026\lite_trials\sweep\lambda2_only\checkpoints\best.pt,ppo,19000,C:\Users\erich\Documents\AFRL\Algebraic-Connectivity-Optimization-CDC2026\lite_trials\lite_config.yaml,full,24,0.924901185771,4,257,257,0.924901185770751,5,0.9343441829905328,22.424260391772787,0.005357400000320922,0.005357400000320922,0.005599100000836188,backbone,envelope_only,envelope,252,21.0,0.00024170000051526586,False,,,False,1,envelope,64,4,RL+Backbone,4
best,C:\Users\erich\Documents\AFRL\Algebraic-Connectivity-Optimization-CDC2026\lite_trials\sweep\lambda2_only\checkpoints\best.pt,ppo,19000,C:\Users\erich\Documents\AFRL\Algebraic-Connectivity-Optimization-CDC2026\lite_trials\lite_config.yaml,full,24,0.99604743083,0,275,275,0.9960474308300395,11,0.9554907122947554,22.93177709507413,0.013034199999310658,0.013034199999310658,0.013562699999056349,backbone,envelope_only,envelope,264,22.0,0.0005284999997456907,False,,,False,1,envelope,64,4,RL+Backbone,0
best,C:\Users\erich\Documents\AFRL\Algebraic-Connectivity-Optimization-CDC2026\lite_trials\sweep\lambda2_only\checkpoints\best.pt,ppo,19000,C:\Users\erich\Documents\AFRL\Algebraic-Connectivity-Optimization-CDC2026\lite_trials\lite_config.yaml,full,24,0.99604743083,1,275,275,0.9960474308300395,11,0.9554907122947554,22.93177709507413,0.01185559999976249,0.01185559999976249,0.012151499999163207,backbone,envelope_only,envelope,264,22.0,0.0002958999994007172,False,,,False,1,envelope,64,4,RL+Backbone,1
best,C:\Users\erich\Documents\AFRL\Algebraic-Connectivity-Optimization-CDC2026\lite_trials\sweep\lambda2_only\checkpoints\best.pt,ppo,19000,C:\Users\erich\Documents\AFRL\Algebraic-Connectivity-Optimization-CDC2026\lite_trials\lite_config.yaml,full,24,0.99604743083,2,275,275,0.9960474308300395,11,0.9554907122947554,22.93177709507413,0.012912900000628724,0.012912900000628724,0.01321650000045338,backbone,envelope_only,envelope,264,22.0,0.00030359999982465524,False,,,False,1,envelope,64,4,RL+Backbone,2
best,C:\Users\erich\Documents\AFRL\Algebraic-Connectivity-Optimization-CDC2026\lite_trials\sweep\lambda2_only\checkpoints\best.pt,ppo,19000,C:\Users\erich\Documents\AFRL\Algebraic-Connectivity-Optimization-CDC2026\lite_trials\lite_config.yaml,full,24,0.99604743083,3,275,275,0.9960474308300395,11,0.9554907122947554,22.93177709507413,0.012472899999920628,0.012472899999920628,0.012727799999993294,backbone,envelope_only,envelope,264,22.0,0.00025490000007266644,False,,,False,1,envelope,64,4,RL+Backbone,3
best,C:\Users\erich\Documents\AFRL\Algebraic-Connectivity-Optimization-CDC2026\lite_trials\sweep\lambda2_only\checkpoints\best.pt,ppo,19000,C:\Users\erich\Documents\AFRL\Algebraic-Connectivity-Optimization-CDC2026\lite_trials\lite_config.yaml,full,24,0.99604743083,4,275,275,0.9960474308300395,11,0.9554907122947554,22.93177709507413,0.020574699999997392,0.020574699999997392,0.02092689999972208,backbone,envelope_only,envelope,264,22.0,0.0003521999997246894,False,,,False,1,envelope,64,4,RL+Backbone,4
best,C:\Users\erich\Documents\AFRL\Algebraic-Connectivity-Optimization-CDC2026\lite_trials\sweep\lambda2_only\checkpoints\best.pt,ppo,19000,C:\Users\erich\Documents\AFRL\Algebraic-Connectivity-Optimization-CDC2026\lite_trials\lite_config.yaml,full,32,0.002150537634,0,32,32,0.002150537634408602,1,0.00809464492155096,0.25902863748963073,0.003770299999814597,0.003770299999814597,0.003770299999814597,path,path,path,31,0.0,0.0,False,,,False,1,path,64,4,RL+Path,0
best,C:\Users\erich\Documents\AFRL\Algebraic-Connectivity-Optimization-CDC2026\lite_trials\sweep\lambda2_only\checkpoints\best.pt,ppo,19000,C:\Users\erich\Documents\AFRL\Algebraic-Connectivity-Optimization-CDC2026\lite_trials\lite_config.yaml,full,32,0.002150537634,1,32,32,0.002150537634408602,1,0.00809464492155096,0.25902863748963073,0.0010762000001705019,0.0010762000001705019,0.0010762000001705019,path,path,path,31,0.0,0.0,False,,,False,1,path,64,4,RL+Path,1
best,C:\Users\erich\Documents\AFRL\Algebraic-Connectivity-Optimization-CDC2026\lite_trials\sweep\lambda2_only\checkpoints\best.pt,ppo,19000,C:\Users\erich\Documents\AFRL\Algebraic-Connectivity-Optimization-CDC2026\lite_trials\lite_config.yaml,full,32,0.002150537634,2,32,32,0.002150537634408602,1,0.00809464492155096,0.25902863748963073,0.0010910999999396154,0.0010910999999396154,0.0010910999999396154,path,path,path,31,0.0,0.0,False,,,False,1,path,64,4,RL+Path,2
best,C:\Users\erich\Documents\AFRL\Algebraic-Connectivity-Optimization-CDC2026\lite_trials\sweep\lambda2_only\checkpoints\best.pt,ppo,19000,C:\Users\erich\Documents\AFRL\Algebraic-Connectivity-Optimization-CDC2026\lite_trials\lite_config.yaml,full,32,0.002150537634,3,32,32,0.002150537634408602,1,0.00809464492155096,0.25902863748963073,0.0010816000003615045,0.0010816000003615045,0.0010816000003615045,path,path,path,31,0.0,0.0,False,,,False,1,path,64,4,RL+Path,3
best,C:\Users\erich\Documents\AFRL\Algebraic-Connectivity-Optimization-CDC2026\lite_trials\sweep\lambda2_only\checkpoints\best.pt,ppo,19000,C:\Users\erich\Documents\AFRL\Algebraic-Connectivity-Optimization-CDC2026\lite_trials\lite_config.yaml,full,32,0.002150537634,4,32,32,0.002150537634408602,1,0.00809464492155096,0.25902863748963073,0.0018152000002373825,0.0018152000002373825,0.0018152000002373825,path,path,path,31,0.0,0.0,False,,,False,1,path,64,4,RL+Path,4
best,C:\Users\erich\Documents\AFRL\Algebraic-Connectivity-Optimization-CDC2026\lite_trials\sweep\lambda2_only\checkpoints\best.pt,ppo,19000,C:\Users\erich\Documents\AFRL\Algebraic-Connectivity-Optimization-CDC2026\lite_trials\lite_config.yaml,full,32,0.07311827957,0,65,65,0.07311827956989247,34,0.01561736406786157,0.49975565017157025,0.03528040000037436,0.03528040000037436,0.03528040000037436,path,path,path,31,0.0,0.0,False,,,False,1,path,64,4,RL+Path,0
best,C:\Users\erich\Documents\AFRL\Algebraic-Connectivity-Optimization-CDC2026\lite_trials\sweep\lambda2_only\checkpoints\best.pt,ppo,19000,C:\Users\erich\Documents\AFRL\Algebraic-Connectivity-Optimization-CDC2026\lite_trials\lite_config.yaml,full,32,0.07311827957,1,65,65,0.07311827956989247,34,0.01561736406786157,0.49975565017157025,0.0382515000001149,0.0382515000001149,0.0382515000001149,path,path,path,31,0.0,0.0,False,,,False,1,path,64,4,RL+Path,1
best,C:\Users\erich\Documents\AFRL\Algebraic-Connectivity-Optimization-CDC2026\lite_trials\sweep\lambda2_only\checkpoints\best.pt,ppo,19000,C:\Users\erich\Documents\AFRL\Algebraic-Connectivity-Optimization-CDC2026\lite_trials\lite_config.yaml,full,32,0.07311827957,2,65,65,0.07311827956989247,34,0.01561736406786157,0.49975565017157025,0.03298309999991034,0.03298309999991034,0.03298309999991034,path,path,path,31,0.0,0.0,False,,,False,1,path,64,4,RL+Path,2
best,C:\Users\erich\Documents\AFRL\Algebraic-Connectivity-Optimization-CDC2026\lite_trials\sweep\lambda2_only\checkpoints\best.pt,ppo,19000,C:\Users\erich\Documents\AFRL\Algebraic-Connectivity-Optimization-CDC2026\lite_trials\lite_config.yaml,full,32,0.07311827957,3,65,65,0.07311827956989247,34,0.01561736406786157,0.49975565017157025,0.03261000000020431,0.03261000000020431,0.03261000000020431,path,path,path,31,0.0,0.0,False,,,False,1,path,64,4,RL+Path,3
best,C:\Users\erich\Documents\AFRL\Algebraic-Connectivity-Optimization-CDC2026\lite_trials\sweep\lambda2_only\checkpoints\best.pt,ppo,19000,C:\Users\erich\Documents\AFRL\Algebraic-Connectivity-Optimization-CDC2026\lite_trials\lite_config.yaml,full,32,0.07311827957,4,65,65,0.07311827956989247,34,0.01561736406786157,0.49975565017157025,0.03331319999961124,0.03331319999961124,0.03331319999961124,path,path,path,31,0.0,0.0,False,,,False,1,path,64,4,RL+Path,4
best,C:\Users\erich\Documents\AFRL\Algebraic-Connectivity-Optimization-CDC2026\lite_trials\sweep\lambda2_only\checkpoints\best.pt,ppo,19000,C:\Users\erich\Documents\AFRL\Algebraic-Connectivity-Optimization-CDC2026\lite_trials\lite_config.yaml,full,32,0.144086021505,0,98,98,0.14408602150537633,67,0.05912092043386274,1.8918694538836076,0.07210089999989577,0.07210089999989577,0.07210089999989577,path,path,path,31,0.0,0.0,False,,,False,1,path,64,4,RL+Path,0
best,C:\Users\erich\Documents\AFRL\Algebraic-Connectivity-Optimization-CDC2026\lite_trials\sweep\lambda2_only\checkpoints\best.pt,ppo,19000,C:\Users\erich\Documents\AFRL\Algebraic-Connectivity-Optimization-CDC2026\lite_trials\lite_config.yaml,full,32,0.144086021505,1,98,98,0.14408602150537633,67,0.05912092043386274,1.8918694538836076,0.06427370000074006,0.06427370000074006,0.06427370000074006,path,path,path,31,0.0,0.0,False,,,False,1,path,64,4,RL+Path,1
best,C:\Users\erich\Documents\AFRL\Algebraic-Connectivity-Optimization-CDC2026\lite_trials\sweep\lambda2_only\checkpoints\best.pt,ppo,19000,C:\Users\erich\Documents\AFRL\Algebraic-Connectivity-Optimization-CDC2026\lite_trials\lite_config.yaml,full,32,0.144086021505,2,98,98,0.14408602150537633,67,0.05912092043386274,1.8918694538836076,0.06384759999946255,0.06384759999946255,0.06384759999946255,path,path,path,31,0.0,0.0,False,,,False,1,path,64,4,RL+Path,2
best,C:\Users\erich\Documents\AFRL\Algebraic-Connectivity-Optimization-CDC2026\lite_trials\sweep\lambda2_only\checkpoints\best.pt,ppo,19000,C:\Users\erich\Documents\AFRL\Algebraic-Connectivity-Optimization-CDC2026\lite_trials\lite_config.yaml,full,32,0.144086021505,3,98,98,0.14408602150537633,67,0.05912092043386274,1.8918694538836076,0.06503960000009101,0.06503960000009101,0.06503960000009101,path,path,path,31,0.0,0.0,False,,,False,1,path,64,4,RL+Path,3
best,C:\Users\erich\Documents\AFRL\Algebraic-Connectivity-Optimization-CDC2026\lite_trials\sweep\lambda2_only\checkpoints\best.pt,ppo,19000,C:\Users\erich\Documents\AFRL\Algebraic-Connectivity-Optimization-CDC2026\lite_trials\lite_config.yaml,full,32,0.144086021505,4,98,98,0.14408602150537633,67,0.05912092043386274,1.8918694538836076,0.06703840000045602,0.06703840000045602,0.06703840000045602,path,path,path,31,0.0,0.0,False,,,False,1,path,64,4,RL+Path,4
best,C:\Users\erich\Documents\AFRL\Algebraic-Connectivity-Optimization-CDC2026\lite_trials\sweep\lambda2_only\checkpoints\best.pt,ppo,19000,C:\Users\erich\Documents\AFRL\Algebraic-Connectivity-Optimization-CDC2026\lite_trials\lite_config.yaml,full,32,0.215053763441,0,131,131,0.21505376344086022,100,0.06617731804380941,2.1176741774019012,0.10013359999993554,0.10013359999993554,0.10013359999993554,path,path,path,31,0.0,0.0,False,,,False,1,path,64,4,RL+Path,0
best,C:\Users\erich\Documents\AFRL\Algebraic-Connectivity-Optimization-CDC2026\lite_trials\sweep\lambda2_only\checkpoints\best.pt,ppo,19000,C:\Users\erich\Documents\AFRL\Algebraic-Connectivity-Optimization-CDC2026\lite_trials\lite_config.yaml,full,32,0.215053763441,1,131,131,0.21505376344086022,100,0.06617731804380941,2.1176741774019012,0.09779239999988931,0.09779239999988931,0.09779239999988931,path,path,path,31,0.0,0.0,False,,,False,1,path,64,4,RL+Path,1
best,C:\Users\erich\Documents\AFRL\Algebraic-Connectivity-Optimization-CDC2026\lite_trials\sweep\lambda2_only\checkpoints\best.pt,ppo,19000,C:\Users\erich\Documents\AFRL\Algebraic-Connectivity-Optimization-CDC2026\lite_trials\lite_config.yaml,full,32,0.215053763441,2,131,131,0.21505376344086022,100,0.06617731804380941,2.1176741774019012,0.10324350000064442,0.10324350000064442,0.10324350000064442,path,path,path,31,0.0,0.0,False,,,False,1,path,64,4,RL+Path,2
best,C:\Users\erich\Documents\AFRL\Algebraic-Connectivity-Optimization-CDC2026\lite_trials\sweep\lambda2_only\checkpoints\best.pt,ppo,19000,C:\Users\erich\Documents\AFRL\Algebraic-Connectivity-Optimization-CDC2026\lite_trials\lite_config.yaml,full,32,0.215053763441,3,131,131,0.21505376344086022,100,0.06617731804380941,2.1176741774019012,0.09751830000004702,0.09751830000004702,0.09751830000004702,path,path,path,31,0.0,0.0,False,,,False,1,path,64,4,RL+Path,3
best,C:\Users\erich\Documents\AFRL\Algebraic-Connectivity-Optimization-CDC2026\lite_trials\sweep\lambda2_only\checkpoints\best.pt,ppo,19000,C:\Users\erich\Documents\AFRL\Algebraic-Connectivity-Optimization-CDC2026\lite_trials\lite_config.yaml,full,32,0.215053763441,4,131,131,0.21505376344086022,100,0.06617731804380941,2.1176741774019012,0.09797040000012203,0.09797040000012203,0.09797040000012203,path,path,path,31,0.0,0.0,False,,,False,1,path,64,4,RL+Path,4
best,C:\Users\erich\Documents\AFRL\Algebraic-Connectivity-Optimization-CDC2026\lite_trials\sweep\lambda2_only\checkpoints\best.pt,ppo,19000,C:\Users\erich\Documents\AFRL\Algebraic-Connectivity-Optimization-CDC2026\lite_trials\lite_config.yaml,full,32,0.286021505376,0,164,164,0.2860215053763441,133,0.2383569843968714,7.6274235006998845,0.14366179999979067,0.14366179999979067,0.14366179999979067,path,path,path,31,0.0,0.0,False,,,False,1,path,64,4,RL+Path,0
best,C:\Users\erich\Documents\AFRL\Algebraic-Connectivity-Optimization-CDC2026\lite_trials\sweep\lambda2_only\checkpoints\best.pt,ppo,19000,C:\Users\erich\Documents\AFRL\Algebraic-Connectivity-Optimization-CDC2026\lite_trials\lite_config.yaml,full,32,0.286021505376,1,164,164,0.2860215053763441,133,0.2383569843968714,7.6274235006998845,0.13919199999963894,0.13919199999963894,0.13919199999963894,path,path,path,31,0.0,0.0,False,,,False,1,path,64,4,RL+Path,1
best,C:\Users\erich\Documents\AFRL\Algebraic-Connectivity-Optimization-CDC2026\lite_trials\sweep\lambda2_only\checkpoints\best.pt,ppo,19000,C:\Users\erich\Documents\AFRL\Algebraic-Connectivity-Optimization-CDC2026\lite_trials\lite_config.yaml,full,32,0.286021505376,2,164,164,0.2860215053763441,133,0.2383569843968714,7.6274235006998845,0.13671849999991537,0.13671849999991537,0.13671849999991537,path,path,path,31,0.0,0.0,False,,,False,1,path,64,4,RL+Path,2
best,C:\Users\erich\Documents\AFRL\Algebraic-Connectivity-Optimization-CDC2026\lite_trials\sweep\lambda2_only\checkpoints\best.pt,ppo,19000,C:\Users\erich\Documents\AFRL\Algebraic-Connectivity-Optimization-CDC2026\lite_trials\lite_config.yaml,full,32,0.286021505376,3,164,164,0.2860215053763441,133,0.2383569843968714,7.6274235006998845,0.13217009999971197,0.13217009999971197,0.13217009999971197,path,path,path,31,0.0,0.0,False,,,False,1,path,64,4,RL+Path,3
best,C:\Users\erich\Documents\AFRL\Algebraic-Connectivity-Optimization-CDC2026\lite_trials\sweep\lambda2_only\checkpoints\best.pt,ppo,19000,C:\Users\erich\Documents\AFRL\Algebraic-Connectivity-Optimization-CDC2026\lite_trials\lite_config.yaml,full,32,0.286021505376,4,164,164,0.2860215053763441,133,0.2383569843968714,7.6274235006998845,0.13088750000042637,0.13088750000042637,0.13088750000042637,path,path,path,31,0.0,0.0,False,,,False,1,path,64,4,RL+Path,4
best,C:\Users\erich\Documents\AFRL\Algebraic-Connectivity-Optimization-CDC2026\lite_trials\sweep\lambda2_only\checkpoints\best.pt,ppo,19000,C:\Users\erich\Documents\AFRL\Algebraic-Connectivity-Optimization-CDC2026\lite_trials\lite_config.yaml,full,32,0.356989247312,0,197,197,0.35698924731182796,166,0.2582148247816793,8.262874393013737,0.16911129999971308,0.16911129999971308,0.16911129999971308,path,path,path,31,0.0,0.0,False,,,False,1,path,64,4,RL+Path,0
best,C:\Users\erich\Documents\AFRL\Algebraic-Connectivity-Optimization-CDC2026\lite_trials\sweep\lambda2_only\checkpoints\best.pt,ppo,19000,C:\Users\erich\Documents\AFRL\Algebraic-Connectivity-Optimization-CDC2026\lite_trials\lite_config.yaml,full,32,0.356989247312,1,197,197,0.35698924731182796,166,0.2582148247816793,8.262874393013737,0.168232099999841,0.168232099999841,0.168232099999841,path,path,path,31,0.0,0.0,False,,,False,1,path,64,4,RL+Path,1
best,C:\Users\erich\Documents\AFRL\Algebraic-Connectivity-Optimization-CDC2026\lite_trials\sweep\lambda2_only\checkpoints\best.pt,ppo,19000,C:\Users\erich\Documents\AFRL\Algebraic-Connectivity-Optimization-CDC2026\lite_trials\lite_config.yaml,full,32,0.356989247312,2,197,197,0.35698924731182796,166,0.2582148247816793,8.262874393013737,0.1760452999997142,0.1760452999997142,0.1760452999997142,path,path,path,31,0.0,0.0,False,,,False,1,path,64,4,RL+Path,2
best,C:\Users\erich\Documents\AFRL\Algebraic-Connectivity-Optimization-CDC2026\lite_trials\sweep\lambda2_only\checkpoints\best.pt,ppo,19000,C:\Users\erich\Documents\AFRL\Algebraic-Connectivity-Optimization-CDC2026\lite_trials\lite_config.yaml,full,32,0.356989247312,3,197,197,0.35698924731182796,166,0.2582148247816793,8.262874393013737,0.16812709999976505,0.16812709999976505,0.16812709999976505,path,path,path,31,0.0,0.0,False,,,False,1,path,64,4,RL+Path,3
best,C:\Users\erich\Documents\AFRL\Algebraic-Connectivity-Optimization-CDC2026\lite_trials\sweep\lambda2_only\checkpoints\best.pt,ppo,19000,C:\Users\erich\Documents\AFRL\Algebraic-Connectivity-Optimization-CDC2026\lite_trials\lite_config.yaml,full,32,0.356989247312,4,197,197,0.35698924731182796,166,0.2582148247816793,8.262874393013737,0.17746080000051734,0.17746080000051734,0.17746080000051734,path,path,path,31,0.0,0.0,False,,,False,1,path,64,4,RL+Path,4
best,C:\Users\erich\Documents\AFRL\Algebraic-Connectivity-Optimization-CDC2026\lite_trials\sweep\lambda2_only\checkpoints\best.pt,ppo,19000,C:\Users\erich\Documents\AFRL\Algebraic-Connectivity-Optimization-CDC2026\lite_trials\lite_config.yaml,full,32,0.427956989247,0,230,230,0.42795698924731185,199,0.40428789452701286,12.937212624864411,0.21794090000003052,0.21794090000003052,0.21794090000003052,path,path,path,31,0.0,0.0,False,,,False,1,path,64,4,RL+Path,0
best,C:\Users\erich\Documents\AFRL\Algebraic-Connectivity-Optimization-CDC2026\lite_trials\sweep\lambda2_only\checkpoints\best.pt,ppo,19000,C:\Users\erich\Documents\AFRL\Algebraic-Connectivity-Optimization-CDC2026\lite_trials\lite_config.yaml,full,32,0.427956989247,1,230,230,0.42795698924731185,199,0.40428789452701286,12.937212624864411,0.21636919999946258,0.21636919999946258,0.21636919999946258,path,path,path,31,0.0,0.0,False,,,False,1,path,64,4,RL+Path,1
best,C:\Users\erich\Documents\AFRL\Algebraic-Connectivity-Optimization-CDC2026\lite_trials\sweep\lambda2_only\checkpoints\best.pt,ppo,19000,C:\Users\erich\Documents\AFRL\Algebraic-Connectivity-Optimization-CDC2026\lite_trials\lite_config.yaml,full,32,0.427956989247,2,230,230,0.42795698924731185,199,0.40428789452701286,12.937212624864411,0.21480090000022756,0.21480090000022756,0.21480090000022756,path,path,path,31,0.0,0.0,False,,,False,1,path,64,4,RL+Path,2
best,C:\Users\erich\Documents\AFRL\Algebraic-Connectivity-Optimization-CDC2026\lite_trials\sweep\lambda2_only\checkpoints\best.pt,ppo,19000,C:\Users\erich\Documents\AFRL\Algebraic-Connectivity-Optimization-CDC2026\lite_trials\lite_config.yaml,full,32,0.427956989247,3,230,230,0.42795698924731185,199,0.40428789452701286,12.937212624864411,0.21103909999965254,0.21103909999965254,0.21103909999965254,path,path,path,31,0.0,0.0,False,,,False,1,path,64,4,RL+Path,3
best,C:\Users\erich\Documents\AFRL\Algebraic-Connectivity-Optimization-CDC2026\lite_trials\sweep\lambda2_only\checkpoints\best.pt,ppo,19000,C:\Users\erich\Documents\AFRL\Algebraic-Connectivity-Optimization-CDC2026\lite_trials\lite_config.yaml,full,32,0.427956989247,4,230,230,0.42795698924731185,199,0.40428789452701286,12.937212624864411,0.21746989999974176,0.21746989999974176,0.21746989999974176,path,path,path,31,0.0,0.0,False,,,False,1,path,64,4,RL+Path,4
best,C:\Users\erich\Documents\AFRL\Algebraic-Connectivity-Optimization-CDC2026\lite_trials\sweep\lambda2_only\checkpoints\best.pt,ppo,19000,C:\Users\erich\Documents\AFRL\Algebraic-Connectivity-Optimization-CDC2026\lite_trials\lite_config.yaml,full,32,0.501075268817,0,264,264,0.5010752688172043,233,0.4040891727471847,12.93085352790991,0.2563980000004449,0.2563980000004449,0.2563980000004449,path,path,path,31,0.0,0.0,False,,,False,1,path,64,4,RL+Path,0
best,C:\Users\erich\Documents\AFRL\Algebraic-Connectivity-Optimization-CDC2026\lite_trials\sweep\lambda2_only\checkpoints\best.pt,ppo,19000,C:\Users\erich\Documents\AFRL\Algebraic-Connectivity-Optimization-CDC2026\lite_trials\lite_config.yaml,full,32,0.501075268817,1,264,264,0.5010752688172043,233,0.4040891727471847,12.93085352790991,0.2598675999997795,0.2598675999997795,0.2598675999997795,path,path,path,31,0.0,0.0,False,,,False,1,path,64,4,RL+Path,1
best,C:\Users\erich\Documents\AFRL\Algebraic-Connectivity-Optimization-CDC2026\lite_trials\sweep\lambda2_only\checkpoints\best.pt,ppo,19000,C:\Users\erich\Documents\AFRL\Algebraic-Connectivity-Optimization-CDC2026\lite_trials\lite_config.yaml,full,32,0.501075268817,2,264,264,0.5010752688172043,233,0.4040891727471847,12.93085352790991,0.2583967999999004,0.2583967999999004,0.2583967999999004,path,path,path,31,0.0,0.0,False,,,False,1,path,64,4,RL+Path,2
best,C:\Users\erich\Documents\AFRL\Algebraic-Connectivity-Optimization-CDC2026\lite_trials\sweep\lambda2_only\checkpoints\best.pt,ppo,19000,C:\Users\erich\Documents\AFRL\Algebraic-Connectivity-Optimization-CDC2026\lite_trials\lite_config.yaml,full,32,0.501075268817,3,264,264,0.5010752688172043,233,0.4040891727471847,12.93085352790991,0.2546535000001313,0.2546535000001313,0.2546535000001313,path,path,path,31,0.0,0.0,False,,,False,1,path,64,4,RL+Path,3
best,C:\Users\erich\Documents\AFRL\Algebraic-Connectivity-Optimization-CDC2026\lite_trials\sweep\lambda2_only\checkpoints\best.pt,ppo,19000,C:\Users\erich\Documents\AFRL\Algebraic-Connectivity-Optimization-CDC2026\lite_trials\lite_config.yaml,full,32,0.501075268817,4,264,264,0.5010752688172043,233,0.4040891727471847,12.93085352790991,0.26376880000043457,0.26376880000043457,0.26376880000043457,path,path,path,31,0.0,0.0,False,,,False,1,path,64,4,RL+Path,4
best,C:\Users\erich\Documents\AFRL\Algebraic-Connectivity-Optimization-CDC2026\lite_trials\sweep\lambda2_only\checkpoints\best.pt,ppo,19000,C:\Users\erich\Documents\AFRL\Algebraic-Connectivity-Optimization-CDC2026\lite_trials\lite_config.yaml,full,32,0.572043010753,0,297,297,0.5720430107526882,266,0.5278336133796091,16.89067562814749,0.29880969999976514,0.29880969999976514,0.29880969999976514,path,path,path,31,0.0,0.0,False,,,False,1,path,64,4,RL+Path,0
best,C:\Users\erich\Documents\AFRL\Algebraic-Connectivity-Optimization-CDC2026\lite_trials\sweep\lambda2_only\checkpoints\best.pt,ppo,19000,C:\Users\erich\Documents\AFRL\Algebraic-Connectivity-Optimization-CDC2026\lite_trials\lite_config.yaml,full,32,0.572043010753,1,297,297,0.5720430107526882,266,0.5278336133796091,16.89067562814749,0.29705250000006345,0.29705250000006345,0.29705250000006345,path,path,path,31,0.0,0.0,False,,,False,1,path,64,4,RL+Path,1
best,C:\Users\erich\Documents\AFRL\Algebraic-Connectivity-Optimization-CDC2026\lite_trials\sweep\lambda2_only\checkpoints\best.pt,ppo,19000,C:\Users\erich\Documents\AFRL\Algebraic-Connectivity-Optimization-CDC2026\lite_trials\lite_config.yaml,full,32,0.572043010753,2,297,297,0.5720430107526882,266,0.5278336133796091,16.89067562814749,0.2875822000005428,0.2875822000005428,0.2875822000005428,path,path,path,31,0.0,0.0,False,,,False,1,path,64,4,RL+Path,2
best,C:\Users\erich\Documents\AFRL\Algebraic-Connectivity-Optimization-CDC2026\lite_trials\sweep\lambda2_only\checkpoints\best.pt,ppo,19000,C:\Users\erich\Documents\AFRL\Algebraic-Connectivity-Optimization-CDC2026\lite_trials\lite_config.yaml,full,32,0.572043010753,3,297,297,0.5720430107526882,266,0.5278336133796091,16.89067562814749,0.29342369999994844,0.29342369999994844,0.29342369999994844,path,path,path,31,0.0,0.0,False,,,False,1,path,64,4,RL+Path,3
best,C:\Users\erich\Documents\AFRL\Algebraic-Connectivity-Optimization-CDC2026\lite_trials\sweep\lambda2_only\checkpoints\best.pt,ppo,19000,C:\Users\erich\Documents\AFRL\Algebraic-Connectivity-Optimization-CDC2026\lite_trials\lite_config.yaml,full,32,0.572043010753,4,297,297,0.5720430107526882,266,0.5278336133796091,16.89067562814749,0.29285859999981767,0.29285859999981767,0.29285859999981767,path,path,path,31,0.0,0.0,False,,,False,1,path,64,4,RL+Path,4
best,C:\Users\erich\Documents\AFRL\Algebraic-Connectivity-Optimization-CDC2026\lite_trials\sweep\lambda2_only\checkpoints\best.pt,ppo,19000,C:\Users\erich\Documents\AFRL\Algebraic-Connectivity-Optimization-CDC2026\lite_trials\lite_config.yaml,full,32,0.643010752688,0,330,330,0.6430107526881721,299,0.695942711942275,22.2701667821528,0.3371096999999281,0.3371096999999281,0.3371096999999281,path,path,path,31,0.0,0.0,False,,,False,1,path,64,4,RL+Path,0
best,C:\Users\erich\Documents\AFRL\Algebraic-Connectivity-Optimization-CDC2026\lite_trials\sweep\lambda2_only\checkpoints\best.pt,ppo,19000,C:\Users\erich\Documents\AFRL\Algebraic-Connectivity-Optimization-CDC2026\lite_trials\lite_config.yaml,full,32,0.643010752688,1,330,330,0.6430107526881721,299,0.695942711942275,22.2701667821528,0.3282779999999548,0.3282779999999548,0.3282779999999548,path,path,path,31,0.0,0.0,False,,,False,1,path,64,4,RL+Path,1
best,C:\Users\erich\Documents\AFRL\Algebraic-Connectivity-Optimization-CDC2026\lite_trials\sweep\lambda2_only\checkpoints\best.pt,ppo,19000,C:\Users\erich\Documents\AFRL\Algebraic-Connectivity-Optimization-CDC2026\lite_trials\lite_config.yaml,full,32,0.643010752688,2,330,330,0.6430107526881721,299,0.695942711942275,22.2701667821528,0.33252900000024965,0.33252900000024965,0.33252900000024965,path,path,path,31,0.0,0.0,False,,,False,1,path,64,4,RL+Path,2
best,C:\Users\erich\Documents\AFRL\Algebraic-Connectivity-Optimization-CDC2026\lite_trials\sweep\lambda2_only\checkpoints\best.pt,ppo,19000,C:\Users\erich\Documents\AFRL\Algebraic-Connectivity-Optimization-CDC2026\lite_trials\lite_config.yaml,full,32,0.643010752688,3,330,330,0.6430107526881721,299,0.695942711942275,22.2701667821528,0.3218813000003138,0.3218813000003138,0.3218813000003138,path,path,path,31,0.0,0.0,False,,,False,1,path,64,4,RL+Path,3
best,C:\Users\erich\Documents\AFRL\Algebraic-Connectivity-Optimization-CDC2026\lite_trials\sweep\lambda2_only\checkpoints\best.pt,ppo,19000,C:\Users\erich\Documents\AFRL\Algebraic-Connectivity-Optimization-CDC2026\lite_trials\lite_config.yaml,full,32,0.643010752688,4,330,330,0.6430107526881721,299,0.695942711942275,22.2701667821528,0.3411434999998164,0.3411434999998164,0.3411434999998164,path,path,path,31,0.0,0.0,False,,,False,1,path,64,4,RL+Path,4
best,C:\Users\erich\Documents\AFRL\Algebraic-Connectivity-Optimization-CDC2026\lite_trials\sweep\lambda2_only\checkpoints\best.pt,ppo,19000,C:\Users\erich\Documents\AFRL\Algebraic-Connectivity-Optimization-CDC2026\lite_trials\lite_config.yaml,full,32,0.713978494624,0,363,363,0.7139784946236559,332,0.7930538774970344,25.3777240799051,0.3685489999998026,0.3685489999998026,0.3685489999998026,path,path,path,31,0.0,0.0,False,,,False,1,path,64,4,RL+Path,0
best,C:\Users\erich\Documents\AFRL\Algebraic-Connectivity-Optimization-CDC2026\lite_trials\sweep\lambda2_only\checkpoints\best.pt,ppo,19000,C:\Users\erich\Documents\AFRL\Algebraic-Connectivity-Optimization-CDC2026\lite_trials\lite_config.yaml,full,32,0.713978494624,1,363,363,0.7139784946236559,332,0.7930538774970344,25.3777240799051,0.37805310000021564,0.37805310000021564,0.37805310000021564,path,path,path,31,0.0,0.0,False,,,False,1,path,64,4,RL+Path,1
best,C:\Users\erich\Documents\AFRL\Algebraic-Connectivity-Optimization-CDC2026\lite_trials\sweep\lambda2_only\checkpoints\best.pt,ppo,19000,C:\Users\erich\Documents\AFRL\Algebraic-Connectivity-Optimization-CDC2026\lite_trials\lite_config.yaml,full,32,0.713978494624,2,363,363,0.7139784946236559,332,0.7930538774970344,25.3777240799051,0.3782904999998209,0.3782904999998209,0.3782904999998209,path,path,path,31,0.0,0.0,False,,,False,1,path,64,4,RL+Path,2
best,C:\Users\erich\Documents\AFRL\Algebraic-Connectivity-Optimization-CDC2026\lite_trials\sweep\lambda2_only\checkpoints\best.pt,ppo,19000,C:\Users\erich\Documents\AFRL\Algebraic-Connectivity-Optimization-CDC2026\lite_trials\lite_config.yaml,full,32,0.713978494624,3,363,363,0.7139784946236559,332,0.7930538774970344,25.3777240799051,0.37039650000042457,0.37039650000042457,0.37039650000042457,path,path,path,31,0.0,0.0,False,,,False,1,path,64,4,RL+Path,3
best,C:\Users\erich\Documents\AFRL\Algebraic-Connectivity-Optimization-CDC2026\lite_trials\sweep\lambda2_only\checkpoints\best.pt,ppo,19000,C:\Users\erich\Documents\AFRL\Algebraic-Connectivity-Optimization-CDC2026\lite_trials\lite_config.yaml,full,32,0.713978494624,4,363,363,0.7139784946236559,332,0.7930538774970344,25.3777240799051,0.38483590000032564,0.38483590000032564,0.38483590000032564,path,path,path,31,0.0,0.0,False,,,False,1,path,64,4,RL+Path,4
best,C:\Users\erich\Documents\AFRL\Algebraic-Connectivity-Optimization-CDC2026\lite_trials\sweep\lambda2_only\checkpoints\best.pt,ppo,19000,C:\Users\erich\Documents\AFRL\Algebraic-Connectivity-Optimization-CDC2026\lite_trials\lite_config.yaml,full,32,0.784946236559,0,396,396,0.7849462365591398,365,0.8032760472241172,25.70483351117175,0.41986350000024686,0.41986350000024686,0.41986350000024686,path,path,path,31,0.0,0.0,False,,,False,1,path,64,4,RL+Path,0
best,C:\Users\erich\Documents\AFRL\Algebraic-Connectivity-Optimization-CDC2026\lite_trials\sweep\lambda2_only\checkpoints\best.pt,ppo,19000,C:\Users\erich\Documents\AFRL\Algebraic-Connectivity-Optimization-CDC2026\lite_trials\lite_config.yaml,full,32,0.784946236559,1,396,396,0.7849462365591398,365,0.8032760472241172,25.70483351117175,0.41301649999968504,0.41301649999968504,0.41301649999968504,path,path,path,31,0.0,0.0,False,,,False,1,path,64,4,RL+Path,1
best,C:\Users\erich\Documents\AFRL\Algebraic-Connectivity-Optimization-CDC2026\lite_trials\sweep\lambda2_only\checkpoints\best.pt,ppo,19000,C:\Users\erich\Documents\AFRL\Algebraic-Connectivity-Optimization-CDC2026\lite_trials\lite_config.yaml,full,32,0.784946236559,2,396,396,0.7849462365591398,365,0.8032760472241172,25.70483351117175,0.41334900000038033,0.41334900000038033,0.41334900000038033,path,path,path,31,0.0,0.0,False,,,False,1,path,64,4,RL+Path,2
best,C:\Users\erich\Documents\AFRL\Algebraic-Connectivity-Optimization-CDC2026\lite_trials\sweep\lambda2_only\checkpoints\best.pt,ppo,19000,C:\Users\erich\Documents\AFRL\Algebraic-Connectivity-Optimization-CDC2026\lite_trials\lite_config.yaml,full,32,0.784946236559,3,396,396,0.7849462365591398,365,0.8032760472241172,25.70483351117175,0.4098432999999204,0.4098432999999204,0.4098432999999204,path,path,path,31,0.0,0.0,False,,,False,1,path,64,4,RL+Path,3
best,C:\Users\erich\Documents\AFRL\Algebraic-Connectivity-Optimization-CDC2026\lite_trials\sweep\lambda2_only\checkpoints\best.pt,ppo,19000,C:\Users\erich\Documents\AFRL\Algebraic-Connectivity-Optimization-CDC2026\lite_trials\lite_config.yaml,full,32,0.784946236559,4,396,396,0.7849462365591398,365,0.8032760472241172,25.70483351117175,0.4086452999999892,0.4086452999999892,0.4086452999999892,path,path,path,31,0.0,0.0,False,,,False,1,path,64,4,RL+Path,4
best,C:\Users\erich\Documents\AFRL\Algebraic-Connectivity-Optimization-CDC2026\lite_trials\sweep\lambda2_only\checkpoints\best.pt,ppo,19000,C:\Users\erich\Documents\AFRL\Algebraic-Connectivity-Optimization-CDC2026\lite_trials\lite_config.yaml,full,32,0.855913978495,0,429,429,0.8559139784946237,398,0.9350594388047522,29.92190204175207,0.5236348999997062,0.5236348999997062,0.5236348999997062,path,path,path,31,0.0,0.0,False,,,False,1,path,64,4,RL+Path,0
best,C:\Users\erich\Documents\AFRL\Algebraic-Connectivity-Optimization-CDC2026\lite_trials\sweep\lambda2_only\checkpoints\best.pt,ppo,19000,C:\Users\erich\Documents\AFRL\Algebraic-Connectivity-Optimization-CDC2026\lite_trials\lite_config.yaml,full,32,0.855913978495,1,429,429,0.8559139784946237,398,0.9350594388047522,29.92190204175207,0.48948590000054537,0.48948590000054537,0.48948590000054537,path,path,path,31,0.0,0.0,False,,,False,1,path,64,4,RL+Path,1
best,C:\Users\erich\Documents\AFRL\Algebraic-Connectivity-Optimization-CDC2026\lite_trials\sweep\lambda2_only\checkpoints\best.pt,ppo,19000,C:\Users\erich\Documents\AFRL\Algebraic-Connectivity-Optimization-CDC2026\lite_trials\lite_config.yaml,full,32,0.855913978495,2,429,429,0.8559139784946237,398,0.9350594388047522,29.92190204175207,0.5006425999999919,0.5006425999999919,0.5006425999999919,path,path,path,31,0.0,0.0,False,,,False,1,path,64,4,RL+Path,2
best,C:\Users\erich\Documents\AFRL\Algebraic-Connectivity-Optimization-CDC2026\lite_trials\sweep\lambda2_only\checkpoints\best.pt,ppo,19000,C:\Users\erich\Documents\AFRL\Algebraic-Connectivity-Optimization-CDC2026\lite_trials\lite_config.yaml,full,32,0.855913978495,3,429,429,0.8559139784946237,398,0.9350594388047522,29.92190204175207,0.5458873999996285,0.5458873999996285,0.5458873999996285,path,path,path,31,0.0,0.0,False,,,False,1,path,64,4,RL+Path,3
best,C:\Users\erich\Documents\AFRL\Algebraic-Connectivity-Optimization-CDC2026\lite_trials\sweep\lambda2_only\checkpoints\best.pt,ppo,19000,C:\Users\erich\Documents\AFRL\Algebraic-Connectivity-Optimization-CDC2026\lite_trials\lite_config.yaml,full,32,0.855913978495,4,429,429,0.8559139784946237,398,0.9350594388047522,29.92190204175207,0.5555432000001019,0.5555432000001019,0.5555432000001019,path,path,path,31,0.0,0.0,False,,,False,1,path,64,4,RL+Path,4
best,C:\Users\erich\Documents\AFRL\Algebraic-Connectivity-Optimization-CDC2026\lite_trials\sweep\lambda2_only\checkpoints\best.pt,ppo,19000,C:\Users\erich\Documents\AFRL\Algebraic-Connectivity-Optimization-CDC2026\lite_trials\lite_config.yaml,full,32,0.92688172043,0,462,462,0.9268817204301075,431,0.9492037722376432,30.374520711604582,0.5906997000001866,0.5906997000001866,0.5906997000001866,path,path,path,31,0.0,0.0,False,,,False,1,path,64,4,RL+Path,0
best,C:\Users\erich\Documents\AFRL\Algebraic-Connectivity-Optimization-CDC2026\lite_trials\sweep\lambda2_only\checkpoints\best.pt,ppo,19000,C:\Users\erich\Documents\AFRL\Algebraic-Connectivity-Optimization-CDC2026\lite_trials\lite_config.yaml,full,32,0.92688172043,1,462,462,0.9268817204301075,431,0.9492037722376432,30.374520711604582,0.6089751999998043,0.6089751999998043,0.6089751999998043,path,path,path,31,0.0,0.0,False,,,False,1,path,64,4,RL+Path,1
best,C:\Users\erich\Documents\AFRL\Algebraic-Connectivity-Optimization-CDC2026\lite_trials\sweep\lambda2_only\checkpoints\best.pt,ppo,19000,C:\Users\erich\Documents\AFRL\Algebraic-Connectivity-Optimization-CDC2026\lite_trials\lite_config.yaml,full,32,0.92688172043,2,462,462,0.9268817204301075,431,0.9492037722376432,30.374520711604582,0.5519564999995055,0.5519564999995055,0.5519564999995055,path,path,path,31,0.0,0.0,False,,,False,1,path,64,4,RL+Path,2
best,C:\Users\erich\Documents\AFRL\Algebraic-Connectivity-Optimization-CDC2026\lite_trials\sweep\lambda2_only\checkpoints\best.pt,ppo,19000,C:\Users\erich\Documents\AFRL\Algebraic-Connectivity-Optimization-CDC2026\lite_trials\lite_config.yaml,full,32,0.92688172043,3,462,462,0.9268817204301075,431,0.9492037722376432,30.374520711604582,0.5385081000003993,0.5385081000003993,0.5385081000003993,path,path,path,31,0.0,0.0,False,,,False,1,path,64,4,RL+Path,3
best,C:\Users\erich\Documents\AFRL\Algebraic-Connectivity-Optimization-CDC2026\lite_trials\sweep\lambda2_only\checkpoints\best.pt,ppo,19000,C:\Users\erich\Documents\AFRL\Algebraic-Connectivity-Optimization-CDC2026\lite_trials\lite_config.yaml,full,32,0.92688172043,4,462,462,0.9268817204301075,431,0.9492037722376432,30.374520711604582,0.5475981999998112,0.5475981999998112,0.5475981999998112,path,path,path,31,0.0,0.0,False,,,False,1,path,64,4,RL+Path,4
best,C:\Users\erich\Documents\AFRL\Algebraic-Connectivity-Optimization-CDC2026\lite_trials\sweep\lambda2_only\checkpoints\best.pt,ppo,19000,C:\Users\erich\Documents\AFRL\Algebraic-Connectivity-Optimization-CDC2026\lite_trials\lite_config.yaml,full,32,0.997849462366,0,495,495,0.9978494623655914,464,1.0000000000000002,32.00000000000001,0.5778983000000153,0.5778983000000153,0.5778983000000153,path,path,path,31,0.0,0.0,False,,,False,1,path,64,4,RL+Path,0
best,C:\Users\erich\Documents\AFRL\Algebraic-Connectivity-Optimization-CDC2026\lite_trials\sweep\lambda2_only\checkpoints\best.pt,ppo,19000,C:\Users\erich\Documents\AFRL\Algebraic-Connectivity-Optimization-CDC2026\lite_trials\lite_config.yaml,full,32,0.997849462366,1,495,495,0.9978494623655914,464,1.0000000000000002,32.00000000000001,0.5792011000003185,0.5792011000003185,0.5792011000003185,path,path,path,31,0.0,0.0,False,,,False,1,path,64,4,RL+Path,1
best,C:\Users\erich\Documents\AFRL\Algebraic-Connectivity-Optimization-CDC2026\lite_trials\sweep\lambda2_only\checkpoints\best.pt,ppo,19000,C:\Users\erich\Documents\AFRL\Algebraic-Connectivity-Optimization-CDC2026\lite_trials\lite_config.yaml,full,32,0.997849462366,2,495,495,0.9978494623655914,464,1.0000000000000002,32.00000000000001,0.6191411999998309,0.6191411999998309,0.6191411999998309,path,path,path,31,0.0,0.0,False,,,False,1,path,64,4,RL+Path,2
best,C:\Users\erich\Documents\AFRL\Algebraic-Connectivity-Optimization-CDC2026\lite_trials\sweep\lambda2_only\checkpoints\best.pt,ppo,19000,C:\Users\erich\Documents\AFRL\Algebraic-Connectivity-Optimization-CDC2026\lite_trials\lite_config.yaml,full,32,0.997849462366,3,495,495,0.9978494623655914,464,1.0000000000000002,32.00000000000001,0.6121057999998811,0.6121057999998811,0.6121057999998811,path,path,path,31,0.0,0.0,False,,,False,1,path,64,4,RL+Path,3
best,C:\Users\erich\Documents\AFRL\Algebraic-Connectivity-Optimization-CDC2026\lite_trials\sweep\lambda2_only\checkpoints\best.pt,ppo,19000,C:\Users\erich\Documents\AFRL\Algebraic-Connectivity-Optimization-CDC2026\lite_trials\lite_config.yaml,full,32,0.997849462366,4,495,495,0.9978494623655914,464,1.0000000000000002,32.00000000000001,0.6537679000002754,0.6537679000002754,0.6537679000002754,path,path,path,31,0.0,0.0,False,,,False,1,path,64,4,RL+Path,4
best,C:\Users\erich\Documents\AFRL\Algebraic-Connectivity-Optimization-CDC2026\lite_trials\sweep\lambda2_only\checkpoints\best.pt,ppo,19000,C:\Users\erich\Documents\AFRL\Algebraic-Connectivity-Optimization-CDC2026\lite_trials\lite_config.yaml,full,32,0.002150537634,0,32,32,0.002150537634408602,1,0.03124999999999995,0.9999999999999984,0.004113699999834353,0.004113699999834353,0.00463939999917784,backbone,envelope_only,envelope,31,1.0,0.0005256999993434874,False,,,False,1,envelope,64,4,RL+Backbone,0
best,C:\Users\erich\Documents\AFRL\Algebraic-Connectivity-Optimization-CDC2026\lite_trials\sweep\lambda2_only\checkpoints\best.pt,ppo,19000,C:\Users\erich\Documents\AFRL\Algebraic-Connectivity-Optimization-CDC2026\lite_trials\lite_config.yaml,full,32,0.002150537634,1,32,32,0.002150537634408602,1,0.03124999999999995,0.9999999999999984,0.001108100000237755,0.001108100000237755,0.0012444000003597466,backbone,envelope_only,envelope,31,1.0,0.00013630000012199162,False,,,False,1,envelope,64,4,RL+Backbone,1
best,C:\Users\erich\Documents\AFRL\Algebraic-Connectivity-Optimization-CDC2026\lite_trials\sweep\lambda2_only\checkpoints\best.pt,ppo,19000,C:\Users\erich\Documents\AFRL\Algebraic-Connectivity-Optimization-CDC2026\lite_trials\lite_config.yaml,full,32,0.002150537634,2,32,32,0.002150537634408602,1,0.03124999999999995,0.9999999999999984,0.0012397999998938758,0.0012397999998938758,0.001342300000032992,backbone,envelope_only,envelope,31,1.0,0.00010250000013911631,False,,,False,1,envelope,64,4,RL+Backbone,2
best,C:\Users\erich\Documents\AFRL\Algebraic-Connectivity-Optimization-CDC2026\lite_trials\sweep\lambda2_only\checkpoints\best.pt,ppo,19000,C:\Users\erich\Documents\AFRL\Algebraic-Connectivity-Optimization-CDC2026\lite_trials\lite_config.yaml,full,32,0.002150537634,3,32,32,0.002150537634408602,1,0.03124999999999995,0.9999999999999984,0.0010119999997186824,0.0010119999997186824,0.0011214999994990649,backbone,envelope_only,envelope,31,1.0,0.0001094999997803825,False,,,False,1,envelope,64,4,RL+Backbone,3
best,C:\Users\erich\Documents\AFRL\Algebraic-Connectivity-Optimization-CDC2026\lite_trials\sweep\lambda2_only\checkpoints\best.pt,ppo,19000,C:\Users\erich\Documents\AFRL\Algebraic-Connectivity-Optimization-CDC2026\lite_trials\lite_config.yaml,full,32,0.002150537634,4,32,32,0.002150537634408602,1,0.03124999999999995,0.9999999999999984,0.0013997000005474547,0.0013997000005474547,0.0015011000004960806,backbone,envelope_only,envelope,31,1.0,0.00010139999994862592,False,,,False,1,envelope,64,4,RL+Backbone,4
best,C:\Users\erich\Documents\AFRL\Algebraic-Connectivity-Optimization-CDC2026\lite_trials\sweep\lambda2_only\checkpoints\best.pt,ppo,19000,C:\Users\erich\Documents\AFRL\Algebraic-Connectivity-Optimization-CDC2026\lite_trials\lite_config.yaml,full,32,0.07311827957,0,65,65,0.07311827956989247,5,0.18511067486499486,5.923541595679835,0.005616100000224833,0.005616100000224833,0.008562900000470108,backbone,both,envelope,60,2.0,0.007006499999988591,False,,,True,2,"cayley,envelope",64,4,RL+Backbone,0
best,C:\Users\erich\Documents\AFRL\Algebraic-Connectivity-Optimization-CDC2026\lite_trials\sweep\lambda2_only\checkpoints\best.pt,ppo,19000,C:\Users\erich\Documents\AFRL\Algebraic-Connectivity-Optimization-CDC2026\lite_trials\lite_config.yaml,full,32,0.07311827957,1,65,65,0.07311827956989247,5,0.18511067486499486,5.923541595679835,0.0052015000001119915,0.0052015000001119915,0.007809899999301706,backbone,both,envelope,60,2.0,0.006432999999560707,False,,,True,2,"cayley,envelope",64,4,RL+Backbone,1
best,C:\Users\erich\Documents\AFRL\Algebraic-Connectivity-Optimization-CDC2026\lite_trials\sweep\lambda2_only\checkpoints\best.pt,ppo,19000,C:\Users\erich\Documents\AFRL\Algebraic-Connectivity-Optimization-CDC2026\lite_trials\lite_config.yaml,full,32,0.07311827957,2,65,65,0.07311827956989247,5,0.18511067486499486,5.923541595679835,0.005533399999876565,0.005533399999876565,0.007725200000095356,backbone,both,envelope,60,2.0,0.006515299999591662,False,,,True,2,"cayley,envelope",64,4,RL+Backbone,2
best,C:\Users\erich\Documents\AFRL\Algebraic-Connectivity-Optimization-CDC2026\lite_trials\sweep\lambda2_only\checkpoints\best.pt,ppo,19000,C:\Users\erich\Documents\AFRL\Algebraic-Connectivity-Optimization-CDC2026\lite_trials\lite_config.yaml,full,32,0.07311827957,3,65,65,0.07311827956989247,5,0.18511067486499486,5.923541595679835,0.00524299999960931,0.00524299999960931,0.007154199999604316,backbone,both,envelope,60,2.0,0.006064899999728368,False,,,True,2,"cayley,envelope",64,4,RL+Backbone,3
best,C:\Users\erich\Documents\AFRL\Algebraic-Connectivity-Optimization-CDC2026\lite_trials\sweep\lambda2_only\checkpoints\best.pt,ppo,19000,C:\Users\erich\Documents\AFRL\Algebraic-Connectivity-Optimization-CDC2026\lite_trials\lite_config.yaml,full,32,0.07311827957,4,65,65,0.07311827956989247,5,0.18511067486499486,5.923541595679835,0.005188799999814364,0.005188799999814364,0.007526800000050571,backbone,both,envelope,60,2.0,0.00633910000033211,False,,,True,2,"cayley,envelope",64,4,RL+Backbone,4
best,C:\Users\erich\Documents\AFRL\Algebraic-Connectivity-Optimization-CDC2026\lite_trials\sweep\lambda2_only\checkpoints\best.pt,ppo,19000,C:\Users\erich\Documents\AFRL\Algebraic-Connectivity-Optimization-CDC2026\lite_trials\lite_config.yaml,full,32,0.144086021505,0,98,98,0.14408602150537633,2,0.11193021140398704,3.5817667649275853,0.004262499999640568,0.004262499999640568,0.012768700000378885,backbone,cayley_only,cayley,96,3.386874070247247,0.008506200000738318,False,2,,False,1,cayley,64,4,RL+Backbone,0
best,C:\Users\erich\Documents\AFRL\Algebraic-Connectivity-Optimization-CDC2026\lite_trials\sweep\lambda2_only\checkpoints\best.pt,ppo,19000,C:\Users\erich\Documents\AFRL\Algebraic-Connectivity-Optimization-CDC2026\lite_trials\lite_config.yaml,full,32,0.144086021505,1,98,98,0.14408602150537633,2,0.1199137360024891,3.837239552079651,0.0026637000000846456,0.0026637000000846456,0.011723600000550505,backbone,cayley_only,cayley,96,3.3868740702472473,0.00905990000046586,False,2,,False,1,cayley,64,4,RL+Backbone,1
best,C:\Users\erich\Documents\AFRL\Algebraic-Connectivity-Optimization-CDC2026\lite_trials\sweep\lambda2_only\checkpoints\best.pt,ppo,19000,C:\Users\erich\Documents\AFRL\Algebraic-Connectivity-Optimization-CDC2026\lite_trials\lite_config.yaml,full,32,0.144086021505,2,98,98,0.14408602150537633,2,0.11193021140398704,3.5817667649275853,0.0025107999999818276,0.0025107999999818276,0.0103118999995786,backbone,cayley_only,cayley,96,3.386874070247247,0.007801099999596772,False,2,,False,1,cayley,64,4,RL+Backbone,2
best,C:\Users\erich\Documents\AFRL\Algebraic-Connectivity-Optimization-CDC2026\lite_trials\sweep\lambda2_only\checkpoints\best.pt,ppo,19000,C:\Users\erich\Documents\AFRL\Algebraic-Connectivity-Optimization-CDC2026\lite_trials\lite_config.yaml,full,32,0.144086021505,3,98,98,0.14408602150537633,2,0.11193021140398704,3.5817667649275853,0.00251990000015212,0.00251990000015212,0.010297499999978754,backbone,cayley_only,cayley,96,3.386874070247247,0.007777599999826634,False,2,,False,1,cayley,64,4,RL+Backbone,3
best,C:\Users\erich\Documents\AFRL\Algebraic-Connectivity-Optimization-CDC2026\lite_trials\sweep\lambda2_only\checkpoints\best.pt,ppo,19000,C:\Users\erich\Documents\AFRL\Algebraic-Connectivity-Optimization-CDC2026\lite_trials\lite_config.yaml,full,32,0.144086021505,4,98,98,0.14408602150537633,2,0.11040203895800776,3.5328652466562485,0.0023861999998189276,0.0023861999998189276,0.010831499999767402,backbone,cayley_only,cayley,96,3.3868740702472473,0.008445299999948475,False,2,,False,1,cayley,64,4,RL+Backbone,4
best,C:\Users\erich\Documents\AFRL\Algebraic-Connectivity-Optimization-CDC2026\lite_trials\sweep\lambda2_only\checkpoints\best.pt,ppo,19000,C:\Users\erich\Documents\AFRL\Algebraic-Connectivity-Optimization-CDC2026\lite_trials\lite_config.yaml,full,32,0.215053763441,0,131,131,0.21505376344086022,3,0.17872812861191026,5.719300115581128,0.0035136999995302176,0.0035136999995302176,0.01181899999937741,backbone,cayley_only,cayley,128,5.171572875253809,0.008305299999847193,False,2,,False,1,cayley,64,4,RL+Backbone,0
best,C:\Users\erich\Documents\AFRL\Algebraic-Connectivity-Optimization-CDC2026\lite_trials\sweep\lambda2_only\checkpoints\best.pt,ppo,19000,C:\Users\erich\Documents\AFRL\Algebraic-Connectivity-Optimization-CDC2026\lite_trials\lite_config.yaml,full,32,0.215053763441,1,131,131,0.21505376344086022,3,0.1774325791686718,5.677842533397498,0.003918599999451544,0.003918599999451544,0.012417799998729606,backbone,cayley_only,cayley,128,5.171572875253811,0.008499199999278062,False,2,,False,1,cayley,64,4,RL+Backbone,1
best,C:\Users\erich\Documents\AFRL\Algebraic-Connectivity-Optimization-CDC2026\lite_trials\sweep\lambda2_only\checkpoints\best.pt,ppo,19000,C:\Users\erich\Documents\AFRL\Algebraic-Connectivity-Optimization-CDC2026\lite_trials\lite_config.yaml,full,32,0.215053763441,2,131,131,0.21505376344086022,3,0.19028767216654463,6.089205509329428,0.003974999999627471,0.003974999999627471,0.012733199999274802,backbone,cayley_only,cayley,128,5.171572875253808,0.008758199999647331,False,2,,False,1,cayley,64,4,RL+Backbone,2
best,C:\Users\erich\Documents\AFRL\Algebraic-Connectivity-Optimization-CDC2026\lite_trials\sweep\lambda2_only\checkpoints\best.pt,ppo,19000,C:\Users\erich\Documents\AFRL\Algebraic-Connectivity-Optimization-CDC2026\lite_trials\lite_config.yaml,full,32,0.215053763441,3,131,131,0.21505376344086022,3,0.1831864761358007,5.861967236345622,0.003875299999890558,0.003875299999890558,0.013084999999591673,backbone,cayley_only,cayley,128,5.171572875253809,0.009209699999701115,False,2,,False,1,cayley,64,4,RL+Backbone,3
best,C:\Users\erich\Documents\AFRL\Algebraic-Connectivity-Optimization-CDC2026\lite_trials\sweep\lambda2_only\checkpoints\best.pt,ppo,19000,C:\Users\erich\Documents\AFRL\Algebraic-Connectivity-Optimization-CDC2026\lite_trials\lite_config.yaml,full,32,0.215053763441,4,131,131,0.21505376344086022,3,0.16161165235168146,5.171572875253807,0.0043980000000374275,0.0043980000000374275,0.013339000000087253,backbone,cayley_only,cayley,128,5.17157287525381,0.008941000000049826,False,2,,False,1,cayley,64,4,RL+Backbone,4
best,C:\Users\erich\Documents\AFRL\Algebraic-Connectivity-Optimization-CDC2026\lite_trials\sweep\lambda2_only\checkpoints\best.pt,ppo,19000,C:\Users\erich\Documents\AFRL\Algebraic-Connectivity-Optimization-CDC2026\lite_trials\lite_config.yaml,full,32,0.286021505376,0,164,164,0.2860215053763441,4,0.2648795654793919,8.47614609534054,0.007110800000191375,0.007110800000191375,0.016157400000338384,backbone,cayley_only,cayley,160,7.386874070247248,0.00904660000014701,False,2,,False,1,cayley,64,4,RL+Backbone,0
best,C:\Users\erich\Documents\AFRL\Algebraic-Connectivity-Optimization-CDC2026\lite_trials\sweep\lambda2_only\checkpoints\best.pt,ppo,19000,C:\Users\erich\Documents\AFRL\Algebraic-Connectivity-Optimization-CDC2026\lite_trials\lite_config.yaml,full,32,0.286021505376,1,164,164,0.2860215053763441,4,0.26617665728965184,8.517653033268859,0.005751800000325602,0.005751800000325602,0.015325100000154634,backbone,cayley_only,cayley,160,7.386874070247249,0.009573299999829032,False,2,,False,1,cayley,64,4,RL+Backbone,1
best,C:\Users\erich\Documents\AFRL\Algebraic-Connectivity-Optimization-CDC2026\lite_trials\sweep\lambda2_only\checkpoints\best.pt,ppo,19000,C:\Users\erich\Documents\AFRL\Algebraic-Connectivity-Optimization-CDC2026\lite_trials\lite_config.yaml,full,32,0.286021505376,2,164,164,0.2860215053763441,4,0.26617665728965184,8.517653033268859,0.006031999999322579,0.006031999999322579,0.015214099998956954,backbone,cayley_only,cayley,160,7.386874070247249,0.009182099999634374,False,2,,False,1,cayley,64,4,RL+Backbone,2
best,C:\Users\erich\Documents\AFRL\Algebraic-Connectivity-Optimization-CDC2026\lite_trials\sweep\lambda2_only\checkpoints\best.pt,ppo,19000,C:\Users\erich\Documents\AFRL\Algebraic-Connectivity-Optimization-CDC2026\lite_trials\lite_config.yaml,full,32,0.286021505376,3,164,164,0.2860215053763441,4,0.26572086102212655,8.50306755270805,0.005319400000189489,0.005319400000189489,0.014293499999439518,backbone,cayley_only,cayley,160,7.386874070247247,0.00897409999925003,False,2,,False,1,cayley,64,4,RL+Backbone,3
best,C:\Users\erich\Documents\AFRL\Algebraic-Connectivity-Optimization-CDC2026\lite_trials\sweep\lambda2_only\checkpoints\best.pt,ppo,19000,C:\Users\erich\Documents\AFRL\Algebraic-Connectivity-Optimization-CDC2026\lite_trials\lite_config.yaml,full,32,0.286021505376,4,164,164,0.2860215053763441,4,0.2648795654793919,8.47614609534054,0.005071799999313953,0.005071799999313953,0.013936399999693094,backbone,cayley_only,cayley,160,7.386874070247248,0.008864600000379141,False,2,,False,1,cayley,64,4,RL+Backbone,4
best,C:\Users\erich\Documents\AFRL\Algebraic-Connectivity-Optimization-CDC2026\lite_trials\sweep\lambda2_only\checkpoints\best.pt,ppo,19000,C:\Users\erich\Documents\AFRL\Algebraic-Connectivity-Optimization-CDC2026\lite_trials\lite_config.yaml,full,32,0.356989247312,0,197,197,0.35698924731182796,5,0.29845344553802566,9.550510257216821,0.0062580000003436,0.0062580000003436,0.01373760000024049,backbone,cayley_only,cayley,192,9.550510257216825,0.007479599999896891,False,2,,False,1,cayley,64,4,RL+Backbone,0
best,C:\Users\erich\Documents\AFRL\Algebraic-Connectivity-Optimization-CDC2026\lite_trials\sweep\lambda2_only\checkpoints\best.pt,ppo,19000,C:\Users\erich\Documents\AFRL\Algebraic-Connectivity-Optimization-CDC2026\lite_trials\lite_config.yaml,full,32,0.356989247312,1,197,197,0.35698924731182796,5,0.29845344553802566,9.550510257216821,0.006420699999580393,0.006420699999580393,0.013902999999118038,backbone,cayley_only,cayley,192,9.550510257216825,0.007482299999537645,False,2,,False,1,cayley,64,4,RL+Backbone,1
best,C:\Users\erich\Documents\AFRL\Algebraic-Connectivity-Optimization-CDC2026\lite_trials\sweep\lambda2_only\checkpoints\best.pt,ppo,19000,C:\Users\erich\Documents\AFRL\Algebraic-Connectivity-Optimization-CDC2026\lite_trials\lite_config.yaml,full,32,0.356989247312,2,197,197,0.35698924731182796,5,0.29845344553802566,9.550510257216821,0.006353800000397314,0.006353800000397314,0.01330489999963902,backbone,cayley_only,cayley,192,9.550510257216825,0.0069510999992417055,False,2,,False,1,cayley,64,4,RL+Backbone,2
best,C:\Users\erich\Documents\AFRL\Algebraic-Connectivity-Optimization-CDC2026\lite_trials\sweep\lambda2_only\checkpoints\best.pt,ppo,19000,C:\Users\erich\Documents\AFRL\Algebraic-Connectivity-Optimization-CDC2026\lite_trials\lite_config.yaml,full,32,0.356989247312,3,197,197,0.35698924731182796,5,0.29845344553802566,9.550510257216821,0.005922399999690242,0.005922399999690242,0.013189699999202276,backbone,cayley_only,cayley,192,9.550510257216825,0.0072672999995120335,False,2,,False,1,cayley,64,4,RL+Backbone,3
best,C:\Users\erich\Documents\AFRL\Algebraic-Connectivity-Optimization-CDC2026\lite_trials\sweep\lambda2_only\checkpoints\best.pt,ppo,19000,C:\Users\erich\Documents\AFRL\Algebraic-Connectivity-Optimization-CDC2026\lite_trials\lite_config.yaml,full,32,0.356989247312,4,197,197,0.35698924731182796,5,0.2984534455380254,9.550510257216812,0.006133099999715341,0.006133099999715341,0.013828299999659066,backbone,cayley_only,cayley,192,9.550510257216823,0.007695199999943725,False,2,,False,1,cayley,64,4,RL+Backbone,4
best,C:\Users\erich\Documents\AFRL\Algebraic-Connectivity-Optimization-CDC2026\lite_trials\sweep\lambda2_only\checkpoints\best.pt,ppo,19000,C:\Users\erich\Documents\AFRL\Algebraic-Connectivity-Optimization-CDC2026\lite_trials\lite_config.yaml,full,32,0.427956989247,0,230,230,0.42795698924731185,6,0.39843750000000094,12.75000000000003,0.007237200000417943,0.007237200000417943,0.011234000000513333,backbone,cayley_only,cayley,224,12.000000000000007,0.003996800000095391,False,2,,False,1,cayley,64,4,RL+Backbone,0
best,C:\Users\erich\Documents\AFRL\Algebraic-Connectivity-Optimization-CDC2026\lite_trials\sweep\lambda2_only\checkpoints\best.pt,ppo,19000,C:\Users\erich\Documents\AFRL\Algebraic-Connectivity-Optimization-CDC2026\lite_trials\lite_config.yaml,full,32,0.427956989247,1,230,230,0.42795698924731185,6,0.39843750000000094,12.75000000000003,0.008618500000011409,0.008618500000011409,0.014877200000228186,backbone,cayley_only,cayley,224,12.000000000000007,0.006258700000216777,False,2,,False,1,cayley,64,4,RL+Backbone,1
best,C:\Users\erich\Documents\AFRL\Algebraic-Connectivity-Optimization-CDC2026\lite_trials\sweep\lambda2_only\checkpoints\best.pt,ppo,19000,C:\Users\erich\Documents\AFRL\Algebraic-Connectivity-Optimization-CDC2026\lite_trials\lite_config.yaml,full,32,0.427956989247,2,230,230,0.42795698924731185,6,0.39843750000000094,12.75000000000003,0.008743200000026263,0.008743200000026263,0.012721500000225205,backbone,cayley_only,cayley,224,12.000000000000007,0.003978300000198942,False,2,,False,1,cayley,64,4,RL+Backbone,2
best,C:\Users\erich\Documents\AFRL\Algebraic-Connectivity-Optimization-CDC2026\lite_trials\sweep\lambda2_only\checkpoints\best.pt,ppo,19000,C:\Users\erich\Documents\AFRL\Algebraic-Connectivity-Optimization-CDC2026\lite_trials\lite_config.yaml,full,32,0.427956989247,3,230,230,0.42795698924731185,6,0.39843750000000094,12.75000000000003,0.007690099999308586,0.007690099999308586,0.012290599998777907,backbone,cayley_only,cayley,224,12.000000000000007,0.004600499999469321,False,2,,False,1,cayley,64,4,RL+Backbone,3
best,C:\Users\erich\Documents\AFRL\Algebraic-Connectivity-Optimization-CDC2026\lite_trials\sweep\lambda2_only\checkpoints\best.pt,ppo,19000,C:\Users\erich\Documents\AFRL\Algebraic-Connectivity-Optimization-CDC2026\lite_trials\lite_config.yaml,full,32,0.427956989247,4,230,230,0.42795698924731185,6,0.39843750000000094,12.75000000000003,0.006981999999879918,0.006981999999879918,0.01093140000011772,backbone,cayley_only,cayley,224,12.000000000000007,0.003949400000237802,False,2,,False,1,cayley,64,4,RL+Backbone,4
best,C:\Users\erich\Documents\AFRL\Algebraic-Connectivity-Optimization-CDC2026\lite_trials\sweep\lambda2_only\checkpoints\best.pt,ppo,19000,C:\Users\erich\Documents\AFRL\Algebraic-Connectivity-Optimization-CDC2026\lite_trials\lite_config.yaml,full,32,0.501075268817,0,264,264,0.5010752688172043,8,0.6324797061777961,20.239350597689477,0.009906100000080187,0.009906100000080187,0.021160400000553636,backbone,both,envelope,256,16.0,0.011674300000777293,False,,,True,2,"cayley,envelope",64,4,RL+Backbone,0
best,C:\Users\erich\Documents\AFRL\Algebraic-Connectivity-Optimization-CDC2026\lite_trials\sweep\lambda2_only\checkpoints\best.pt,ppo,19000,C:\Users\erich\Documents\AFRL\Algebraic-Connectivity-Optimization-CDC2026\lite_trials\lite_config.yaml,full,32,0.501075268817,1,264,264,0.5010752688172043,8,0.6324797061777961,20.239350597689477,0.013365900000280817,0.013365900000280817,0.028057400000761845,backbone,both,envelope,256,16.0,0.014691500000481028,False,,,True,2,"cayley,envelope",64,4,RL+Backbone,1
best,C:\Users\erich\Documents\AFRL\Algebraic-Connectivity-Optimization-CDC2026\lite_trials\sweep\lambda2_only\checkpoints\best.pt,ppo,19000,C:\Users\erich\Documents\AFRL\Algebraic-Connectivity-Optimization-CDC2026\lite_trials\lite_config.yaml,full,32,0.501075268817,2,264,264,0.5010752688172043,8,0.6324797061777961,20.239350597689477,0.012810299999728159,0.012810299999728159,0.02500289999989036,backbone,both,envelope,256,16.0,0.012192600000162201,False,,,True,2,"cayley,envelope",64,4,RL+Backbone,2
best,C:\Users\erich\Documents\AFRL\Algebraic-Connectivity-Optimization-CDC2026\lite_trials\sweep\lambda2_only\checkpoints\best.pt,ppo,19000,C:\Users\erich\Documents\AFRL\Algebraic-Connectivity-Optimization-CDC2026\lite_trials\lite_config.yaml,full,32,0.501075268817,3,264,264,0.5010752688172043,8,0.6324797061777961,20.239350597689477,0.011028299999452429,0.011028299999452429,0.029258299999128212,backbone,both,envelope,256,16.0,0.018229999999675783,False,,,True,2,"cayley,envelope",64,4,RL+Backbone,3
best,C:\Users\erich\Documents\AFRL\Algebraic-Connectivity-Optimization-CDC2026\lite_trials\sweep\lambda2_only\checkpoints\best.pt,ppo,19000,C:\Users\erich\Documents\AFRL\Algebraic-Connectivity-Optimization-CDC2026\lite_trials\lite_config.yaml,full,32,0.501075268817,4,264,264,0.5010752688172043,8,0.6324797061777961,20.239350597689477,0.011549899999408808,0.011549899999408808,0.023850499999753083,backbone,both,envelope,256,16.0,0.012300600000344275,False,,,True,2,"cayley,envelope",64,4,RL+Backbone,4
best,C:\Users\erich\Documents\AFRL\Algebraic-Connectivity-Optimization-CDC2026\lite_trials\sweep\lambda2_only\checkpoints\best.pt,ppo,19000,C:\Users\erich\Documents\AFRL\Algebraic-Connectivity-Optimization-CDC2026\lite_trials\lite_config.yaml,full,32,0.572043010753,0,297,297,0.5720430107526882,12,0.5943325899969915,19.018642879903727,0.017644799999288807,0.017644799999288807,0.02085180000085529,backbone,both,envelope,285,17.0,0.007707900000241352,False,,,True,2,"cayley,envelope",64,4,RL+Backbone,0
best,C:\Users\erich\Documents\AFRL\Algebraic-Connectivity-Optimization-CDC2026\lite_trials\sweep\lambda2_only\checkpoints\best.pt,ppo,19000,C:\Users\erich\Documents\AFRL\Algebraic-Connectivity-Optimization-CDC2026\lite_trials\lite_config.yaml,full,32,0.572043010753,1,297,297,0.5720430107526882,12,0.5943325899969915,19.018642879903727,0.015459799999916868,0.015459799999916868,0.02015510000001086,backbone,both,envelope,285,17.0,0.00796119999995426,False,,,True,2,"cayley,envelope",64,4,RL+Backbone,1
best,C:\Users\erich\Documents\AFRL\Algebraic-Connectivity-Optimization-CDC2026\lite_trials\sweep\lambda2_only\checkpoints\best.pt,ppo,19000,C:\Users\erich\Documents\AFRL\Algebraic-Connectivity-Optimization-CDC2026\lite_trials\lite_config.yaml,full,32,0.572043010753,2,297,297,0.5720430107526882,12,0.5943325899969915,19.018642879903727,0.014849400000457535,0.014849400000457535,0.019076600001426414,backbone,both,envelope,285,17.0,0.007697800000642019,False,,,True,2,"cayley,envelope",64,4,RL+Backbone,2
best,C:\Users\erich\Documents\AFRL\Algebraic-Connectivity-Optimization-CDC2026\lite_trials\sweep\lambda2_only\checkpoints\best.pt,ppo,19000,C:\Users\erich\Documents\AFRL\Algebraic-Connectivity-Optimization-CDC2026\lite_trials\lite_config.yaml,full,32,0.572043010753,3,297,297,0.5720430107526882,12,0.5943325899969915,19.018642879903727,0.015331499999774678,0.015331499999774678,0.0197440000001734,backbone,both,envelope,285,17.0,0.007921999999780382,False,,,True,2,"cayley,envelope",64,4,RL+Backbone,3
best,C:\Users\erich\Documents\AFRL\Algebraic-Connectivity-Optimization-CDC2026\lite_trials\sweep\lambda2_only\checkpoints\best.pt,ppo,19000,C:\Users\erich\Documents\AFRL\Algebraic-Connectivity-Optimization-CDC2026\lite_trials\lite_config.yaml,full,32,0.572043010753,4,297,297,0.5720430107526882,12,0.5943325899969915,19.018642879903727,0.017455299999710405,0.017455299999710405,0.01941790000000765,backbone,both,envelope,285,17.0,0.007717999999840686,False,,,True,2,"cayley,envelope",64,4,RL+Backbone,4
best,C:\Users\erich\Documents\AFRL\Algebraic-Connectivity-Optimization-CDC2026\lite_trials\sweep\lambda2_only\checkpoints\best.pt,ppo,19000,C:\Users\erich\Documents\AFRL\Algebraic-Connectivity-Optimization-CDC2026\lite_trials\lite_config.yaml,full,32,0.643010752688,0,330,330,0.6430107526881721,20,0.7177585077318515,22.968272247419247,0.025862399999823538,0.025862399999823538,0.03127339999991818,backbone,both,cayley,310,17.999999999999968,0.005411000000094646,False,3,,True,2,"cayley,envelope",64,4,RL+Backbone,0
best,C:\Users\erich\Documents\AFRL\Algebraic-Connectivity-Optimization-CDC2026\lite_trials\sweep\lambda2_only\checkpoints\best.pt,ppo,19000,C:\Users\erich\Documents\AFRL\Algebraic-Connectivity-Optimization-CDC2026\lite_trials\lite_config.yaml,full,32,0.643010752688,1,330,330,0.6430107526881721,20,0.7004842830259018,22.41549705682886,0.02586429999973916,0.02586429999973916,0.03005479999956151,backbone,both,cayley,310,17.999999999999993,0.00419049999982235,False,3,,True,2,"cayley,envelope",64,4,RL+Backbone,1
best,C:\Users\erich\Documents\AFRL\Algebraic-Connectivity-Optimization-CDC2026\lite_trials\sweep\lambda2_only\checkpoints\best.pt,ppo,19000,C:\Users\erich\Documents\AFRL\Algebraic-Connectivity-Optimization-CDC2026\lite_trials\lite_config.yaml,full,32,0.643010752688,2,330,330,0.6430107526881721,20,0.7368783020873024,23.580105666793678,0.026127400000405032,0.026127400000405032,0.030422200000430166,backbone,both,cayley,310,17.999999999999986,0.004294800000025134,False,3,,True,2,"cayley,envelope",64,4,RL+Backbone,2
best,C:\Users\erich\Documents\AFRL\Algebraic-Connectivity-Optimization-CDC2026\lite_trials\sweep\lambda2_only\checkpoints\best.pt,ppo,19000,C:\Users\erich\Documents\AFRL\Algebraic-Connectivity-Optimization-CDC2026\lite_trials\lite_config.yaml,full,32,0.643010752688,3,330,330,0.6430107526881721,20,0.6942967248746462,22.21749519598868,0.026274800000464893,0.026274800000464893,0.030481100000542938,backbone,both,cayley,310,17.99999999999998,0.004206300000078045,False,3,,True,2,"cayley,envelope",64,4,RL+Backbone,3
best,C:\Users\erich\Documents\AFRL\Algebraic-Connectivity-Optimization-CDC2026\lite_trials\sweep\lambda2_only\checkpoints\best.pt,ppo,19000,C:\Users\erich\Documents\AFRL\Algebraic-Connectivity-Optimization-CDC2026\lite_trials\lite_config.yaml,full,32,0.643010752688,4,330,330,0.6430107526881721,20,0.7049899018478659,22.55967685913171,0.026692600000387756,0.026692600000387756,0.031073899999682908,backbone,both,cayley,310,17.99999999999999,0.004381299999295152,False,3,,True,2,"cayley,envelope",64,4,RL+Backbone,4
best,C:\Users\erich\Documents\AFRL\Algebraic-Connectivity-Optimization-CDC2026\lite_trials\sweep\lambda2_only\checkpoints\best.pt,ppo,19000,C:\Users\erich\Documents\AFRL\Algebraic-Connectivity-Optimization-CDC2026\lite_trials\lite_config.yaml,full,32,0.713978494624,0,363,363,0.7139784946236559,11,0.7413701460675457,23.723844674161462,0.015438499999618216,0.015438499999618216,0.01924099999905593,backbone,both,cayley,352,20.152240934977424,0.003802499999437714,False,4,,True,2,"cayley,envelope",64,4,RL+Backbone,0
best,C:\Users\erich\Documents\AFRL\Algebraic-Connectivity-Optimization-CDC2026\lite_trials\sweep\lambda2_only\checkpoints\best.pt,ppo,19000,C:\Users\erich\Documents\AFRL\Algebraic-Connectivity-Optimization-CDC2026\lite_trials\lite_config.yaml,full,32,0.713978494624,1,363,363,0.7139784946236559,11,0.7413701460675457,23.723844674161462,0.014242000000194821,0.014242000000194821,0.0183710000001156,backbone,both,cayley,352,20.152240934977424,0.004128999999920779,False,4,,True,2,"cayley,envelope",64,4,RL+Backbone,1
best,C:\Users\erich\Documents\AFRL\Algebraic-Connectivity-Optimization-CDC2026\lite_trials\sweep\lambda2_only\checkpoints\best.pt,ppo,19000,C:\Users\erich\Documents\AFRL\Algebraic-Connectivity-Optimization-CDC2026\lite_trials\lite_config.yaml,full,32,0.713978494624,2,363,363,0.7139784946236559,11,0.7413701460675457,23.723844674161462,0.016018500000427593,0.016018500000427593,0.019600900000114052,backbone,both,cayley,352,20.152240934977424,0.0035823999996864586,False,4,,True,2,"cayley,envelope",64,4,RL+Backbone,2
best,C:\Users\erich\Documents\AFRL\Algebraic-Connectivity-Optimization-CDC2026\lite_trials\sweep\lambda2_only\checkpoints\best.pt,ppo,19000,C:\Users\erich\Documents\AFRL\Algebraic-Connectivity-Optimization-CDC2026\lite_trials\lite_config.yaml,full,32,0.713978494624,3,363,363,0.7139784946236559,11,0.7413701460675457,23.723844674161462,0.01576660000046104,0.01576660000046104,0.019776899999669695,backbone,both,cayley,352,20.152240934977424,0.004010299999208655,False,4,,True,2,"cayley,envelope",64,4,RL+Backbone,3
best,C:\Users\erich\Documents\AFRL\Algebraic-Connectivity-Optimization-CDC2026\lite_trials\sweep\lambda2_only\checkpoints\best.pt,ppo,19000,C:\Users\erich\Documents\AFRL\Algebraic-Connectivity-Optimization-CDC2026\lite_trials\lite_config.yaml,full,32,0.713978494624,4,363,363,0.7139784946236559,11,0.7413701460675457,23.723844674161462,0.013194099999964237,0.013194099999964237,0.016833699999551754,backbone,both,cayley,352,20.152240934977424,0.0036395999995875172,False,4,,True,2,"cayley,envelope",64,4,RL+Backbone,4
best,C:\Users\erich\Documents\AFRL\Algebraic-Connectivity-Optimization-CDC2026\lite_trials\sweep\lambda2_only\checkpoints\best.pt,ppo,19000,C:\Users\erich\Documents\AFRL\Algebraic-Connectivity-Optimization-CDC2026\lite_trials\lite_config.yaml,full,32,0.784946236559,0,396,396,0.7849462365591398,12,0.8498545678620925,27.19534617158696,0.014806300000600459,0.014806300000600459,0.015195200000562181,backbone,envelope_only,envelope,384,24.0,0.00038889999996172264,False,,,False,1,envelope,64,4,RL+Backbone,0
best,C:\Users\erich\Documents\AFRL\Algebraic-Connectivity-Optimization-CDC2026\lite_trials\sweep\lambda2_only\checkpoints\best.pt,ppo,19000,C:\Users\erich\Documents\AFRL\Algebraic-Connectivity-Optimization-CDC2026\lite_trials\lite_config.yaml,full,32,0.784946236559,1,396,396,0.7849462365591398,12,0.8498545678620925,27.19534617158696,0.015470500000446918,0.015470500000446918,0.015782900000886002,backbone,envelope_only,envelope,384,24.0,0.00031240000043908367,False,,,False,1,envelope,64,4,RL+Backbone,1
best,C:\Users\erich\Documents\AFRL\Algebraic-Connectivity-Optimization-CDC2026\lite_trials\sweep\lambda2_only\checkpoints\best.pt,ppo,19000,C:\Users\erich\Documents\AFRL\Algebraic-Connectivity-Optimization-CDC2026\lite_trials\lite_config.yaml,full,32,0.784946236559,2,396,396,0.7849462365591398,12,0.8498545678620925,27.19534617158696,0.014762299999347306,0.014762299999347306,0.015167999998993764,backbone,envelope_only,envelope,384,24.0,0.0004056999996464583,False,,,False,1,envelope,64,4,RL+Backbone,2
best,C:\Users\erich\Documents\AFRL\Algebraic-Connectivity-Optimization-CDC2026\lite_trials\sweep\lambda2_only\checkpoints\best.pt,ppo,19000,C:\Users\erich\Documents\AFRL\Algebraic-Connectivity-Optimization-CDC2026\lite_trials\lite_config.yaml,full,32,0.784946236559,3,396,396,0.7849462365591398,12,0.8498545678620925,27.19534617158696,0.015580000000227301,0.015580000000227301,0.015895200000159093,backbone,envelope_only,envelope,384,24.0,0.00031519999993179226,False,,,False,1,envelope,64,4,RL+Backbone,3
best,C:\Users\erich\Documents\AFRL\Algebraic-Connectivity-Optimization-CDC2026\lite_trials\sweep\lambda2_only\checkpoints\best.pt,ppo,19000,C:\Users\erich\Documents\AFRL\Algebraic-Connectivity-Optimization-CDC2026\lite_trials\lite_config.yaml,full,32,0.784946236559,4,396,396,0.7849462365591398,12,0.8498545678620925,27.19534617158696,0.01574499999969703,0.01574499999969703,0.016080699999292847,backbone,envelope_only,envelope,384,24.0,0.00033569999959581764,False,,,False,1,envelope,64,4,RL+Backbone,4
best,C:\Users\erich\Documents\AFRL\Algebraic-Connectivity-Optimization-CDC2026\lite_trials\sweep\lambda2_only\checkpoints\best.pt,ppo,19000,C:\Users\erich\Documents\AFRL\Algebraic-Connectivity-Optimization-CDC2026\lite_trials\lite_config.yaml,full,32,0.855913978495,0,429,429,0.8559139784946237,9,0.8991262658055995,28.772040505779184,0.011679199999889534,0.011679199999889534,0.01205149999987043,backbone,envelope_only,envelope,420,26.0,0.00037229999998089625,False,,,False,1,envelope,64,4,RL+Backbone,0
best,C:\Users\erich\Documents\AFRL\Algebraic-Connectivity-Optimization-CDC2026\lite_trials\sweep\lambda2_only\checkpoints\best.pt,ppo,19000,C:\Users\erich\Documents\AFRL\Algebraic-Connectivity-Optimization-CDC2026\lite_trials\lite_config.yaml,full,32,0.855913978495,1,429,429,0.8559139784946237,9,0.8991262658055995,28.772040505779184,0.013713099999222322,0.013713099999222322,0.01412969999910274,backbone,envelope_only,envelope,420,26.0,0.0004165999998804182,False,,,False,1,envelope,64,4,RL+Backbone,1
best,C:\Users\erich\Documents\AFRL\Algebraic-Connectivity-Optimization-CDC2026\lite_trials\sweep\lambda2_only\checkpoints\best.pt,ppo,19000,C:\Users\erich\Documents\AFRL\Algebraic-Connectivity-Optimization-CDC2026\lite_trials\lite_config.yaml,full,32,0.855913978495,2,429,429,0.8559139784946237,9,0.8991262658055995,28.772040505779184,0.011948599999414,0.011948599999414,0.012343999999757216,backbone,envelope_only,envelope,420,26.0,0.00039540000034321565,False,,,False,1,envelope,64,4,RL+Backbone,2
best,C:\Users\erich\Documents\AFRL\Algebraic-Connectivity-Optimization-CDC2026\lite_trials\sweep\lambda2_only\checkpoints\best.pt,ppo,19000,C:\Users\erich\Documents\AFRL\Algebraic-Connectivity-Optimization-CDC2026\lite_trials\lite_config.yaml,full,32,0.855913978495,3,429,429,0.8559139784946237,9,0.8991262658055995,28.772040505779184,0.013084400000479945,0.013084400000479945,0.013520000001335575,backbone,envelope_only,envelope,420,26.0,0.00043560000085562933,False,,,False,1,envelope,64,4,RL+Backbone,3
best,C:\Users\erich\Documents\AFRL\Algebraic-Connectivity-Optimization-CDC2026\lite_trials\sweep\lambda2_only\checkpoints\best.pt,ppo,19000,C:\Users\erich\Documents\AFRL\Algebraic-Connectivity-Optimization-CDC2026\lite_trials\lite_config.yaml,full,32,0.855913978495,4,429,429,0.8559139784946237,9,0.8991262658055995,28.772040505779184,0.019263499999397027,0.019263499999397027,0.019638999999187945,backbone,envelope_only,envelope,420,26.0,0.0003754999997909181,False,,,False,1,envelope,64,4,RL+Backbone,4
best,C:\Users\erich\Documents\AFRL\Algebraic-Connectivity-Optimization-CDC2026\lite_trials\sweep\lambda2_only\checkpoints\best.pt,ppo,19000,C:\Users\erich\Documents\AFRL\Algebraic-Connectivity-Optimization-CDC2026\lite_trials\lite_config.yaml,full,32,0.92688172043,0,462,462,0.9268817204301075,14,0.9424025316587161,30.156881013078916,0.01979840000058175,0.01979840000058175,0.02052350000030856,backbone,envelope_only,envelope,448,28.0,0.0007250999997268082,False,,,False,1,envelope,64,4,RL+Backbone,0
best,C:\Users\erich\Documents\AFRL\Algebraic-Connectivity-Optimization-CDC2026\lite_trials\sweep\lambda2_only\checkpoints\best.pt,ppo,19000,C:\Users\erich\Documents\AFRL\Algebraic-Connectivity-Optimization-CDC2026\lite_trials\lite_config.yaml,full,32,0.92688172043,1,462,462,0.9268817204301075,14,0.9424025316587161,30.156881013078916,0.01938609999979235,0.01938609999979235,0.019786100000601436,backbone,envelope_only,envelope,448,28.0,0.0004000000008090865,False,,,False,1,envelope,64,4,RL+Backbone,1
best,C:\Users\erich\Documents\AFRL\Algebraic-Connectivity-Optimization-CDC2026\lite_trials\sweep\lambda2_only\checkpoints\best.pt,ppo,19000,C:\Users\erich\Documents\AFRL\Algebraic-Connectivity-Optimization-CDC2026\lite_trials\lite_config.yaml,full,32,0.92688172043,2,462,462,0.9268817204301075,14,0.9424025316587161,30.156881013078916,0.019642000000203552,0.019642000000203552,0.020036300000356277,backbone,envelope_only,envelope,448,28.0,0.00039430000015272526,False,,,False,1,envelope,64,4,RL+Backbone,2
best,C:\Users\erich\Documents\AFRL\Algebraic-Connectivity-Optimization-CDC2026\lite_trials\sweep\lambda2_only\checkpoints\best.pt,ppo,19000,C:\Users\erich\Documents\AFRL\Algebraic-Connectivity-Optimization-CDC2026\lite_trials\lite_config.yaml,full,32,0.92688172043,3,462,462,0.9268817204301075,14,0.9424025316587161,30.156881013078916,0.02362840000023425,0.02362840000023425,0.024147600001015235,backbone,envelope_only,envelope,448,28.0,0.0005192000007809838,False,,,False,1,envelope,64,4,RL+Backbone,3
best,C:\Users\erich\Documents\AFRL\Algebraic-Connectivity-Optimization-CDC2026\lite_trials\sweep\lambda2_only\checkpoints\best.pt,ppo,19000,C:\Users\erich\Documents\AFRL\Algebraic-Connectivity-Optimization-CDC2026\lite_trials\lite_config.yaml,full,32,0.92688172043,4,462,462,0.9268817204301075,14,0.9424025316587161,30.156881013078916,0.020659499999965192,0.020659499999965192,0.021085200000015902,backbone,envelope_only,envelope,448,28.0,0.0004257000000507105,False,,,False,1,envelope,64,4,RL+Backbone,4
best,C:\Users\erich\Documents\AFRL\Algebraic-Connectivity-Optimization-CDC2026\lite_trials\sweep\lambda2_only\checkpoints\best.pt,ppo,19000,C:\Users\erich\Documents\AFRL\Algebraic-Connectivity-Optimization-CDC2026\lite_trials\lite_config.yaml,full,32,0.997849462366,0,495,495,0.9978494623655914,15,0.9469845745036086,30.303506384115476,0.03241390000039246,0.03241390000039246,0.03283640000063315,backbone,envelope_only,envelope,480,30.0,0.0004225000002406887,False,,,False,1,envelope,64,4,RL+Backbone,0
best,C:\Users\erich\Documents\AFRL\Algebraic-Connectivity-Optimization-CDC2026\lite_trials\sweep\lambda2_only\checkpoints\best.pt,ppo,19000,C:\Users\erich\Documents\AFRL\Algebraic-Connectivity-Optimization-CDC2026\lite_trials\lite_config.yaml,full,32,0.997849462366,1,495,495,0.9978494623655914,15,0.9469845745036086,30.303506384115476,0.024430299999949057,0.024430299999949057,0.02490570000009029,backbone,envelope_only,envelope,480,30.0,0.00047540000014123507,False,,,False,1,envelope,64,4,RL+Backbone,1
best,C:\Users\erich\Documents\AFRL\Algebraic-Connectivity-Optimization-CDC2026\lite_trials\sweep\lambda2_only\checkpoints\best.pt,ppo,19000,C:\Users\erich\Documents\AFRL\Algebraic-Connectivity-Optimization-CDC2026\lite_trials\lite_config.yaml,full,32,0.997849462366,2,495,495,0.9978494623655914,15,0.9469845745036086,30.303506384115476,0.02145580000069458,0.02145580000069458,0.021867900000870577,backbone,envelope_only,envelope,480,30.0,0.0004121000001759967,False,,,False,1,envelope,64,4,RL+Backbone,2
best,C:\Users\erich\Documents\AFRL\Algebraic-Connectivity-Optimization-CDC2026\lite_trials\sweep\lambda2_only\checkpoints\best.pt,ppo,19000,C:\Users\erich\Documents\AFRL\Algebraic-Connectivity-Optimization-CDC2026\lite_trials\lite_config.yaml,full,32,0.997849462366,3,495,495,0.9978494623655914,15,0.9469845745036086,30.303506384115476,0.020968599999832804,0.020968599999832804,0.021465099999659287,backbone,envelope_only,envelope,480,30.0,0.000496499999826483,False,,,False,1,envelope,64,4,RL+Backbone,3
best,C:\Users\erich\Documents\AFRL\Algebraic-Connectivity-Optimization-CDC2026\lite_trials\sweep\lambda2_only\checkpoints\best.pt,ppo,19000,C:\Users\erich\Documents\AFRL\Algebraic-Connectivity-Optimization-CDC2026\lite_trials\lite_config.yaml,full,32,0.997849462366,4,495,495,0.9978494623655914,15,0.9469845745036086,30.303506384115476,0.0212056999998822,0.0212056999998822,0.021650199999385222,backbone,envelope_only,envelope,480,30.0,0.000444499999503023,False,,,False,1,envelope,64,4,RL+Backbone,4
best,C:\Users\erich\Documents\AFRL\Algebraic-Connectivity-Optimization-CDC2026\lite_trials\sweep\lambda2_only\checkpoints\best.pt,ppo,19000,C:\Users\erich\Documents\AFRL\Algebraic-Connectivity-Optimization-CDC2026\lite_trials\lite_config.yaml,full,48,0.00092506938,0,48,48,0.0009250693802035153,1,0.003557716606791888,0.1707703971260106,0.004153800000494812,0.004153800000494812,0.004153800000494812,path,path,path,47,0.0,0.0,False,,,False,1,path,64,4,RL+Path,0
best,C:\Users\erich\Documents\AFRL\Algebraic-Connectivity-Optimization-CDC2026\lite_trials\sweep\lambda2_only\checkpoints\best.pt,ppo,19000,C:\Users\erich\Documents\AFRL\Algebraic-Connectivity-Optimization-CDC2026\lite_trials\lite_config.yaml,full,48,0.00092506938,1,48,48,0.0009250693802035153,1,0.003557716606791888,0.1707703971260106,0.0012225000000398722,0.0012225000000398722,0.0012225000000398722,path,path,path,47,0.0,0.0,False,,,False,1,path,64,4,RL+Path,1
best,C:\Users\erich\Documents\AFRL\Algebraic-Connectivity-Optimization-CDC2026\lite_trials\sweep\lambda2_only\checkpoints\best.pt,ppo,19000,C:\Users\erich\Documents\AFRL\Algebraic-Connectivity-Optimization-CDC2026\lite_trials\lite_config.yaml,full,48,0.00092506938,2,48,48,0.0009250693802035153,1,0.003557716606791888,0.1707703971260106,0.002370100000007369,0.002370100000007369,0.002370100000007369,path,path,path,47,0.0,0.0,False,,,False,1,path,64,4,RL+Path,2
best,C:\Users\erich\Documents\AFRL\Algebraic-Connectivity-Optimization-CDC2026\lite_trials\sweep\lambda2_only\checkpoints\best.pt,ppo,19000,C:\Users\erich\Documents\AFRL\Algebraic-Connectivity-Optimization-CDC2026\lite_trials\lite_config.yaml,full,48,0.00092506938,3,48,48,0.0009250693802035153,1,0.003557716606791888,0.1707703971260106,0.0014897999999448075,0.0014897999999448075,0.0014897999999448075,path,path,path,47,0.0,0.0,False,,,False,1,path,64,4,RL+Path,3
best,C:\Users\erich\Documents\AFRL\Algebraic-Connectivity-Optimization-CDC2026\lite_trials\sweep\lambda2_only\checkpoints\best.pt,ppo,19000,C:\Users\erich\Documents\AFRL\Algebraic-Connectivity-Optimization-CDC2026\lite_trials\lite_config.yaml,full,48,0.00092506938,4,48,48,0.0009250693802035153,1,0.003557716606791888,0.1707703971260106,0.0012234000005264534,0.0012234000005264534,0.0012234000005264534,path,path,path,47,0.0,0.0,False,,,False,1,path,64,4,RL+Path,4
best,C:\Users\erich\Documents\AFRL\Algebraic-Connectivity-Optimization-CDC2026\lite_trials\sweep\lambda2_only\checkpoints\best.pt,ppo,19000,C:\Users\erich\Documents\AFRL\Algebraic-Connectivity-Optimization-CDC2026\lite_trials\lite_config.yaml,full,48,0.072155411656,0,125,125,0.07215541165587419,78,0.08784537775082567,4.216578132039632,0.08459380000022065,0.08459380000022065,0.08459380000022065,path,path,path,47,0.0,0.0,False,,,False,1,path,64,4,RL+Path,0
best,C:\Users\erich\Documents\AFRL\Algebraic-Connectivity-Optimization-CDC2026\lite_trials\sweep\lambda2_only\checkpoints\best.pt,ppo,19000,C:\Users\erich\Documents\AFRL\Algebraic-Connectivity-Optimization-CDC2026\lite_trials\lite_config.yaml,full,48,0.072155411656,1,125,125,0.07215541165587419,78,0.08784537775082567,4.216578132039632,0.08835590000035154,0.08835590000035154,0.08835590000035154,path,path,path,47,0.0,0.0,False,,,False,1,path,64,4,RL+Path,1
best,C:\Users\erich\Documents\AFRL\Algebraic-Connectivity-Optimization-CDC2026\lite_trials\sweep\lambda2_only\checkpoints\best.pt,ppo,19000,C:\Users\erich\Documents\AFRL\Algebraic-Connectivity-Optimization-CDC2026\lite_trials\lite_config.yaml,full,48,0.072155411656,2,125,125,0.07215541165587419,78,0.08784537775082567,4.216578132039632,0.10719210000024759,0.10719210000024759,0.10719210000024759,path,path,path,47,0.0,0.0,False,,,False,1,path,64,4,RL+Path,2
best,C:\Users\erich\Documents\AFRL\Algebraic-Connectivity-Optimization-CDC2026\lite_trials\sweep\lambda2_only\checkpoints\best.pt,ppo,19000,C:\Users\erich\Documents\AFRL\Algebraic-Connectivity-Optimization-CDC2026\lite_trials\lite_config.yaml,full,48,0.072155411656,3,125,125,0.07215541165587419,78,0.08784537775082567,4.216578132039632,0.0864821999994092,0.0864821999994092,0.0864821999994092,path,path,path,47,0.0,0.0,False,,,False,1,path,64,4,RL+Path,3
best,C:\Users\erich\Documents\AFRL\Algebraic-Connectivity-Optimization-CDC2026\lite_trials\sweep\lambda2_only\checkpoints\best.pt,ppo,19000,C:\Users\erich\Documents\AFRL\Algebraic-Connectivity-Optimization-CDC2026\lite_trials\lite_config.yaml,full,48,0.072155411656,4,125,125,0.07215541165587419,78,0.08784537775082567,4.216578132039632,0.08792950000042765,0.08792950000042765,0.08792950000042765,path,path,path,47,0.0,0.0,False,,,False,1,path,64,4,RL+Path,4
best,C:\Users\erich\Documents\AFRL\Algebraic-Connectivity-Optimization-CDC2026\lite_trials\sweep\lambda2_only\checkpoints\best.pt,ppo,19000,C:\Users\erich\Documents\AFRL\Algebraic-Connectivity-Optimization-CDC2026\lite_trials\lite_config.yaml,full,48,0.143385753932,0,202,202,0.14338575393154487,155,0.2783166081773575,13.35919719251316,0.18538259999968432,0.18538259999968432,0.18538259999968432,path,path,path,47,0.0,0.0,False,,,False,1,path,64,4,RL+Path,0
best,C:\Users\erich\Documents\AFRL\Algebraic-Connectivity-Optimization-CDC2026\lite_trials\sweep\lambda2_only\checkpoints\best.pt,ppo,19000,C:\Users\erich\Documents\AFRL\Algebraic-Connectivity-Optimization-CDC2026\lite_trials\lite_config.yaml,full,48,0.143385753932,1,202,202,0.14338575393154487,155,0.2783166081773575,13.35919719251316,0.18175220000011905,0.18175220000011905,0.18175220000011905,path,path,path,47,0.0,0.0,False,,,False,1,path,64,4,RL+Path,1
best,C:\Users\erich\Documents\AFRL\Algebraic-Connectivity-Optimization-CDC2026\lite_trials\sweep\lambda2_only\checkpoints\best.pt,ppo,19000,C:\Users\erich\Documents\AFRL\Algebraic-Connectivity-Optimization-CDC2026\lite_trials\lite_config.yaml,full,48,0.143385753932,2,202,202,0.14338575393154487,155,0.2783166081773575,13.35919719251316,0.1857344000000012,0.1857344000000012,0.1857344000000012,path,path,path,47,0.0,0.0,False,,,False,1,path,64,4,RL+Path,2
best,C:\Users\erich\Documents\AFRL\Algebraic-Connectivity-Optimization-CDC2026\lite_trials\sweep\lambda2_only\checkpoints\best.pt,ppo,19000,C:\Users\erich\Documents\AFRL\Algebraic-Connectivity-Optimization-CDC2026\lite_trials\lite_config.yaml,full,48,0.143385753932,3,202,202,0.14338575393154487,155,0.2783166081773575,13.35919719251316,0.18909030000031635,0.18909030000031635,0.18909030000031635,path,path,path,47,0.0,0.0,False,,,False,1,path,64,4,RL+Path,3
best,C:\Users\erich\Documents\AFRL\Algebraic-Connectivity-Optimization-CDC2026\lite_trials\sweep\lambda2_only\checkpoints\best.pt,ppo,19000,C:\Users\erich\Documents\AFRL\Algebraic-Connectivity-Optimization-CDC2026\lite_trials\lite_config.yaml,full,48,0.143385753932,4,202,202,0.14338575393154487,155,0.2783166081773575,13.35919719251316,0.1738087000003361,0.1738087000003361,0.1738087000003361,path,path,path,47,0.0,0.0,False,,,False,1,path,64,4,RL+Path,4
best,C:\Users\erich\Documents\AFRL\Algebraic-Connectivity-Optimization-CDC2026\lite_trials\sweep\lambda2_only\checkpoints\best.pt,ppo,19000,C:\Users\erich\Documents\AFRL\Algebraic-Connectivity-Optimization-CDC2026\lite_trials\lite_config.yaml,full,48,0.214616096207,0,279,279,0.21461609620721553,232,0.1311027282653918,6.292930956738806,0.29297200000019075,0.29297200000019075,0.29297200000019075,path,path,path,47,0.0,0.0,False,,,False,1,path,64,4,RL+Path,0
best,C:\Users\erich\Documents\AFRL\Algebraic-Connectivity-Optimization-CDC2026\lite_trials\sweep\lambda2_only\checkpoints\best.pt,ppo,19000,C:\Users\erich\Documents\AFRL\Algebraic-Connectivity-Optimization-CDC2026\lite_trials\lite_config.yaml,full,48,0.214616096207,1,279,279,0.21461609620721553,232,0.1311027282653918,6.292930956738806,0.2816790000006222,0.2816790000006222,0.2816790000006222,path,path,path,47,0.0,0.0,False,,,False,1,path,64,4,RL+Path,1
best,C:\Users\erich\Documents\AFRL\Algebraic-Connectivity-Optimization-CDC2026\lite_trials\sweep\lambda2_only\checkpoints\best.pt,ppo,19000,C:\Users\erich\Documents\AFRL\Algebraic-Connectivity-Optimization-CDC2026\lite_trials\lite_config.yaml,full,48,0.214616096207,2,279,279,0.21461609620721553,232,0.1311027282653918,6.292930956738806,0.2941609999998036,0.2941609999998036,0.2941609999998036,path,path,path,47,0.0,0.0,False,,,False,1,path,64,4,RL+Path,2
best,C:\Users\erich\Documents\AFRL\Algebraic-Connectivity-Optimization-CDC2026\lite_trials\sweep\lambda2_only\checkpoints\best.pt,ppo,19000,C:\Users\erich\Documents\AFRL\Algebraic-Connectivity-Optimization-CDC2026\lite_trials\lite_config.yaml,full,48,0.214616096207,3,279,279,0.21461609620721553,232,0.1311027282653918,6.292930956738806,0.2895261000003302,0.2895261000003302,0.2895261000003302,path,path,path,47,0.0,0.0,False,,,False,1,path,64,4,RL+Path,3
best,C:\Users\erich\Documents\AFRL\Algebraic-Connectivity-Optimization-CDC2026\lite_trials\sweep\lambda2_only\checkpoints\best.pt,ppo,19000,C:\Users\erich\Documents\AFRL\Algebraic-Connectivity-Optimization-CDC2026\lite_trials\lite_config.yaml,full,48,0.214616096207,4,279,279,0.21461609620721553,232,0.1311027282653918,6.292930956738806,0.2956352000001061,0.2956352000001061,0.2956352000001061,path,path,path,47,0.0,0.0,False,,,False,1,path,64,4,RL+Path,4
best,C:\Users\erich\Documents\AFRL\Algebraic-Connectivity-Optimization-CDC2026\lite_trials\sweep\lambda2_only\checkpoints\best.pt,ppo,19000,C:\Users\erich\Documents\AFRL\Algebraic-Connectivity-Optimization-CDC2026\lite_trials\lite_config.yaml,full,48,0.285846438483,0,356,356,0.2858464384828862,309,0.1854574459479892,8.901957405503483,0.400969599999371,0.400969599999371,0.400969599999371,path,path,path,47,0.0,0.0,False,,,False,1,path,64,4,RL+Path,0
best,C:\Users\erich\Documents\AFRL\Algebraic-Connectivity-Optimization-CDC2026\lite_trials\sweep\lambda2_only\checkpoints\best.pt,ppo,19000,C:\Users\erich\Documents\AFRL\Algebraic-Connectivity-Optimization-CDC2026\lite_trials\lite_config.yaml,full,48,0.285846438483,1,356,356,0.2858464384828862,309,0.1854574459479892,8.901957405503483,0.39133120000042254,0.39133120000042254,0.39133120000042254,path,path,path,47,0.0,0.0,False,,,False,1,path,64,4,RL+Path,1
best,C:\Users\erich\Documents\AFRL\Algebraic-Connectivity-Optimization-CDC2026\lite_trials\sweep\lambda2_only\checkpoints\best.pt,ppo,19000,C:\Users\erich\Documents\AFRL\Algebraic-Connectivity-Optimization-CDC2026\lite_trials\lite_config.yaml,full,48,0.285846438483,2,356,356,0.2858464384828862,309,0.1854574459479892,8.901957405503483,0.4077615000005608,0.4077615000005608,0.4077615000005608,path,path,path,47,0.0,0.0,False,,,False,1,path,64,4,RL+Path,2
best,C:\Users\erich\Documents\AFRL\Algebraic-Connectivity-Optimization-CDC2026\lite_trials\sweep\lambda2_only\checkpoints\best.pt,ppo,19000,C:\Users\erich\Documents\AFRL\Algebraic-Connectivity-Optimization-CDC2026\lite_trials\lite_config.yaml,full,48,0.285846438483,3,356,356,0.2858464384828862,309,0.1854574459479892,8.901957405503483,0.3996404999998049,0.3996404999998049,0.3996404999998049,path,path,path,47,0.0,0.0,False,,,False,1,path,64,4,RL+Path,3
best,C:\Users\erich\Documents\AFRL\Algebraic-Connectivity-Optimization-CDC2026\lite_trials\sweep\lambda2_only\checkpoints\best.pt,ppo,19000,C:\Users\erich\Documents\AFRL\Algebraic-Connectivity-Optimization-CDC2026\lite_trials\lite_config.yaml,full,48,0.285846438483,4,356,356,0.2858464384828862,309,0.1854574459479892,8.901957405503483,0.39316650000000664,0.39316650000000664,0.39316650000000664,path,path,path,47,0.0,0.0,False,,,False,1,path,64,4,RL+Path,4
best,C:\Users\erich\Documents\AFRL\Algebraic-Connectivity-Optimization-CDC2026\lite_trials\sweep\lambda2_only\checkpoints\best.pt,ppo,19000,C:\Users\erich\Documents\AFRL\Algebraic-Connectivity-Optimization-CDC2026\lite_trials\lite_config.yaml,full,48,0.357076780759,0,433,433,0.35707678075855687,386,0.2164386515381316,10.389055273830317,0.5724276999999347,0.5724276999999347,0.5724276999999347,path,path,path,47,0.0,0.0,False,,,False,1,path,64,4,RL+Path,0
best,C:\Users\erich\Documents\AFRL\Algebraic-Connectivity-Optimization-CDC2026\lite_trials\sweep\lambda2_only\checkpoints\best.pt,ppo,19000,C:\Users\erich\Documents\AFRL\Algebraic-Connectivity-Optimization-CDC2026\lite_trials\lite_config.yaml,full,48,0.357076780759,1,433,433,0.35707678075855687,386,0.2164386515381316,10.389055273830317,0.5182952000004661,0.5182952000004661,0.5182952000004661,path,path,path,47,0.0,0.0,False,,,False,1,path,64,4,RL+Path,1
best,C:\Users\erich\Documents\AFRL\Algebraic-Connectivity-Optimization-CDC2026\lite_trials\sweep\lambda2_only\checkpoints\best.pt,ppo,19000,C:\Users\erich\Documents\AFRL\Algebraic-Connectivity-Optimization-CDC2026\lite_trials\lite_config.yaml,full,48,0.357076780759,2,433,433,0.35707678075855687,386,0.2164386515381316,10.389055273830317,0.5170292000002519,0.5170292000002519,0.5170292000002519,path,path,path,47,0.0,0.0,False,,,False,1,path,64,4,RL+Path,2
best,C:\Users\erich\Documents\AFRL\Algebraic-Connectivity-Optimization-CDC2026\lite_trials\sweep\lambda2_only\checkpoints\best.pt,ppo,19000,C:\Users\erich\Documents\AFRL\Algebraic-Connectivity-Optimization-CDC2026\lite_trials\lite_config.yaml,full,48,0.357076780759,3,433,433,0.35707678075855687,386,0.2164386515381316,10.389055273830317,0.5239899999996851,0.5239899999996851,0.5239899999996851,path,path,path,47,0.0,0.0,False,,,False,1,path,64,4,RL+Path,3
best,C:\Users\erich\Documents\AFRL\Algebraic-Connectivity-Optimization-CDC2026\lite_trials\sweep\lambda2_only\checkpoints\best.pt,ppo,19000,C:\Users\erich\Documents\AFRL\Algebraic-Connectivity-Optimization-CDC2026\lite_trials\lite_config.yaml,full,48,0.357076780759,4,433,433,0.35707678075855687,386,0.2164386515381316,10.389055273830317,0.5237771000001885,0.5237771000001885,0.5237771000001885,path,path,path,47,0.0,0.0,False,,,False,1,path,64,4,RL+Path,4
best,C:\Users\erich\Documents\AFRL\Algebraic-Connectivity-Optimization-CDC2026\lite_trials\sweep\lambda2_only\checkpoints\best.pt,ppo,19000,C:\Users\erich\Documents\AFRL\Algebraic-Connectivity-Optimization-CDC2026\lite_trials\lite_config.yaml,full,48,0.428307123034,0,510,510,0.4283071230342276,463,0.4254334455228049,20.420805385094635,0.6724187999998321,0.6724187999998321,0.6724187999998321,path,path,path,47,0.0,0.0,False,,,False,1,path,64,4,RL+Path,0
best,C:\Users\erich\Documents\AFRL\Algebraic-Connectivity-Optimization-CDC2026\lite_trials\sweep\lambda2_only\checkpoints\best.pt,ppo,19000,C:\Users\erich\Documents\AFRL\Algebraic-Connectivity-Optimization-CDC2026\lite_trials\lite_config.yaml,full,48,0.428307123034,1,510,510,0.4283071230342276,463,0.4254334455228049,20.420805385094635,0.6564680000001317,0.6564680000001317,0.6564680000001317,path,path,path,47,0.0,0.0,False,,,False,1,path,64,4,RL+Path,1
best,C:\Users\erich\Documents\AFRL\Algebraic-Connectivity-Optimization-CDC2026\lite_trials\sweep\lambda2_only\checkpoints\best.pt,ppo,19000,C:\Users\erich\Documents\AFRL\Algebraic-Connectivity-Optimization-CDC2026\lite_trials\lite_config.yaml,full,48,0.428307123034,2,510,510,0.4283071230342276,463,0.4254334455228049,20.420805385094635,0.6744836999996551,0.6744836999996551,0.6744836999996551,path,path,path,47,0.0,0.0,False,,,False,1,path,64,4,RL+Path,2
best,C:\Users\erich\Documents\AFRL\Algebraic-Connectivity-Optimization-CDC2026\lite_trials\sweep\lambda2_only\checkpoints\best.pt,ppo,19000,C:\Users\erich\Documents\AFRL\Algebraic-Connectivity-Optimization-CDC2026\lite_trials\lite_config.yaml,full,48,0.428307123034,3,510,510,0.4283071230342276,463,0.4254334455228049,20.420805385094635,0.6745590000000448,0.6745590000000448,0.6745590000000448,path,path,path,47,0.0,0.0,False,,,False,1,path,64,4,RL+Path,3
best,C:\Users\erich\Documents\AFRL\Algebraic-Connectivity-Optimization-CDC2026\lite_trials\sweep\lambda2_only\checkpoints\best.pt,ppo,19000,C:\Users\erich\Documents\AFRL\Algebraic-Connectivity-Optimization-CDC2026\lite_trials\lite_config.yaml,full,48,0.428307123034,4,510,510,0.4283071230342276,463,0.4254334455228049,20.420805385094635,0.5923607000004267,0.5923607000004267,0.5923607000004267,path,path,path,47,0.0,0.0,False,,,False,1,path,64,4,RL+Path,4
best,C:\Users\erich\Documents\AFRL\Algebraic-Connectivity-Optimization-CDC2026\lite_trials\sweep\lambda2_only\checkpoints\best.pt,ppo,19000,C:\Users\erich\Documents\AFRL\Algebraic-Connectivity-Optimization-CDC2026\lite_trials\lite_config.yaml,full,48,0.50046253469,0,588,588,0.5004625346901017,541,0.483507623220564,23.208365914587073,0.7188120999999228,0.7188120999999228,0.7188120999999228,path,path,path,47,0.0,0.0,False,,,False,1,path,64,4,RL+Path,0
best,C:\Users\erich\Documents\AFRL\Algebraic-Connectivity-Optimization-CDC2026\lite_trials\sweep\lambda2_only\checkpoints\best.pt,ppo,19000,C:\Users\erich\Documents\AFRL\Algebraic-Connectivity-Optimization-CDC2026\lite_trials\lite_config.yaml,full,48,0.50046253469,1,588,588,0.5004625346901017,541,0.483507623220564,23.208365914587073,0.7446206000004167,0.7446206000004167,0.7446206000004167,path,path,path,47,0.0,0.0,False,,,False,1,path,64,4,RL+Path,1
best,C:\Users\erich\Documents\AFRL\Algebraic-Connectivity-Optimization-CDC2026\lite_trials\sweep\lambda2_only\checkpoints\best.pt,ppo,19000,C:\Users\erich\Documents\AFRL\Algebraic-Connectivity-Optimization-CDC2026\lite_trials\lite_config.yaml,full,48,0.50046253469,2,588,588,0.5004625346901017,541,0.483507623220564,23.208365914587073,0.731101000000308,0.731101000000308,0.731101000000308,path,path,path,47,0.0,0.0,False,,,False,1,path,64,4,RL+Path,2
best,C:\Users\erich\Documents\AFRL\Algebraic-Connectivity-Optimization-CDC2026\lite_trials\sweep\lambda2_only\checkpoints\best.pt,ppo,19000,C:\Users\erich\Documents\AFRL\Algebraic-Connectivity-Optimization-CDC2026\lite_trials\lite_config.yaml,full,48,0.50046253469,3,588,588,0.5004625346901017,541,0.483507623220564,23.208365914587073,0.7164204999999129,0.7164204999999129,0.7164204999999129,path,path,path,47,0.0,0.0,False,,,False,1,path,64,4,RL+Path,3
best,C:\Users\erich\Documents\AFRL\Algebraic-Connectivity-Optimization-CDC2026\lite_trials\sweep\lambda2_only\checkpoints\best.pt,ppo,19000,C:\Users\erich\Documents\AFRL\Algebraic-Connectivity-Optimization-CDC2026\lite_trials\lite_config.yaml,full,48,0.50046253469,4,588,588,0.5004625346901017,541,0.483507623220564,23.208365914587073,0.7136320999998134,0.7136320999998134,0.7136320999998134,path,path,path,47,0.0,0.0,False,,,False,1,path,64,4,RL+Path,4
best,C:\Users\erich\Documents\AFRL\Algebraic-Connectivity-Optimization-CDC2026\lite_trials\sweep\lambda2_only\checkpoints\best.pt,ppo,19000,C:\Users\erich\Documents\AFRL\Algebraic-Connectivity-Optimization-CDC2026\lite_trials\lite_config.yaml,full,48,0.571692876966,0,665,665,0.5716928769657724,618,0.4666803670446658,22.40065761814396,0.8813755999999557,0.8813755999999557,0.8813755999999557,path,path,path,47,0.0,0.0,False,,,False,1,path,64,4,RL+Path,0
best,C:\Users\erich\Documents\AFRL\Algebraic-Connectivity-Optimization-CDC2026\lite_trials\sweep\lambda2_only\checkpoints\best.pt,ppo,19000,C:\Users\erich\Documents\AFRL\Algebraic-Connectivity-Optimization-CDC2026\lite_trials\lite_config.yaml,full,48,0.571692876966,1,665,665,0.5716928769657724,618,0.4666803670446658,22.40065761814396,0.843024300000252,0.843024300000252,0.843024300000252,path,path,path,47,0.0,0.0,False,,,False,1,path,64,4,RL+Path,1
best,C:\Users\erich\Documents\AFRL\Algebraic-Connectivity-Optimization-CDC2026\lite_trials\sweep\lambda2_only\checkpoints\best.pt,ppo,19000,C:\Users\erich\Documents\AFRL\Algebraic-Connectivity-Optimization-CDC2026\lite_trials\lite_config.yaml,full,48,0.571692876966,2,665,665,0.5716928769657724,618,0.4666803670446658,22.40065761814396,0.8377470000004905,0.8377470000004905,0.8377470000004905,path,path,path,47,0.0,0.0,False,,,False,1,path,64,4,RL+Path,2
best,C:\Users\erich\Documents\AFRL\Algebraic-Connectivity-Optimization-CDC2026\lite_trials\sweep\lambda2_only\checkpoints\best.pt,ppo,19000,C:\Users\erich\Documents\AFRL\Algebraic-Connectivity-Optimization-CDC2026\lite_trials\lite_config.yaml,full,48,0.571692876966,3,665,665,0.5716928769657724,618,0.4666803670446658,22.40065761814396,0.8601298000003226,0.8601298000003226,0.8601298000003226,path,path,path,47,0.0,0.0,False,,,False,1,path,64,4,RL+Path,3
best,C:\Users\erich\Documents\AFRL\Algebraic-Connectivity-Optimization-CDC2026\lite_trials\sweep\lambda2_only\checkpoints\best.pt,ppo,19000,C:\Users\erich\Documents\AFRL\Algebraic-Connectivity-Optimization-CDC2026\lite_trials\lite_config.yaml,full,48,0.571692876966,4,665,665,0.5716928769657724,618,0.4666803670446658,22.40065761814396,0.8405405000003157,0.8405405000003157,0.8405405000003157,path,path,path,47,0.0,0.0,False,,,False,1,path,64,4,RL+Path,4
best,C:\Users\erich\Documents\AFRL\Algebraic-Connectivity-Optimization-CDC2026\lite_trials\sweep\lambda2_only\checkpoints\best.pt,ppo,19000,C:\Users\erich\Documents\AFRL\Algebraic-Connectivity-Optimization-CDC2026\lite_trials\lite_config.yaml,full,48,0.642923219241,0,742,742,0.6429232192414431,695,0.5504827911662501,26.423173975980006,0.9599991000004593,0.9599991000004593,0.9599991000004593,path,path,path,47,0.0,0.0,False,,,False,1,path,64,4,RL+Path,0
best,C:\Users\erich\Documents\AFRL\Algebraic-Connectivity-Optimization-CDC2026\lite_trials\sweep\lambda2_only\checkpoints\best.pt,ppo,19000,C:\Users\erich\Documents\AFRL\Algebraic-Connectivity-Optimization-CDC2026\lite_trials\lite_config.yaml,full,48,0.642923219241,1,742,742,0.6429232192414431,695,0.5504827911662501,26.423173975980006,0.9868787999994311,0.9868787999994311,0.9868787999994311,path,path,path,47,0.0,0.0,False,,,False,1,path,64,4,RL+Path,1
best,C:\Users\erich\Documents\AFRL\Algebraic-Connectivity-Optimization-CDC2026\lite_trials\sweep\lambda2_only\checkpoints\best.pt,ppo,19000,C:\Users\erich\Documents\AFRL\Algebraic-Connectivity-Optimization-CDC2026\lite_trials\lite_config.yaml,full,48,0.642923219241,2,742,742,0.6429232192414431,695,0.5504827911662501,26.423173975980006,0.9701736999995774,0.9701736999995774,0.9701736999995774,path,path,path,47,0.0,0.0,False,,,False,1,path,64,4,RL+Path,2
best,C:\Users\erich\Documents\AFRL\Algebraic-Connectivity-Optimization-CDC2026\lite_trials\sweep\lambda2_only\checkpoints\best.pt,ppo,19000,C:\Users\erich\Documents\AFRL\Algebraic-Connectivity-Optimization-CDC2026\lite_trials\lite_config.yaml,full,48,0.642923219241,3,742,742,0.6429232192414431,695,0.5504827911662501,26.423173975980006,0.9644097999998849,0.9644097999998849,0.9644097999998849,path,path,path,47,0.0,0.0,False,,,False,1,path,64,4,RL+Path,3
best,C:\Users\erich\Documents\AFRL\Algebraic-Connectivity-Optimization-CDC2026\lite_trials\sweep\lambda2_only\checkpoints\best.pt,ppo,19000,C:\Users\erich\Documents\AFRL\Algebraic-Connectivity-Optimization-CDC2026\lite_trials\lite_config.yaml,full,48,0.642923219241,4,742,742,0.6429232192414431,695,0.5504827911662501,26.423173975980006,0.9904274000000441,0.9904274000000441,0.9904274000000441,path,path,path,47,0.0,0.0,False,,,False,1,path,64,4,RL+Path,4
best,C:\Users\erich\Documents\AFRL\Algebraic-Connectivity-Optimization-CDC2026\lite_trials\sweep\lambda2_only\checkpoints\best.pt,ppo,19000,C:\Users\erich\Documents\AFRL\Algebraic-Connectivity-Optimization-CDC2026\lite_trials\lite_config.yaml,full,48,0.714153561517,0,819,819,0.7141535615171137,772,0.5854583498739919,28.10200079395161,1.1186947000005603,1.1186947000005603,1.1186947000005603,path,path,path,47,0.0,0.0,False,,,False,1,path,64,4,RL+Path,0
best,C:\Users\erich\Documents\AFRL\Algebraic-Connectivity-Optimization-CDC2026\lite_trials\sweep\lambda2_only\checkpoints\best.pt,ppo,19000,C:\Users\erich\Documents\AFRL\Algebraic-Connectivity-Optimization-CDC2026\lite_trials\lite_config.yaml,full,48,0.714153561517,1,819,819,0.7141535615171137,772,0.5854583498739919,28.10200079395161,1.10604450000028,1.10604450000028,1.10604450000028,path,path,path,47,0.0,0.0,False,,,False,1,path,64,4,RL+Path,1
best,C:\Users\erich\Documents\AFRL\Algebraic-Connectivity-Optimization-CDC2026\lite_trials\sweep\lambda2_only\checkpoints\best.pt,ppo,19000,C:\Users\erich\Documents\AFRL\Algebraic-Connectivity-Optimization-CDC2026\lite_trials\lite_config.yaml,full,48,0.714153561517,2,819,819,0.7141535615171137,772,0.5854583498739919,28.10200079395161,1.0880159999996977,1.0880159999996977,1.0880159999996977,path,path,path,47,0.0,0.0,False,,,False,1,path,64,4,RL+Path,2
best,C:\Users\erich\Documents\AFRL\Algebraic-Connectivity-Optimization-CDC2026\lite_trials\sweep\lambda2_only\checkpoints\best.pt,ppo,19000,C:\Users\erich\Documents\AFRL\Algebraic-Connectivity-Optimization-CDC2026\lite_trials\lite_config.yaml,full,48,0.714153561517,3,819,819,0.7141535615171137,772,0.5854583498739919,28.10200079395161,1.1145352000003186,1.1145352000003186,1.1145352000003186,path,path,path,47,0.0,0.0,False,,,False,1,path,64,4,RL+Path,3
best,C:\Users\erich\Documents\AFRL\Algebraic-Connectivity-Optimization-CDC2026\lite_trials\sweep\lambda2_only\checkpoints\best.pt,ppo,19000,C:\Users\erich\Documents\AFRL\Algebraic-Connectivity-Optimization-CDC2026\lite_trials\lite_config.yaml,full,48,0.714153561517,4,819,819,0.7141535615171137,772,0.5854583498739919,28.10200079395161,1.0983354999998483,1.0983354999998483,1.0983354999998483,path,path,path,47,0.0,0.0,False,,,False,1,path,64,4,RL+Path,4
best,C:\Users\erich\Documents\AFRL\Algebraic-Connectivity-Optimization-CDC2026\lite_trials\sweep\lambda2_only\checkpoints\best.pt,ppo,19000,C:\Users\erich\Documents\AFRL\Algebraic-Connectivity-Optimization-CDC2026\lite_trials\lite_config.yaml,full,48,0.785383903793,0,896,896,0.7853839037927844,849,0.8569354605350051,41.132902105680245,1.2863239000007525,1.2863239000007525,1.2863239000007525,path,path,path,47,0.0,0.0,False,,,False,1,path,64,4,RL+Path,0
best,C:\Users\erich\Documents\AFRL\Algebraic-Connectivity-Optimization-CDC2026\lite_trials\sweep\lambda2_only\checkpoints\best.pt,ppo,19000,C:\Users\erich\Documents\AFRL\Algebraic-Connectivity-Optimization-CDC2026\lite_trials\lite_config.yaml,full,48,0.785383903793,1,896,896,0.7853839037927844,849,0.8569354605350051,41.132902105680245,1.291533100000379,1.291533100000379,1.291533100000379,path,path,path,47,0.0,0.0,False,,,False,1,path,64,4,RL+Path,1
best,C:\Users\erich\Documents\AFRL\Algebraic-Connectivity-Optimization-CDC2026\lite_trials\sweep\lambda2_only\checkpoints\best.pt,ppo,19000,C:\Users\erich\Documents\AFRL\Algebraic-Connectivity-Optimization-CDC2026\lite_trials\lite_config.yaml,full,48,0.785383903793,2,896,896,0.7853839037927844,849,0.8569354605350051,41.132902105680245,1.2763826000000336,1.2763826000000336,1.2763826000000336,path,path,path,47,0.0,0.0,False,,,False,1,path,64,4,RL+Path,2
best,C:\Users\erich\Documents\AFRL\Algebraic-Connectivity-Optimization-CDC2026\lite_trials\sweep\lambda2_only\checkpoints\best.pt,ppo,19000,C:\Users\erich\Documents\AFRL\Algebraic-Connectivity-Optimization-CDC2026\lite_trials\lite_config.yaml,full,48,0.785383903793,3,896,896,0.7853839037927844,849,0.8569354605350051,41.132902105680245,1.2764885999995386,1.2764885999995386,1.2764885999995386,path,path,path,47,0.0,0.0,False,,,False,1,path,64,4,RL+Path,3
best,C:\Users\erich\Documents\AFRL\Algebraic-Connectivity-Optimization-CDC2026\lite_trials\sweep\lambda2_only\checkpoints\best.pt,ppo,19000,C:\Users\erich\Documents\AFRL\Algebraic-Connectivity-Optimization-CDC2026\lite_trials\lite_config.yaml,full,48,0.785383903793,4,896,896,0.7853839037927844,849,0.8569354605350051,41.132902105680245,1.2674777000001995,1.2674777000001995,1.2674777000001995,path,path,path,47,0.0,0.0,False,,,False,1,path,64,4,RL+Path,4
best,C:\Users\erich\Documents\AFRL\Algebraic-Connectivity-Optimization-CDC2026\lite_trials\sweep\lambda2_only\checkpoints\best.pt,ppo,19000,C:\Users\erich\Documents\AFRL\Algebraic-Connectivity-Optimization-CDC2026\lite_trials\lite_config.yaml,full,48,0.856614246068,0,973,973,0.8566142460684552,926,0.8916817056195684,42.800721869739284,1.4003396000007342,1.4003396000007342,1.4003396000007342,path,path,path,47,0.0,0.0,False,,,False,1,path,64,4,RL+Path,0
best,C:\Users\erich\Documents\AFRL\Algebraic-Connectivity-Optimization-CDC2026\lite_trials\sweep\lambda2_only\checkpoints\best.pt,ppo,19000,C:\Users\erich\Documents\AFRL\Algebraic-Connectivity-Optimization-CDC2026\lite_trials\lite_config.yaml,full,48,0.856614246068,1,973,973,0.8566142460684552,926,0.8916817056195684,42.800721869739284,1.4161874000001262,1.4161874000001262,1.4161874000001262,path,path,path,47,0.0,0.0,False,,,False,1,path,64,4,RL+Path,1
best,C:\Users\erich\Documents\AFRL\Algebraic-Connectivity-Optimization-CDC2026\lite_trials\sweep\lambda2_only\checkpoints\best.pt,ppo,19000,C:\Users\erich\Documents\AFRL\Algebraic-Connectivity-Optimization-CDC2026\lite_trials\lite_config.yaml,full,48,0.856614246068,2,973,973,0.8566142460684552,926,0.8916817056195684,42.800721869739284,1.4164564000002429,1.4164564000002429,1.4164564000002429,path,path,path,47,0.0,0.0,False,,,False,1,path,64,4,RL+Path,2
best,C:\Users\erich\Documents\AFRL\Algebraic-Connectivity-Optimization-CDC2026\lite_trials\sweep\lambda2_only\checkpoints\best.pt,ppo,19000,C:\Users\erich\Documents\AFRL\Algebraic-Connectivity-Optimization-CDC2026\lite_trials\lite_config.yaml,full,48,0.856614246068,3,973,973,0.8566142460684552,926,0.8916817056195684,42.800721869739284,1.4505883000001631,1.4505883000001631,1.4505883000001631,path,path,path,47,0.0,0.0,False,,,False,1,path,64,4,RL+Path,3
best,C:\Users\erich\Documents\AFRL\Algebraic-Connectivity-Optimization-CDC2026\lite_trials\sweep\lambda2_only\checkpoints\best.pt,ppo,19000,C:\Users\erich\Documents\AFRL\Algebraic-Connectivity-Optimization-CDC2026\lite_trials\lite_config.yaml,full,48,0.856614246068,4,973,973,0.8566142460684552,926,0.8916817056195684,42.800721869739284,1.4236879000000044,1.4236879000000044,1.4236879000000044,path,path,path,47,0.0,0.0,False,,,False,1,path,64,4,RL+Path,4
best,C:\Users\erich\Documents\AFRL\Algebraic-Connectivity-Optimization-CDC2026\lite_trials\sweep\lambda2_only\checkpoints\best.pt,ppo,19000,C:\Users\erich\Documents\AFRL\Algebraic-Connectivity-Optimization-CDC2026\lite_trials\lite_config.yaml,full,48,0.927844588344,0,1050,1050,0.9278445883441259,1003,0.9634709276951391,46.24660452936668,1.52316829999927,1.52316829999927,1.52316829999927,path,path,path,47,0.0,0.0,False,,,False,1,path,64,4,RL+Path,0
best,C:\Users\erich\Documents\AFRL\Algebraic-Connectivity-Optimization-CDC2026\lite_trials\sweep\lambda2_only\checkpoints\best.pt,ppo,19000,C:\Users\erich\Documents\AFRL\Algebraic-Connectivity-Optimization-CDC2026\lite_trials\lite_config.yaml,full,48,0.927844588344,1,1050,1050,0.9278445883441259,1003,0.9634709276951391,46.24660452936668,1.5952274000001125,1.5952274000001125,1.5952274000001125,path,path,path,47,0.0,0.0,False,,,False,1,path,64,4,RL+Path,1
best,C:\Users\erich\Documents\AFRL\Algebraic-Connectivity-Optimization-CDC2026\lite_trials\sweep\lambda2_only\checkpoints\best.pt,ppo,19000,C:\Users\erich\Documents\AFRL\Algebraic-Connectivity-Optimization-CDC2026\lite_trials\lite_config.yaml,full,48,0.927844588344,2,1050,1050,0.9278445883441259,1003,0.9634709276951391,46.24660452936668,1.5554627000001346,1.5554627000001346,1.5554627000001346,path,path,path,47,0.0,0.0,False,,,False,1,path,64,4,RL+Path,2
best,C:\Users\erich\Documents\AFRL\Algebraic-Connectivity-Optimization-CDC2026\lite_trials\sweep\lambda2_only\checkpoints\best.pt,ppo,19000,C:\Users\erich\Documents\AFRL\Algebraic-Connectivity-Optimization-CDC2026\lite_trials\lite_config.yaml,full,48,0.927844588344,3,1050,1050,0.9278445883441259,1003,0.9634709276951391,46.24660452936668,1.6075049000000945,1.6075049000000945,1.6075049000000945,path,path,path,47,0.0,0.0,False,,,False,1,path,64,4,RL+Path,3
best,C:\Users\erich\Documents\AFRL\Algebraic-Connectivity-Optimization-CDC2026\lite_trials\sweep\lambda2_only\checkpoints\best.pt,ppo,19000,C:\Users\erich\Documents\AFRL\Algebraic-Connectivity-Optimization-CDC2026\lite_trials\lite_config.yaml,full,48,0.927844588344,4,1050,1050,0.9278445883441259,1003,0.9634709276951391,46.24660452936668,1.6301481000000422,1.6301481000000422,1.6301481000000422,path,path,path,47,0.0,0.0,False,,,False,1,path,64,4,RL+Path,4
best,C:\Users\erich\Documents\AFRL\Algebraic-Connectivity-Optimization-CDC2026\lite_trials\sweep\lambda2_only\checkpoints\best.pt,ppo,19000,C:\Users\erich\Documents\AFRL\Algebraic-Connectivity-Optimization-CDC2026\lite_trials\lite_config.yaml,full,48,0.99907493062,0,1127,1127,0.9990749306197965,1080,1.0000000000000004,48.00000000000002,1.702319200000602,1.702319200000602,1.702319200000602,path,path,path,47,0.0,0.0,False,,,False,1,path,64,4,RL+Path,0
best,C:\Users\erich\Documents\AFRL\Algebraic-Connectivity-Optimization-CDC2026\lite_trials\sweep\lambda2_only\checkpoints\best.pt,ppo,19000,C:\Users\erich\Documents\AFRL\Algebraic-Connectivity-Optimization-CDC2026\lite_trials\lite_config.yaml,full,48,0.99907493062,1,1127,1127,0.9990749306197965,1080,1.0000000000000004,48.00000000000002,1.7102253000002747,1.7102253000002747,1.7102253000002747,path,path,path,47,0.0,0.0,False,,,False,1,path,64,4,RL+Path,1
best,C:\Users\erich\Documents\AFRL\Algebraic-Connectivity-Optimization-CDC2026\lite_trials\sweep\lambda2_only\checkpoints\best.pt,ppo,19000,C:\Users\erich\Documents\AFRL\Algebraic-Connectivity-Optimization-CDC2026\lite_trials\lite_config.yaml,full,48,0.99907493062,2,1127,1127,0.9990749306197965,1080,1.0000000000000004,48.00000000000002,1.7388369000000239,1.7388369000000239,1.7388369000000239,path,path,path,47,0.0,0.0,False,,,False,1,path,64,4,RL+Path,2
best,C:\Users\erich\Documents\AFRL\Algebraic-Connectivity-Optimization-CDC2026\lite_trials\sweep\lambda2_only\checkpoints\best.pt,ppo,19000,C:\Users\erich\Documents\AFRL\Algebraic-Connectivity-Optimization-CDC2026\lite_trials\lite_config.yaml,full,48,0.99907493062,3,1127,1127,0.9990749306197965,1080,1.0000000000000004,48.00000000000002,1.711340900000323,1.711340900000323,1.711340900000323,path,path,path,47,0.0,0.0,False,,,False,1,path,64,4,RL+Path,3
best,C:\Users\erich\Documents\AFRL\Algebraic-Connectivity-Optimization-CDC2026\lite_trials\sweep\lambda2_only\checkpoints\best.pt,ppo,19000,C:\Users\erich\Documents\AFRL\Algebraic-Connectivity-Optimization-CDC2026\lite_trials\lite_config.yaml,full,48,0.99907493062,4,1127,1127,0.9990749306197965,1080,1.0000000000000004,48.00000000000002,1.8012856999994256,1.8012856999994256,1.8012856999994256,path,path,path,47,0.0,0.0,False,,,False,1,path,64,4,RL+Path,4
best,C:\Users\erich\Documents\AFRL\Algebraic-Connectivity-Optimization-CDC2026\lite_trials\sweep\lambda2_only\checkpoints\best.pt,ppo,19000,C:\Users\erich\Documents\AFRL\Algebraic-Connectivity-Optimization-CDC2026\lite_trials\lite_config.yaml,full,48,0.00092506938,0,48,48,0.0009250693802035153,1,0.020833333333333277,0.9999999999999973,0.004603500000484928,0.004603500000484928,0.0050943000005645445,backbone,envelope_only,envelope,47,1.0,0.0004908000000796164,False,,,False,1,envelope,64,4,RL+Backbone,0
best,C:\Users\erich\Documents\AFRL\Algebraic-Connectivity-Optimization-CDC2026\lite_trials\sweep\lambda2_only\checkpoints\best.pt,ppo,19000,C:\Users\erich\Documents\AFRL\Algebraic-Connectivity-Optimization-CDC2026\lite_trials\lite_config.yaml,full,48,0.00092506938,1,48,48,0.0009250693802035153,1,0.020833333333333277,0.9999999999999973,0.0012901999998575775,0.0012901999998575775,0.0014486000000033528,backbone,envelope_only,envelope,47,1.0,0.00015840000014577527,False,,,False,1,envelope,64,4,RL+Backbone,1
best,C:\Users\erich\Documents\AFRL\Algebraic-Connectivity-Optimization-CDC2026\lite_trials\sweep\lambda2_only\checkpoints\best.pt,ppo,19000,C:\Users\erich\Documents\AFRL\Algebraic-Connectivity-Optimization-CDC2026\lite_trials\lite_config.yaml,full,48,0.00092506938,2,48,48,0.0009250693802035153,1,0.020833333333333277,0.9999999999999973,0.0011853000005430658,0.0011853000005430658,0.0013052000003881403,backbone,envelope_only,envelope,47,1.0,0.00011989999984507449,False,,,False,1,envelope,64,4,RL+Backbone,2
best,C:\Users\erich\Documents\AFRL\Algebraic-Connectivity-Optimization-CDC2026\lite_trials\sweep\lambda2_only\checkpoints\best.pt,ppo,19000,C:\Users\erich\Documents\AFRL\Algebraic-Connectivity-Optimization-CDC2026\lite_trials\lite_config.yaml,full,48,0.00092506938,3,48,48,0.0009250693802035153,1,0.020833333333333277,0.9999999999999973,0.0016482000000905828,0.0016482000000905828,0.0017821000001276843,backbone,envelope_only,envelope,47,1.0,0.00013390000003710156,False,,,False,1,envelope,64,4,RL+Backbone,3
best,C:\Users\erich\Documents\AFRL\Algebraic-Connectivity-Optimization-CDC2026\lite_trials\sweep\lambda2_only\checkpoints\best.pt,ppo,19000,C:\Users\erich\Documents\AFRL\Algebraic-Connectivity-Optimization-CDC2026\lite_trials\lite_config.yaml,full,48,0.00092506938,4,48,48,0.0009250693802035153,1,0.020833333333333277,0.9999999999999973,0.0017017000000123517,0.0017017000000123517,0.0018505999996705214,backbone,envelope_only,envelope,47,1.0,0.0001488999996581697,False,,,False,1,envelope,64,4,RL+Backbone,4
best,C:\Users\erich\Documents\AFRL\Algebraic-Connectivity-Optimization-CDC2026\lite_trials\sweep\lambda2_only\checkpoints\best.pt,ppo,19000,C:\Users\erich\Documents\AFRL\Algebraic-Connectivity-Optimization-CDC2026\lite_trials\lite_config.yaml,full,48,0.072155411656,0,125,125,0.07215541165587419,5,0.08165497838659401,3.9194389625565123,0.03791279999950348,0.03791279999950348,0.0380697999989934,backbone,both,cayley,120,2.7639320225002084,0.030106899999736925,False,2,,True,2,"cayley,envelope",64,4,RL+Backbone,0
best,C:\Users\erich\Documents\AFRL\Algebraic-Connectivity-Optimization-CDC2026\lite_trials\sweep\lambda2_only\checkpoints\best.pt,ppo,19000,C:\Users\erich\Documents\AFRL\Algebraic-Connectivity-Optimization-CDC2026\lite_trials\lite_config.yaml,full,48,0.072155411656,1,125,125,0.07215541165587419,5,0.07592500922386013,3.644400442745286,0.035404400000516034,0.035404400000516034,0.03557020000062039,backbone,both,cayley,120,2.7639320225002075,0.02947330000006332,False,2,,True,2,"cayley,envelope",64,4,RL+Backbone,1
best,C:\Users\erich\Documents\AFRL\Algebraic-Connectivity-Optimization-CDC2026\lite_trials\sweep\lambda2_only\checkpoints\best.pt,ppo,19000,C:\Users\erich\Documents\AFRL\Algebraic-Connectivity-Optimization-CDC2026\lite_trials\lite_config.yaml,full,48,0.072155411656,2,125,125,0.07215541165587419,5,0.08403634947464496,4.033744774782958,0.03568020000057004,0.03568020000057004,0.03636929999993299,backbone,both,cayley,120,2.7639320225002053,0.030082400000537746,False,2,,True,2,"cayley,envelope",64,4,RL+Backbone,2
best,C:\Users\erich\Documents\AFRL\Algebraic-Connectivity-Optimization-CDC2026\lite_trials\sweep\lambda2_only\checkpoints\best.pt,ppo,19000,C:\Users\erich\Documents\AFRL\Algebraic-Connectivity-Optimization-CDC2026\lite_trials\lite_config.yaml,full,48,0.072155411656,3,125,125,0.07215541165587419,5,0.0697354537995954,3.3473017823805797,0.036252500000045984,0.036252500000045984,0.036396399999830464,backbone,both,cayley,120,2.405380411781164,0.02930819999983214,False,2,,True,2,"cayley,envelope",64,4,RL+Backbone,3
best,C:\Users\erich\Documents\AFRL\Algebraic-Connectivity-Optimization-CDC2026\lite_trials\sweep\lambda2_only\checkpoints\best.pt,ppo,19000,C:\Users\erich\Documents\AFRL\Algebraic-Connectivity-Optimization-CDC2026\lite_trials\lite_config.yaml,full,48,0.072155411656,4,125,125,0.07215541165587419,5,0.07120799999426793,3.4179839997248607,0.03626720000011119,0.03626720000011119,0.03652940000029048,backbone,both,cayley,120,2.4053804117811626,0.029773500000374042,False,2,,True,2,"cayley,envelope",64,4,RL+Backbone,4
best,C:\Users\erich\Documents\AFRL\Algebraic-Connectivity-Optimization-CDC2026\lite_trials\sweep\lambda2_only\checkpoints\best.pt,ppo,19000,C:\Users\erich\Documents\AFRL\Algebraic-Connectivity-Optimization-CDC2026\lite_trials\lite_config.yaml,full,48,0.143385753932,0,202,202,0.14338575393154487,10,0.13349221226740077,6.407626188835237,0.012722699999358156,0.012722699999358156,0.04540349999933824,backbone,cayley_only,cayley,192,5.039032761414107,0.03268079999998008,False,2,,False,1,cayley,64,4,RL+Backbone,0
best,C:\Users\erich\Documents\AFRL\Algebraic-Connectivity-Optimization-CDC2026\lite_trials\sweep\lambda2_only\checkpoints\best.pt,ppo,19000,C:\Users\erich\Documents\AFRL\Algebraic-Connectivity-Optimization-CDC2026\lite_trials\lite_config.yaml,full,48,0.143385753932,1,202,202,0.14338575393154487,10,0.1495359525709637,7.177725723406257,0.011872199999743316,0.011872199999743316,0.04276959999970131,backbone,cayley_only,cayley,192,5.028733077499398,0.030897399999957997,False,2,,False,1,cayley,64,4,RL+Backbone,1
best,C:\Users\erich\Documents\AFRL\Algebraic-Connectivity-Optimization-CDC2026\lite_trials\sweep\lambda2_only\checkpoints\best.pt,ppo,19000,C:\Users\erich\Documents\AFRL\Algebraic-Connectivity-Optimization-CDC2026\lite_trials\lite_config.yaml,full,48,0.143385753932,2,202,202,0.14338575393154487,10,0.12760416666666674,6.1250000000000036,0.011799900000369234,0.011799900000369234,0.04261490000044432,backbone,cayley_only,cayley,192,4.999999999999999,0.030815000000075088,False,2,,False,1,cayley,64,4,RL+Backbone,2
best,C:\Users\erich\Documents\AFRL\Algebraic-Connectivity-Optimization-CDC2026\lite_trials\sweep\lambda2_only\checkpoints\best.pt,ppo,19000,C:\Users\erich\Documents\AFRL\Algebraic-Connectivity-Optimization-CDC2026\lite_trials\lite_config.yaml,full,48,0.143385753932,3,202,202,0.14338575393154487,10,0.12760416666666688,6.125000000000011,0.013049600000158534,0.013049600000158534,0.04404380000050878,backbone,cayley_only,cayley,192,4.999999999999999,0.030994200000350247,False,2,,False,1,cayley,64,4,RL+Backbone,3
best,C:\Users\erich\Documents\AFRL\Algebraic-Connectivity-Optimization-CDC2026\lite_trials\sweep\lambda2_only\checkpoints\best.pt,ppo,19000,C:\Users\erich\Documents\AFRL\Algebraic-Connectivity-Optimization-CDC2026\lite_trials\lite_config.yaml,full,48,0.143385753932,4,202,202,0.14338575393154487,10,0.1334922122674007,6.407626188835234,0.011651900000288151,0.011651900000288151,0.042800500000339525,backbone,cayley_only,cayley,192,5.039032761414109,0.031148600000051374,False,2,,False,1,cayley,64,4,RL+Backbone,4
best,C:\Users\erich\Documents\AFRL\Algebraic-Connectivity-Optimization-CDC2026\lite_trials\sweep\lambda2_only\checkpoints\best.pt,ppo,19000,C:\Users\erich\Documents\AFRL\Algebraic-Connectivity-Optimization-CDC2026\lite_trials\lite_config.yaml,full,48,0.214616096207,0,279,279,0.21461609620721553,15,0.19866250316813552,9.535800152070506,0.01995439999973314,0.01995439999973314,0.05289400000037858,backbone,cayley_only,cayley,264,7.7186394608365605,0.03293960000064544,False,2,,False,1,cayley,64,4,RL+Backbone,0
best,C:\Users\erich\Documents\AFRL\Algebraic-Connectivity-Optimization-CDC2026\lite_trials\sweep\lambda2_only\checkpoints\best.pt,ppo,19000,C:\Users\erich\Documents\AFRL\Algebraic-Connectivity-Optimization-CDC2026\lite_trials\lite_config.yaml,full,48,0.214616096207,1,279,279,0.21461609620721553,15,0.21455895704881967,10.298829938343344,0.02013820000047417,0.02013820000047417,0.05139060000055906,backbone,cayley_only,cayley,264,7.925997764674983,0.03125240000008489,False,2,,False,1,cayley,64,4,RL+Backbone,1
best,C:\Users\erich\Documents\AFRL\Algebraic-Connectivity-Optimization-CDC2026\lite_trials\sweep\lambda2_only\checkpoints\best.pt,ppo,19000,C:\Users\erich\Documents\AFRL\Algebraic-Connectivity-Optimization-CDC2026\lite_trials\lite_config.yaml,full,48,0.214616096207,2,279,279,0.21461609620721553,15,0.21341249998646994,10.243799999350557,0.019492800000080024,0.019492800000080024,0.05268340000020544,backbone,cayley_only,cayley,264,7.837722339831611,0.033190600000125414,False,2,,False,1,cayley,64,4,RL+Backbone,2
best,C:\Users\erich\Documents\AFRL\Algebraic-Connectivity-Optimization-CDC2026\lite_trials\sweep\lambda2_only\checkpoints\best.pt,ppo,19000,C:\Users\erich\Documents\AFRL\Algebraic-Connectivity-Optimization-CDC2026\lite_trials\lite_config.yaml,full,48,0.214616096207,3,279,279,0.21461609620721553,15,0.21535250028468125,10.3369200136647,0.018269900000632333,0.018269900000632333,0.050084300000889925,backbone,cayley_only,cayley,264,7.9999999999999964,0.03181440000025759,False,2,,False,1,cayley,64,4,RL+Backbone,3
best,C:\Users\erich\Documents\AFRL\Algebraic-Connectivity-Optimization-CDC2026\lite_trials\sweep\lambda2_only\checkpoints\best.pt,ppo,19000,C:\Users\erich\Documents\AFRL\Algebraic-Connectivity-Optimization-CDC2026\lite_trials\lite_config.yaml,full,48,0.214616096207,4,279,279,0.21461609620721553,15,0.20302730180800177,9.745310486784085,0.01964459999999235,0.01964459999999235,0.051085900000543916,backbone,cayley_only,cayley,264,7.85702128904587,0.031441300000551564,False,2,,False,1,cayley,64,4,RL+Backbone,4
best,C:\Users\erich\Documents\AFRL\Algebraic-Connectivity-Optimization-CDC2026\lite_trials\sweep\lambda2_only\checkpoints\best.pt,ppo,19000,C:\Users\erich\Documents\AFRL\Algebraic-Connectivity-Optimization-CDC2026\lite_trials\lite_config.yaml,full,48,0.285846438483,0,356,356,0.2858464384828862,20,0.30659303284574263,14.716465576595645,0.026607499999954598,0.026607499999954598,0.06249039999966044,backbone,cayley_only,cayley,336,10.999999999999998,0.03588289999970584,False,2,,False,1,cayley,64,4,RL+Backbone,0
best,C:\Users\erich\Documents\AFRL\Algebraic-Connectivity-Optimization-CDC2026\lite_trials\sweep\lambda2_only\checkpoints\best.pt,ppo,19000,C:\Users\erich\Documents\AFRL\Algebraic-Connectivity-Optimization-CDC2026\lite_trials\lite_config.yaml,full,48,0.285846438483,1,356,356,0.2858464384828862,20,0.2855724253620473,13.70747641737827,0.03014450000046054,0.03014450000046054,0.0633895000009943,backbone,cayley_only,cayley,336,10.999999999999995,0.033245000000533764,False,2,,False,1,cayley,64,4,RL+Backbone,1
best,C:\Users\erich\Documents\AFRL\Algebraic-Connectivity-Optimization-CDC2026\lite_trials\sweep\lambda2_only\checkpoints\best.pt,ppo,19000,C:\Users\erich\Documents\AFRL\Algebraic-Connectivity-Optimization-CDC2026\lite_trials\lite_config.yaml,full,48,0.285846438483,2,356,356,0.2858464384828862,20,0.27792845135188354,13.34056566489041,0.028027800000018033,0.028027800000018033,0.060885299999426934,backbone,cayley_only,cayley,336,10.765173634468493,0.0328574999994089,False,2,,False,1,cayley,64,4,RL+Backbone,2
best,C:\Users\erich\Documents\AFRL\Algebraic-Connectivity-Optimization-CDC2026\lite_trials\sweep\lambda2_only\checkpoints\best.pt,ppo,19000,C:\Users\erich\Documents\AFRL\Algebraic-Connectivity-Optimization-CDC2026\lite_trials\lite_config.yaml,full,48,0.285846438483,3,356,356,0.2858464384828862,20,0.23958333333333323,11.499999999999995,0.027602199999819277,0.027602199999819277,0.06287519999932556,backbone,cayley_only,cayley,336,11.0,0.03527299999950628,False,2,,False,1,cayley,64,4,RL+Backbone,3
best,C:\Users\erich\Documents\AFRL\Algebraic-Connectivity-Optimization-CDC2026\lite_trials\sweep\lambda2_only\checkpoints\best.pt,ppo,19000,C:\Users\erich\Documents\AFRL\Algebraic-Connectivity-Optimization-CDC2026\lite_trials\lite_config.yaml,full,48,0.285846438483,4,356,356,0.2858464384828862,20,0.2762981127675677,13.262309412843251,0.02675479999925301,0.02675479999925301,0.06017269999938435,backbone,cayley_only,cayley,336,10.880376495862219,0.03341790000013134,False,2,,False,1,cayley,64,4,RL+Backbone,4
best,C:\Users\erich\Documents\AFRL\Algebraic-Connectivity-Optimization-CDC2026\lite_trials\sweep\lambda2_only\checkpoints\best.pt,ppo,19000,C:\Users\erich\Documents\AFRL\Algebraic-Connectivity-Optimization-CDC2026\lite_trials\lite_config.yaml,full,48,0.357076780759,0,433,433,0.35707678075855687,1,0.3193072963136245,15.326750223053974,0.0020697999998446903,0.0020697999998446903,0.0354933999997229,backbone,cayley_only,cayley,432,15.326750223053972,0.033423599999878206,False,2,,False,1,cayley,64,4,RL+Backbone,0
best,C:\Users\erich\Documents\AFRL\Algebraic-Connectivity-Optimization-CDC2026\lite_trials\sweep\lambda2_only\checkpoints\best.pt,ppo,19000,C:\Users\erich\Documents\AFRL\Algebraic-Connectivity-Optimization-CDC2026\lite_trials\lite_config.yaml,full,48,0.357076780759,1,433,433,0.35707678075855687,1,0.3193072963136245,15.326750223053974,0.0019367999993846752,0.0019367999993846752,0.03473239999948419,backbone,cayley_only,cayley,432,15.326750223053978,0.03279560000009951,False,2,,False,1,cayley,64,4,RL+Backbone,1
best,C:\Users\erich\Documents\AFRL\Algebraic-Connectivity-Optimization-CDC2026\lite_trials\sweep\lambda2_only\checkpoints\best.pt,ppo,19000,C:\Users\erich\Documents\AFRL\Algebraic-Connectivity-Optimization-CDC2026\lite_trials\lite_config.yaml,full,48,0.357076780759,2,433,433,0.35707678075855687,1,0.3160744349011207,15.171572875253794,0.0018302999997104052,0.0018302999997104052,0.03703949999908218,backbone,cayley_only,cayley,432,15.171572875253807,0.035209199999371776,False,2,,False,1,cayley,64,4,RL+Backbone,2
best,C:\Users\erich\Documents\AFRL\Algebraic-Connectivity-Optimization-CDC2026\lite_trials\sweep\lambda2_only\checkpoints\best.pt,ppo,19000,C:\Users\erich\Documents\AFRL\Algebraic-Connectivity-Optimization-CDC2026\lite_trials\lite_config.yaml,full,48,0.357076780759,3,433,433,0.35707678075855687,1,0.3193072963136244,15.326750223053972,0.0019096999994872021,0.0019096999994872021,0.0377383999993981,backbone,cayley_only,cayley,432,15.326750223053978,0.035828699999910896,False,2,,False,1,cayley,64,4,RL+Backbone,3
best,C:\Users\erich\Documents\AFRL\Algebraic-Connectivity-Optimization-CDC2026\lite_trials\sweep\lambda2_only\checkpoints\best.pt,ppo,19000,C:\Users\erich\Documents\AFRL\Algebraic-Connectivity-Optimization-CDC2026\lite_trials\lite_config.yaml,full,48,0.357076780759,4,433,433,0.35707678075855687,1,0.31930729631362437,15.32675022305397,0.001999000000068918,0.001999000000068918,0.035108000000036554,backbone,cayley_only,cayley,432,15.326750223053972,0.03310899999996764,False,2,,False,1,cayley,64,4,RL+Backbone,4
best,C:\Users\erich\Documents\AFRL\Algebraic-Connectivity-Optimization-CDC2026\lite_trials\sweep\lambda2_only\checkpoints\best.pt,ppo,19000,C:\Users\erich\Documents\AFRL\Algebraic-Connectivity-Optimization-CDC2026\lite_trials\lite_config.yaml,full,48,0.428307123034,0,510,510,0.4283071230342276,6,0.4072252458658863,19.546811801562544,0.010209500000200933,0.010209500000200933,0.042655399999603105,backbone,cayley_only,cayley,504,18.460415438938252,0.03244589999940217,False,2,,False,1,cayley,64,4,RL+Backbone,0
best,C:\Users\erich\Documents\AFRL\Algebraic-Connectivity-Optimization-CDC2026\lite_trials\sweep\lambda2_only\checkpoints\best.pt,ppo,19000,C:\Users\erich\Documents\AFRL\Algebraic-Connectivity-Optimization-CDC2026\lite_trials\lite_config.yaml,full,48,0.428307123034,1,510,510,0.4283071230342276,6,0.4078404776796835,19.576342928624808,0.009499299999333743,0.009499299999333743,0.03987710000001243,backbone,cayley_only,cayley,504,18.460415438938256,0.03037780000067869,False,2,,False,1,cayley,64,4,RL+Backbone,1
best,C:\Users\erich\Documents\AFRL\Algebraic-Connectivity-Optimization-CDC2026\lite_trials\sweep\lambda2_only\checkpoints\best.pt,ppo,19000,C:\Users\erich\Documents\AFRL\Algebraic-Connectivity-Optimization-CDC2026\lite_trials\lite_config.yaml,full,48,0.428307123034,2,510,510,0.4283071230342276,6,0.4095609860481973,19.65892733031347,0.009794000000511005,0.009794000000511005,0.0392295000001468,backbone,cayley_only,cayley,504,18.460415438938256,0.029435499999635795,False,2,,False,1,cayley,64,4,RL+Backbone,2
best,C:\Users\erich\Documents\AFRL\Algebraic-Connectivity-Optimization-CDC2026\lite_trials\sweep\lambda2_only\checkpoints\best.pt,ppo,19000,C:\Users\erich\Documents\AFRL\Algebraic-Connectivity-Optimization-CDC2026\lite_trials\lite_config.yaml,full,48,0.428307123034,3,510,510,0.4283071230342276,6,0.4085813602113688,19.611905290145703,0.009641399999964051,0.009641399999964051,0.04220600000007835,backbone,cayley_only,cayley,504,18.460415438938252,0.0325646000001143,False,2,,False,1,cayley,64,4,RL+Backbone,3
best,C:\Users\erich\Documents\AFRL\Algebraic-Connectivity-Optimization-CDC2026\lite_trials\sweep\lambda2_only\checkpoints\best.pt,ppo,19000,C:\Users\erich\Documents\AFRL\Algebraic-Connectivity-Optimization-CDC2026\lite_trials\lite_config.yaml,full,48,0.428307123034,4,510,510,0.4283071230342276,6,0.4085813602113688,19.611905290145703,0.009847199999967415,0.009847199999967415,0.039933499999278865,backbone,cayley_only,cayley,504,18.460415438938252,0.03008629999931145,False,2,,False,1,cayley,64,4,RL+Backbone,4
best,C:\Users\erich\Documents\AFRL\Algebraic-Connectivity-Optimization-CDC2026\lite_trials\sweep\lambda2_only\checkpoints\best.pt,ppo,19000,C:\Users\erich\Documents\AFRL\Algebraic-Connectivity-Optimization-CDC2026\lite_trials\lite_config.yaml,full,48,0.50046253469,0,588,588,0.5004625346901017,12,0.5060340150007315,24.289632720035115,0.02015060000030644,0.02015060000030644,0.024675399999978254,backbone,both,envelope,576,24.0,0.004873800000495976,False,,,True,2,"cayley,envelope",64,4,RL+Backbone,0
best,C:\Users\erich\Documents\AFRL\Algebraic-Connectivity-Optimization-CDC2026\lite_trials\sweep\lambda2_only\checkpoints\best.pt,ppo,19000,C:\Users\erich\Documents\AFRL\Algebraic-Connectivity-Optimization-CDC2026\lite_trials\lite_config.yaml,full,48,0.50046253469,1,588,588,0.5004625346901017,12,0.5060340150007315,24.289632720035115,0.019643900000119174,0.019643900000119174,0.024418100000730192,backbone,both,envelope,576,24.0,0.0047742000006110175,False,,,True,2,"cayley,envelope",64,4,RL+Backbone,1
best,C:\Users\erich\Documents\AFRL\Algebraic-Connectivity-Optimization-CDC2026\lite_trials\sweep\lambda2_only\checkpoints\best.pt,ppo,19000,C:\Users\erich\Documents\AFRL\Algebraic-Connectivity-Optimization-CDC2026\lite_trials\lite_config.yaml,full,48,0.50046253469,2,588,588,0.5004625346901017,12,0.5060340150007315,24.289632720035115,0.023195200000373006,0.023195200000373006,0.02822400000059133,backbone,both,envelope,576,24.0,0.005028800000218325,False,,,True,2,"cayley,envelope",64,4,RL+Backbone,2
best,C:\Users\erich\Documents\AFRL\Algebraic-Connectivity-Optimization-CDC2026\lite_trials\sweep\lambda2_only\checkpoints\best.pt,ppo,19000,C:\Users\erich\Documents\AFRL\Algebraic-Connectivity-Optimization-CDC2026\lite_trials\lite_config.yaml,full,48,0.50046253469,3,588,588,0.5004625346901017,12,0.5060340150007315,24.289632720035115,0.018986100000802253,0.018986100000802253,0.02364200000101846,backbone,both,envelope,576,24.0,0.0046559000002162065,False,,,True,2,"cayley,envelope",64,4,RL+Backbone,3
best,C:\Users\erich\Documents\AFRL\Algebraic-Connectivity-Optimization-CDC2026\lite_trials\sweep\lambda2_only\checkpoints\best.pt,ppo,19000,C:\Users\erich\Documents\AFRL\Algebraic-Connectivity-Optimization-CDC2026\lite_trials\lite_config.yaml,full,48,0.50046253469,4,588,588,0.5004625346901017,12,0.5060340150007315,24.289632720035115,0.019398999999793887,0.019398999999793887,0.024200699999710196,backbone,both,envelope,576,24.0,0.004855600000155391,False,,,True,2,"cayley,envelope",64,4,RL+Backbone,4
best,C:\Users\erich\Documents\AFRL\Algebraic-Connectivity-Optimization-CDC2026\lite_trials\sweep\lambda2_only\checkpoints\best.pt,ppo,19000,C:\Users\erich\Documents\AFRL\Algebraic-Connectivity-Optimization-CDC2026\lite_trials\lite_config.yaml,full,48,0.571692876966,0,665,665,0.5716928769657724,17,0.5969142810796756,28.65188549182443,0.028473899999880814,0.028473899999880814,0.06247689999963768,backbone,both,cayley,648,24.267949192431107,0.03400299999975687,False,2,,True,2,"cayley,envelope",64,4,RL+Backbone,0
best,C:\Users\erich\Documents\AFRL\Algebraic-Connectivity-Optimization-CDC2026\lite_trials\sweep\lambda2_only\checkpoints\best.pt,ppo,19000,C:\Users\erich\Documents\AFRL\Algebraic-Connectivity-Optimization-CDC2026\lite_trials\lite_config.yaml,full,48,0.571692876966,1,665,665,0.5716928769657724,17,0.5969142810796756,28.65188549182443,0.026763599999867438,0.026763599999867438,0.05587699999978213,backbone,both,cayley,648,24.267949192431107,0.02911339999991469,False,2,,True,2,"cayley,envelope",64,4,RL+Backbone,1
best,C:\Users\erich\Documents\AFRL\Algebraic-Connectivity-Optimization-CDC2026\lite_trials\sweep\lambda2_only\checkpoints\best.pt,ppo,19000,C:\Users\erich\Documents\AFRL\Algebraic-Connectivity-Optimization-CDC2026\lite_trials\lite_config.yaml,full,48,0.571692876966,2,665,665,0.5716928769657724,17,0.5969142810796756,28.65188549182443,0.030405100000280072,0.030405100000280072,0.06114369999977498,backbone,both,cayley,648,24.267949192431107,0.03073859999949491,False,2,,True,2,"cayley,envelope",64,4,RL+Backbone,2
best,C:\Users\erich\Documents\AFRL\Algebraic-Connectivity-Optimization-CDC2026\lite_trials\sweep\lambda2_only\checkpoints\best.pt,ppo,19000,C:\Users\erich\Documents\AFRL\Algebraic-Connectivity-Optimization-CDC2026\lite_trials\lite_config.yaml,full,48,0.571692876966,3,665,665,0.5716928769657724,17,0.5969142810796756,28.65188549182443,0.02807790000042587,0.02807790000042587,0.057995000000119035,backbone,both,cayley,648,24.267949192431107,0.029917099999693164,False,2,,True,2,"cayley,envelope",64,4,RL+Backbone,3
best,C:\Users\erich\Documents\AFRL\Algebraic-Connectivity-Optimization-CDC2026\lite_trials\sweep\lambda2_only\checkpoints\best.pt,ppo,19000,C:\Users\erich\Documents\AFRL\Algebraic-Connectivity-Optimization-CDC2026\lite_trials\lite_config.yaml,full,48,0.571692876966,4,665,665,0.5716928769657724,17,0.5969142810796756,28.65188549182443,0.029204200000094716,0.029204200000094716,0.0591485000004468,backbone,both,cayley,648,24.267949192431107,0.029944300000352086,False,2,,True,2,"cayley,envelope",64,4,RL+Backbone,4
best,C:\Users\erich\Documents\AFRL\Algebraic-Connectivity-Optimization-CDC2026\lite_trials\sweep\lambda2_only\checkpoints\best.pt,ppo,19000,C:\Users\erich\Documents\AFRL\Algebraic-Connectivity-Optimization-CDC2026\lite_trials\lite_config.yaml,full,48,0.642923219241,0,742,742,0.6429232192414431,22,0.6391153075064578,30.677534760309975,0.03870069999993575,0.03870069999993575,0.04354640000019572,backbone,both,cayley,720,28.999999999999947,0.004845700000259967,False,3,,True,2,"cayley,envelope",64,4,RL+Backbone,0
best,C:\Users\erich\Documents\AFRL\Algebraic-Connectivity-Optimization-CDC2026\lite_trials\sweep\lambda2_only\checkpoints\best.pt,ppo,19000,C:\Users\erich\Documents\AFRL\Algebraic-Connectivity-Optimization-CDC2026\lite_trials\lite_config.yaml,full,48,0.642923219241,1,742,742,0.6429232192414431,22,0.6391153075064578,30.677534760309975,0.041449399999692105,0.041449399999692105,0.04646299999967596,backbone,both,cayley,720,28.999999999999947,0.005013599999983853,False,3,,True,2,"cayley,envelope",64,4,RL+Backbone,1
best,C:\Users\erich\Documents\AFRL\Algebraic-Connectivity-Optimization-CDC2026\lite_trials\sweep\lambda2_only\checkpoints\best.pt,ppo,19000,C:\Users\erich\Documents\AFRL\Algebraic-Connectivity-Optimization-CDC2026\lite_trials\lite_config.yaml,full,48,0.642923219241,2,742,742,0.6429232192414431,22,0.6391153075064578,30.677534760309975,0.03923239999949146,0.03923239999949146,0.044282499999098945,backbone,both,cayley,720,28.999999999999947,0.0050500999996074825,False,3,,True,2,"cayley,envelope",64,4,RL+Backbone,2
best,C:\Users\erich\Documents\AFRL\Algebraic-Connectivity-Optimization-CDC2026\lite_trials\sweep\lambda2_only\checkpoints\best.pt,ppo,19000,C:\Users\erich\Documents\AFRL\Algebraic-Connectivity-Optimization-CDC2026\lite_trials\lite_config.yaml,full,48,0.642923219241,3,742,742,0.6429232192414431,22,0.6391153075064578,30.677534760309975,0.03777209999952902,0.03777209999952902,0.04398179999952845,backbone,both,cayley,720,28.999999999999947,0.0062096999999994296,False,3,,True,2,"cayley,envelope",64,4,RL+Backbone,3
best,C:\Users\erich\Documents\AFRL\Algebraic-Connectivity-Optimization-CDC2026\lite_trials\sweep\lambda2_only\checkpoints\best.pt,ppo,19000,C:\Users\erich\Documents\AFRL\Algebraic-Connectivity-Optimization-CDC2026\lite_trials\lite_config.yaml,full,48,0.642923219241,4,742,742,0.6429232192414431,22,0.6391153075064578,30.677534760309975,0.038834899999528716,0.038834899999528716,0.04379189999963273,backbone,both,cayley,720,28.999999999999947,0.004957000000104017,False,3,,True,2,"cayley,envelope",64,4,RL+Backbone,4
best,C:\Users\erich\Documents\AFRL\Algebraic-Connectivity-Optimization-CDC2026\lite_trials\sweep\lambda2_only\checkpoints\best.pt,ppo,19000,C:\Users\erich\Documents\AFRL\Algebraic-Connectivity-Optimization-CDC2026\lite_trials\lite_config.yaml,full,48,0.714153561517,0,819,819,0.7141535615171137,9,0.7195994556981864,34.54077387351295,0.016160799999852316,0.016160799999852316,0.01713099999960832,backbone,both,envelope,810,33.0,0.005632100000184437,False,,,True,2,"cayley,envelope",64,4,RL+Backbone,0
best,C:\Users\erich\Documents\AFRL\Algebraic-Connectivity-Optimization-CDC2026\lite_trials\sweep\lambda2_only\checkpoints\best.pt,ppo,19000,C:\Users\erich\Documents\AFRL\Algebraic-Connectivity-Optimization-CDC2026\lite_trials\lite_config.yaml,full,48,0.714153561517,1,819,819,0.7141535615171137,9,0.7195994556981864,34.54077387351295,0.01569550000021991,0.01569550000021991,0.016318699999828823,backbone,both,envelope,810,33.0,0.005319099999724131,False,,,True,2,"cayley,envelope",64,4,RL+Backbone,1
best,C:\Users\erich\Documents\AFRL\Algebraic-Connectivity-Optimization-CDC2026\lite_trials\sweep\lambda2_only\checkpoints\best.pt,ppo,19000,C:\Users\erich\Documents\AFRL\Algebraic-Connectivity-Optimization-CDC2026\lite_trials\lite_config.yaml,full,48,0.714153561517,2,819,819,0.7141535615171137,9,0.7195994556981864,34.54077387351295,0.016931099999965227,0.016931099999965227,0.017426800000066578,backbone,both,envelope,810,33.0,0.005329900000106136,False,,,True,2,"cayley,envelope",64,4,RL+Backbone,2
best,C:\Users\erich\Documents\AFRL\Algebraic-Connectivity-Optimization-CDC2026\lite_trials\sweep\lambda2_only\checkpoints\best.pt,ppo,19000,C:\Users\erich\Documents\AFRL\Algebraic-Connectivity-Optimization-CDC2026\lite_trials\lite_config.yaml,full,48,0.714153561517,3,819,819,0.7141535615171137,9,0.7195994556981864,34.54077387351295,0.016674999999850115,0.016674999999850115,0.017229899999620102,backbone,both,envelope,810,33.0,0.005854900000485941,False,,,True,2,"cayley,envelope",64,4,RL+Backbone,3
best,C:\Users\erich\Documents\AFRL\Algebraic-Connectivity-Optimization-CDC2026\lite_trials\sweep\lambda2_only\checkpoints\best.pt,ppo,19000,C:\Users\erich\Documents\AFRL\Algebraic-Connectivity-Optimization-CDC2026\lite_trials\lite_config.yaml,full,48,0.714153561517,4,819,819,0.7141535615171137,9,0.7195994556981864,34.54077387351295,0.017059599999811326,0.017059599999811326,0.01757119999911083,backbone,both,envelope,810,33.0,0.005382600000302773,False,,,True,2,"cayley,envelope",64,4,RL+Backbone,4
best,C:\Users\erich\Documents\AFRL\Algebraic-Connectivity-Optimization-CDC2026\lite_trials\sweep\lambda2_only\checkpoints\best.pt,ppo,19000,C:\Users\erich\Documents\AFRL\Algebraic-Connectivity-Optimization-CDC2026\lite_trials\lite_config.yaml,full,48,0.785383903793,0,896,896,0.7853839037927844,32,0.749999999999999,35.99999999999995,0.061317200000303274,0.061317200000303274,0.061897900000076334,backbone,envelope_only,envelope,864,36.0,0.00058069999977306,False,,,False,1,envelope,64,4,RL+Backbone,0
best,C:\Users\erich\Documents\AFRL\Algebraic-Connectivity-Optimization-CDC2026\lite_trials\sweep\lambda2_only\checkpoints\best.pt,ppo,19000,C:\Users\erich\Documents\AFRL\Algebraic-Connectivity-Optimization-CDC2026\lite_trials\lite_config.yaml,full,48,0.785383903793,1,896,896,0.7853839037927844,32,0.749999999999999,35.99999999999995,0.06143900000006397,0.06143900000006397,0.06202579999990121,backbone,envelope_only,envelope,864,36.0,0.0005867999998372397,False,,,False,1,envelope,64,4,RL+Backbone,1
best,C:\Users\erich\Documents\AFRL\Algebraic-Connectivity-Optimization-CDC2026\lite_trials\sweep\lambda2_only\checkpoints\best.pt,ppo,19000,C:\Users\erich\Documents\AFRL\Algebraic-Connectivity-Optimization-CDC2026\lite_trials\lite_config.yaml,full,48,0.785383903793,2,896,896,0.7853839037927844,32,0.749999999999999,35.99999999999995,0.06198290000065754,0.06198290000065754,0.06258470000102534,backbone,envelope_only,envelope,864,36.0,0.0006018000003678026,False,,,False,1,envelope,64,4,RL+Backbone,2
best,C:\Users\erich\Documents\AFRL\Algebraic-Connectivity-Optimization-CDC2026\lite_trials\sweep\lambda2_only\checkpoints\best.pt,ppo,19000,C:\Users\erich\Documents\AFRL\Algebraic-Connectivity-Optimization-CDC2026\lite_trials\lite_config.yaml,full,48,0.785383903793,3,896,896,0.7853839037927844,32,0.749999999999999,35.99999999999995,0.06136380000043573,0.06136380000043573,0.061964000000443775,backbone,envelope_only,envelope,864,36.0,0.0006002000000080443,False,,,False,1,envelope,64,4,RL+Backbone,3
best,C:\Users\erich\Documents\AFRL\Algebraic-Connectivity-Optimization-CDC2026\lite_trials\sweep\lambda2_only\checkpoints\best.pt,ppo,19000,C:\Users\erich\Documents\AFRL\Algebraic-Connectivity-Optimization-CDC2026\lite_trials\lite_config.yaml,full,48,0.785383903793,4,896,896,0.7853839037927844,32,0.749999999999999,35.99999999999995,0.062128300000040326,0.062128300000040326,0.06305259999953705,backbone,envelope_only,envelope,864,36.0,0.0009242999994967249,False,,,False,1,envelope,64,4,RL+Backbone,4
best,C:\Users\erich\Documents\AFRL\Algebraic-Connectivity-Optimization-CDC2026\lite_trials\sweep\lambda2_only\checkpoints\best.pt,ppo,19000,C:\Users\erich\Documents\AFRL\Algebraic-Connectivity-Optimization-CDC2026\lite_trials\lite_config.yaml,full,48,0.856614246068,0,973,973,0.8566142460684552,13,0.8668557820689983,41.60907753931192,0.03155680000054417,0.03155680000054417,0.03215840000029857,backbone,envelope_only,envelope,960,40.0,0.0006015999997543986,False,,,False,1,envelope,64,4,RL+Backbone,0
best,C:\Users\erich\Documents\AFRL\Algebraic-Connectivity-Optimization-CDC2026\lite_trials\sweep\lambda2_only\checkpoints\best.pt,ppo,19000,C:\Users\erich\Documents\AFRL\Algebraic-Connectivity-Optimization-CDC2026\lite_trials\lite_config.yaml,full,48,0.856614246068,1,973,973,0.8566142460684552,13,0.8668557820689983,41.60907753931192,0.02764480000041658,0.02764480000041658,0.028287400000408525,backbone,envelope_only,envelope,960,40.0,0.0006425999999919441,False,,,False,1,envelope,64,4,RL+Backbone,1
best,C:\Users\erich\Documents\AFRL\Algebraic-Connectivity-Optimization-CDC2026\lite_trials\sweep\lambda2_only\checkpoints\best.pt,ppo,19000,C:\Users\erich\Documents\AFRL\Algebraic-Connectivity-Optimization-CDC2026\lite_trials\lite_config.yaml,full,48,0.856614246068,2,973,973,0.8566142460684552,13,0.8668557820689983,41.60907753931192,0.026614999999765132,0.026614999999765132,0.027511299999787298,backbone,envelope_only,envelope,960,40.0,0.0008963000000221655,False,,,False,1,envelope,64,4,RL+Backbone,2
best,C:\Users\erich\Documents\AFRL\Algebraic-Connectivity-Optimization-CDC2026\lite_trials\sweep\lambda2_only\checkpoints\best.pt,ppo,19000,C:\Users\erich\Documents\AFRL\Algebraic-Connectivity-Optimization-CDC2026\lite_trials\lite_config.yaml,full,48,0.856614246068,3,973,973,0.8566142460684552,13,0.8668557820689983,41.60907753931192,0.024882200000320154,0.024882200000320154,0.025614000000132364,backbone,envelope_only,envelope,960,40.0,0.0007317999998122104,False,,,False,1,envelope,64,4,RL+Backbone,3
best,C:\Users\erich\Documents\AFRL\Algebraic-Connectivity-Optimization-CDC2026\lite_trials\sweep\lambda2_only\checkpoints\best.pt,ppo,19000,C:\Users\erich\Documents\AFRL\Algebraic-Connectivity-Optimization-CDC2026\lite_trials\lite_config.yaml,full,48,0.856614246068,4,973,973,0.8566142460684552,13,0.8668557820689983,41.60907753931192,0.02411489999940386,0.02411489999940386,0.02473039999949833,backbone,envelope_only,envelope,960,40.0,0.000615500000094471,False,,,False,1,envelope,64,4,RL+Backbone,4
best,C:\Users\erich\Documents\AFRL\Algebraic-Connectivity-Optimization-CDC2026\lite_trials\sweep\lambda2_only\checkpoints\best.pt,ppo,19000,C:\Users\erich\Documents\AFRL\Algebraic-Connectivity-Optimization-CDC2026\lite_trials\lite_config.yaml,full,48,0.927844588344,0,1050,1050,0.9278445883441259,15,0.9358259976892843,44.919647889085645,0.029021199999988312,0.029021199999988312,0.029723200000262295,backbone,envelope_only,envelope,1035,43.0,0.0007020000002739835,False,,,False,1,envelope,64,4,RL+Backbone,0
best,C:\Users\erich\Documents\AFRL\Algebraic-Connectivity-Optimization-CDC2026\lite_trials\sweep\lambda2_only\checkpoints\best.pt,ppo,19000,C:\Users\erich\Documents\AFRL\Algebraic-Connectivity-Optimization-CDC2026\lite_trials\lite_config.yaml,full,48,0.927844588344,1,1050,1050,0.9278445883441259,15,0.9358259976892843,44.919647889085645,0.0314077000002726,0.0314077000002726,0.03212500000063301,backbone,envelope_only,envelope,1035,43.0,0.0007173000003604102,False,,,False,1,envelope,64,4,RL+Backbone,1
best,C:\Users\erich\Documents\AFRL\Algebraic-Connectivity-Optimization-CDC2026\lite_trials\sweep\lambda2_only\checkpoints\best.pt,ppo,19000,C:\Users\erich\Documents\AFRL\Algebraic-Connectivity-Optimization-CDC2026\lite_trials\lite_config.yaml,full,48,0.927844588344,2,1050,1050,0.9278445883441259,15,0.9358259976892843,44.919647889085645,0.028336100000160513,0.028336100000160513,0.02902249999988271,backbone,envelope_only,envelope,1035,43.0,0.0006863999997221981,False,,,False,1,envelope,64,4,RL+Backbone,2
best,C:\Users\erich\Documents\AFRL\Algebraic-Connectivity-Optimization-CDC2026\lite_trials\sweep\lambda2_only\checkpoints\best.pt,ppo,19000,C:\Users\erich\Documents\AFRL\Algebraic-Connectivity-Optimization-CDC2026\lite_trials\lite_config.yaml,full,48,0.927844588344,3,1050,1050,0.9278445883441259,15,0.9358259976892843,44.919647889085645,0.031608000000233005,0.031608000000233005,0.03234080000038375,backbone,envelope_only,envelope,1035,43.0,0.0007328000001507462,False,,,False,1,envelope,64,4,RL+Backbone,3
best,C:\Users\erich\Documents\AFRL\Algebraic-Connectivity-Optimization-CDC2026\lite_trials\sweep\lambda2_only\checkpoints\best.pt,ppo,19000,C:\Users\erich\Documents\AFRL\Algebraic-Connectivity-Optimization-CDC2026\lite_trials\lite_config.yaml,full,48,0.927844588344,4,1050,1050,0.9278445883441259,15,0.9358259976892843,44.919647889085645,0.03421749999961321,0.03421749999961321,0.034932499999740685,backbone,envelope_only,envelope,1035,43.0,0.0007150000001274748,False,,,False,1,envelope,64,4,RL+Backbone,4
best,C:\Users\erich\Documents\AFRL\Algebraic-Connectivity-Optimization-CDC2026\lite_trials\sweep\lambda2_only\checkpoints\best.pt,ppo,19000,C:\Users\erich\Documents\AFRL\Algebraic-Connectivity-Optimization-CDC2026\lite_trials\lite_config.yaml,full,48,0.99907493062,0,1127,1127,0.9990749306197965,23,0.9838964642604306,47.22703028450067,0.052692799999931594,0.052692799999931594,0.05352539999967121,backbone,envelope_only,envelope,1104,46.0,0.0008325999997396138,False,,,False,1,envelope,64,4,RL+Backbone,0
best,C:\Users\erich\Documents\AFRL\Algebraic-Connectivity-Optimization-CDC2026\lite_trials\sweep\lambda2_only\checkpoints\best.pt,ppo,19000,C:\Users\erich\Documents\AFRL\Algebraic-Connectivity-Optimization-CDC2026\lite_trials\lite_config.yaml,full,48,0.99907493062,1,1127,1127,0.9990749306197965,23,0.9838964642604306,47.22703028450067,0.05002359999980399,0.05002359999980399,0.05081799999970826,backbone,envelope_only,envelope,1104,46.0,0.0007943999999042717,False,,,False,1,envelope,64,4,RL+Backbone,1
best,C:\Users\erich\Documents\AFRL\Algebraic-Connectivity-Optimization-CDC2026\lite_trials\sweep\lambda2_only\checkpoints\best.pt,ppo,19000,C:\Users\erich\Documents\AFRL\Algebraic-Connectivity-Optimization-CDC2026\lite_trials\lite_config.yaml,full,48,0.99907493062,2,1127,1127,0.9990749306197965,23,0.9838964642604306,47.22703028450067,0.043688700000529934,0.043688700000529934,0.04451130000052217,backbone,envelope_only,envelope,1104,46.0,0.0008225999999922351,False,,,False,1,envelope,64,4,RL+Backbone,2
best,C:\Users\erich\Documents\AFRL\Algebraic-Connectivity-Optimization-CDC2026\lite_trials\sweep\lambda2_only\checkpoints\best.pt,ppo,19000,C:\Users\erich\Documents\AFRL\Algebraic-Connectivity-Optimization-CDC2026\lite_trials\lite_config.yaml,full,48,0.99907493062,3,1127,1127,0.9990749306197965,23,0.9838964642604306,47.22703028450067,0.04979710000043269,0.04979710000043269,0.050581800001054944,backbone,envelope_only,envelope,1104,46.0,0.0007847000006222515,False,,,False,1,envelope,64,4,RL+Backbone,3
best,C:\Users\erich\Documents\AFRL\Algebraic-Connectivity-Optimization-CDC2026\lite_trials\sweep\lambda2_only\checkpoints\best.pt,ppo,19000,C:\Users\erich\Documents\AFRL\Algebraic-Connectivity-Optimization-CDC2026\lite_trials\lite_config.yaml,full,48,0.99907493062,4,1127,1127,0.9990749306197965,23,0.9838964642604306,47.22703028450067,0.04779020000023593,0.04779020000023593,0.048598000000311004,backbone,envelope_only,envelope,1104,46.0,0.0008078000000750762,False,,,False,1,envelope,64,4,RL+Backbone,4
best,C:\Users\erich\Documents\AFRL\Algebraic-Connectivity-Optimization-CDC2026\lite_trials\sweep\lambda2_only\checkpoints\best.pt,ppo,19000,C:\Users\erich\Documents\AFRL\Algebraic-Connectivity-Optimization-CDC2026\lite_trials\lite_config.yaml,full,91,0.00024968789,0,91,91,0.00024968789013732833,1,0.0009788748921518895,0.08907761518582194,0.004514199999903212,0.004514199999903212,0.004514199999903212,path,path,path,90,0.0,0.0,False,,,False,1,path,64,4,RL+Path,0
best,C:\Users\erich\Documents\AFRL\Algebraic-Connectivity-Optimization-CDC2026\lite_trials\sweep\lambda2_only\checkpoints\best.pt,ppo,19000,C:\Users\erich\Documents\AFRL\Algebraic-Connectivity-Optimization-CDC2026\lite_trials\lite_config.yaml,full,91,0.00024968789,1,91,91,0.00024968789013732833,1,0.0009788748921518895,0.08907761518582194,0.0024070999998002662,0.0024070999998002662,0.0024070999998002662,path,path,path,90,0.0,0.0,False,,,False,1,path,64,4,RL+Path,1
best,C:\Users\erich\Documents\AFRL\Algebraic-Connectivity-Optimization-CDC2026\lite_trials\sweep\lambda2_only\checkpoints\best.pt,ppo,19000,C:\Users\erich\Documents\AFRL\Algebraic-Connectivity-Optimization-CDC2026\lite_trials\lite_config.yaml,full,91,0.00024968789,2,91,91,0.00024968789013732833,1,0.0009788748921518895,0.08907761518582194,0.002268599999297294,0.002268599999297294,0.002268599999297294,path,path,path,90,0.0,0.0,False,,,False,1,path,64,4,RL+Path,2
best,C:\Users\erich\Documents\AFRL\Algebraic-Connectivity-Optimization-CDC2026\lite_trials\sweep\lambda2_only\checkpoints\best.pt,ppo,19000,C:\Users\erich\Documents\AFRL\Algebraic-Connectivity-Optimization-CDC2026\lite_trials\lite_config.yaml,full,91,0.00024968789,3,91,91,0.00024968789013732833,1,0.0009788748921518895,0.08907761518582194,0.0017457000003560097,0.0017457000003560097,0.0017457000003560097,path,path,path,90,0.0,0.0,False,,,False,1,path,64,4,RL+Path,3
best,C:\Users\erich\Documents\AFRL\Algebraic-Connectivity-Optimization-CDC2026\lite_trials\sweep\lambda2_only\checkpoints\best.pt,ppo,19000,C:\Users\erich\Documents\AFRL\Algebraic-Connectivity-Optimization-CDC2026\lite_trials\lite_config.yaml,full,91,0.00024968789,4,91,91,0.00024968789013732833,1,0.0009788748921518895,0.08907761518582194,0.0017794999994293903,0.0017794999994293903,0.0017794999994293903,path,path,path,90,0.0,0.0,False,,,False,1,path,64,4,RL+Path,4
best,C:\Users\erich\Documents\AFRL\Algebraic-Connectivity-Optimization-CDC2026\lite_trials\sweep\lambda2_only\checkpoints\best.pt,ppo,19000,C:\Users\erich\Documents\AFRL\Algebraic-Connectivity-Optimization-CDC2026\lite_trials\lite_config.yaml,full,91,0.071660424469,0,377,377,0.07166042446941323,287,0.1246649353757956,11.344509119197399,0.46920680000039283,0.46920680000039283,0.46920680000039283,path,path,path,90,0.0,0.0,False,,,False,1,path,64,4,RL+Path,0
best,C:\Users\erich\Documents\AFRL\Algebraic-Connectivity-Optimization-CDC2026\lite_trials\sweep\lambda2_only\checkpoints\best.pt,ppo,19000,C:\Users\erich\Documents\AFRL\Algebraic-Connectivity-Optimization-CDC2026\lite_trials\lite_config.yaml,full,91,0.071660424469,1,377,377,0.07166042446941323,287,0.1246649353757956,11.344509119197399,0.45571319999999105,0.45571319999999105,0.45571319999999105,path,path,path,90,0.0,0.0,False,,,False,1,path,64,4,RL+Path,1
best,C:\Users\erich\Documents\AFRL\Algebraic-Connectivity-Optimization-CDC2026\lite_trials\sweep\lambda2_only\checkpoints\best.pt,ppo,19000,C:\Users\erich\Documents\AFRL\Algebraic-Connectivity-Optimization-CDC2026\lite_trials\lite_config.yaml,full,91,0.071660424469,2,377,377,0.07166042446941323,287,0.1246649353757956,11.344509119197399,0.4437927999997555,0.4437927999997555,0.4437927999997555,path,path,path,90,0.0,0.0,False,,,False,1,path,64,4,RL+Path,2
best,C:\Users\erich\Documents\AFRL\Algebraic-Connectivity-Optimization-CDC2026\lite_trials\sweep\lambda2_only\checkpoints\best.pt,ppo,19000,C:\Users\erich\Documents\AFRL\Algebraic-Connectivity-Optimization-CDC2026\lite_trials\lite_config.yaml,full,91,0.071660424469,3,377,377,0.07166042446941323,287,0.1246649353757956,11.344509119197399,0.45995180000045366,0.45995180000045366,0.45995180000045366,path,path,path,90,0.0,0.0,False,,,False,1,path,64,4,RL+Path,3
best,C:\Users\erich\Documents\AFRL\Algebraic-Connectivity-Optimization-CDC2026\lite_trials\sweep\lambda2_only\checkpoints\best.pt,ppo,19000,C:\Users\erich\Documents\AFRL\Algebraic-Connectivity-Optimization-CDC2026\lite_trials\lite_config.yaml,full,91,0.071660424469,4,377,377,0.07166042446941323,287,0.1246649353757956,11.344509119197399,0.4581737999997131,0.4581737999997131,0.4581737999997131,path,path,path,90,0.0,0.0,False,,,False,1,path,64,4,RL+Path,4
best,C:\Users\erich\Documents\AFRL\Algebraic-Connectivity-Optimization-CDC2026\lite_trials\sweep\lambda2_only\checkpoints\best.pt,ppo,19000,C:\Users\erich\Documents\AFRL\Algebraic-Connectivity-Optimization-CDC2026\lite_trials\lite_config.yaml,full,91,0.143071161049,0,663,663,0.14307116104868914,573,0.093905672891577,8.545416233133507,1.0065918000000238,1.0065918000000238,1.0065918000000238,path,path,path,90,0.0,0.0,False,,,False,1,path,64,4,RL+Path,0
best,C:\Users\erich\Documents\AFRL\Algebraic-Connectivity-Optimization-CDC2026\lite_trials\sweep\lambda2_only\checkpoints\best.pt,ppo,19000,C:\Users\erich\Documents\AFRL\Algebraic-Connectivity-Optimization-CDC2026\lite_trials\lite_config.yaml,full,91,0.143071161049,1,663,663,0.14307116104868914,573,0.093905672891577,8.545416233133507,0.9917985000001863,0.9917985000001863,0.9917985000001863,path,path,path,90,0.0,0.0,False,,,False,1,path,64,4,RL+Path,1
best,C:\Users\erich\Documents\AFRL\Algebraic-Connectivity-Optimization-CDC2026\lite_trials\sweep\lambda2_only\checkpoints\best.pt,ppo,19000,C:\Users\erich\Documents\AFRL\Algebraic-Connectivity-Optimization-CDC2026\lite_trials\lite_config.yaml,full,91,0.143071161049,2,663,663,0.14307116104868914,573,0.093905672891577,8.545416233133507,1.0079537000001437,1.0079537000001437,1.0079537000001437,path,path,path,90,0.0,0.0,False,,,False,1,path,64,4,RL+Path,2
best,C:\Users\erich\Documents\AFRL\Algebraic-Connectivity-Optimization-CDC2026\lite_trials\sweep\lambda2_only\checkpoints\best.pt,ppo,19000,C:\Users\erich\Documents\AFRL\Algebraic-Connectivity-Optimization-CDC2026\lite_trials\lite_config.yaml,full,91,0.143071161049,3,663,663,0.14307116104868914,573,0.093905672891577,8.545416233133507,0.995620599999711,0.995620599999711,0.995620599999711,path,path,path,90,0.0,0.0,False,,,False,1,path,64,4,RL+Path,3
best,C:\Users\erich\Documents\AFRL\Algebraic-Connectivity-Optimization-CDC2026\lite_trials\sweep\lambda2_only\checkpoints\best.pt,ppo,19000,C:\Users\erich\Documents\AFRL\Algebraic-Connectivity-Optimization-CDC2026\lite_trials\lite_config.yaml,full,91,0.143071161049,4,663,663,0.14307116104868914,573,0.093905672891577,8.545416233133507,1.0649612000006528,1.0649612000006528,1.0649612000006528,path,path,path,90,0.0,0.0,False,,,False,1,path,64,4,RL+Path,4
best,C:\Users\erich\Documents\AFRL\Algebraic-Connectivity-Optimization-CDC2026\lite_trials\sweep\lambda2_only\checkpoints\best.pt,ppo,19000,C:\Users\erich\Documents\AFRL\Algebraic-Connectivity-Optimization-CDC2026\lite_trials\lite_config.yaml,full,91,0.214481897628,0,949,949,0.21448189762796505,859,0.1919922123976011,17.4712913281817,1.687991200000397,1.687991200000397,1.687991200000397,path,path,path,90,0.0,0.0,False,,,False,1,path,64,4,RL+Path,0
best,C:\Users\erich\Documents\AFRL\Algebraic-Connectivity-Optimization-CDC2026\lite_trials\sweep\lambda2_only\checkpoints\best.pt,ppo,19000,C:\Users\erich\Documents\AFRL\Algebraic-Connectivity-Optimization-CDC2026\lite_trials\lite_config.yaml,full,91,0.214481897628,1,949,949,0.21448189762796505,859,0.1919922123976011,17.4712913281817,1.7215126999999484,1.7215126999999484,1.7215126999999484,path,path,path,90,0.0,0.0,False,,,False,1,path,64,4,RL+Path,1
best,C:\Users\erich\Documents\AFRL\Algebraic-Connectivity-Optimization-CDC2026\lite_trials\sweep\lambda2_only\checkpoints\best.pt,ppo,19000,C:\Users\erich\Documents\AFRL\Algebraic-Connectivity-Optimization-CDC2026\lite_trials\lite_config.yaml,full,91,0.214481897628,2,949,949,0.21448189762796505,859,0.1919922123976011,17.4712913281817,1.7602836000005482,1.7602836000005482,1.7602836000005482,path,path,path,90,0.0,0.0,False,,,False,1,path,64,4,RL+Path,2
best,C:\Users\erich\Documents\AFRL\Algebraic-Connectivity-Optimization-CDC2026\lite_trials\sweep\lambda2_only\checkpoints\best.pt,ppo,19000,C:\Users\erich\Documents\AFRL\Algebraic-Connectivity-Optimization-CDC2026\lite_trials\lite_config.yaml,full,91,0.214481897628,3,949,949,0.21448189762796505,859,0.1919922123976011,17.4712913281817,1.8864874999999302,1.8864874999999302,1.8864874999999302,path,path,path,90,0.0,0.0,False,,,False,1,path,64,4,RL+Path,3
best,C:\Users\erich\Documents\AFRL\Algebraic-Connectivity-Optimization-CDC2026\lite_trials\sweep\lambda2_only\checkpoints\best.pt,ppo,19000,C:\Users\erich\Documents\AFRL\Algebraic-Connectivity-Optimization-CDC2026\lite_trials\lite_config.yaml,full,91,0.214481897628,4,949,949,0.21448189762796505,859,0.1919922123976011,17.4712913281817,1.788028299999496,1.788028299999496,1.788028299999496,path,path,path,90,0.0,0.0,False,,,False,1,path,64,4,RL+Path,4
best,C:\Users\erich\Documents\AFRL\Algebraic-Connectivity-Optimization-CDC2026\lite_trials\sweep\lambda2_only\checkpoints\best.pt,ppo,19000,C:\Users\erich\Documents\AFRL\Algebraic-Connectivity-Optimization-CDC2026\lite_trials\lite_config.yaml,full,91,0.285892634207,0,1235,1235,0.2858926342072409,1145,0.1949719757266699,17.742449791126962,2.4623126999995293,2.4623126999995293,2.4623126999995293,path,path,path,90,0.0,0.0,False,,,False,1,path,64,4,RL+Path,0
best,C:\Users\erich\Documents\AFRL\Algebraic-Connectivity-Optimization-CDC2026\lite_trials\sweep\lambda2_only\checkpoints\best.pt,ppo,19000,C:\Users\erich\Documents\AFRL\Algebraic-Connectivity-Optimization-CDC2026\lite_trials\lite_config.yaml,full,91,0.285892634207,1,1235,1235,0.2858926342072409,1145,0.1949719757266699,17.742449791126962,2.5343081999999413,2.5343081999999413,2.5343081999999413,path,path,path,90,0.0,0.0,False,,,False,1,path,64,4,RL+Path,1
best,C:\Users\erich\Documents\AFRL\Algebraic-Connectivity-Optimization-CDC2026\lite_trials\sweep\lambda2_only\checkpoints\best.pt,ppo,19000,C:\Users\erich\Documents\AFRL\Algebraic-Connectivity-Optimization-CDC2026\lite_trials\lite_config.yaml,full,91,0.285892634207,2,1235,1235,0.2858926342072409,1145,0.1949719757266699,17.742449791126962,2.55962720000025,2.55962720000025,2.55962720000025,path,path,path,90,0.0,0.0,False,,,False,1,path,64,4,RL+Path,2
best,C:\Users\erich\Documents\AFRL\Algebraic-Connectivity-Optimization-CDC2026\lite_trials\sweep\lambda2_only\checkpoints\best.pt,ppo,19000,C:\Users\erich\Documents\AFRL\Algebraic-Connectivity-Optimization-CDC2026\lite_trials\lite_config.yaml,full,91,0.285892634207,3,1235,1235,0.2858926342072409,1145,0.1949719757266699,17.742449791126962,2.5814877000002525,2.5814877000002525,2.5814877000002525,path,path,path,90,0.0,0.0,False,,,False,1,path,64,4,RL+Path,3
best,C:\Users\erich\Documents\AFRL\Algebraic-Connectivity-Optimization-CDC2026\lite_trials\sweep\lambda2_only\checkpoints\best.pt,ppo,19000,C:\Users\erich\Documents\AFRL\Algebraic-Connectivity-Optimization-CDC2026\lite_trials\lite_config.yaml,full,91,0.285892634207,4,1235,1235,0.2858926342072409,1145,0.1949719757266699,17.742449791126962,2.4776130999998713,2.4776130999998713,2.4776130999998713,path,path,path,90,0.0,0.0,False,,,False,1,path,64,4,RL+Path,4
best,C:\Users\erich\Documents\AFRL\Algebraic-Connectivity-Optimization-CDC2026\lite_trials\sweep\lambda2_only\checkpoints\best.pt,ppo,19000,C:\Users\erich\Documents\AFRL\Algebraic-Connectivity-Optimization-CDC2026\lite_trials\lite_config.yaml,full,91,0.357303370787,0,1521,1521,0.35730337078651686,1431,0.26947793196097075,24.52249180844834,3.6983804999999847,3.6983804999999847,3.6983804999999847,path,path,path,90,0.0,0.0,False,,,False,1,path,64,4,RL+Path,0
best,C:\Users\erich\Documents\AFRL\Algebraic-Connectivity-Optimization-CDC2026\lite_trials\sweep\lambda2_only\checkpoints\best.pt,ppo,19000,C:\Users\erich\Documents\AFRL\Algebraic-Connectivity-Optimization-CDC2026\lite_trials\lite_config.yaml,full,91,0.357303370787,1,1521,1521,0.35730337078651686,1431,0.26947793196097075,24.52249180844834,3.878337900000588,3.878337900000588,3.878337900000588,path,path,path,90,0.0,0.0,False,,,False,1,path,64,4,RL+Path,1
best,C:\Users\erich\Documents\AFRL\Algebraic-Connectivity-Optimization-CDC2026\lite_trials\sweep\lambda2_only\checkpoints\best.pt,ppo,19000,C:\Users\erich\Documents\AFRL\Algebraic-Connectivity-Optimization-CDC2026\lite_trials\lite_config.yaml,full,91,0.357303370787,2,1521,1521,0.35730337078651686,1431,0.26947793196097075,24.52249180844834,3.8515528999996604,3.8515528999996604,3.8515528999996604,path,path,path,90,0.0,0.0,False,,,False,1,path,64,4,RL+Path,2
best,C:\Users\erich\Documents\AFRL\Algebraic-Connectivity-Optimization-CDC2026\lite_trials\sweep\lambda2_only\checkpoints\best.pt,ppo,19000,C:\Users\erich\Documents\AFRL\Algebraic-Connectivity-Optimization-CDC2026\lite_trials\lite_config.yaml,full,91,0.357303370787,3,1521,1521,0.35730337078651686,1431,0.26947793196097075,24.52249180844834,3.717836499999976,3.717836499999976,3.717836499999976,path,path,path,90,0.0,0.0,False,,,False,1,path,64,4,RL+Path,3
best,C:\Users\erich\Documents\AFRL\Algebraic-Connectivity-Optimization-CDC2026\lite_trials\sweep\lambda2_only\checkpoints\best.pt,ppo,19000,C:\Users\erich\Documents\AFRL\Algebraic-Connectivity-Optimization-CDC2026\lite_trials\lite_config.yaml,full,91,0.357303370787,4,1521,1521,0.35730337078651686,1431,0.26947793196097075,24.52249180844834,3.53736040000058,3.53736040000058,3.53736040000058,path,path,path,90,0.0,0.0,False,,,False,1,path,64,4,RL+Path,4
best,C:\Users\erich\Documents\AFRL\Algebraic-Connectivity-Optimization-CDC2026\lite_trials\sweep\lambda2_only\checkpoints\best.pt,ppo,19000,C:\Users\erich\Documents\AFRL\Algebraic-Connectivity-Optimization-CDC2026\lite_trials\lite_config.yaml,full,91,0.428714107366,0,1807,1807,0.42871410736579274,1717,0.37610983052722435,34.22599457797742,4.089923900000031,4.089923900000031,4.089923900000031,path,path,path,90,0.0,0.0,False,,,False,1,path,64,4,RL+Path,0
best,C:\Users\erich\Documents\AFRL\Algebraic-Connectivity-Optimization-CDC2026\lite_trials\sweep\lambda2_only\checkpoints\best.pt,ppo,19000,C:\Users\erich\Documents\AFRL\Algebraic-Connectivity-Optimization-CDC2026\lite_trials\lite_config.yaml,full,91,0.428714107366,1,1807,1807,0.42871410736579274,1717,0.37610983052722435,34.22599457797742,3.907631600000059,3.907631600000059,3.907631600000059,path,path,path,90,0.0,0.0,False,,,False,1,path,64,4,RL+Path,1
best,C:\Users\erich\Documents\AFRL\Algebraic-Connectivity-Optimization-CDC2026\lite_trials\sweep\lambda2_only\checkpoints\best.pt,ppo,19000,C:\Users\erich\Documents\AFRL\Algebraic-Connectivity-Optimization-CDC2026\lite_trials\lite_config.yaml,full,91,0.428714107366,2,1807,1807,0.42871410736579274,1717,0.37610983052722435,34.22599457797742,3.9890557999997327,3.9890557999997327,3.9890557999997327,path,path,path,90,0.0,0.0,False,,,False,1,path,64,4,RL+Path,2
best,C:\Users\erich\Documents\AFRL\Algebraic-Connectivity-Optimization-CDC2026\lite_trials\sweep\lambda2_only\checkpoints\best.pt,ppo,19000,C:\Users\erich\Documents\AFRL\Algebraic-Connectivity-Optimization-CDC2026\lite_trials\lite_config.yaml,full,91,0.428714107366,3,1807,1807,0.42871410736579274,1717,0.37610983052722435,34.22599457797742,3.9570505000001504,3.9570505000001504,3.9570505000001504,path,path,path,90,0.0,0.0,False,,,False,1,path,64,4,RL+Path,3
best,C:\Users\erich\Documents\AFRL\Algebraic-Connectivity-Optimization-CDC2026\lite_trials\sweep\lambda2_only\checkpoints\best.pt,ppo,19000,C:\Users\erich\Documents\AFRL\Algebraic-Connectivity-Optimization-CDC2026\lite_trials\lite_config.yaml,full,91,0.428714107366,4,1807,1807,0.42871410736579274,1717,0.37610983052722435,34.22599457797742,3.966545999999653,3.966545999999653,3.966545999999653,path,path,path,90,0.0,0.0,False,,,False,1,path,64,4,RL+Path,4
best,C:\Users\erich\Documents\AFRL\Algebraic-Connectivity-Optimization-CDC2026\lite_trials\sweep\lambda2_only\checkpoints\best.pt,ppo,19000,C:\Users\erich\Documents\AFRL\Algebraic-Connectivity-Optimization-CDC2026\lite_trials\lite_config.yaml,full,91,0.500124843945,0,2093,2093,0.5001248439450686,2003,0.46714121607049075,42.50985066241466,4.821299100000033,4.821299100000033,4.821299100000033,path,path,path,90,0.0,0.0,False,,,False,1,path,64,4,RL+Path,0
best,C:\Users\erich\Documents\AFRL\Algebraic-Connectivity-Optimization-CDC2026\lite_trials\sweep\lambda2_only\checkpoints\best.pt,ppo,19000,C:\Users\erich\Documents\AFRL\Algebraic-Connectivity-Optimization-CDC2026\lite_trials\lite_config.yaml,full,91,0.500124843945,1,2093,2093,0.5001248439450686,2003,0.46714121607049075,42.50985066241466,4.869136200000867,4.869136200000867,4.869136200000867,path,path,path,90,0.0,0.0,False,,,False,1,path,64,4,RL+Path,1
best,C:\Users\erich\Documents\AFRL\Algebraic-Connectivity-Optimization-CDC2026\lite_trials\sweep\lambda2_only\checkpoints\best.pt,ppo,19000,C:\Users\erich\Documents\AFRL\Algebraic-Connectivity-Optimization-CDC2026\lite_trials\lite_config.yaml,full,91,0.500124843945,2,2093,2093,0.5001248439450686,2003,0.46714121607049075,42.50985066241466,5.265797699999894,5.265797699999894,5.265797699999894,path,path,path,90,0.0,0.0,False,,,False,1,path,64,4,RL+Path,2
best,C:\Users\erich\Documents\AFRL\Algebraic-Connectivity-Optimization-CDC2026\lite_trials\sweep\lambda2_only\checkpoints\best.pt,ppo,19000,C:\Users\erich\Documents\AFRL\Algebraic-Connectivity-Optimization-CDC2026\lite_trials\lite_config.yaml,full,91,0.500124843945,3,2093,2093,0.5001248439450686,2003,0.46714121607049075,42.50985066241466,5.400011599999743,5.400011599999743,5.400011599999743,path,path,path,90,0.0,0.0,False,,,False,1,path,64,4,RL+Path,3
best,C:\Users\erich\Documents\AFRL\Algebraic-Connectivity-Optimization-CDC2026\lite_trials\sweep\lambda2_only\checkpoints\best.pt,ppo,19000,C:\Users\erich\Documents\AFRL\Algebraic-Connectivity-Optimization-CDC2026\lite_trials\lite_config.yaml,full,91,0.500124843945,4,2093,2093,0.5001248439450686,2003,0.46714121607049075,42.50985066241466,5.180579900000339,5.180579900000339,5.180579900000339,path,path,path,90,0.0,0.0,False,,,False,1,path,64,4,RL+Path,4
best,C:\Users\erich\Documents\AFRL\Algebraic-Connectivity-Optimization-CDC2026\lite_trials\sweep\lambda2_only\checkpoints\best.pt,ppo,19000,C:\Users\erich\Documents\AFRL\Algebraic-Connectivity-Optimization-CDC2026\lite_trials\lite_config.yaml,full,91,0.571285892634,0,2378,2378,0.5712858926342073,2288,0.5171490103033829,47.06055993760784,6.645582899999681,6.645582899999681,6.645582899999681,path,path,path,90,0.0,0.0,False,,,False,1,path,64,4,RL+Path,0
best,C:\Users\erich\Documents\AFRL\Algebraic-Connectivity-Optimization-CDC2026\lite_trials\sweep\lambda2_only\checkpoints\best.pt,ppo,19000,C:\Users\erich\Documents\AFRL\Algebraic-Connectivity-Optimization-CDC2026\lite_trials\lite_config.yaml,full,91,0.571285892634,1,2378,2378,0.5712858926342073,2288,0.5171490103033829,47.06055993760784,6.544132900000477,6.544132900000477,6.544132900000477,path,path,path,90,0.0,0.0,False,,,False,1,path,64,4,RL+Path,1
best,C:\Users\erich\Documents\AFRL\Algebraic-Connectivity-Optimization-CDC2026\lite_trials\sweep\lambda2_only\checkpoints\best.pt,ppo,19000,C:\Users\erich\Documents\AFRL\Algebraic-Connectivity-Optimization-CDC2026\lite_trials\lite_config.yaml,full,91,0.571285892634,2,2378,2378,0.5712858926342073,2288,0.5171490103033829,47.06055993760784,5.9882385999999315,5.9882385999999315,5.9882385999999315,path,path,path,90,0.0,0.0,False,,,False,1,path,64,4,RL+Path,2
best,C:\Users\erich\Documents\AFRL\Algebraic-Connectivity-Optimization-CDC2026\lite_trials\sweep\lambda2_only\checkpoints\best.pt,ppo,19000,C:\Users\erich\Documents\AFRL\Algebraic-Connectivity-Optimization-CDC2026\lite_trials\lite_config.yaml,full,91,0.571285892634,3,2378,2378,0.5712858926342073,2288,0.5171490103033829,47.06055993760784,5.892823899999712,5.892823899999712,5.892823899999712,path,path,path,90,0.0,0.0,False,,,False,1,path,64,4,RL+Path,3
best,C:\Users\erich\Documents\AFRL\Algebraic-Connectivity-Optimization-CDC2026\lite_trials\sweep\lambda2_only\checkpoints\best.pt,ppo,19000,C:\Users\erich\Documents\AFRL\Algebraic-Connectivity-Optimization-CDC2026\lite_trials\lite_config.yaml,full,91,0.571285892634,4,2378,2378,0.5712858926342073,2288,0.5171490103033829,47.06055993760784,5.868434099999831,5.868434099999831,5.868434099999831,path,path,path,90,0.0,0.0,False,,,False,1,path,64,4,RL+Path,4
best,C:\Users\erich\Documents\AFRL\Algebraic-Connectivity-Optimization-CDC2026\lite_trials\sweep\lambda2_only\checkpoints\best.pt,ppo,19000,C:\Users\erich\Documents\AFRL\Algebraic-Connectivity-Optimization-CDC2026\lite_trials\lite_config.yaml,full,91,0.642696629213,0,2664,2664,0.6426966292134831,2574,0.5654562558339912,51.4565192808932,7.009973300000638,7.009973300000638,7.009973300000638,path,path,path,90,0.0,0.0,False,,,False,1,path,64,4,RL+Path,0
best,C:\Users\erich\Documents\AFRL\Algebraic-Connectivity-Optimization-CDC2026\lite_trials\sweep\lambda2_only\checkpoints\best.pt,ppo,19000,C:\Users\erich\Documents\AFRL\Algebraic-Connectivity-Optimization-CDC2026\lite_trials\lite_config.yaml,full,91,0.642696629213,1,2664,2664,0.6426966292134831,2574,0.5654562558339912,51.4565192808932,7.002305699999852,7.002305699999852,7.002305699999852,path,path,path,90,0.0,0.0,False,,,False,1,path,64,4,RL+Path,1
best,C:\Users\erich\Documents\AFRL\Algebraic-Connectivity-Optimization-CDC2026\lite_trials\sweep\lambda2_only\checkpoints\best.pt,ppo,19000,C:\Users\erich\Documents\AFRL\Algebraic-Connectivity-Optimization-CDC2026\lite_trials\lite_config.yaml,full,91,0.642696629213,2,2664,2664,0.6426966292134831,2574,0.5654562558339912,51.4565192808932,7.001112100000682,7.001112100000682,7.001112100000682,path,path,path,90,0.0,0.0,False,,,False,1,path,64,4,RL+Path,2
best,C:\Users\erich\Documents\AFRL\Algebraic-Connectivity-Optimization-CDC2026\lite_trials\sweep\lambda2_only\checkpoints\best.pt,ppo,19000,C:\Users\erich\Documents\AFRL\Algebraic-Connectivity-Optimization-CDC2026\lite_trials\lite_config.yaml,full,91,0.642696629213,3,2664,2664,0.6426966292134831,2574,0.5654562558339912,51.4565192808932,6.971959599999536,6.971959599999536,6.971959599999536,path,path,path,90,0.0,0.0,False,,,False,1,path,64,4,RL+Path,3
best,C:\Users\erich\Documents\AFRL\Algebraic-Connectivity-Optimization-CDC2026\lite_trials\sweep\lambda2_only\checkpoints\best.pt,ppo,19000,C:\Users\erich\Documents\AFRL\Algebraic-Connectivity-Optimization-CDC2026\lite_trials\lite_config.yaml,full,91,0.642696629213,4,2664,2664,0.6426966292134831,2574,0.5654562558339912,51.4565192808932,7.135415799999464,7.135415799999464,7.135415799999464,path,path,path,90,0.0,0.0,False,,,False,1,path,64,4,RL+Path,4
best,C:\Users\erich\Documents\AFRL\Algebraic-Connectivity-Optimization-CDC2026\lite_trials\sweep\lambda2_only\checkpoints\best.pt,ppo,19000,C:\Users\erich\Documents\AFRL\Algebraic-Connectivity-Optimization-CDC2026\lite_trials\lite_config.yaml,full,91,0.714107365793,0,2950,2950,0.714107365792759,2860,0.6374143606222292,58.00470681662286,8.69704610000008,8.69704610000008,8.69704610000008,path,path,path,90,0.0,0.0,False,,,False,1,path,64,4,RL+Path,0
best,C:\Users\erich\Documents\AFRL\Algebraic-Connectivity-Optimization-CDC2026\lite_trials\sweep\lambda2_only\checkpoints\best.pt,ppo,19000,C:\Users\erich\Documents\AFRL\Algebraic-Connectivity-Optimization-CDC2026\lite_trials\lite_config.yaml,full,91,0.714107365793,1,2950,2950,0.714107365792759,2860,0.6374143606222292,58.00470681662286,8.696668700000373,8.696668700000373,8.696668700000373,path,path,path,90,0.0,0.0,False,,,False,1,path,64,4,RL+Path,1
best,C:\Users\erich\Documents\AFRL\Algebraic-Connectivity-Optimization-CDC2026\lite_trials\sweep\lambda2_only\checkpoints\best.pt,ppo,19000,C:\Users\erich\Documents\AFRL\Algebraic-Connectivity-Optimization-CDC2026\lite_trials\lite_config.yaml,full,91,0.714107365793,2,2950,2950,0.714107365792759,2860,0.6374143606222292,58.00470681662286,8.50923899999998,8.50923899999998,8.50923899999998,path,path,path,90,0.0,0.0,False,,,False,1,path,64,4,RL+Path,2
best,C:\Users\erich\Documents\AFRL\Algebraic-Connectivity-Optimization-CDC2026\lite_trials\sweep\lambda2_only\checkpoints\best.pt,ppo,19000,C:\Users\erich\Documents\AFRL\Algebraic-Connectivity-Optimization-CDC2026\lite_trials\lite_config.yaml,full,91,0.714107365793,3,2950,2950,0.714107365792759,2860,0.6374143606222292,58.00470681662286,8.705620600000657,8.705620600000657,8.705620600000657,path,path,path,90,0.0,0.0,False,,,False,1,path,64,4,RL+Path,3
best,C:\Users\erich\Documents\AFRL\Algebraic-Connectivity-Optimization-CDC2026\lite_trials\sweep\lambda2_only\checkpoints\best.pt,ppo,19000,C:\Users\erich\Documents\AFRL\Algebraic-Connectivity-Optimization-CDC2026\lite_trials\lite_config.yaml,full,91,0.714107365793,4,2950,2950,0.714107365792759,2860,0.6374143606222292,58.00470681662286,8.189070399999764,8.189070399999764,8.189070399999764,path,path,path,90,0.0,0.0,False,,,False,1,path,64,4,RL+Path,4
best,C:\Users\erich\Documents\AFRL\Algebraic-Connectivity-Optimization-CDC2026\lite_trials\sweep\lambda2_only\checkpoints\best.pt,ppo,19000,C:\Users\erich\Documents\AFRL\Algebraic-Connectivity-Optimization-CDC2026\lite_trials\lite_config.yaml,full,91,0.785518102372,0,3236,3236,0.785518102372035,3146,0.7328991212833232,66.69382003678241,9.426615200000015,9.426615200000015,9.426615200000015,path,path,path,90,0.0,0.0,False,,,False,1,path,64,4,RL+Path,0
best,C:\Users\erich\Documents\AFRL\Algebraic-Connectivity-Optimization-CDC2026\lite_trials\sweep\lambda2_only\checkpoints\best.pt,ppo,19000,C:\Users\erich\Documents\AFRL\Algebraic-Connectivity-Optimization-CDC2026\lite_trials\lite_config.yaml,full,91,0.785518102372,1,3236,3236,0.785518102372035,3146,0.7328991212833232,66.69382003678241,9.323877799999536,9.323877799999536,9.323877799999536,path,path,path,90,0.0,0.0,False,,,False,1,path,64,4,RL+Path,1
best,C:\Users\erich\Documents\AFRL\Algebraic-Connectivity-Optimization-CDC2026\lite_trials\sweep\lambda2_only\checkpoints\best.pt,ppo,19000,C:\Users\erich\Documents\AFRL\Algebraic-Connectivity-Optimization-CDC2026\lite_trials\lite_config.yaml,full,91,0.785518102372,2,3236,3236,0.785518102372035,3146,0.7328991212833232,66.69382003678241,9.395879700000478,9.395879700000478,9.395879700000478,path,path,path,90,0.0,0.0,False,,,False,1,path,64,4,RL+Path,2
best,C:\Users\erich\Documents\AFRL\Algebraic-Connectivity-Optimization-CDC2026\lite_trials\sweep\lambda2_only\checkpoints\best.pt,ppo,19000,C:\Users\erich\Documents\AFRL\Algebraic-Connectivity-Optimization-CDC2026\lite_trials\lite_config.yaml,full,91,0.785518102372,3,3236,3236,0.785518102372035,3146,0.7328991212833232,66.69382003678241,9.24995089999993,9.24995089999993,9.24995089999993,path,path,path,90,0.0,0.0,False,,,False,1,path,64,4,RL+Path,3
best,C:\Users\erich\Documents\AFRL\Algebraic-Connectivity-Optimization-CDC2026\lite_trials\sweep\lambda2_only\checkpoints\best.pt,ppo,19000,C:\Users\erich\Documents\AFRL\Algebraic-Connectivity-Optimization-CDC2026\lite_trials\lite_config.yaml,full,91,0.785518102372,4,3236,3236,0.785518102372035,3146,0.7328991212833232,66.69382003678241,9.241337499999645,9.241337499999645,9.241337499999645,path,path,path,90,0.0,0.0,False,,,False,1,path,64,4,RL+Path,4
best,C:\Users\erich\Documents\AFRL\Algebraic-Connectivity-Optimization-CDC2026\lite_trials\sweep\lambda2_only\checkpoints\best.pt,ppo,19000,C:\Users\erich\Documents\AFRL\Algebraic-Connectivity-Optimization-CDC2026\lite_trials\lite_config.yaml,full,91,0.856928838951,0,3522,3522,0.8569288389513109,3432,0.8202969482077603,74.64702228690619,10.651766799999677,10.651766799999677,10.651766799999677,path,path,path,90,0.0,0.0,False,,,False,1,path,64,4,RL+Path,0
best,C:\Users\erich\Documents\AFRL\Algebraic-Connectivity-Optimization-CDC2026\lite_trials\sweep\lambda2_only\checkpoints\best.pt,ppo,19000,C:\Users\erich\Documents\AFRL\Algebraic-Connectivity-Optimization-CDC2026\lite_trials\lite_config.yaml,full,91,0.856928838951,1,3522,3522,0.8569288389513109,3432,0.8202969482077603,74.64702228690619,11.749991300000147,11.749991300000147,11.749991300000147,path,path,path,90,0.0,0.0,False,,,False,1,path,64,4,RL+Path,1
best,C:\Users\erich\Documents\AFRL\Algebraic-Connectivity-Optimization-CDC2026\lite_trials\sweep\lambda2_only\checkpoints\best.pt,ppo,19000,C:\Users\erich\Documents\AFRL\Algebraic-Connectivity-Optimization-CDC2026\lite_trials\lite_config.yaml,full,91,0.856928838951,2,3522,3522,0.8569288389513109,3432,0.8202969482077603,74.64702228690619,13.55903330000001,13.55903330000001,13.55903330000001,path,path,path,90,0.0,0.0,False,,,False,1,path,64,4,RL+Path,2
best,C:\Users\erich\Documents\AFRL\Algebraic-Connectivity-Optimization-CDC2026\lite_trials\sweep\lambda2_only\checkpoints\best.pt,ppo,19000,C:\Users\erich\Documents\AFRL\Algebraic-Connectivity-Optimization-CDC2026\lite_trials\lite_config.yaml,full,91,0.856928838951,3,3522,3522,0.8569288389513109,3432,0.8202969482077603,74.64702228690619,13.497605499999736,13.497605499999736,13.497605499999736,path,path,path,90,0.0,0.0,False,,,False,1,path,64,4,RL+Path,3
best,C:\Users\erich\Documents\AFRL\Algebraic-Connectivity-Optimization-CDC2026\lite_trials\sweep\lambda2_only\checkpoints\best.pt,ppo,19000,C:\Users\erich\Documents\AFRL\Algebraic-Connectivity-Optimization-CDC2026\lite_trials\lite_config.yaml,full,91,0.856928838951,4,3522,3522,0.8569288389513109,3432,0.8202969482077603,74.64702228690619,13.71593699999994,13.71593699999994,13.71593699999994,path,path,path,90,0.0,0.0,False,,,False,1,path,64,4,RL+Path,4
best,C:\Users\erich\Documents\AFRL\Algebraic-Connectivity-Optimization-CDC2026\lite_trials\sweep\lambda2_only\checkpoints\best.pt,ppo,19000,C:\Users\erich\Documents\AFRL\Algebraic-Connectivity-Optimization-CDC2026\lite_trials\lite_config.yaml,full,91,0.928339575531,0,3808,3808,0.9283395755305868,3718,0.8736362088820819,79.50089500826945,15.38854640000045,15.38854640000045,15.38854640000045,path,path,path,90,0.0,0.0,False,,,False,1,path,64,4,RL+Path,0
best,C:\Users\erich\Documents\AFRL\Algebraic-Connectivity-Optimization-CDC2026\lite_trials\sweep\lambda2_only\checkpoints\best.pt,ppo,19000,C:\Users\erich\Documents\AFRL\Algebraic-Connectivity-Optimization-CDC2026\lite_trials\lite_config.yaml,full,91,0.928339575531,1,3808,3808,0.9283395755305868,3718,0.8736362088820819,79.50089500826945,15.622130199999447,15.622130199999447,15.622130199999447,path,path,path,90,0.0,0.0,False,,,False,1,path,64,4,RL+Path,1
best,C:\Users\erich\Documents\AFRL\Algebraic-Connectivity-Optimization-CDC2026\lite_trials\sweep\lambda2_only\checkpoints\best.pt,ppo,19000,C:\Users\erich\Documents\AFRL\Algebraic-Connectivity-Optimization-CDC2026\lite_trials\lite_config.yaml,full,91,0.928339575531,2,3808,3808,0.9283395755305868,3718,0.8736362088820819,79.50089500826945,15.434474100000443,15.434474100000443,15.434474100000443,path,path,path,90,0.0,0.0,False,,,False,1,path,64,4,RL+Path,2
best,C:\Users\erich\Documents\AFRL\Algebraic-Connectivity-Optimization-CDC2026\lite_trials\sweep\lambda2_only\checkpoints\best.pt,ppo,19000,C:\Users\erich\Documents\AFRL\Algebraic-Connectivity-Optimization-CDC2026\lite_trials\lite_config.yaml,full,91,0.928339575531,3,3808,3808,0.9283395755305868,3718,0.8736362088820819,79.50089500826945,15.46966809999958,15.46966809999958,15.46966809999958,path,path,path,90,0.0,0.0,False,,,False,1,path,64,4,RL+Path,3
best,C:\Users\erich\Documents\AFRL\Algebraic-Connectivity-Optimization-CDC2026\lite_trials\sweep\lambda2_only\checkpoints\best.pt,ppo,19000,C:\Users\erich\Documents\AFRL\Algebraic-Connectivity-Optimization-CDC2026\lite_trials\lite_config.yaml,full,91,0.928339575531,4,3808,3808,0.9283395755305868,3718,0.8736362088820819,79.50089500826945,15.441552499999489,15.441552499999489,15.441552499999489,path,path,path,90,0.0,0.0,False,,,False,1,path,64,4,RL+Path,4
best,C:\Users\erich\Documents\AFRL\Algebraic-Connectivity-Optimization-CDC2026\lite_trials\sweep\lambda2_only\checkpoints\best.pt,ppo,19000,C:\Users\erich\Documents\AFRL\Algebraic-Connectivity-Optimization-CDC2026\lite_trials\lite_config.yaml,full,91,0.99975031211,0,4094,4094,0.9997503121098626,4004,0.9780454135723883,89.00213263508734,17.4498552999994,17.4498552999994,17.4498552999994,path,path,path,90,0.0,0.0,False,,,False,1,path,64,4,RL+Path,0
best,C:\Users\erich\Documents\AFRL\Algebraic-Connectivity-Optimization-CDC2026\lite_trials\sweep\lambda2_only\checkpoints\best.pt,ppo,19000,C:\Users\erich\Documents\AFRL\Algebraic-Connectivity-Optimization-CDC2026\lite_trials\lite_config.yaml,full,91,0.99975031211,1,4094,4094,0.9997503121098626,4004,0.9780454135723883,89.00213263508734,17.491445499999827,17.491445499999827,17.491445499999827,path,path,path,90,0.0,0.0,False,,,False,1,path,64,4,RL+Path,1
best,C:\Users\erich\Documents\AFRL\Algebraic-Connectivity-Optimization-CDC2026\lite_trials\sweep\lambda2_only\checkpoints\best.pt,ppo,19000,C:\Users\erich\Documents\AFRL\Algebraic-Connectivity-Optimization-CDC2026\lite_trials\lite_config.yaml,full,91,0.99975031211,2,4094,4094,0.9997503121098626,4004,0.9780454135723883,89.00213263508734,17.340138300000035,17.340138300000035,17.340138300000035,path,path,path,90,0.0,0.0,False,,,False,1,path,64,4,RL+Path,2
best,C:\Users\erich\Documents\AFRL\Algebraic-Connectivity-Optimization-CDC2026\lite_trials\sweep\lambda2_only\checkpoints\best.pt,ppo,19000,C:\Users\erich\Documents\AFRL\Algebraic-Connectivity-Optimization-CDC2026\lite_trials\lite_config.yaml,full,91,0.99975031211,3,4094,4094,0.9997503121098626,4004,0.9780454135723883,89.00213263508734,17.476236499999686,17.476236499999686,17.476236499999686,path,path,path,90,0.0,0.0,False,,,False,1,path,64,4,RL+Path,3
best,C:\Users\erich\Documents\AFRL\Algebraic-Connectivity-Optimization-CDC2026\lite_trials\sweep\lambda2_only\checkpoints\best.pt,ppo,19000,C:\Users\erich\Documents\AFRL\Algebraic-Connectivity-Optimization-CDC2026\lite_trials\lite_config.yaml,full,91,0.99975031211,4,4094,4094,0.9997503121098626,4004,0.9780454135723883,89.00213263508734,17.538905299999897,17.538905299999897,17.538905299999897,path,path,path,90,0.0,0.0,False,,,False,1,path,64,4,RL+Path,4
best,C:\Users\erich\Documents\AFRL\Algebraic-Connectivity-Optimization-CDC2026\lite_trials\sweep\lambda2_only\checkpoints\best.pt,ppo,19000,C:\Users\erich\Documents\AFRL\Algebraic-Connectivity-Optimization-CDC2026\lite_trials\lite_config.yaml,full,91,0.00024968789,0,91,91,0.00024968789013732833,1,0.01098901098901096,0.9999999999999974,0.007151300000259653,0.007151300000259653,0.008011500000066007,backbone,envelope_only,envelope,90,1.0,0.0008601999998063548,False,,,False,1,envelope,64,4,RL+Backbone,0
best,C:\Users\erich\Documents\AFRL\Algebraic-Connectivity-Optimization-CDC2026\lite_trials\sweep\lambda2_only\checkpoints\best.pt,ppo,19000,C:\Users\erich\Documents\AFRL\Algebraic-Connectivity-Optimization-CDC2026\lite_trials\lite_config.yaml,full,91,0.00024968789,1,91,91,0.00024968789013732833,1,0.01098901098901096,0.9999999999999974,0.005639300000439107,0.005639300000439107,0.005873800000699703,backbone,envelope_only,envelope,90,1.0,0.0002345000002605957,False,,,False,1,envelope,64,4,RL+Backbone,1
best,C:\Users\erich\Documents\AFRL\Algebraic-Connectivity-Optimization-CDC2026\lite_trials\sweep\lambda2_only\checkpoints\best.pt,ppo,19000,C:\Users\erich\Documents\AFRL\Algebraic-Connectivity-Optimization-CDC2026\lite_trials\lite_config.yaml,full,91,0.00024968789,2,91,91,0.00024968789013732833,1,0.01098901098901096,0.9999999999999974,0.003719000000273809,0.003719000000273809,0.003982299999734096,backbone,envelope_only,envelope,90,1.0,0.0002632999994602869,False,,,False,1,envelope,64,4,RL+Backbone,2
best,C:\Users\erich\Documents\AFRL\Algebraic-Connectivity-Optimization-CDC2026\lite_trials\sweep\lambda2_only\checkpoints\best.pt,ppo,19000,C:\Users\erich\Documents\AFRL\Algebraic-Connectivity-Optimization-CDC2026\lite_trials\lite_config.yaml,full,91,0.00024968789,3,91,91,0.00024968789013732833,1,0.01098901098901096,0.9999999999999974,0.0032930999996096944,0.0032930999996096944,0.0037394000000858796,backbone,envelope_only,envelope,90,1.0,0.00044630000047618523,False,,,False,1,envelope,64,4,RL+Backbone,3
best,C:\Users\erich\Documents\AFRL\Algebraic-Connectivity-Optimization-CDC2026\lite_trials\sweep\lambda2_only\checkpoints\best.pt,ppo,19000,C:\Users\erich\Documents\AFRL\Algebraic-Connectivity-Optimization-CDC2026\lite_trials\lite_config.yaml,full,91,0.00024968789,4,91,91,0.00024968789013732833,1,0.01098901098901096,0.9999999999999974,0.003580300000066927,0.003580300000066927,0.003776300000026822,backbone,envelope_only,envelope,90,1.0,0.00019599999995989492,False,,,False,1,envelope,64,4,RL+Backbone,4
best,C:\Users\erich\Documents\AFRL\Algebraic-Connectivity-Optimization-CDC2026\lite_trials\sweep\lambda2_only\checkpoints\best.pt,ppo,19000,C:\Users\erich\Documents\AFRL\Algebraic-Connectivity-Optimization-CDC2026\lite_trials\lite_config.yaml,full,91,0.071660424469,0,377,377,0.07166042446941323,17,0.0794032089890951,7.2256920180076545,0.10888859999977285,0.10888859999977285,0.1669014999997671,backbone,both,cayley,360,4.188989839037466,0.13494679999985237,False,2,,True,2,"cayley,envelope",64,4,RL+Backbone,0
best,C:\Users\erich\Documents\AFRL\Algebraic-Connectivity-Optimization-CDC2026\lite_trials\sweep\lambda2_only\checkpoints\best.pt,ppo,19000,C:\Users\erich\Documents\AFRL\Algebraic-Connectivity-Optimization-CDC2026\lite_trials\lite_config.yaml,full,91,0.071660424469,1,377,377,0.07166042446941323,17,0.09009678092938278,8.198807064573833,0.10448670000005222,0.10448670000005222,0.17006000000037602,backbone,both,cayley,360,4.281660978444258,0.133624800000689,False,2,,True,2,"cayley,envelope",64,4,RL+Backbone,1
best,C:\Users\erich\Documents\AFRL\Algebraic-Connectivity-Optimization-CDC2026\lite_trials\sweep\lambda2_only\checkpoints\best.pt,ppo,19000,C:\Users\erich\Documents\AFRL\Algebraic-Connectivity-Optimization-CDC2026\lite_trials\lite_config.yaml,full,91,0.071660424469,2,377,377,0.07166042446941323,17,0.09313678512033953,8.475447445950897,0.10431789999984176,0.10431789999984176,0.16388649999953486,backbone,both,cayley,360,4.0504870286176615,0.13223049999942305,False,2,,True,2,"cayley,envelope",64,4,RL+Backbone,2
best,C:\Users\erich\Documents\AFRL\Algebraic-Connectivity-Optimization-CDC2026\lite_trials\sweep\lambda2_only\checkpoints\best.pt,ppo,19000,C:\Users\erich\Documents\AFRL\Algebraic-Connectivity-Optimization-CDC2026\lite_trials\lite_config.yaml,full,91,0.071660424469,3,377,377,0.07166042446941323,17,0.08666826985044988,7.8868125563909395,0.11059039999963716,0.11059039999963716,0.16091030000006867,backbone,both,cayley,360,4.064706988438584,0.1283133999995698,False,2,,True,2,"cayley,envelope",64,4,RL+Backbone,3
best,C:\Users\erich\Documents\AFRL\Algebraic-Connectivity-Optimization-CDC2026\lite_trials\sweep\lambda2_only\checkpoints\best.pt,ppo,19000,C:\Users\erich\Documents\AFRL\Algebraic-Connectivity-Optimization-CDC2026\lite_trials\lite_config.yaml,full,91,0.071660424469,4,377,377,0.07166042446941323,17,0.07891858787000144,7.181591496170132,0.10184000000026572,0.10184000000026572,0.16695909999998548,backbone,both,cayley,360,4.077422640634839,0.13530050000008487,False,2,,True,2,"cayley,envelope",64,4,RL+Backbone,4
best,C:\Users\erich\Documents\AFRL\Algebraic-Connectivity-Optimization-CDC2026\lite_trials\sweep\lambda2_only\checkpoints\best.pt,ppo,19000,C:\Users\erich\Documents\AFRL\Algebraic-Connectivity-Optimization-CDC2026\lite_trials\lite_config.yaml,full,91,0.143071161049,0,663,663,0.14307116104868914,33,0.10605361968589731,9.650879391416655,0.07890880000013567,0.07890880000013567,0.2207382000005964,backbone,cayley_only,cayley,630,9.321127444799135,0.14182940000046074,False,2,,False,1,cayley,64,4,RL+Backbone,0
best,C:\Users\erich\Documents\AFRL\Algebraic-Connectivity-Optimization-CDC2026\lite_trials\sweep\lambda2_only\checkpoints\best.pt,ppo,19000,C:\Users\erich\Documents\AFRL\Algebraic-Connectivity-Optimization-CDC2026\lite_trials\lite_config.yaml,full,91,0.143071161049,1,663,663,0.14307116104868914,33,0.1120330866290802,10.195010883246297,0.07833559999926365,0.07833559999926365,0.21718549999877723,backbone,cayley_only,cayley,630,9.555021578086814,0.13884989999951358,False,2,,False,1,cayley,64,4,RL+Backbone,1
best,C:\Users\erich\Documents\AFRL\Algebraic-Connectivity-Optimization-CDC2026\lite_trials\sweep\lambda2_only\checkpoints\best.pt,ppo,19000,C:\Users\erich\Documents\AFRL\Algebraic-Connectivity-Optimization-CDC2026\lite_trials\lite_config.yaml,full,91,0.143071161049,2,663,663,0.14307116104868914,33,0.10804630459434532,9.832213718085423,0.08558940000057191,0.08558940000057191,0.2166603000005125,backbone,cayley_only,cayley,630,9.261418531066674,0.1310708999999406,False,2,,False,1,cayley,64,4,RL+Backbone,2
best,C:\Users\erich\Documents\AFRL\Algebraic-Connectivity-Optimization-CDC2026\lite_trials\sweep\lambda2_only\checkpoints\best.pt,ppo,19000,C:\Users\erich\Documents\AFRL\Algebraic-Connectivity-Optimization-CDC2026\lite_trials\lite_config.yaml,full,91,0.143071161049,3,663,663,0.14307116104868914,33,0.10726611825905873,9.761216761574344,0.08601889999954437,0.08601889999954437,0.22444699999959994,backbone,cayley_only,cayley,630,9.302997676006079,0.13842810000005557,False,2,,False,1,cayley,64,4,RL+Backbone,3
best,C:\Users\erich\Documents\AFRL\Algebraic-Connectivity-Optimization-CDC2026\lite_trials\sweep\lambda2_only\checkpoints\best.pt,ppo,19000,C:\Users\erich\Documents\AFRL\Algebraic-Connectivity-Optimization-CDC2026\lite_trials\lite_config.yaml,full,91,0.143071161049,4,663,663,0.14307116104868914,33,0.10695780956593147,9.733160670499764,0.0798265999992509,0.0798265999992509,0.2133228999991843,backbone,cayley_only,cayley,630,9.11108926306756,0.1334962999999334,False,2,,False,1,cayley,64,4,RL+Backbone,4
best,C:\Users\erich\Documents\AFRL\Algebraic-Connectivity-Optimization-CDC2026\lite_trials\sweep\lambda2_only\checkpoints\best.pt,ppo,19000,C:\Users\erich\Documents\AFRL\Algebraic-Connectivity-Optimization-CDC2026\lite_trials\lite_config.yaml,full,91,0.214481897628,0,949,949,0.21448189762796505,4,0.18181163125196342,16.54485844392867,0.01238279999961378,0.01238279999961378,0.15247289999933855,backbone,cayley_only,cayley,945,15.840289429463455,0.14009009999972477,False,2,,False,1,cayley,64,4,RL+Backbone,0
best,C:\Users\erich\Documents\AFRL\Algebraic-Connectivity-Optimization-CDC2026\lite_trials\sweep\lambda2_only\checkpoints\best.pt,ppo,19000,C:\Users\erich\Documents\AFRL\Algebraic-Connectivity-Optimization-CDC2026\lite_trials\lite_config.yaml,full,91,0.214481897628,1,949,949,0.21448189762796505,4,0.17996453981593727,16.37677312325029,0.012651799999730429,0.012651799999730429,0.1498617999995986,backbone,cayley_only,cayley,945,15.825378389093053,0.13720999999986816,False,2,,False,1,cayley,64,4,RL+Backbone,1
best,C:\Users\erich\Documents\AFRL\Algebraic-Connectivity-Optimization-CDC2026\lite_trials\sweep\lambda2_only\checkpoints\best.pt,ppo,19000,C:\Users\erich\Documents\AFRL\Algebraic-Connectivity-Optimization-CDC2026\lite_trials\lite_config.yaml,full,91,0.214481897628,2,949,949,0.21448189762796505,4,0.18276245740072491,16.631383623465968,0.00981580000006943,0.00981580000006943,0.15924009999980626,backbone,cayley_only,cayley,945,15.595607203204986,0.14942429999973683,False,2,,False,1,cayley,64,4,RL+Backbone,2
best,C:\Users\erich\Documents\AFRL\Algebraic-Connectivity-Optimization-CDC2026\lite_trials\sweep\lambda2_only\checkpoints\best.pt,ppo,19000,C:\Users\erich\Documents\AFRL\Algebraic-Connectivity-Optimization-CDC2026\lite_trials\lite_config.yaml,full,91,0.214481897628,3,949,949,0.21448189762796505,4,0.17931894827497627,16.31802429302284,0.012811500000680098,0.012811500000680098,0.1590518000011798,backbone,cayley_only,cayley,945,15.70543297670077,0.1462403000004997,False,2,,False,1,cayley,64,4,RL+Backbone,3
best,C:\Users\erich\Documents\AFRL\Algebraic-Connectivity-Optimization-CDC2026\lite_trials\sweep\lambda2_only\checkpoints\best.pt,ppo,19000,C:\Users\erich\Documents\AFRL\Algebraic-Connectivity-Optimization-CDC2026\lite_trials\lite_config.yaml,full,91,0.214481897628,4,949,949,0.21448189762796505,4,0.17927791638731358,16.314290391245535,0.012731199999507226,0.012731199999507226,0.1559674999998606,backbone,cayley_only,cayley,945,15.780040026010091,0.14323630000035337,False,2,,False,1,cayley,64,4,RL+Backbone,4
best,C:\Users\erich\Documents\AFRL\Algebraic-Connectivity-Optimization-CDC2026\lite_trials\sweep\lambda2_only\checkpoints\best.pt,ppo,19000,C:\Users\erich\Documents\AFRL\Algebraic-Connectivity-Optimization-CDC2026\lite_trials\lite_config.yaml,full,91,0.285892634207,0,1235,1235,0.2858926342072409,20,0.27243678572783,24.79174750123253,0.06713240000044607,0.06713240000044607,0.21593870000015158,backbone,cayley_only,cayley,1215,21.893503443792007,0.14880629999970552,False,2,,False,1,cayley,64,4,RL+Backbone,0
best,C:\Users\erich\Documents\AFRL\Algebraic-Connectivity-Optimization-CDC2026\lite_trials\sweep\lambda2_only\checkpoints\best.pt,ppo,19000,C:\Users\erich\Documents\AFRL\Algebraic-Connectivity-Optimization-CDC2026\lite_trials\lite_config.yaml,full,91,0.285892634207,1,1235,1235,0.2858926342072409,20,0.2766284742843352,25.173191159874502,0.060376800000085495,0.060376800000085495,0.2129813000001377,backbone,cayley_only,cayley,1215,21.717672622828523,0.1526045000000522,False,2,,False,1,cayley,64,4,RL+Backbone,1
best,C:\Users\erich\Documents\AFRL\Algebraic-Connectivity-Optimization-CDC2026\lite_trials\sweep\lambda2_only\checkpoints\best.pt,ppo,19000,C:\Users\erich\Documents\AFRL\Algebraic-Connectivity-Optimization-CDC2026\lite_trials\lite_config.yaml,full,91,0.285892634207,2,1235,1235,0.2858926342072409,20,0.2750657939146035,25.030987246228918,0.06493179999961285,0.06493179999961285,0.21539799999936804,backbone,cayley_only,cayley,1215,21.73237283421249,0.1504661999997552,False,2,,False,1,cayley,64,4,RL+Backbone,2
best,C:\Users\erich\Documents\AFRL\Algebraic-Connectivity-Optimization-CDC2026\lite_trials\sweep\lambda2_only\checkpoints\best.pt,ppo,19000,C:\Users\erich\Documents\AFRL\Algebraic-Connectivity-Optimization-CDC2026\lite_trials\lite_config.yaml,full,91,0.285892634207,3,1235,1235,0.2858926342072409,20,0.2733186234753905,24.871994736260536,0.06562000000030821,0.06562000000030821,0.2150342000004457,backbone,cayley_only,cayley,1215,21.74148138189659,0.1494142000001375,False,2,,False,1,cayley,64,4,RL+Backbone,3
best,C:\Users\erich\Documents\AFRL\Algebraic-Connectivity-Optimization-CDC2026\lite_trials\sweep\lambda2_only\checkpoints\best.pt,ppo,19000,C:\Users\erich\Documents\AFRL\Algebraic-Connectivity-Optimization-CDC2026\lite_trials\lite_config.yaml,full,91,0.285892634207,4,1235,1235,0.2858926342072409,20,0.2677149330578995,24.362058908268857,0.07008560000031139,0.07008560000031139,0.2181484000002456,backbone,cayley_only,cayley,1215,21.630331782543152,0.1480627999999342,False,2,,False,1,cayley,64,4,RL+Backbone,4
best,C:\Users\erich\Documents\AFRL\Algebraic-Connectivity-Optimization-CDC2026\lite_trials\sweep\lambda2_only\checkpoints\best.pt,ppo,19000,C:\Users\erich\Documents\AFRL\Algebraic-Connectivity-Optimization-CDC2026\lite_trials\lite_config.yaml,full,91,0.357303370787,0,1521,1521,0.35730337078651686,36,0.3196698032465929,29.08995209543995,0.12836090000018885,0.12836090000018885,0.27441819999967265,backbone,cayley_only,cayley,1485,28.23556926379106,0.1460572999994838,False,2,,False,1,cayley,64,4,RL+Backbone,0
best,C:\Users\erich\Documents\AFRL\Algebraic-Connectivity-Optimization-CDC2026\lite_trials\sweep\lambda2_only\checkpoints\best.pt,ppo,19000,C:\Users\erich\Documents\AFRL\Algebraic-Connectivity-Optimization-CDC2026\lite_trials\lite_config.yaml,full,91,0.357303370787,1,1521,1521,0.35730337078651686,36,0.31817749855772487,28.954152368752965,0.13095219999922847,0.13095219999922847,0.28501389999928506,backbone,cayley_only,cayley,1485,28.195541762313884,0.1540617000000566,False,2,,False,1,cayley,64,4,RL+Backbone,1
best,C:\Users\erich\Documents\AFRL\Algebraic-Connectivity-Optimization-CDC2026\lite_trials\sweep\lambda2_only\checkpoints\best.pt,ppo,19000,C:\Users\erich\Documents\AFRL\Algebraic-Connectivity-Optimization-CDC2026\lite_trials\lite_config.yaml,full,91,0.357303370787,2,1521,1521,0.35730337078651686,36,0.3157194888276993,28.730473483320637,0.12099570000009408,0.12099570000009408,0.2713374000004478,backbone,cayley_only,cayley,1485,28.035058008185892,0.15034170000035374,False,2,,False,1,cayley,64,4,RL+Backbone,2
best,C:\Users\erich\Documents\AFRL\Algebraic-Connectivity-Optimization-CDC2026\lite_trials\sweep\lambda2_only\checkpoints\best.pt,ppo,19000,C:\Users\erich\Documents\AFRL\Algebraic-Connectivity-Optimization-CDC2026\lite_trials\lite_config.yaml,full,91,0.357303370787,3,1521,1521,0.35730337078651686,36,0.32146379239866235,29.253205108278273,0.12395209999976942,0.12395209999976942,0.2727665000002162,backbone,cayley_only,cayley,1485,28.14210041804453,0.14881440000044677,False,2,,False,1,cayley,64,4,RL+Backbone,3
best,C:\Users\erich\Documents\AFRL\Algebraic-Connectivity-Optimization-CDC2026\lite_trials\sweep\lambda2_only\checkpoints\best.pt,ppo,19000,C:\Users\erich\Documents\AFRL\Algebraic-Connectivity-Optimization-CDC2026\lite_trials\lite_config.yaml,full,91,0.357303370787,4,1521,1521,0.35730337078651686,36,0.32224511439661524,29.324305410091988,0.14064000000053056,0.14064000000053056,0.29300360000070214,backbone,cayley_only,cayley,1485,28.14066524379569,0.15236360000017157,False,2,,False,1,cayley,64,4,RL+Backbone,4
best,C:\Users\erich\Documents\AFRL\Algebraic-Connectivity-Optimization-CDC2026\lite_trials\sweep\lambda2_only\checkpoints\best.pt,ppo,19000,C:\Users\erich\Documents\AFRL\Algebraic-Connectivity-Optimization-CDC2026\lite_trials\lite_config.yaml,full,91,0.428714107366,0,1807,1807,0.42871410736579274,7,0.4111908598430689,37.41836824571927,0.03033899999991263,0.03033899999991263,0.1862450999997236,backbone,cayley_only,cayley,1800,36.20382543985903,0.15590609999981098,False,2,,False,1,cayley,64,4,RL+Backbone,0
best,C:\Users\erich\Documents\AFRL\Algebraic-Connectivity-Optimization-CDC2026\lite_trials\sweep\lambda2_only\checkpoints\best.pt,ppo,19000,C:\Users\erich\Documents\AFRL\Algebraic-Connectivity-Optimization-CDC2026\lite_trials\lite_config.yaml,full,91,0.428714107366,1,1807,1807,0.42871410736579274,7,0.41012980512071073,37.321812265984676,0.02791270000034274,0.02791270000034274,0.1811468000005334,backbone,cayley_only,cayley,1800,36.31407738058467,0.15323410000019067,False,2,,False,1,cayley,64,4,RL+Backbone,1
best,C:\Users\erich\Documents\AFRL\Algebraic-Connectivity-Optimization-CDC2026\lite_trials\sweep\lambda2_only\checkpoints\best.pt,ppo,19000,C:\Users\erich\Documents\AFRL\Algebraic-Connectivity-Optimization-CDC2026\lite_trials\lite_config.yaml,full,91,0.428714107366,2,1807,1807,0.42871410736579274,7,0.4054129687019289,36.89258015187553,0.03144449999945209,0.03144449999945209,0.18881359999886627,backbone,cayley_only,cayley,1800,36.14062924823648,0.15736909999941417,False,2,,False,1,cayley,64,4,RL+Backbone,2
best,C:\Users\erich\Documents\AFRL\Algebraic-Connectivity-Optimization-CDC2026\lite_trials\sweep\lambda2_only\checkpoints\best.pt,ppo,19000,C:\Users\erich\Documents\AFRL\Algebraic-Connectivity-Optimization-CDC2026\lite_trials\lite_config.yaml,full,91,0.428714107366,3,1807,1807,0.42871410736579274,7,0.4142839452416142,37.69983901698689,0.03005620000021736,0.03005620000021736,0.17824329999984911,backbone,cayley_only,cayley,1800,36.22801501270706,0.14818709999963176,False,2,,False,1,cayley,64,4,RL+Backbone,3
best,C:\Users\erich\Documents\AFRL\Algebraic-Connectivity-Optimization-CDC2026\lite_trials\sweep\lambda2_only\checkpoints\best.pt,ppo,19000,C:\Users\erich\Documents\AFRL\Algebraic-Connectivity-Optimization-CDC2026\lite_trials\lite_config.yaml,full,91,0.428714107366,4,1807,1807,0.42871410736579274,7,0.4135925058396361,37.636918031406886,0.030490699999973003,0.030490699999973003,0.18366400000013527,backbone,cayley_only,cayley,1800,36.301903360329774,0.15317330000016227,False,2,,False,1,cayley,64,4,RL+Backbone,4
best,C:\Users\erich\Documents\AFRL\Algebraic-Connectivity-Optimization-CDC2026\lite_trials\sweep\lambda2_only\checkpoints\best.pt,ppo,19000,C:\Users\erich\Documents\AFRL\Algebraic-Connectivity-Optimization-CDC2026\lite_trials\lite_config.yaml,full,91,0.500124843945,0,2093,2093,0.5001248439450686,23,0.5489276494756952,49.95241610228826,0.13542299999971874,0.13542299999971874,0.30105599999933474,backbone,both,envelope,2070,45.0,0.165632999999616,False,,,True,2,"cayley,envelope",64,4,RL+Backbone,0
best,C:\Users\erich\Documents\AFRL\Algebraic-Connectivity-Optimization-CDC2026\lite_trials\sweep\lambda2_only\checkpoints\best.pt,ppo,19000,C:\Users\erich\Documents\AFRL\Algebraic-Connectivity-Optimization-CDC2026\lite_trials\lite_config.yaml,full,91,0.500124843945,1,2093,2093,0.5001248439450686,23,0.5489276494756952,49.95241610228826,0.13414019999981974,0.13414019999981974,0.2944097999998121,backbone,both,envelope,2070,45.0,0.16026959999999235,False,,,True,2,"cayley,envelope",64,4,RL+Backbone,1
best,C:\Users\erich\Documents\AFRL\Algebraic-Connectivity-Optimization-CDC2026\lite_trials\sweep\lambda2_only\checkpoints\best.pt,ppo,19000,C:\Users\erich\Documents\AFRL\Algebraic-Connectivity-Optimization-CDC2026\lite_trials\lite_config.yaml,full,91,0.500124843945,2,2093,2093,0.5001248439450686,23,0.5489276494756952,49.95241610228826,0.12293030000000726,0.12293030000000726,0.29690930000015214,backbone,both,envelope,2070,45.0,0.17397900000014488,False,,,True,2,"cayley,envelope",64,4,RL+Backbone,2
best,C:\Users\erich\Documents\AFRL\Algebraic-Connectivity-Optimization-CDC2026\lite_trials\sweep\lambda2_only\checkpoints\best.pt,ppo,19000,C:\Users\erich\Documents\AFRL\Algebraic-Connectivity-Optimization-CDC2026\lite_trials\lite_config.yaml,full,91,0.500124843945,3,2093,2093,0.5001248439450686,23,0.5489276494756952,49.95241610228826,0.11942309999994905,0.11942309999994905,0.28200550000019575,backbone,both,envelope,2070,45.0,0.16536400000040885,False,,,True,2,"cayley,envelope",64,4,RL+Backbone,3
best,C:\Users\erich\Documents\AFRL\Algebraic-Connectivity-Optimization-CDC2026\lite_trials\sweep\lambda2_only\checkpoints\best.pt,ppo,19000,C:\Users\erich\Documents\AFRL\Algebraic-Connectivity-Optimization-CDC2026\lite_trials\lite_config.yaml,full,91,0.500124843945,4,2093,2093,0.5001248439450686,23,0.5489276494756952,49.95241610228826,0.12577750000036758,0.12577750000036758,0.2921323000000484,backbone,both,envelope,2070,45.0,0.1737014000000272,False,,,True,2,"cayley,envelope",64,4,RL+Backbone,4
best,C:\Users\erich\Documents\AFRL\Algebraic-Connectivity-Optimization-CDC2026\lite_trials\sweep\lambda2_only\checkpoints\best.pt,ppo,19000,C:\Users\erich\Documents\AFRL\Algebraic-Connectivity-Optimization-CDC2026\lite_trials\lite_config.yaml,full,91,0.571285892634,0,2378,2378,0.5712858926342073,38,0.5470726213156532,49.78360853972444,0.1915430999997625,0.1915430999997625,0.4738177999997788,backbone,both,cayley,2340,47.78957007774036,0.2822747000000163,False,2,,True,2,"cayley,envelope",64,4,RL+Backbone,0
best,C:\Users\erich\Documents\AFRL\Algebraic-Connectivity-Optimization-CDC2026\lite_trials\sweep\lambda2_only\checkpoints\best.pt,ppo,19000,C:\Users\erich\Documents\AFRL\Algebraic-Connectivity-Optimization-CDC2026\lite_trials\lite_config.yaml,full,91,0.571285892634,1,2378,2378,0.5712858926342073,26,0.5446603257785603,49.56408964584899,0.18789269999979297,0.18789269999979297,0.4670339000003878,backbone,both,envelope,2352,49.0,0.27914120000059484,False,,,True,2,"cayley,envelope",64,4,RL+Backbone,1
best,C:\Users\erich\Documents\AFRL\Algebraic-Connectivity-Optimization-CDC2026\lite_trials\sweep\lambda2_only\checkpoints\best.pt,ppo,19000,C:\Users\erich\Documents\AFRL\Algebraic-Connectivity-Optimization-CDC2026\lite_trials\lite_config.yaml,full,91,0.571285892634,2,2378,2378,0.5712858926342073,26,0.5446603257785603,49.56408964584899,0.18342300000040268,0.18342300000040268,0.47106670000084705,backbone,both,envelope,2352,49.0,0.2900599000004149,False,,,True,2,"cayley,envelope",64,4,RL+Backbone,2
best,C:\Users\erich\Documents\AFRL\Algebraic-Connectivity-Optimization-CDC2026\lite_trials\sweep\lambda2_only\checkpoints\best.pt,ppo,19000,C:\Users\erich\Documents\AFRL\Algebraic-Connectivity-Optimization-CDC2026\lite_trials\lite_config.yaml,full,91,0.571285892634,3,2378,2378,0.5712858926342073,26,0.5446603257785603,49.56408964584899,0.1779207999998107,0.1779207999998107,0.4570875999997952,backbone,both,envelope,2352,49.0,0.28020049999940966,False,,,True,2,"cayley,envelope",64,4,RL+Backbone,3
best,C:\Users\erich\Documents\AFRL\Algebraic-Connectivity-Optimization-CDC2026\lite_trials\sweep\lambda2_only\checkpoints\best.pt,ppo,19000,C:\Users\erich\Documents\AFRL\Algebraic-Connectivity-Optimization-CDC2026\lite_trials\lite_config.yaml,full,91,0.571285892634,4,2378,2378,0.5712858926342073,38,0.5489124450574427,49.95103250022729,0.18752319999930478,0.18752319999930478,0.47561249999944266,backbone,both,cayley,2340,47.789570077740336,0.2880893000001379,False,2,,True,2,"cayley,envelope",64,4,RL+Backbone,4
best,C:\Users\erich\Documents\AFRL\Algebraic-Connectivity-Optimization-CDC2026\lite_trials\sweep\lambda2_only\checkpoints\best.pt,ppo,19000,C:\Users\erich\Documents\AFRL\Algebraic-Connectivity-Optimization-CDC2026\lite_trials\lite_config.yaml,full,91,0.642696629213,0,2664,2664,0.6426966292134831,82,0.6806337834555362,61.93767429445379,0.41079140000056213,0.41079140000056213,0.5135703000005378,backbone,both,cayley,2582,54.274317797167534,0.10277889999997569,False,3,,True,2,"cayley,envelope",64,4,RL+Backbone,0
best,C:\Users\erich\Documents\AFRL\Algebraic-Connectivity-Optimization-CDC2026\lite_trials\sweep\lambda2_only\checkpoints\best.pt,ppo,19000,C:\Users\erich\Documents\AFRL\Algebraic-Connectivity-Optimization-CDC2026\lite_trials\lite_config.yaml,full,91,0.642696629213,1,2664,2664,0.6426966292134831,82,0.6806337834555369,61.93767429445386,0.4428165999997873,0.4428165999997873,0.5429204999991271,backbone,both,cayley,2582,54.274317797167505,0.10010389999933977,False,3,,True,2,"cayley,envelope",64,4,RL+Backbone,1
best,C:\Users\erich\Documents\AFRL\Algebraic-Connectivity-Optimization-CDC2026\lite_trials\sweep\lambda2_only\checkpoints\best.pt,ppo,19000,C:\Users\erich\Documents\AFRL\Algebraic-Connectivity-Optimization-CDC2026\lite_trials\lite_config.yaml,full,91,0.642696629213,2,2664,2664,0.6426966292134831,82,0.6641393557572547,60.436681373910176,0.4269607000005635,0.4269607000005635,0.5269152000009854,backbone,both,cayley,2582,54.272990055601575,0.09995450000042183,False,3,,True,2,"cayley,envelope",64,4,RL+Backbone,2
best,C:\Users\erich\Documents\AFRL\Algebraic-Connectivity-Optimization-CDC2026\lite_trials\sweep\lambda2_only\checkpoints\best.pt,ppo,19000,C:\Users\erich\Documents\AFRL\Algebraic-Connectivity-Optimization-CDC2026\lite_trials\lite_config.yaml,full,91,0.642696629213,3,2664,2664,0.6426966292134831,83,0.6710543357597412,61.06594455413644,0.42113569999946776,0.42113569999946776,0.5180742999991708,backbone,both,cayley,2581,54.002514646980956,0.096938599999703,False,3,,True,2,"cayley,envelope",64,4,RL+Backbone,3
best,C:\Users\erich\Documents\AFRL\Algebraic-Connectivity-Optimization-CDC2026\lite_trials\sweep\lambda2_only\checkpoints\best.pt,ppo,19000,C:\Users\erich\Documents\AFRL\Algebraic-Connectivity-Optimization-CDC2026\lite_trials\lite_config.yaml,full,91,0.642696629213,4,2664,2664,0.6426966292134831,82,0.6806337834555374,61.9376742944539,0.408536500000082,0.408536500000082,0.5088155000003098,backbone,both,cayley,2582,54.27431779716751,0.10027900000022782,False,3,,True,2,"cayley,envelope",64,4,RL+Backbone,4
best,C:\Users\erich\Documents\AFRL\Algebraic-Connectivity-Optimization-CDC2026\lite_trials\sweep\lambda2_only\checkpoints\best.pt,ppo,19000,C:\Users\erich\Documents\AFRL\Algebraic-Connectivity-Optimization-CDC2026\lite_trials\lite_config.yaml,full,91,0.714107365793,0,2950,2950,0.714107365792759,25,0.7268512512353514,66.14346386241698,0.13459020000027522,0.13459020000027522,0.24520220000067638,backbone,both,cayley,2925,61.92128958041287,0.11061200000040117,False,4,,True,2,"cayley,envelope",64,4,RL+Backbone,0
best,C:\Users\erich\Documents\AFRL\Algebraic-Connectivity-Optimization-CDC2026\lite_trials\sweep\lambda2_only\checkpoints\best.pt,ppo,19000,C:\Users\erich\Documents\AFRL\Algebraic-Connectivity-Optimization-CDC2026\lite_trials\lite_config.yaml,full,91,0.714107365793,1,2950,2950,0.714107365792759,25,0.7268512512354034,66.14346386242171,0.14414970000052563,0.14414970000052563,0.252487700000529,backbone,both,cayley,2925,61.92128958041285,0.10833800000000338,False,4,,True,2,"cayley,envelope",64,4,RL+Backbone,1
best,C:\Users\erich\Documents\AFRL\Algebraic-Connectivity-Optimization-CDC2026\lite_trials\sweep\lambda2_only\checkpoints\best.pt,ppo,19000,C:\Users\erich\Documents\AFRL\Algebraic-Connectivity-Optimization-CDC2026\lite_trials\lite_config.yaml,full,91,0.714107365793,2,2950,2950,0.714107365792759,25,0.726851251235371,66.14346386241876,0.14108310000028723,0.14108310000028723,0.2543972000003123,backbone,both,cayley,2925,61.92128958041286,0.11331410000002506,False,4,,True,2,"cayley,envelope",64,4,RL+Backbone,2
best,C:\Users\erich\Documents\AFRL\Algebraic-Connectivity-Optimization-CDC2026\lite_trials\sweep\lambda2_only\checkpoints\best.pt,ppo,19000,C:\Users\erich\Documents\AFRL\Algebraic-Connectivity-Optimization-CDC2026\lite_trials\lite_config.yaml,full,91,0.714107365793,3,2950,2950,0.714107365792759,25,0.7268512512353995,66.14346386242136,0.1347515999996176,0.1347515999996176,0.24403179999990243,backbone,both,cayley,2925,61.92128958041287,0.10928020000028482,False,4,,True,2,"cayley,envelope",64,4,RL+Backbone,3
best,C:\Users\erich\Documents\AFRL\Algebraic-Connectivity-Optimization-CDC2026\lite_trials\sweep\lambda2_only\checkpoints\best.pt,ppo,19000,C:\Users\erich\Documents\AFRL\Algebraic-Connectivity-Optimization-CDC2026\lite_trials\lite_config.yaml,full,91,0.714107365793,4,2950,2950,0.714107365792759,25,0.7268512512353704,66.14346386241871,0.14257400000042253,0.14257400000042253,0.24866230000043288,backbone,both,cayley,2925,61.92128958041289,0.10608830000001035,False,4,,True,2,"cayley,envelope",64,4,RL+Backbone,4
best,C:\Users\erich\Documents\AFRL\Algebraic-Connectivity-Optimization-CDC2026\lite_trials\sweep\lambda2_only\checkpoints\best.pt,ppo,19000,C:\Users\erich\Documents\AFRL\Algebraic-Connectivity-Optimization-CDC2026\lite_trials\lite_config.yaml,full,91,0.785518102372,0,3236,3236,0.785518102372035,2,0.7697940261979326,70.05125638401186,0.01897599999938393,0.01897599999938393,0.021489899999323825,backbone,envelope_only,envelope,3234,70.0,0.0025138999999398948,False,,,False,1,envelope,64,4,RL+Backbone,0
best,C:\Users\erich\Documents\AFRL\Algebraic-Connectivity-Optimization-CDC2026\lite_trials\sweep\lambda2_only\checkpoints\best.pt,ppo,19000,C:\Users\erich\Documents\AFRL\Algebraic-Connectivity-Optimization-CDC2026\lite_trials\lite_config.yaml,full,91,0.785518102372,1,3236,3236,0.785518102372035,2,0.7697940261979326,70.05125638401186,0.017863999999462976,0.017863999999462976,0.020555500000227767,backbone,envelope_only,envelope,3234,70.0,0.0026915000007647905,False,,,False,1,envelope,64,4,RL+Backbone,1
best,C:\Users\erich\Documents\AFRL\Algebraic-Connectivity-Optimization-CDC2026\lite_trials\sweep\lambda2_only\checkpoints\best.pt,ppo,19000,C:\Users\erich\Documents\AFRL\Algebraic-Connectivity-Optimization-CDC2026\lite_trials\lite_config.yaml,full,91,0.785518102372,2,3236,3236,0.785518102372035,2,0.7697940261979326,70.05125638401186,0.017015700000229117,0.017015700000229117,0.02016500000081578,backbone,envelope_only,envelope,3234,70.0,0.0031493000005866634,False,,,False,1,envelope,64,4,RL+Backbone,2
best,C:\Users\erich\Documents\AFRL\Algebraic-Connectivity-Optimization-CDC2026\lite_trials\sweep\lambda2_only\checkpoints\best.pt,ppo,19000,C:\Users\erich\Documents\AFRL\Algebraic-Connectivity-Optimization-CDC2026\lite_trials\lite_config.yaml,full,91,0.785518102372,3,3236,3236,0.785518102372035,2,0.7697940261979326,70.05125638401186,0.0176872000001822,0.0176872000001822,0.020420500000000175,backbone,envelope_only,envelope,3234,70.0,0.002733299999817973,False,,,False,1,envelope,64,4,RL+Backbone,3
best,C:\Users\erich\Documents\AFRL\Algebraic-Connectivity-Optimization-CDC2026\lite_trials\sweep\lambda2_only\checkpoints\best.pt,ppo,19000,C:\Users\erich\Documents\AFRL\Algebraic-Connectivity-Optimization-CDC2026\lite_trials\lite_config.yaml,full,91,0.785518102372,4,3236,3236,0.785518102372035,2,0.7697940261979326,70.05125638401186,0.016862700000274344,0.016862700000274344,0.01970750000054977,backbone,envelope_only,envelope,3234,70.0,0.002844800000275427,False,,,False,1,envelope,64,4,RL+Backbone,4
best,C:\Users\erich\Documents\AFRL\Algebraic-Connectivity-Optimization-CDC2026\lite_trials\sweep\lambda2_only\checkpoints\best.pt,ppo,19000,C:\Users\erich\Documents\AFRL\Algebraic-Connectivity-Optimization-CDC2026\lite_trials\lite_config.yaml,full,91,0.856928838951,0,3522,3522,0.8569288389513109,57,0.8370616984490985,76.17261455886796,0.4679332000005161,0.4679332000005161,0.47023930000068503,backbone,envelope_only,envelope,3465,76.0,0.0023061000001689536,False,,,False,1,envelope,64,4,RL+Backbone,0
best,C:\Users\erich\Documents\AFRL\Algebraic-Connectivity-Optimization-CDC2026\lite_trials\sweep\lambda2_only\checkpoints\best.pt,ppo,19000,C:\Users\erich\Documents\AFRL\Algebraic-Connectivity-Optimization-CDC2026\lite_trials\lite_config.yaml,full,91,0.856928838951,1,3522,3522,0.8569288389513109,57,0.8370616984490985,76.17261455886796,0.41369050000048446,0.41369050000048446,0.41652780000003986,backbone,envelope_only,envelope,3465,76.0,0.0028372999995553982,False,,,False,1,envelope,64,4,RL+Backbone,1
best,C:\Users\erich\Documents\AFRL\Algebraic-Connectivity-Optimization-CDC2026\lite_trials\sweep\lambda2_only\checkpoints\best.pt,ppo,19000,C:\Users\erich\Documents\AFRL\Algebraic-Connectivity-Optimization-CDC2026\lite_trials\lite_config.yaml,full,91,0.856928838951,2,3522,3522,0.8569288389513109,57,0.8370616984490985,76.17261455886796,0.43631400000049325,0.43631400000049325,0.4382920000007289,backbone,envelope_only,envelope,3465,76.0,0.0019780000002356246,False,,,False,1,envelope,64,4,RL+Backbone,2
best,C:\Users\erich\Documents\AFRL\Algebraic-Connectivity-Optimization-CDC2026\lite_trials\sweep\lambda2_only\checkpoints\best.pt,ppo,19000,C:\Users\erich\Documents\AFRL\Algebraic-Connectivity-Optimization-CDC2026\lite_trials\lite_config.yaml,full,91,0.856928838951,3,3522,3522,0.8569288389513109,57,0.8370616984490985,76.17261455886796,0.4526736999996501,0.4526736999996501,0.4553193999990981,backbone,envelope_only,envelope,3465,76.0,0.00264569999944797,False,,,False,1,envelope,64,4,RL+Backbone,3
best,C:\Users\erich\Documents\AFRL\Algebraic-Connectivity-Optimization-CDC2026\lite_trials\sweep\lambda2_only\checkpoints\best.pt,ppo,19000,C:\Users\erich\Documents\AFRL\Algebraic-Connectivity-Optimization-CDC2026\lite_trials\lite_config.yaml,full,91,0.856928838951,4,3522,3522,0.8569288389513109,57,0.8370616984490985,76.17261455886796,0.4759670000003098,0.4759670000003098,0.47847989999991114,backbone,envelope_only,envelope,3465,76.0,0.002512899999601359,False,,,False,1,envelope,64,4,RL+Backbone,4
best,C:\Users\erich\Documents\AFRL\Algebraic-Connectivity-Optimization-CDC2026\lite_trials\sweep\lambda2_only\checkpoints\best.pt,ppo,19000,C:\Users\erich\Documents\AFRL\Algebraic-Connectivity-Optimization-CDC2026\lite_trials\lite_config.yaml,full,91,0.928339575531,0,3808,3808,0.9283395755305868,24,0.9217819909503745,83.88216117648408,0.2098654000001261,0.2098654000001261,0.21220000000084838,backbone,envelope_only,envelope,3784,83.0,0.0023346000007222756,False,,,False,1,envelope,64,4,RL+Backbone,0
best,C:\Users\erich\Documents\AFRL\Algebraic-Connectivity-Optimization-CDC2026\lite_trials\sweep\lambda2_only\checkpoints\best.pt,ppo,19000,C:\Users\erich\Documents\AFRL\Algebraic-Connectivity-Optimization-CDC2026\lite_trials\lite_config.yaml,full,91,0.928339575531,1,3808,3808,0.9283395755305868,24,0.9217819909503745,83.88216117648408,0.2082511999997223,0.2082511999997223,0.2107042999996338,backbone,envelope_only,envelope,3784,83.0,0.002453099999911501,False,,,False,1,envelope,64,4,RL+Backbone,1
best,C:\Users\erich\Documents\AFRL\Algebraic-Connectivity-Optimization-CDC2026\lite_trials\sweep\lambda2_only\checkpoints\best.pt,ppo,19000,C:\Users\erich\Documents\AFRL\Algebraic-Connectivity-Optimization-CDC2026\lite_trials\lite_config.yaml,full,91,0.928339575531,2,3808,3808,0.9283395755305868,24,0.9217819909503745,83.88216117648408,0.19011890000001586,0.19011890000001586,0.19331329999931768,backbone,envelope_only,envelope,3784,83.0,0.0031943999993018224,False,,,False,1,envelope,64,4,RL+Backbone,2
best,C:\Users\erich\Documents\AFRL\Algebraic-Connectivity-Optimization-CDC2026\lite_trials\sweep\lambda2_only\checkpoints\best.pt,ppo,19000,C:\Users\erich\Documents\AFRL\Algebraic-Connectivity-Optimization-CDC2026\lite_trials\lite_config.yaml,full,91,0.928339575531,3,3808,3808,0.9283395755305868,24,0.9217819909503745,83.88216117648408,0.19590149999930873,0.19590149999930873,0.19893119999869668,backbone,envelope_only,envelope,3784,83.0,0.003029699999387958,False,,,False,1,envelope,64,4,RL+Backbone,3
best,C:\Users\erich\Documents\AFRL\Algebraic-Connectivity-Optimization-CDC2026\lite_trials\sweep\lambda2_only\checkpoints\best.pt,ppo,19000,C:\Users\erich\Documents\AFRL\Algebraic-Connectivity-Optimization-CDC2026\lite_trials\lite_config.yaml,full,91,0.928339575531,4,3808,3808,0.9283395755305868,24,0.9217819909503745,83.88216117648408,0.19892979999985982,0.19892979999985982,0.20189809999919817,backbone,envelope_only,envelope,3784,83.0,0.002968299999338342,False,,,False,1,envelope,64,4,RL+Backbone,4
best,C:\Users\erich\Documents\AFRL\Algebraic-Connectivity-Optimization-CDC2026\lite_trials\sweep\lambda2_only\checkpoints\best.pt,ppo,19000,C:\Users\erich\Documents\AFRL\Algebraic-Connectivity-Optimization-CDC2026\lite_trials\lite_config.yaml,full,91,0.99975031211,0,4094,4094,0.9997503121098626,44,0.9873740353635206,89.85103721808038,0.3416594999998779,0.3416594999998779,0.3448020000005272,backbone,envelope_only,envelope,4050,89.0,0.0031425000006493065,False,,,False,1,envelope,64,4,RL+Backbone,0
best,C:\Users\erich\Documents\AFRL\Algebraic-Connectivity-Optimization-CDC2026\lite_trials\sweep\lambda2_only\checkpoints\best.pt,ppo,19000,C:\Users\erich\Documents\AFRL\Algebraic-Connectivity-Optimization-CDC2026\lite_trials\lite_config.yaml,full,91,0.99975031211,1,4094,4094,0.9997503121098626,44,0.9873740353635206,89.85103721808038,0.3121792000001733,0.3121792000001733,0.31611879999945813,backbone,envelope_only,envelope,4050,89.0,0.003939599999284837,False,,,False,1,envelope,64,4,RL+Backbone,1
best,C:\Users\erich\Documents\AFRL\Algebraic-Connectivity-Optimization-CDC2026\lite_trials\sweep\lambda2_only\checkpoints\best.pt,ppo,19000,C:\Users\erich\Documents\AFRL\Algebraic-Connectivity-Optimization-CDC2026\lite_trials\lite_config.yaml,full,91,0.99975031211,2,4094,4094,0.9997503121098626,44,0.9873740353635206,89.85103721808038,0.3442150999999285,0.3442150999999285,0.34683810000024096,backbone,envelope_only,envelope,4050,89.0,0.0026230000003124587,False,,,False,1,envelope,64,4,RL+Backbone,2
best,C:\Users\erich\Documents\AFRL\Algebraic-Connectivity-Optimization-CDC2026\lite_trials\sweep\lambda2_only\checkpoints\best.pt,ppo,19000,C:\Users\erich\Documents\AFRL\Algebraic-Connectivity-Optimization-CDC2026\lite_trials\lite_config.yaml,full,91,0.99975031211,3,4094,4094,0.9997503121098626,44,0.9873740353635206,89.85103721808038,0.3239610000000539,0.3239610000000539,0.3265267999995558,backbone,envelope_only,envelope,4050,89.0,0.0025657999995019054,False,,,False,1,envelope,64,4,RL+Backbone,3
best,C:\Users\erich\Documents\AFRL\Algebraic-Connectivity-Optimization-CDC2026\lite_trials\sweep\lambda2_only\checkpoints\best.pt,ppo,19000,C:\Users\erich\Documents\AFRL\Algebraic-Connectivity-Optimization-CDC2026\lite_trials\lite_config.yaml,full,91,0.99975031211,4,4094,4094,0.9997503121098626,44,0.9873740353635206,89.85103721808038,0.36455689999911556,0.36455689999911556,0.368420499999047,backbone,envelope_only,envelope,4050,89.0,0.0038635999999314663,False,,,False,1,envelope,64,4,RL+Backbone,4
