checkpoint_label,checkpoint_path,checkpoint_algo,checkpoint_global_env_steps,config_path,rl_variant,n,rho_target,seed,m_target,m_final,rho_final,episode_len,terminal_lambda2_norm,terminal_lambda2,rl_runtime_sec,runtime_sec,runtime_total_sec,init_mode,init_route_label,init_family,init_edges,init_lambda2,init_build_runtime_sec,init_cache_hit,init_selected_index,init_errors,overlap_post_completion_selection,overlap_candidate_count,overlap_evaluated_families,top_k,dist_cap,method,repeat_idx,arm,arm_label
best,C:\Users\erich\Documents\AFRL\Algebraic-Connectivity-Optimization-CDC2026\lite_trials_new\runs\analytic\checkpoints\best.pt,ppo,1000,C:\Users\erich\Documents\AFRL\Algebraic-Connectivity-Optimization-CDC2026\lite_trials_new\configs\analytic.yaml,full,12,0.018181818182,0,12,12,0.01818181818181818,1,0.021211887375772485,0.25454264850926983,0.004518199999438366,0.004518199999438366,0.004518199999438366,path,path,path,11,0.0,0.0,False,,,False,1,path,64,4,RL+Path,0,analytic,Analytic (exact secular)
best,C:\Users\erich\Documents\AFRL\Algebraic-Connectivity-Optimization-CDC2026\lite_trials_new\runs\analytic\checkpoints\best.pt,ppo,1000,C:\Users\erich\Documents\AFRL\Algebraic-Connectivity-Optimization-CDC2026\lite_trials_new\configs\analytic.yaml,full,12,0.018181818182,1,12,12,0.01818181818181818,1,0.021211887375772485,0.25454264850926983,0.0017679999982647132,0.0017679999982647132,0.0017679999982647132,path,path,path,11,0.0,0.0,False,,,False,1,path,64,4,RL+Path,1,analytic,Analytic (exact secular)
best,C:\Users\erich\Documents\AFRL\Algebraic-Connectivity-Optimization-CDC2026\lite_trials_new\runs\analytic\checkpoints\best.pt,ppo,1000,C:\Users\erich\Documents\AFRL\Algebraic-Connectivity-Optimization-CDC2026\lite_trials_new\configs\analytic.yaml,full,12,0.018181818182,2,12,12,0.01818181818181818,1,0.021211887375772485,0.25454264850926983,0.0017821000001276843,0.0017821000001276843,0.0017821000001276843,path,path,path,11,0.0,0.0,False,,,False,1,path,64,4,RL+Path,2,analytic,Analytic (exact secular)
best,C:\Users\erich\Documents\AFRL\Algebraic-Connectivity-Optimization-CDC2026\lite_trials_new\runs\analytic\checkpoints\best.pt,ppo,1000,C:\Users\erich\Documents\AFRL\Algebraic-Connectivity-Optimization-CDC2026\lite_trials_new\configs\analytic.yaml,full,12,0.127272727273,0,18,18,0.12727272727272726,7,0.09886612477930579,1.1863934973516694,0.017607900001166854,0.017607900001166854,0.017607900001166854,path,path,path,11,0.0,0.0,False,,,False,1,path,64,4,RL+Path,0,analytic,Analytic (exact secular)
best,C:\Users\erich\Documents\AFRL\Algebraic-Connectivity-Optimization-CDC2026\lite_trials_new\runs\analytic\checkpoints\best.pt,ppo,1000,C:\Users\erich\Documents\AFRL\Algebraic-Connectivity-Optimization-CDC2026\lite_trials_new\configs\analytic.yaml,full,12,0.127272727273,1,18,18,0.12727272727272726,7,0.09886612477930579,1.1863934973516694,0.02093809999860241,0.02093809999860241,0.02093809999860241,path,path,path,11,0.0,0.0,False,,,False,1,path,64,4,RL+Path,1,analytic,Analytic (exact secular)
best,C:\Users\erich\Documents\AFRL\Algebraic-Connectivity-Optimization-CDC2026\lite_trials_new\runs\analytic\checkpoints\best.pt,ppo,1000,C:\Users\erich\Documents\AFRL\Algebraic-Connectivity-Optimization-CDC2026\lite_trials_new\configs\analytic.yaml,full,12,0.127272727273,2,18,18,0.12727272727272726,7,0.09886612477930579,1.1863934973516694,0.01733349999994971,0.01733349999994971,0.01733349999994971,path,path,path,11,0.0,0.0,False,,,False,1,path,64,4,RL+Path,2,analytic,Analytic (exact secular)
best,C:\Users\erich\Documents\AFRL\Algebraic-Connectivity-Optimization-CDC2026\lite_trials_new\runs\analytic\checkpoints\best.pt,ppo,1000,C:\Users\erich\Documents\AFRL\Algebraic-Connectivity-Optimization-CDC2026\lite_trials_new\configs\analytic.yaml,full,12,0.236363636364,0,24,24,0.23636363636363636,13,0.18794342765021663,2.2553211318025994,0.033639199999015545,0.033639199999015545,0.033639199999015545,path,path,path,11,0.0,0.0,False,,,False,1,path,64,4,RL+Path,0,analytic,Analytic (exact secular)
best,C:\Users\erich\Documents\AFRL\Algebraic-Connectivity-Optimization-CDC2026\lite_trials_new\runs\analytic\checkpoints\best.pt,ppo,1000,C:\Users\erich\Documents\AFRL\Algebraic-Connectivity-Optimization-CDC2026\lite_trials_new\configs\analytic.yaml,full,12,0.236363636364,1,24,24,0.23636363636363636,13,0.18794342765021663,2.2553211318025994,0.03715290000036475,0.03715290000036475,0.03715290000036475,path,path,path,11,0.0,0.0,False,,,False,1,path,64,4,RL+Path,1,analytic,Analytic (exact secular)
best,C:\Users\erich\Documents\AFRL\Algebraic-Connectivity-Optimization-CDC2026\lite_trials_new\runs\analytic\checkpoints\best.pt,ppo,1000,C:\Users\erich\Documents\AFRL\Algebraic-Connectivity-Optimization-CDC2026\lite_trials_new\configs\analytic.yaml,full,12,0.236363636364,2,24,24,0.23636363636363636,13,0.18794342765021663,2.2553211318025994,0.03326599999854807,0.03326599999854807,0.03326599999854807,path,path,path,11,0.0,0.0,False,,,False,1,path,64,4,RL+Path,2,analytic,Analytic (exact secular)
best,C:\Users\erich\Documents\AFRL\Algebraic-Connectivity-Optimization-CDC2026\lite_trials_new\runs\analytic\checkpoints\best.pt,ppo,1000,C:\Users\erich\Documents\AFRL\Algebraic-Connectivity-Optimization-CDC2026\lite_trials_new\configs\analytic.yaml,full,12,0.345454545455,0,30,30,0.34545454545454546,19,0.2783300990610264,3.3399611887323166,0.051054700001259334,0.051054700001259334,0.051054700001259334,path,path,path,11,0.0,0.0,False,,,False,1,path,64,4,RL+Path,0,analytic,Analytic (exact secular)
best,C:\Users\erich\Documents\AFRL\Algebraic-Connectivity-Optimization-CDC2026\lite_trials_new\runs\analytic\checkpoints\best.pt,ppo,1000,C:\Users\erich\Documents\AFRL\Algebraic-Connectivity-Optimization-CDC2026\lite_trials_new\configs\analytic.yaml,full,12,0.345454545455,1,30,30,0.34545454545454546,19,0.2783300990610264,3.3399611887323166,0.049073199999838835,0.049073199999838835,0.049073199999838835,path,path,path,11,0.0,0.0,False,,,False,1,path,64,4,RL+Path,1,analytic,Analytic (exact secular)
best,C:\Users\erich\Documents\AFRL\Algebraic-Connectivity-Optimization-CDC2026\lite_trials_new\runs\analytic\checkpoints\best.pt,ppo,1000,C:\Users\erich\Documents\AFRL\Algebraic-Connectivity-Optimization-CDC2026\lite_trials_new\configs\analytic.yaml,full,12,0.345454545455,2,30,30,0.34545454545454546,19,0.2783300990610264,3.3399611887323166,0.05214770000020508,0.05214770000020508,0.05214770000020508,path,path,path,11,0.0,0.0,False,,,False,1,path,64,4,RL+Path,2,analytic,Analytic (exact secular)
best,C:\Users\erich\Documents\AFRL\Algebraic-Connectivity-Optimization-CDC2026\lite_trials_new\runs\analytic\checkpoints\best.pt,ppo,1000,C:\Users\erich\Documents\AFRL\Algebraic-Connectivity-Optimization-CDC2026\lite_trials_new\configs\analytic.yaml,full,12,0.454545454545,0,36,36,0.45454545454545453,25,0.3728810365963733,4.474572439156479,0.061932399999932386,0.061932399999932386,0.061932399999932386,path,path,path,11,0.0,0.0,False,,,False,1,path,64,4,RL+Path,0,analytic,Analytic (exact secular)
best,C:\Users\erich\Documents\AFRL\Algebraic-Connectivity-Optimization-CDC2026\lite_trials_new\runs\analytic\checkpoints\best.pt,ppo,1000,C:\Users\erich\Documents\AFRL\Algebraic-Connectivity-Optimization-CDC2026\lite_trials_new\configs\analytic.yaml,full,12,0.454545454545,1,36,36,0.45454545454545453,25,0.3728810365963733,4.474572439156479,0.06504449999920325,0.06504449999920325,0.06504449999920325,path,path,path,11,0.0,0.0,False,,,False,1,path,64,4,RL+Path,1,analytic,Analytic (exact secular)
best,C:\Users\erich\Documents\AFRL\Algebraic-Connectivity-Optimization-CDC2026\lite_trials_new\runs\analytic\checkpoints\best.pt,ppo,1000,C:\Users\erich\Documents\AFRL\Algebraic-Connectivity-Optimization-CDC2026\lite_trials_new\configs\analytic.yaml,full,12,0.454545454545,2,36,36,0.45454545454545453,25,0.3728810365963733,4.474572439156479,0.08079449999786448,0.08079449999786448,0.08079449999786448,path,path,path,11,0.0,0.0,False,,,False,1,path,64,4,RL+Path,2,analytic,Analytic (exact secular)
best,C:\Users\erich\Documents\AFRL\Algebraic-Connectivity-Optimization-CDC2026\lite_trials_new\runs\analytic\checkpoints\best.pt,ppo,1000,C:\Users\erich\Documents\AFRL\Algebraic-Connectivity-Optimization-CDC2026\lite_trials_new\configs\analytic.yaml,full,12,0.545454545455,0,41,41,0.5454545454545454,30,0.45443335356393916,5.45320024276727,0.07797690000006696,0.07797690000006696,0.07797690000006696,path,path,path,11,0.0,0.0,False,,,False,1,path,64,4,RL+Path,0,analytic,Analytic (exact secular)
best,C:\Users\erich\Documents\AFRL\Algebraic-Connectivity-Optimization-CDC2026\lite_trials_new\runs\analytic\checkpoints\best.pt,ppo,1000,C:\Users\erich\Documents\AFRL\Algebraic-Connectivity-Optimization-CDC2026\lite_trials_new\configs\analytic.yaml,full,12,0.545454545455,1,41,41,0.5454545454545454,30,0.45443335356393916,5.45320024276727,0.07978559999901336,0.07978559999901336,0.07978559999901336,path,path,path,11,0.0,0.0,False,,,False,1,path,64,4,RL+Path,1,analytic,Analytic (exact secular)
best,C:\Users\erich\Documents\AFRL\Algebraic-Connectivity-Optimization-CDC2026\lite_trials_new\runs\analytic\checkpoints\best.pt,ppo,1000,C:\Users\erich\Documents\AFRL\Algebraic-Connectivity-Optimization-CDC2026\lite_trials_new\configs\analytic.yaml,full,12,0.545454545455,2,41,41,0.5454545454545454,30,0.45443335356393916,5.45320024276727,0.09028939999916474,0.09028939999916474,0.09028939999916474,path,path,path,11,0.0,0.0,False,,,False,1,path,64,4,RL+Path,2,analytic,Analytic (exact secular)
best,C:\Users\erich\Documents\AFRL\Algebraic-Connectivity-Optimization-CDC2026\lite_trials_new\runs\analytic\checkpoints\best.pt,ppo,1000,C:\Users\erich\Documents\AFRL\Algebraic-Connectivity-Optimization-CDC2026\lite_trials_new\configs\analytic.yaml,full,12,0.654545454545,0,47,47,0.6545454545454545,36,0.5404885892220589,6.485863070664706,0.09523049999916111,0.09523049999916111,0.09523049999916111,path,path,path,11,0.0,0.0,False,,,False,1,path,64,4,RL+Path,0,analytic,Analytic (exact secular)
best,C:\Users\erich\Documents\AFRL\Algebraic-Connectivity-Optimization-CDC2026\lite_trials_new\runs\analytic\checkpoints\best.pt,ppo,1000,C:\Users\erich\Documents\AFRL\Algebraic-Connectivity-Optimization-CDC2026\lite_trials_new\configs\analytic.yaml,full,12,0.654545454545,1,47,47,0.6545454545454545,36,0.5404885892220589,6.485863070664706,0.09616529999766499,0.09616529999766499,0.09616529999766499,path,path,path,11,0.0,0.0,False,,,False,1,path,64,4,RL+Path,1,analytic,Analytic (exact secular)
best,C:\Users\erich\Documents\AFRL\Algebraic-Connectivity-Optimization-CDC2026\lite_trials_new\runs\analytic\checkpoints\best.pt,ppo,1000,C:\Users\erich\Documents\AFRL\Algebraic-Connectivity-Optimization-CDC2026\lite_trials_new\configs\analytic.yaml,full,12,0.654545454545,2,47,47,0.6545454545454545,36,0.5404885892220589,6.485863070664706,0.09950260000186972,0.09950260000186972,0.09950260000186972,path,path,path,11,0.0,0.0,False,,,False,1,path,64,4,RL+Path,2,analytic,Analytic (exact secular)
best,C:\Users\erich\Documents\AFRL\Algebraic-Connectivity-Optimization-CDC2026\lite_trials_new\runs\analytic\checkpoints\best.pt,ppo,1000,C:\Users\erich\Documents\AFRL\Algebraic-Connectivity-Optimization-CDC2026\lite_trials_new\configs\analytic.yaml,full,12,0.763636363636,0,53,53,0.7636363636363637,42,0.619870598932597,7.438447187191164,0.10516739999729907,0.10516739999729907,0.10516739999729907,path,path,path,11,0.0,0.0,False,,,False,1,path,64,4,RL+Path,0,analytic,Analytic (exact secular)
best,C:\Users\erich\Documents\AFRL\Algebraic-Connectivity-Optimization-CDC2026\lite_trials_new\runs\analytic\checkpoints\best.pt,ppo,1000,C:\Users\erich\Documents\AFRL\Algebraic-Connectivity-Optimization-CDC2026\lite_trials_new\configs\analytic.yaml,full,12,0.763636363636,1,53,53,0.7636363636363637,42,0.619870598932597,7.438447187191164,0.10983999999734806,0.10983999999734806,0.10983999999734806,path,path,path,11,0.0,0.0,False,,,False,1,path,64,4,RL+Path,1,analytic,Analytic (exact secular)
best,C:\Users\erich\Documents\AFRL\Algebraic-Connectivity-Optimization-CDC2026\lite_trials_new\runs\analytic\checkpoints\best.pt,ppo,1000,C:\Users\erich\Documents\AFRL\Algebraic-Connectivity-Optimization-CDC2026\lite_trials_new\configs\analytic.yaml,full,12,0.763636363636,2,53,53,0.7636363636363637,42,0.619870598932597,7.438447187191164,0.1044162000034703,0.1044162000034703,0.1044162000034703,path,path,path,11,0.0,0.0,False,,,False,1,path,64,4,RL+Path,2,analytic,Analytic (exact secular)
best,C:\Users\erich\Documents\AFRL\Algebraic-Connectivity-Optimization-CDC2026\lite_trials_new\runs\analytic\checkpoints\best.pt,ppo,1000,C:\Users\erich\Documents\AFRL\Algebraic-Connectivity-Optimization-CDC2026\lite_trials_new\configs\analytic.yaml,full,12,0.872727272727,0,59,59,0.8727272727272727,48,0.7499999999999997,8.999999999999996,0.1102707999998529,0.1102707999998529,0.1102707999998529,path,path,path,11,0.0,0.0,False,,,False,1,path,64,4,RL+Path,0,analytic,Analytic (exact secular)
best,C:\Users\erich\Documents\AFRL\Algebraic-Connectivity-Optimization-CDC2026\lite_trials_new\runs\analytic\checkpoints\best.pt,ppo,1000,C:\Users\erich\Documents\AFRL\Algebraic-Connectivity-Optimization-CDC2026\lite_trials_new\configs\analytic.yaml,full,12,0.872727272727,1,59,59,0.8727272727272727,48,0.7499999999999997,8.999999999999996,0.12002070000016829,0.12002070000016829,0.12002070000016829,path,path,path,11,0.0,0.0,False,,,False,1,path,64,4,RL+Path,1,analytic,Analytic (exact secular)
best,C:\Users\erich\Documents\AFRL\Algebraic-Connectivity-Optimization-CDC2026\lite_trials_new\runs\analytic\checkpoints\best.pt,ppo,1000,C:\Users\erich\Documents\AFRL\Algebraic-Connectivity-Optimization-CDC2026\lite_trials_new\configs\analytic.yaml,full,12,0.872727272727,2,59,59,0.8727272727272727,48,0.7499999999999997,8.999999999999996,0.11486599999989267,0.11486599999989267,0.11486599999989267,path,path,path,11,0.0,0.0,False,,,False,1,path,64,4,RL+Path,2,analytic,Analytic (exact secular)
best,C:\Users\erich\Documents\AFRL\Algebraic-Connectivity-Optimization-CDC2026\lite_trials_new\runs\analytic\checkpoints\best.pt,ppo,1000,C:\Users\erich\Documents\AFRL\Algebraic-Connectivity-Optimization-CDC2026\lite_trials_new\configs\analytic.yaml,full,12,0.981818181818,0,65,65,0.9818181818181818,54,0.8333333333333336,10.000000000000004,0.11857439999948838,0.11857439999948838,0.11857439999948838,path,path,path,11,0.0,0.0,False,,,False,1,path,64,4,RL+Path,0,analytic,Analytic (exact secular)
best,C:\Users\erich\Documents\AFRL\Algebraic-Connectivity-Optimization-CDC2026\lite_trials_new\runs\analytic\checkpoints\best.pt,ppo,1000,C:\Users\erich\Documents\AFRL\Algebraic-Connectivity-Optimization-CDC2026\lite_trials_new\configs\analytic.yaml,full,12,0.981818181818,1,65,65,0.9818181818181818,54,0.8333333333333336,10.000000000000004,0.12479909999819938,0.12479909999819938,0.12479909999819938,path,path,path,11,0.0,0.0,False,,,False,1,path,64,4,RL+Path,1,analytic,Analytic (exact secular)
best,C:\Users\erich\Documents\AFRL\Algebraic-Connectivity-Optimization-CDC2026\lite_trials_new\runs\analytic\checkpoints\best.pt,ppo,1000,C:\Users\erich\Documents\AFRL\Algebraic-Connectivity-Optimization-CDC2026\lite_trials_new\configs\analytic.yaml,full,12,0.981818181818,2,65,65,0.9818181818181818,54,0.8333333333333336,10.000000000000004,0.11947899999722722,0.11947899999722722,0.11947899999722722,path,path,path,11,0.0,0.0,False,,,False,1,path,64,4,RL+Path,2,analytic,Analytic (exact secular)
best,C:\Users\erich\Documents\AFRL\Algebraic-Connectivity-Optimization-CDC2026\lite_trials_new\runs\analytic\checkpoints\best.pt,ppo,1000,C:\Users\erich\Documents\AFRL\Algebraic-Connectivity-Optimization-CDC2026\lite_trials_new\configs\analytic.yaml,full,12,0.018181818182,0,12,12,0.01818181818181818,1,0.08333333333333325,0.9999999999999989,0.0033418000020901673,0.0033418000020901673,0.0038248999990173616,backbone,envelope_only,envelope,11,1.0,0.0004830999969271943,False,,,False,1,envelope,64,4,RL+Backbone,0,analytic,Analytic (exact secular)
best,C:\Users\erich\Documents\AFRL\Algebraic-Connectivity-Optimization-CDC2026\lite_trials_new\runs\analytic\checkpoints\best.pt,ppo,1000,C:\Users\erich\Documents\AFRL\Algebraic-Connectivity-Optimization-CDC2026\lite_trials_new\configs\analytic.yaml,full,12,0.018181818182,1,12,12,0.01818181818181818,1,0.08333333333333325,0.9999999999999989,0.0011826000009023119,0.0011826000009023119,0.0012862000003224239,backbone,envelope_only,envelope,11,1.0,0.000103599999420112,False,,,False,1,envelope,64,4,RL+Backbone,1,analytic,Analytic (exact secular)
best,C:\Users\erich\Documents\AFRL\Algebraic-Connectivity-Optimization-CDC2026\lite_trials_new\runs\analytic\checkpoints\best.pt,ppo,1000,C:\Users\erich\Documents\AFRL\Algebraic-Connectivity-Optimization-CDC2026\lite_trials_new\configs\analytic.yaml,full,12,0.018181818182,2,12,12,0.01818181818181818,1,0.08333333333333325,0.9999999999999989,0.0010636000006343238,0.0010636000006343238,0.001142900000559166,backbone,envelope_only,envelope,11,1.0,7.929999992484227e-05,False,,,False,1,envelope,64,4,RL+Backbone,2,analytic,Analytic (exact secular)
best,C:\Users\erich\Documents\AFRL\Algebraic-Connectivity-Optimization-CDC2026\lite_trials_new\runs\analytic\checkpoints\best.pt,ppo,1000,C:\Users\erich\Documents\AFRL\Algebraic-Connectivity-Optimization-CDC2026\lite_trials_new\configs\analytic.yaml,full,12,0.127272727273,0,18,18,0.12727272727272726,0,0.10566243270259344,1.2679491924311213,1.00000761449337e-07,1.00000761449337e-07,0.0021728000028815586,backbone,cayley_only,cayley,18,1.2679491924311233,0.0021727000021201093,False,2,,False,1,cayley,64,4,RL+Backbone,0,analytic,Analytic (exact secular)
best,C:\Users\erich\Documents\AFRL\Algebraic-Connectivity-Optimization-CDC2026\lite_trials_new\runs\analytic\checkpoints\best.pt,ppo,1000,C:\Users\erich\Documents\AFRL\Algebraic-Connectivity-Optimization-CDC2026\lite_trials_new\configs\analytic.yaml,full,12,0.127272727273,1,18,18,0.12727272727272726,0,0.10566243270259344,1.2679491924311213,2.00001522898674e-07,2.00001522898674e-07,0.0023503000011260156,backbone,cayley_only,cayley,18,1.2679491924311233,0.002350099999603117,False,2,,False,1,cayley,64,4,RL+Backbone,1,analytic,Analytic (exact secular)
best,C:\Users\erich\Documents\AFRL\Algebraic-Connectivity-Optimization-CDC2026\lite_trials_new\runs\analytic\checkpoints\best.pt,ppo,1000,C:\Users\erich\Documents\AFRL\Algebraic-Connectivity-Optimization-CDC2026\lite_trials_new\configs\analytic.yaml,full,12,0.127272727273,2,18,18,0.12727272727272726,0,0.10566243270259344,1.2679491924311213,1.9999788491986692e-07,1.9999788491986692e-07,0.0017989999978453852,backbone,cayley_only,cayley,18,1.2679491924311233,0.0017987999999604654,False,2,,False,1,cayley,64,4,RL+Backbone,2,analytic,Analytic (exact secular)
best,C:\Users\erich\Documents\AFRL\Algebraic-Connectivity-Optimization-CDC2026\lite_trials_new\runs\analytic\checkpoints\best.pt,ppo,1000,C:\Users\erich\Documents\AFRL\Algebraic-Connectivity-Optimization-CDC2026\lite_trials_new\configs\analytic.yaml,full,12,0.236363636364,0,24,24,0.23636363636363636,0,0.1889957660359269,2.267949192431123,1.9999788491986692e-07,1.9999788491986692e-07,0.0018145999965781812,backbone,cayley_only,cayley,24,2.267949192431123,0.0018143999986932613,False,2,,False,1,cayley,64,4,RL+Backbone,0,analytic,Analytic (exact secular)
best,C:\Users\erich\Documents\AFRL\Algebraic-Connectivity-Optimization-CDC2026\lite_trials_new\runs\analytic\checkpoints\best.pt,ppo,1000,C:\Users\erich\Documents\AFRL\Algebraic-Connectivity-Optimization-CDC2026\lite_trials_new\configs\analytic.yaml,full,12,0.236363636364,1,24,24,0.23636363636363636,0,0.1889957660359269,2.267949192431123,1.9999788491986692e-07,1.9999788491986692e-07,0.0020311999978730455,backbone,cayley_only,cayley,24,2.267949192431123,0.0020309999999881256,False,2,,False,1,cayley,64,4,RL+Backbone,1,analytic,Analytic (exact secular)
best,C:\Users\erich\Documents\AFRL\Algebraic-Connectivity-Optimization-CDC2026\lite_trials_new\runs\analytic\checkpoints\best.pt,ppo,1000,C:\Users\erich\Documents\AFRL\Algebraic-Connectivity-Optimization-CDC2026\lite_trials_new\configs\analytic.yaml,full,12,0.236363636364,2,24,24,0.23636363636363636,0,0.18899576603592674,2.267949192431121,2.00001522898674e-07,2.00001522898674e-07,0.0018270000000484288,backbone,cayley_only,cayley,24,2.267949192431123,0.00182679999852553,False,2,,False,1,cayley,64,4,RL+Backbone,2,analytic,Analytic (exact secular)
best,C:\Users\erich\Documents\AFRL\Algebraic-Connectivity-Optimization-CDC2026\lite_trials_new\runs\analytic\checkpoints\best.pt,ppo,1000,C:\Users\erich\Documents\AFRL\Algebraic-Connectivity-Optimization-CDC2026\lite_trials_new\configs\analytic.yaml,full,12,0.345454545455,0,30,30,0.34545454545454546,0,0.3333333333333329,3.999999999999995,2.00001522898674e-07,2.00001522898674e-07,0.0018893000014941208,backbone,cayley_only,cayley,30,3.9999999999999987,0.0018890999999712221,False,2,,False,1,cayley,64,4,RL+Backbone,0,analytic,Analytic (exact secular)
best,C:\Users\erich\Documents\AFRL\Algebraic-Connectivity-Optimization-CDC2026\lite_trials_new\runs\analytic\checkpoints\best.pt,ppo,1000,C:\Users\erich\Documents\AFRL\Algebraic-Connectivity-Optimization-CDC2026\lite_trials_new\configs\analytic.yaml,full,12,0.345454545455,1,30,30,0.34545454545454546,0,0.333333333333333,3.9999999999999956,1.00000761449337e-07,1.00000761449337e-07,0.0019439000025158748,backbone,cayley_only,cayley,30,3.9999999999999987,0.0019438000017544255,False,2,,False,1,cayley,64,4,RL+Backbone,1,analytic,Analytic (exact secular)
best,C:\Users\erich\Documents\AFRL\Algebraic-Connectivity-Optimization-CDC2026\lite_trials_new\runs\analytic\checkpoints\best.pt,ppo,1000,C:\Users\erich\Documents\AFRL\Algebraic-Connectivity-Optimization-CDC2026\lite_trials_new\configs\analytic.yaml,full,12,0.345454545455,2,30,30,0.34545454545454546,0,0.333333333333333,3.9999999999999956,1.9999788491986692e-07,1.9999788491986692e-07,0.0018803999992087483,backbone,cayley_only,cayley,30,3.9999999999999987,0.0018802000013238285,False,2,,False,1,cayley,64,4,RL+Backbone,2,analytic,Analytic (exact secular)
best,C:\Users\erich\Documents\AFRL\Algebraic-Connectivity-Optimization-CDC2026\lite_trials_new\runs\analytic\checkpoints\best.pt,ppo,1000,C:\Users\erich\Documents\AFRL\Algebraic-Connectivity-Optimization-CDC2026\lite_trials_new\configs\analytic.yaml,full,12,0.454545454545,0,36,36,0.45454545454545453,0,0.4999999999999994,5.999999999999993,1.00000761449337e-07,1.00000761449337e-07,0.0019785000004048925,backbone,cayley_only,cayley,36,5.999999999999995,0.001978399999643443,False,2,,False,1,cayley,64,4,RL+Backbone,0,analytic,Analytic (exact secular)
best,C:\Users\erich\Documents\AFRL\Algebraic-Connectivity-Optimization-CDC2026\lite_trials_new\runs\analytic\checkpoints\best.pt,ppo,1000,C:\Users\erich\Documents\AFRL\Algebraic-Connectivity-Optimization-CDC2026\lite_trials_new\configs\analytic.yaml,full,12,0.454545454545,1,36,36,0.45454545454545453,0,0.4999999999999994,5.999999999999993,1.00000761449337e-07,1.00000761449337e-07,0.002059200000076089,backbone,cayley_only,cayley,36,5.999999999999995,0.0020590999993146397,False,2,,False,1,cayley,64,4,RL+Backbone,1,analytic,Analytic (exact secular)
best,C:\Users\erich\Documents\AFRL\Algebraic-Connectivity-Optimization-CDC2026\lite_trials_new\runs\analytic\checkpoints\best.pt,ppo,1000,C:\Users\erich\Documents\AFRL\Algebraic-Connectivity-Optimization-CDC2026\lite_trials_new\configs\analytic.yaml,full,12,0.454545454545,2,36,36,0.45454545454545453,0,0.4999999999999994,5.999999999999993,9.999712347052991e-08,9.999712347052991e-08,0.0021887999973841943,backbone,cayley_only,cayley,36,5.999999999999995,0.0021887000002607238,False,2,,False,1,cayley,64,4,RL+Backbone,2,analytic,Analytic (exact secular)
best,C:\Users\erich\Documents\AFRL\Algebraic-Connectivity-Optimization-CDC2026\lite_trials_new\runs\analytic\checkpoints\best.pt,ppo,1000,C:\Users\erich\Documents\AFRL\Algebraic-Connectivity-Optimization-CDC2026\lite_trials_new\configs\analytic.yaml,full,12,0.545454545455,0,41,41,0.5454545454545454,5,0.4999999999999987,5.999999999999985,0.005802599996968638,0.005802599996968638,0.00750779999725637,backbone,both,envelope,36,6.0,0.0020335999979579356,False,,,True,2,"cayley,envelope",64,4,RL+Backbone,0,analytic,Analytic (exact secular)
best,C:\Users\erich\Documents\AFRL\Algebraic-Connectivity-Optimization-CDC2026\lite_trials_new\runs\analytic\checkpoints\best.pt,ppo,1000,C:\Users\erich\Documents\AFRL\Algebraic-Connectivity-Optimization-CDC2026\lite_trials_new\configs\analytic.yaml,full,12,0.545454545455,1,41,41,0.5454545454545454,5,0.4999999999999987,5.999999999999985,0.004979900000762427,0.004979900000762427,0.007110100003046682,backbone,both,envelope,36,6.0,0.002130200002284255,False,,,True,2,"cayley,envelope",64,4,RL+Backbone,1,analytic,Analytic (exact secular)
best,C:\Users\erich\Documents\AFRL\Algebraic-Connectivity-Optimization-CDC2026\lite_trials_new\runs\analytic\checkpoints\best.pt,ppo,1000,C:\Users\erich\Documents\AFRL\Algebraic-Connectivity-Optimization-CDC2026\lite_trials_new\configs\analytic.yaml,full,12,0.545454545455,2,41,41,0.5454545454545454,5,0.4999999999999987,5.999999999999985,0.005177499999263091,0.005177499999263091,0.007384399999864399,backbone,both,envelope,36,6.0,0.0022069000006013084,False,,,True,2,"cayley,envelope",64,4,RL+Backbone,2,analytic,Analytic (exact secular)
best,C:\Users\erich\Documents\AFRL\Algebraic-Connectivity-Optimization-CDC2026\lite_trials_new\runs\analytic\checkpoints\best.pt,ppo,1000,C:\Users\erich\Documents\AFRL\Algebraic-Connectivity-Optimization-CDC2026\lite_trials_new\configs\analytic.yaml,full,12,0.654545454545,0,47,47,0.6545454545454545,2,0.5833333333333328,6.999999999999994,0.005900500000279862,0.005900500000279862,0.00782700000127079,backbone,both,envelope,45,7.0,0.0019265000009909272,False,,,True,2,"cayley,envelope",64,4,RL+Backbone,0,analytic,Analytic (exact secular)
best,C:\Users\erich\Documents\AFRL\Algebraic-Connectivity-Optimization-CDC2026\lite_trials_new\runs\analytic\checkpoints\best.pt,ppo,1000,C:\Users\erich\Documents\AFRL\Algebraic-Connectivity-Optimization-CDC2026\lite_trials_new\configs\analytic.yaml,full,12,0.654545454545,1,47,47,0.6545454545454545,2,0.5833333333333328,6.999999999999994,0.0050922999980684835,0.0050922999980684835,0.006846699998277472,backbone,both,envelope,45,7.0,0.0017544000002089888,False,,,True,2,"cayley,envelope",64,4,RL+Backbone,1,analytic,Analytic (exact secular)
best,C:\Users\erich\Documents\AFRL\Algebraic-Connectivity-Optimization-CDC2026\lite_trials_new\runs\analytic\checkpoints\best.pt,ppo,1000,C:\Users\erich\Documents\AFRL\Algebraic-Connectivity-Optimization-CDC2026\lite_trials_new\configs\analytic.yaml,full,12,0.654545454545,2,47,47,0.6545454545454545,2,0.5833333333333328,6.999999999999994,0.005045300000347197,0.005045300000347197,0.006914400000823662,backbone,both,envelope,45,7.0,0.0018691000004764646,False,,,True,2,"cayley,envelope",64,4,RL+Backbone,2,analytic,Analytic (exact secular)
best,C:\Users\erich\Documents\AFRL\Algebraic-Connectivity-Optimization-CDC2026\lite_trials_new\runs\analytic\checkpoints\best.pt,ppo,1000,C:\Users\erich\Documents\AFRL\Algebraic-Connectivity-Optimization-CDC2026\lite_trials_new\configs\analytic.yaml,full,12,0.763636363636,0,53,53,0.7636363636363637,5,0.6666666666666655,7.999999999999986,0.005801499999506632,0.005801499999506632,0.005897400002140785,backbone,envelope_only,envelope,48,8.0,9.590000263415277e-05,False,,,False,1,envelope,64,4,RL+Backbone,0,analytic,Analytic (exact secular)
best,C:\Users\erich\Documents\AFRL\Algebraic-Connectivity-Optimization-CDC2026\lite_trials_new\runs\analytic\checkpoints\best.pt,ppo,1000,C:\Users\erich\Documents\AFRL\Algebraic-Connectivity-Optimization-CDC2026\lite_trials_new\configs\analytic.yaml,full,12,0.763636363636,1,53,53,0.7636363636363637,5,0.6666666666666655,7.999999999999986,0.005236399996647378,0.005236399996647378,0.005350999996153405,backbone,envelope_only,envelope,48,8.0,0.0001145999995060265,False,,,False,1,envelope,64,4,RL+Backbone,1,analytic,Analytic (exact secular)
best,C:\Users\erich\Documents\AFRL\Algebraic-Connectivity-Optimization-CDC2026\lite_trials_new\runs\analytic\checkpoints\best.pt,ppo,1000,C:\Users\erich\Documents\AFRL\Algebraic-Connectivity-Optimization-CDC2026\lite_trials_new\configs\analytic.yaml,full,12,0.763636363636,2,53,53,0.7636363636363637,5,0.6666666666666655,7.999999999999986,0.0056745000001683366,0.0056745000001683366,0.005838599998241989,backbone,envelope_only,envelope,48,8.0,0.0001640999980736524,False,,,False,1,envelope,64,4,RL+Backbone,2,analytic,Analytic (exact secular)
best,C:\Users\erich\Documents\AFRL\Algebraic-Connectivity-Optimization-CDC2026\lite_trials_new\runs\analytic\checkpoints\best.pt,ppo,1000,C:\Users\erich\Documents\AFRL\Algebraic-Connectivity-Optimization-CDC2026\lite_trials_new\configs\analytic.yaml,full,12,0.872727272727,0,59,59,0.8727272727272727,5,0.7499999999999994,8.999999999999993,0.005202600001211977,0.005202600001211977,0.005307600000378443,backbone,envelope_only,envelope,54,9.0,0.0001049999991664663,False,,,False,1,envelope,64,4,RL+Backbone,0,analytic,Analytic (exact secular)
best,C:\Users\erich\Documents\AFRL\Algebraic-Connectivity-Optimization-CDC2026\lite_trials_new\runs\analytic\checkpoints\best.pt,ppo,1000,C:\Users\erich\Documents\AFRL\Algebraic-Connectivity-Optimization-CDC2026\lite_trials_new\configs\analytic.yaml,full,12,0.872727272727,1,59,59,0.8727272727272727,5,0.7499999999999994,8.999999999999993,0.00477590000082273,0.00477590000082273,0.004878499999904307,backbone,envelope_only,envelope,54,9.0,0.00010259999908157624,False,,,False,1,envelope,64,4,RL+Backbone,1,analytic,Analytic (exact secular)
best,C:\Users\erich\Documents\AFRL\Algebraic-Connectivity-Optimization-CDC2026\lite_trials_new\runs\analytic\checkpoints\best.pt,ppo,1000,C:\Users\erich\Documents\AFRL\Algebraic-Connectivity-Optimization-CDC2026\lite_trials_new\configs\analytic.yaml,full,12,0.872727272727,2,59,59,0.8727272727272727,5,0.7499999999999994,8.999999999999993,0.005167400002392242,0.005167400002392242,0.005266500000288943,backbone,envelope_only,envelope,54,9.0,9.90999978967011e-05,False,,,False,1,envelope,64,4,RL+Backbone,2,analytic,Analytic (exact secular)
best,C:\Users\erich\Documents\AFRL\Algebraic-Connectivity-Optimization-CDC2026\lite_trials_new\runs\analytic\checkpoints\best.pt,ppo,1000,C:\Users\erich\Documents\AFRL\Algebraic-Connectivity-Optimization-CDC2026\lite_trials_new\configs\analytic.yaml,full,12,0.981818181818,0,65,65,0.9818181818181818,5,0.8333333333333334,10.0,0.004329200000938727,0.004329200000938727,0.004439300002559321,backbone,envelope_only,envelope,60,10.0,0.00011010000162059441,False,,,False,1,envelope,64,4,RL+Backbone,0,analytic,Analytic (exact secular)
best,C:\Users\erich\Documents\AFRL\Algebraic-Connectivity-Optimization-CDC2026\lite_trials_new\runs\analytic\checkpoints\best.pt,ppo,1000,C:\Users\erich\Documents\AFRL\Algebraic-Connectivity-Optimization-CDC2026\lite_trials_new\configs\analytic.yaml,full,12,0.981818181818,1,65,65,0.9818181818181818,5,0.8333333333333334,10.0,0.0041698999993968755,0.0041698999993968755,0.0042811999992409255,backbone,envelope_only,envelope,60,10.0,0.00011129999984405003,False,,,False,1,envelope,64,4,RL+Backbone,1,analytic,Analytic (exact secular)
best,C:\Users\erich\Documents\AFRL\Algebraic-Connectivity-Optimization-CDC2026\lite_trials_new\runs\analytic\checkpoints\best.pt,ppo,1000,C:\Users\erich\Documents\AFRL\Algebraic-Connectivity-Optimization-CDC2026\lite_trials_new\configs\analytic.yaml,full,12,0.981818181818,2,65,65,0.9818181818181818,5,0.8333333333333334,10.0,0.005556899999646703,0.005556899999646703,0.00566400000025169,backbone,envelope_only,envelope,60,10.0,0.00010710000060498714,False,,,False,1,envelope,64,4,RL+Backbone,2,analytic,Analytic (exact secular)
best,C:\Users\erich\Documents\AFRL\Algebraic-Connectivity-Optimization-CDC2026\lite_trials_new\runs\analytic\checkpoints\best.pt,ppo,1000,C:\Users\erich\Documents\AFRL\Algebraic-Connectivity-Optimization-CDC2026\lite_trials_new\configs\analytic.yaml,full,16,0.009523809524,0,16,16,0.009523809523809525,1,0.009515058436089137,0.1522409349774262,0.005482199998368742,0.005482199998368742,0.005482199998368742,path,path,path,15,0.0,0.0,False,,,False,1,path,64,4,RL+Path,0,analytic,Analytic (exact secular)
best,C:\Users\erich\Documents\AFRL\Algebraic-Connectivity-Optimization-CDC2026\lite_trials_new\runs\analytic\checkpoints\best.pt,ppo,1000,C:\Users\erich\Documents\AFRL\Algebraic-Connectivity-Optimization-CDC2026\lite_trials_new\configs\analytic.yaml,full,16,0.009523809524,1,16,16,0.009523809523809525,1,0.009515058436089137,0.1522409349774262,0.003236000000470085,0.003236000000470085,0.003236000000470085,path,path,path,15,0.0,0.0,False,,,False,1,path,64,4,RL+Path,1,analytic,Analytic (exact secular)
best,C:\Users\erich\Documents\AFRL\Algebraic-Connectivity-Optimization-CDC2026\lite_trials_new\runs\analytic\checkpoints\best.pt,ppo,1000,C:\Users\erich\Documents\AFRL\Algebraic-Connectivity-Optimization-CDC2026\lite_trials_new\configs\analytic.yaml,full,16,0.009523809524,2,16,16,0.009523809523809525,1,0.009515058436089137,0.1522409349774262,0.003200200000719633,0.003200200000719633,0.003200200000719633,path,path,path,15,0.0,0.0,False,,,False,1,path,64,4,RL+Path,2,analytic,Analytic (exact secular)
best,C:\Users\erich\Documents\AFRL\Algebraic-Connectivity-Optimization-CDC2026\lite_trials_new\runs\analytic\checkpoints\best.pt,ppo,1000,C:\Users\erich\Documents\AFRL\Algebraic-Connectivity-Optimization-CDC2026\lite_trials_new\configs\analytic.yaml,full,16,0.114285714286,0,27,27,0.11428571428571428,12,0.08033422615261136,1.2853476184417818,0.03624459999991814,0.03624459999991814,0.03624459999991814,path,path,path,15,0.0,0.0,False,,,False,1,path,64,4,RL+Path,0,analytic,Analytic (exact secular)
best,C:\Users\erich\Documents\AFRL\Algebraic-Connectivity-Optimization-CDC2026\lite_trials_new\runs\analytic\checkpoints\best.pt,ppo,1000,C:\Users\erich\Documents\AFRL\Algebraic-Connectivity-Optimization-CDC2026\lite_trials_new\configs\analytic.yaml,full,16,0.114285714286,1,27,27,0.11428571428571428,12,0.08033422615261136,1.2853476184417818,0.035248399999545654,0.035248399999545654,0.035248399999545654,path,path,path,15,0.0,0.0,False,,,False,1,path,64,4,RL+Path,1,analytic,Analytic (exact secular)
best,C:\Users\erich\Documents\AFRL\Algebraic-Connectivity-Optimization-CDC2026\lite_trials_new\runs\analytic\checkpoints\best.pt,ppo,1000,C:\Users\erich\Documents\AFRL\Algebraic-Connectivity-Optimization-CDC2026\lite_trials_new\configs\analytic.yaml,full,16,0.114285714286,2,27,27,0.11428571428571428,12,0.08033422615261136,1.2853476184417818,0.033516100000269944,0.033516100000269944,0.033516100000269944,path,path,path,15,0.0,0.0,False,,,False,1,path,64,4,RL+Path,2,analytic,Analytic (exact secular)
best,C:\Users\erich\Documents\AFRL\Algebraic-Connectivity-Optimization-CDC2026\lite_trials_new\runs\analytic\checkpoints\best.pt,ppo,1000,C:\Users\erich\Documents\AFRL\Algebraic-Connectivity-Optimization-CDC2026\lite_trials_new\configs\analytic.yaml,full,16,0.228571428571,0,39,39,0.22857142857142856,24,0.17251489047004334,2.7602382475206935,0.07227640000201063,0.07227640000201063,0.07227640000201063,path,path,path,15,0.0,0.0,False,,,False,1,path,64,4,RL+Path,0,analytic,Analytic (exact secular)
best,C:\Users\erich\Documents\AFRL\Algebraic-Connectivity-Optimization-CDC2026\lite_trials_new\runs\analytic\checkpoints\best.pt,ppo,1000,C:\Users\erich\Documents\AFRL\Algebraic-Connectivity-Optimization-CDC2026\lite_trials_new\configs\analytic.yaml,full,16,0.228571428571,1,39,39,0.22857142857142856,24,0.17251489047004334,2.7602382475206935,0.06851319999987027,0.06851319999987027,0.06851319999987027,path,path,path,15,0.0,0.0,False,,,False,1,path,64,4,RL+Path,1,analytic,Analytic (exact secular)
best,C:\Users\erich\Documents\AFRL\Algebraic-Connectivity-Optimization-CDC2026\lite_trials_new\runs\analytic\checkpoints\best.pt,ppo,1000,C:\Users\erich\Documents\AFRL\Algebraic-Connectivity-Optimization-CDC2026\lite_trials_new\configs\analytic.yaml,full,16,0.228571428571,2,39,39,0.22857142857142856,24,0.17251489047004334,2.7602382475206935,0.07210940000004484,0.07210940000004484,0.07210940000004484,path,path,path,15,0.0,0.0,False,,,False,1,path,64,4,RL+Path,2,analytic,Analytic (exact secular)
best,C:\Users\erich\Documents\AFRL\Algebraic-Connectivity-Optimization-CDC2026\lite_trials_new\runs\analytic\checkpoints\best.pt,ppo,1000,C:\Users\erich\Documents\AFRL\Algebraic-Connectivity-Optimization-CDC2026\lite_trials_new\configs\analytic.yaml,full,16,0.333333333333,0,50,50,0.3333333333333333,35,0.276583576075112,4.425337217201792,0.12445630000001984,0.12445630000001984,0.12445630000001984,path,path,path,15,0.0,0.0,False,,,False,1,path,64,4,RL+Path,0,analytic,Analytic (exact secular)
best,C:\Users\erich\Documents\AFRL\Algebraic-Connectivity-Optimization-CDC2026\lite_trials_new\runs\analytic\checkpoints\best.pt,ppo,1000,C:\Users\erich\Documents\AFRL\Algebraic-Connectivity-Optimization-CDC2026\lite_trials_new\configs\analytic.yaml,full,16,0.333333333333,1,50,50,0.3333333333333333,35,0.276583576075112,4.425337217201792,0.1398319999971136,0.1398319999971136,0.1398319999971136,path,path,path,15,0.0,0.0,False,,,False,1,path,64,4,RL+Path,1,analytic,Analytic (exact secular)
best,C:\Users\erich\Documents\AFRL\Algebraic-Connectivity-Optimization-CDC2026\lite_trials_new\runs\analytic\checkpoints\best.pt,ppo,1000,C:\Users\erich\Documents\AFRL\Algebraic-Connectivity-Optimization-CDC2026\lite_trials_new\configs\analytic.yaml,full,16,0.333333333333,2,50,50,0.3333333333333333,35,0.276583576075112,4.425337217201792,0.13018649999867193,0.13018649999867193,0.13018649999867193,path,path,path,15,0.0,0.0,False,,,False,1,path,64,4,RL+Path,2,analytic,Analytic (exact secular)
best,C:\Users\erich\Documents\AFRL\Algebraic-Connectivity-Optimization-CDC2026\lite_trials_new\runs\analytic\checkpoints\best.pt,ppo,1000,C:\Users\erich\Documents\AFRL\Algebraic-Connectivity-Optimization-CDC2026\lite_trials_new\configs\analytic.yaml,full,16,0.447619047619,0,62,62,0.44761904761904764,47,0.35410271786974984,5.665643485915997,0.18915239999842015,0.18915239999842015,0.18915239999842015,path,path,path,15,0.0,0.0,False,,,False,1,path,64,4,RL+Path,0,analytic,Analytic (exact secular)
best,C:\Users\erich\Documents\AFRL\Algebraic-Connectivity-Optimization-CDC2026\lite_trials_new\runs\analytic\checkpoints\best.pt,ppo,1000,C:\Users\erich\Documents\AFRL\Algebraic-Connectivity-Optimization-CDC2026\lite_trials_new\configs\analytic.yaml,full,16,0.447619047619,1,62,62,0.44761904761904764,47,0.35410271786974984,5.665643485915997,0.18218879999767523,0.18218879999767523,0.18218879999767523,path,path,path,15,0.0,0.0,False,,,False,1,path,64,4,RL+Path,1,analytic,Analytic (exact secular)
best,C:\Users\erich\Documents\AFRL\Algebraic-Connectivity-Optimization-CDC2026\lite_trials_new\runs\analytic\checkpoints\best.pt,ppo,1000,C:\Users\erich\Documents\AFRL\Algebraic-Connectivity-Optimization-CDC2026\lite_trials_new\configs\analytic.yaml,full,16,0.447619047619,2,62,62,0.44761904761904764,47,0.35410271786974984,5.665643485915997,0.17705380000188597,0.17705380000188597,0.17705380000188597,path,path,path,15,0.0,0.0,False,,,False,1,path,64,4,RL+Path,2,analytic,Analytic (exact secular)
best,C:\Users\erich\Documents\AFRL\Algebraic-Connectivity-Optimization-CDC2026\lite_trials_new\runs\analytic\checkpoints\best.pt,ppo,1000,C:\Users\erich\Documents\AFRL\Algebraic-Connectivity-Optimization-CDC2026\lite_trials_new\configs\analytic.yaml,full,16,0.552380952381,0,73,73,0.5523809523809524,58,0.466372483134024,7.461959730144384,0.21177370000077644,0.21177370000077644,0.21177370000077644,path,path,path,15,0.0,0.0,False,,,False,1,path,64,4,RL+Path,0,analytic,Analytic (exact secular)
best,C:\Users\erich\Documents\AFRL\Algebraic-Connectivity-Optimization-CDC2026\lite_trials_new\runs\analytic\checkpoints\best.pt,ppo,1000,C:\Users\erich\Documents\AFRL\Algebraic-Connectivity-Optimization-CDC2026\lite_trials_new\configs\analytic.yaml,full,16,0.552380952381,1,73,73,0.5523809523809524,58,0.466372483134024,7.461959730144384,0.2153701999995974,0.2153701999995974,0.2153701999995974,path,path,path,15,0.0,0.0,False,,,False,1,path,64,4,RL+Path,1,analytic,Analytic (exact secular)
best,C:\Users\erich\Documents\AFRL\Algebraic-Connectivity-Optimization-CDC2026\lite_trials_new\runs\analytic\checkpoints\best.pt,ppo,1000,C:\Users\erich\Documents\AFRL\Algebraic-Connectivity-Optimization-CDC2026\lite_trials_new\configs\analytic.yaml,full,16,0.552380952381,2,73,73,0.5523809523809524,58,0.466372483134024,7.461959730144384,0.2129109999987122,0.2129109999987122,0.2129109999987122,path,path,path,15,0.0,0.0,False,,,False,1,path,64,4,RL+Path,2,analytic,Analytic (exact secular)
best,C:\Users\erich\Documents\AFRL\Algebraic-Connectivity-Optimization-CDC2026\lite_trials_new\runs\analytic\checkpoints\best.pt,ppo,1000,C:\Users\erich\Documents\AFRL\Algebraic-Connectivity-Optimization-CDC2026\lite_trials_new\configs\analytic.yaml,full,16,0.666666666667,0,85,85,0.6666666666666666,70,0.5702417702446894,9.12386832391503,0.25702239999736776,0.25702239999736776,0.25702239999736776,path,path,path,15,0.0,0.0,False,,,False,1,path,64,4,RL+Path,0,analytic,Analytic (exact secular)
best,C:\Users\erich\Documents\AFRL\Algebraic-Connectivity-Optimization-CDC2026\lite_trials_new\runs\analytic\checkpoints\best.pt,ppo,1000,C:\Users\erich\Documents\AFRL\Algebraic-Connectivity-Optimization-CDC2026\lite_trials_new\configs\analytic.yaml,full,16,0.666666666667,1,85,85,0.6666666666666666,70,0.5702417702446894,9.12386832391503,0.2616909999997006,0.2616909999997006,0.2616909999997006,path,path,path,15,0.0,0.0,False,,,False,1,path,64,4,RL+Path,1,analytic,Analytic (exact secular)
best,C:\Users\erich\Documents\AFRL\Algebraic-Connectivity-Optimization-CDC2026\lite_trials_new\runs\analytic\checkpoints\best.pt,ppo,1000,C:\Users\erich\Documents\AFRL\Algebraic-Connectivity-Optimization-CDC2026\lite_trials_new\configs\analytic.yaml,full,16,0.666666666667,2,85,85,0.6666666666666666,70,0.5702417702446894,9.12386832391503,0.2517331000017293,0.2517331000017293,0.2517331000017293,path,path,path,15,0.0,0.0,False,,,False,1,path,64,4,RL+Path,2,analytic,Analytic (exact secular)
best,C:\Users\erich\Documents\AFRL\Algebraic-Connectivity-Optimization-CDC2026\lite_trials_new\runs\analytic\checkpoints\best.pt,ppo,1000,C:\Users\erich\Documents\AFRL\Algebraic-Connectivity-Optimization-CDC2026\lite_trials_new\configs\analytic.yaml,full,16,0.771428571429,0,96,96,0.7714285714285715,81,0.6534902781553501,10.455844450485602,0.2721954000007827,0.2721954000007827,0.2721954000007827,path,path,path,15,0.0,0.0,False,,,False,1,path,64,4,RL+Path,0,analytic,Analytic (exact secular)
best,C:\Users\erich\Documents\AFRL\Algebraic-Connectivity-Optimization-CDC2026\lite_trials_new\runs\analytic\checkpoints\best.pt,ppo,1000,C:\Users\erich\Documents\AFRL\Algebraic-Connectivity-Optimization-CDC2026\lite_trials_new\configs\analytic.yaml,full,16,0.771428571429,1,96,96,0.7714285714285715,81,0.6534902781553501,10.455844450485602,0.28788690000146744,0.28788690000146744,0.28788690000146744,path,path,path,15,0.0,0.0,False,,,False,1,path,64,4,RL+Path,1,analytic,Analytic (exact secular)
best,C:\Users\erich\Documents\AFRL\Algebraic-Connectivity-Optimization-CDC2026\lite_trials_new\runs\analytic\checkpoints\best.pt,ppo,1000,C:\Users\erich\Documents\AFRL\Algebraic-Connectivity-Optimization-CDC2026\lite_trials_new\configs\analytic.yaml,full,16,0.771428571429,2,96,96,0.7714285714285715,81,0.6534902781553501,10.455844450485602,0.2882697000022745,0.2882697000022745,0.2882697000022745,path,path,path,15,0.0,0.0,False,,,False,1,path,64,4,RL+Path,2,analytic,Analytic (exact secular)
best,C:\Users\erich\Documents\AFRL\Algebraic-Connectivity-Optimization-CDC2026\lite_trials_new\runs\analytic\checkpoints\best.pt,ppo,1000,C:\Users\erich\Documents\AFRL\Algebraic-Connectivity-Optimization-CDC2026\lite_trials_new\configs\analytic.yaml,full,16,0.885714285714,0,108,108,0.8857142857142857,93,0.7099258452379196,11.358813523806713,0.30522900000141817,0.30522900000141817,0.30522900000141817,path,path,path,15,0.0,0.0,False,,,False,1,path,64,4,RL+Path,0,analytic,Analytic (exact secular)
best,C:\Users\erich\Documents\AFRL\Algebraic-Connectivity-Optimization-CDC2026\lite_trials_new\runs\analytic\checkpoints\best.pt,ppo,1000,C:\Users\erich\Documents\AFRL\Algebraic-Connectivity-Optimization-CDC2026\lite_trials_new\configs\analytic.yaml,full,16,0.885714285714,1,108,108,0.8857142857142857,93,0.7099258452379196,11.358813523806713,0.28539960000125575,0.28539960000125575,0.28539960000125575,path,path,path,15,0.0,0.0,False,,,False,1,path,64,4,RL+Path,1,analytic,Analytic (exact secular)
best,C:\Users\erich\Documents\AFRL\Algebraic-Connectivity-Optimization-CDC2026\lite_trials_new\runs\analytic\checkpoints\best.pt,ppo,1000,C:\Users\erich\Documents\AFRL\Algebraic-Connectivity-Optimization-CDC2026\lite_trials_new\configs\analytic.yaml,full,16,0.885714285714,2,108,108,0.8857142857142857,93,0.7099258452379196,11.358813523806713,0.30634400000053574,0.30634400000053574,0.30634400000053574,path,path,path,15,0.0,0.0,False,,,False,1,path,64,4,RL+Path,2,analytic,Analytic (exact secular)
best,C:\Users\erich\Documents\AFRL\Algebraic-Connectivity-Optimization-CDC2026\lite_trials_new\runs\analytic\checkpoints\best.pt,ppo,1000,C:\Users\erich\Documents\AFRL\Algebraic-Connectivity-Optimization-CDC2026\lite_trials_new\configs\analytic.yaml,full,16,0.990476190476,0,119,119,0.9904761904761905,104,0.8749999999999998,13.999999999999996,0.3120152999981656,0.3120152999981656,0.3120152999981656,path,path,path,15,0.0,0.0,False,,,False,1,path,64,4,RL+Path,0,analytic,Analytic (exact secular)
best,C:\Users\erich\Documents\AFRL\Algebraic-Connectivity-Optimization-CDC2026\lite_trials_new\runs\analytic\checkpoints\best.pt,ppo,1000,C:\Users\erich\Documents\AFRL\Algebraic-Connectivity-Optimization-CDC2026\lite_trials_new\configs\analytic.yaml,full,16,0.990476190476,1,119,119,0.9904761904761905,104,0.8749999999999998,13.999999999999996,0.3019817000022158,0.3019817000022158,0.3019817000022158,path,path,path,15,0.0,0.0,False,,,False,1,path,64,4,RL+Path,1,analytic,Analytic (exact secular)
best,C:\Users\erich\Documents\AFRL\Algebraic-Connectivity-Optimization-CDC2026\lite_trials_new\runs\analytic\checkpoints\best.pt,ppo,1000,C:\Users\erich\Documents\AFRL\Algebraic-Connectivity-Optimization-CDC2026\lite_trials_new\configs\analytic.yaml,full,16,0.990476190476,2,119,119,0.9904761904761905,104,0.8749999999999998,13.999999999999996,0.3008625000002212,0.3008625000002212,0.3008625000002212,path,path,path,15,0.0,0.0,False,,,False,1,path,64,4,RL+Path,2,analytic,Analytic (exact secular)
best,C:\Users\erich\Documents\AFRL\Algebraic-Connectivity-Optimization-CDC2026\lite_trials_new\runs\analytic\checkpoints\best.pt,ppo,1000,C:\Users\erich\Documents\AFRL\Algebraic-Connectivity-Optimization-CDC2026\lite_trials_new\configs\analytic.yaml,full,16,0.009523809524,0,16,16,0.009523809523809525,1,0.06249999999999992,0.9999999999999987,0.003482700001768535,0.003482700001768535,0.0039533999988634605,backbone,envelope_only,envelope,15,1.0,0.0004706999970949255,False,,,False,1,envelope,64,4,RL+Backbone,0,analytic,Analytic (exact secular)
best,C:\Users\erich\Documents\AFRL\Algebraic-Connectivity-Optimization-CDC2026\lite_trials_new\runs\analytic\checkpoints\best.pt,ppo,1000,C:\Users\erich\Documents\AFRL\Algebraic-Connectivity-Optimization-CDC2026\lite_trials_new\configs\analytic.yaml,full,16,0.009523809524,1,16,16,0.009523809523809525,1,0.06249999999999992,0.9999999999999987,0.0012894999999844003,0.0012894999999844003,0.0014005999983055517,backbone,envelope_only,envelope,15,1.0,0.00011109999832115136,False,,,False,1,envelope,64,4,RL+Backbone,1,analytic,Analytic (exact secular)
best,C:\Users\erich\Documents\AFRL\Algebraic-Connectivity-Optimization-CDC2026\lite_trials_new\runs\analytic\checkpoints\best.pt,ppo,1000,C:\Users\erich\Documents\AFRL\Algebraic-Connectivity-Optimization-CDC2026\lite_trials_new\configs\analytic.yaml,full,16,0.009523809524,2,16,16,0.009523809523809525,1,0.06249999999999992,0.9999999999999987,0.0012344000024313573,0.0012344000024313573,0.0013173000006645452,backbone,envelope_only,envelope,15,1.0,8.289999823318794e-05,False,,,False,1,envelope,64,4,RL+Backbone,2,analytic,Analytic (exact secular)
best,C:\Users\erich\Documents\AFRL\Algebraic-Connectivity-Optimization-CDC2026\lite_trials_new\runs\analytic\checkpoints\best.pt,ppo,1000,C:\Users\erich\Documents\AFRL\Algebraic-Connectivity-Optimization-CDC2026\lite_trials_new\configs\analytic.yaml,full,16,0.114285714286,0,27,27,0.11428571428571428,3,0.06847280392103228,1.0955648627365164,0.007953200001793448,0.007953200001793448,0.010158900000533322,backbone,cayley_only,cayley,24,0.7639320225002113,0.002205699998739874,False,2,,False,1,cayley,64,4,RL+Backbone,0,analytic,Analytic (exact secular)
best,C:\Users\erich\Documents\AFRL\Algebraic-Connectivity-Optimization-CDC2026\lite_trials_new\runs\analytic\checkpoints\best.pt,ppo,1000,C:\Users\erich\Documents\AFRL\Algebraic-Connectivity-Optimization-CDC2026\lite_trials_new\configs\analytic.yaml,full,16,0.114285714286,1,27,27,0.11428571428571428,3,0.06847280392103228,1.0955648627365164,0.007465599999704864,0.007465599999704864,0.009560499998769956,backbone,cayley_only,cayley,24,0.7639320225002113,0.002094899999065092,False,2,,False,1,cayley,64,4,RL+Backbone,1,analytic,Analytic (exact secular)
best,C:\Users\erich\Documents\AFRL\Algebraic-Connectivity-Optimization-CDC2026\lite_trials_new\runs\analytic\checkpoints\best.pt,ppo,1000,C:\Users\erich\Documents\AFRL\Algebraic-Connectivity-Optimization-CDC2026\lite_trials_new\configs\analytic.yaml,full,16,0.114285714286,2,27,27,0.11428571428571428,3,0.06847280392103228,1.0955648627365164,0.007509399998525623,0.007509399998525623,0.00946029999613529,backbone,cayley_only,cayley,24,0.7639320225002113,0.0019508999976096675,False,2,,False,1,cayley,64,4,RL+Backbone,2,analytic,Analytic (exact secular)
best,C:\Users\erich\Documents\AFRL\Algebraic-Connectivity-Optimization-CDC2026\lite_trials_new\runs\analytic\checkpoints\best.pt,ppo,1000,C:\Users\erich\Documents\AFRL\Algebraic-Connectivity-Optimization-CDC2026\lite_trials_new\configs\analytic.yaml,full,16,0.228571428571,0,39,39,0.22857142857142856,7,0.16919054093078806,2.707048654892609,0.019598399998358218,0.019598399998358218,0.0216154000008828,backbone,cayley_only,cayley,32,1.9999999999999991,0.0020170000025245827,False,2,,False,1,cayley,64,4,RL+Backbone,0,analytic,Analytic (exact secular)
best,C:\Users\erich\Documents\AFRL\Algebraic-Connectivity-Optimization-CDC2026\lite_trials_new\runs\analytic\checkpoints\best.pt,ppo,1000,C:\Users\erich\Documents\AFRL\Algebraic-Connectivity-Optimization-CDC2026\lite_trials_new\configs\analytic.yaml,full,16,0.228571428571,1,39,39,0.22857142857142856,7,0.16919054093078806,2.707048654892609,0.01966800000082003,0.01966800000082003,0.022359599999617785,backbone,cayley_only,cayley,32,1.9999999999999991,0.0026915999987977557,False,2,,False,1,cayley,64,4,RL+Backbone,1,analytic,Analytic (exact secular)
best,C:\Users\erich\Documents\AFRL\Algebraic-Connectivity-Optimization-CDC2026\lite_trials_new\runs\analytic\checkpoints\best.pt,ppo,1000,C:\Users\erich\Documents\AFRL\Algebraic-Connectivity-Optimization-CDC2026\lite_trials_new\configs\analytic.yaml,full,16,0.228571428571,2,39,39,0.22857142857142856,7,0.16919054093078806,2.707048654892609,0.018783899999107234,0.018783899999107234,0.021064700002170866,backbone,cayley_only,cayley,32,1.9999999999999991,0.002280800003063632,False,2,,False,1,cayley,64,4,RL+Backbone,2,analytic,Analytic (exact secular)
best,C:\Users\erich\Documents\AFRL\Algebraic-Connectivity-Optimization-CDC2026\lite_trials_new\runs\analytic\checkpoints\best.pt,ppo,1000,C:\Users\erich\Documents\AFRL\Algebraic-Connectivity-Optimization-CDC2026\lite_trials_new\configs\analytic.yaml,full,16,0.333333333333,0,50,50,0.3333333333333333,2,0.26889374377369957,4.302299900379193,0.0060611000008066185,0.0060611000008066185,0.00828650000039488,backbone,cayley_only,cayley,48,4.000000000000001,0.0022253999995882623,False,2,,False,1,cayley,64,4,RL+Backbone,0,analytic,Analytic (exact secular)
best,C:\Users\erich\Documents\AFRL\Algebraic-Connectivity-Optimization-CDC2026\lite_trials_new\runs\analytic\checkpoints\best.pt,ppo,1000,C:\Users\erich\Documents\AFRL\Algebraic-Connectivity-Optimization-CDC2026\lite_trials_new\configs\analytic.yaml,full,16,0.333333333333,1,50,50,0.3333333333333333,2,0.26889374377369957,4.302299900379193,0.005730599998059915,0.005730599998059915,0.007952399995701853,backbone,cayley_only,cayley,48,4.000000000000001,0.002221799997641938,False,2,,False,1,cayley,64,4,RL+Backbone,1,analytic,Analytic (exact secular)
best,C:\Users\erich\Documents\AFRL\Algebraic-Connectivity-Optimization-CDC2026\lite_trials_new\runs\analytic\checkpoints\best.pt,ppo,1000,C:\Users\erich\Documents\AFRL\Algebraic-Connectivity-Optimization-CDC2026\lite_trials_new\configs\analytic.yaml,full,16,0.333333333333,2,50,50,0.3333333333333333,2,0.2688937437736999,4.302299900379198,0.006037400002242066,0.006037400002242066,0.008121500002744142,backbone,cayley_only,cayley,48,4.000000000000001,0.002084100000502076,False,2,,False,1,cayley,64,4,RL+Backbone,2,analytic,Analytic (exact secular)
best,C:\Users\erich\Documents\AFRL\Algebraic-Connectivity-Optimization-CDC2026\lite_trials_new\runs\analytic\checkpoints\best.pt,ppo,1000,C:\Users\erich\Documents\AFRL\Algebraic-Connectivity-Optimization-CDC2026\lite_trials_new\configs\analytic.yaml,full,16,0.447619047619,0,62,62,0.44761904761904764,6,0.3749999999999999,5.999999999999998,0.007287099997483892,0.007287099997483892,0.009571099995810073,backbone,cayley_only,cayley,56,5.999999999999996,0.0022839999983261805,False,2,,False,1,cayley,64,4,RL+Backbone,0,analytic,Analytic (exact secular)
best,C:\Users\erich\Documents\AFRL\Algebraic-Connectivity-Optimization-CDC2026\lite_trials_new\runs\analytic\checkpoints\best.pt,ppo,1000,C:\Users\erich\Documents\AFRL\Algebraic-Connectivity-Optimization-CDC2026\lite_trials_new\configs\analytic.yaml,full,16,0.447619047619,1,62,62,0.44761904761904764,6,0.3749999999999999,5.999999999999998,0.006994200000917772,0.006994200000917772,0.009073699999134988,backbone,cayley_only,cayley,56,5.999999999999996,0.0020794999982172158,False,2,,False,1,cayley,64,4,RL+Backbone,1,analytic,Analytic (exact secular)
best,C:\Users\erich\Documents\AFRL\Algebraic-Connectivity-Optimization-CDC2026\lite_trials_new\runs\analytic\checkpoints\best.pt,ppo,1000,C:\Users\erich\Documents\AFRL\Algebraic-Connectivity-Optimization-CDC2026\lite_trials_new\configs\analytic.yaml,full,16,0.447619047619,2,62,62,0.44761904761904764,6,0.3749999999999999,5.999999999999998,0.008481799999572104,0.008481799999572104,0.010557900001003873,backbone,cayley_only,cayley,56,5.999999999999996,0.0020761000014317688,False,2,,False,1,cayley,64,4,RL+Backbone,2,analytic,Analytic (exact secular)
best,C:\Users\erich\Documents\AFRL\Algebraic-Connectivity-Optimization-CDC2026\lite_trials_new\runs\analytic\checkpoints\best.pt,ppo,1000,C:\Users\erich\Documents\AFRL\Algebraic-Connectivity-Optimization-CDC2026\lite_trials_new\configs\analytic.yaml,full,16,0.552380952381,0,73,73,0.5523809523809524,1,0.49999999999999956,7.999999999999993,0.011562300001969561,0.011562300001969561,0.011694500000885455,backbone,both,cayley,72,7.999999999999977,0.0027632999990601093,False,2,,True,2,"cayley,envelope",64,4,RL+Backbone,0,analytic,Analytic (exact secular)
best,C:\Users\erich\Documents\AFRL\Algebraic-Connectivity-Optimization-CDC2026\lite_trials_new\runs\analytic\checkpoints\best.pt,ppo,1000,C:\Users\erich\Documents\AFRL\Algebraic-Connectivity-Optimization-CDC2026\lite_trials_new\configs\analytic.yaml,full,16,0.552380952381,1,73,73,0.5523809523809524,1,0.49999999999999956,7.999999999999993,0.01145619999806513,0.01145619999806513,0.011558199999853969,backbone,both,cayley,72,7.999999999999977,0.0027216999988013413,False,2,,True,2,"cayley,envelope",64,4,RL+Backbone,1,analytic,Analytic (exact secular)
best,C:\Users\erich\Documents\AFRL\Algebraic-Connectivity-Optimization-CDC2026\lite_trials_new\runs\analytic\checkpoints\best.pt,ppo,1000,C:\Users\erich\Documents\AFRL\Algebraic-Connectivity-Optimization-CDC2026\lite_trials_new\configs\analytic.yaml,full,16,0.552380952381,2,73,73,0.5523809523809524,1,0.49999999999999956,7.999999999999993,0.011730299996997928,0.011730299996997928,0.011853699998027878,backbone,both,cayley,72,7.999999999999977,0.0025237999980163295,False,2,,True,2,"cayley,envelope",64,4,RL+Backbone,2,analytic,Analytic (exact secular)
best,C:\Users\erich\Documents\AFRL\Algebraic-Connectivity-Optimization-CDC2026\lite_trials_new\runs\analytic\checkpoints\best.pt,ppo,1000,C:\Users\erich\Documents\AFRL\Algebraic-Connectivity-Optimization-CDC2026\lite_trials_new\configs\analytic.yaml,full,16,0.666666666667,0,85,85,0.6666666666666666,0,0.6249999999999998,9.999999999999996,0.0013233000026957598,0.0013233000026957598,0.003689599998324411,backbone,both,cayley,85,9.999999999999996,0.0036895000012009405,False,3,,True,2,"cayley,envelope",64,4,RL+Backbone,0,analytic,Analytic (exact secular)
best,C:\Users\erich\Documents\AFRL\Algebraic-Connectivity-Optimization-CDC2026\lite_trials_new\runs\analytic\checkpoints\best.pt,ppo,1000,C:\Users\erich\Documents\AFRL\Algebraic-Connectivity-Optimization-CDC2026\lite_trials_new\configs\analytic.yaml,full,16,0.666666666667,1,85,85,0.6666666666666666,0,0.6249999999999996,9.999999999999993,0.0012054999970132485,0.0012054999970132485,0.0034051000002364162,backbone,both,cayley,85,9.999999999999996,0.003404999999474967,False,3,,True,2,"cayley,envelope",64,4,RL+Backbone,1,analytic,Analytic (exact secular)
best,C:\Users\erich\Documents\AFRL\Algebraic-Connectivity-Optimization-CDC2026\lite_trials_new\runs\analytic\checkpoints\best.pt,ppo,1000,C:\Users\erich\Documents\AFRL\Algebraic-Connectivity-Optimization-CDC2026\lite_trials_new\configs\analytic.yaml,full,16,0.666666666667,2,85,85,0.6666666666666666,1,0.6249999999999991,9.999999999999986,0.0013287000001582783,0.0013287000001582783,0.004783000000315951,backbone,both,envelope,84,10.0,0.003454300000157673,False,,,True,2,"cayley,envelope",64,4,RL+Backbone,2,analytic,Analytic (exact secular)
best,C:\Users\erich\Documents\AFRL\Algebraic-Connectivity-Optimization-CDC2026\lite_trials_new\runs\analytic\checkpoints\best.pt,ppo,1000,C:\Users\erich\Documents\AFRL\Algebraic-Connectivity-Optimization-CDC2026\lite_trials_new\configs\analytic.yaml,full,16,0.771428571429,0,96,96,0.7714285714285715,0,0.7499999999999996,11.999999999999993,9.999712347052991e-08,9.999712347052991e-08,0.0001317999958700966,backbone,envelope_only,envelope,96,12.0,0.00013169999874662608,False,,,False,1,envelope,64,4,RL+Backbone,0,analytic,Analytic (exact secular)
best,C:\Users\erich\Documents\AFRL\Algebraic-Connectivity-Optimization-CDC2026\lite_trials_new\runs\analytic\checkpoints\best.pt,ppo,1000,C:\Users\erich\Documents\AFRL\Algebraic-Connectivity-Optimization-CDC2026\lite_trials_new\configs\analytic.yaml,full,16,0.771428571429,1,96,96,0.7714285714285715,0,0.7499999999999996,11.999999999999993,1.00000761449337e-07,1.00000761449337e-07,0.0001306000012846198,backbone,envelope_only,envelope,96,12.0,0.00013050000052317046,False,,,False,1,envelope,64,4,RL+Backbone,1,analytic,Analytic (exact secular)
best,C:\Users\erich\Documents\AFRL\Algebraic-Connectivity-Optimization-CDC2026\lite_trials_new\runs\analytic\checkpoints\best.pt,ppo,1000,C:\Users\erich\Documents\AFRL\Algebraic-Connectivity-Optimization-CDC2026\lite_trials_new\configs\analytic.yaml,full,16,0.771428571429,2,96,96,0.7714285714285715,0,0.7499999999999996,11.999999999999993,2.999986463692039e-07,2.999986463692039e-07,0.00012099999730708078,backbone,envelope_only,envelope,96,12.0,0.00012069999866071157,False,,,False,1,envelope,64,4,RL+Backbone,2,analytic,Analytic (exact secular)
best,C:\Users\erich\Documents\AFRL\Algebraic-Connectivity-Optimization-CDC2026\lite_trials_new\runs\analytic\checkpoints\best.pt,ppo,1000,C:\Users\erich\Documents\AFRL\Algebraic-Connectivity-Optimization-CDC2026\lite_trials_new\configs\analytic.yaml,full,16,0.885714285714,0,108,108,0.8857142857142857,3,0.8124999999999988,12.99999999999998,0.004187999998976011,0.004187999998976011,0.004371499999251682,backbone,envelope_only,envelope,105,13.0,0.00018350000027567148,False,,,False,1,envelope,64,4,RL+Backbone,0,analytic,Analytic (exact secular)
best,C:\Users\erich\Documents\AFRL\Algebraic-Connectivity-Optimization-CDC2026\lite_trials_new\runs\analytic\checkpoints\best.pt,ppo,1000,C:\Users\erich\Documents\AFRL\Algebraic-Connectivity-Optimization-CDC2026\lite_trials_new\configs\analytic.yaml,full,16,0.885714285714,1,108,108,0.8857142857142857,3,0.8124999999999988,12.99999999999998,0.004060899998876266,0.004060899998876266,0.0042045999980473425,backbone,envelope_only,envelope,105,13.0,0.00014369999917107634,False,,,False,1,envelope,64,4,RL+Backbone,1,analytic,Analytic (exact secular)
best,C:\Users\erich\Documents\AFRL\Algebraic-Connectivity-Optimization-CDC2026\lite_trials_new\runs\analytic\checkpoints\best.pt,ppo,1000,C:\Users\erich\Documents\AFRL\Algebraic-Connectivity-Optimization-CDC2026\lite_trials_new\configs\analytic.yaml,full,16,0.885714285714,2,108,108,0.8857142857142857,3,0.8124999999999988,12.99999999999998,0.004254400002537295,0.004254400002537295,0.004435400001966627,backbone,envelope_only,envelope,105,13.0,0.0001809999994293321,False,,,False,1,envelope,64,4,RL+Backbone,2,analytic,Analytic (exact secular)
best,C:\Users\erich\Documents\AFRL\Algebraic-Connectivity-Optimization-CDC2026\lite_trials_new\runs\analytic\checkpoints\best.pt,ppo,1000,C:\Users\erich\Documents\AFRL\Algebraic-Connectivity-Optimization-CDC2026\lite_trials_new\configs\analytic.yaml,full,16,0.990476190476,0,119,119,0.9904761904761905,7,0.8749999999999994,13.999999999999991,0.0068518000007316004,0.0068518000007316004,0.007056700000248384,backbone,envelope_only,envelope,112,14.0,0.00020489999951678328,False,,,False,1,envelope,64,4,RL+Backbone,0,analytic,Analytic (exact secular)
best,C:\Users\erich\Documents\AFRL\Algebraic-Connectivity-Optimization-CDC2026\lite_trials_new\runs\analytic\checkpoints\best.pt,ppo,1000,C:\Users\erich\Documents\AFRL\Algebraic-Connectivity-Optimization-CDC2026\lite_trials_new\configs\analytic.yaml,full,16,0.990476190476,1,119,119,0.9904761904761905,7,0.8749999999999994,13.999999999999991,0.00723170000128448,0.00723170000128448,0.007378000002063345,backbone,envelope_only,envelope,112,14.0,0.00014630000077886507,False,,,False,1,envelope,64,4,RL+Backbone,1,analytic,Analytic (exact secular)
best,C:\Users\erich\Documents\AFRL\Algebraic-Connectivity-Optimization-CDC2026\lite_trials_new\runs\analytic\checkpoints\best.pt,ppo,1000,C:\Users\erich\Documents\AFRL\Algebraic-Connectivity-Optimization-CDC2026\lite_trials_new\configs\analytic.yaml,full,16,0.990476190476,2,119,119,0.9904761904761905,7,0.8749999999999994,13.999999999999991,0.007550599999376573,0.007550599999376573,0.007743599999230355,backbone,envelope_only,envelope,112,14.0,0.00019299999985378236,False,,,False,1,envelope,64,4,RL+Backbone,2,analytic,Analytic (exact secular)
best,C:\Users\erich\Documents\AFRL\Algebraic-Connectivity-Optimization-CDC2026\lite_trials_new\runs\analytic\checkpoints\best.pt,ppo,1000,C:\Users\erich\Documents\AFRL\Algebraic-Connectivity-Optimization-CDC2026\lite_trials_new\configs\analytic.yaml,full,32,0.002150537634,0,32,32,0.002150537634408602,1,0.001200919974798105,0.03842943919353936,0.005440099997940706,0.005440099997940706,0.005440099997940706,path,path,path,31,0.0,0.0,False,,,False,1,path,64,4,RL+Path,0,analytic,Analytic (exact secular)
best,C:\Users\erich\Documents\AFRL\Algebraic-Connectivity-Optimization-CDC2026\lite_trials_new\runs\analytic\checkpoints\best.pt,ppo,1000,C:\Users\erich\Documents\AFRL\Algebraic-Connectivity-Optimization-CDC2026\lite_trials_new\configs\analytic.yaml,full,32,0.002150537634,1,32,32,0.002150537634408602,1,0.001200919974798105,0.03842943919353936,0.0029444000028888695,0.0029444000028888695,0.0029444000028888695,path,path,path,31,0.0,0.0,False,,,False,1,path,64,4,RL+Path,1,analytic,Analytic (exact secular)
best,C:\Users\erich\Documents\AFRL\Algebraic-Connectivity-Optimization-CDC2026\lite_trials_new\runs\analytic\checkpoints\best.pt,ppo,1000,C:\Users\erich\Documents\AFRL\Algebraic-Connectivity-Optimization-CDC2026\lite_trials_new\configs\analytic.yaml,full,32,0.002150537634,2,32,32,0.002150537634408602,1,0.001200919974798105,0.03842943919353936,0.003263300000980962,0.003263300000980962,0.003263300000980962,path,path,path,31,0.0,0.0,False,,,False,1,path,64,4,RL+Path,2,analytic,Analytic (exact secular)
best,C:\Users\erich\Documents\AFRL\Algebraic-Connectivity-Optimization-CDC2026\lite_trials_new\runs\analytic\checkpoints\best.pt,ppo,1000,C:\Users\erich\Documents\AFRL\Algebraic-Connectivity-Optimization-CDC2026\lite_trials_new\configs\analytic.yaml,full,32,0.111827956989,0,83,83,0.11182795698924732,52,0.07554412275263342,2.4174119280842694,0.1932119999983115,0.1932119999983115,0.1932119999983115,path,path,path,31,0.0,0.0,False,,,False,1,path,64,4,RL+Path,0,analytic,Analytic (exact secular)
best,C:\Users\erich\Documents\AFRL\Algebraic-Connectivity-Optimization-CDC2026\lite_trials_new\runs\analytic\checkpoints\best.pt,ppo,1000,C:\Users\erich\Documents\AFRL\Algebraic-Connectivity-Optimization-CDC2026\lite_trials_new\configs\analytic.yaml,full,32,0.111827956989,1,83,83,0.11182795698924732,52,0.07554412275263342,2.4174119280842694,0.18958720000227913,0.18958720000227913,0.18958720000227913,path,path,path,31,0.0,0.0,False,,,False,1,path,64,4,RL+Path,1,analytic,Analytic (exact secular)
best,C:\Users\erich\Documents\AFRL\Algebraic-Connectivity-Optimization-CDC2026\lite_trials_new\runs\analytic\checkpoints\best.pt,ppo,1000,C:\Users\erich\Documents\AFRL\Algebraic-Connectivity-Optimization-CDC2026\lite_trials_new\configs\analytic.yaml,full,32,0.111827956989,2,83,83,0.11182795698924732,52,0.07554412275263342,2.4174119280842694,0.2324625000001106,0.2324625000001106,0.2324625000001106,path,path,path,31,0.0,0.0,False,,,False,1,path,64,4,RL+Path,2,analytic,Analytic (exact secular)
best,C:\Users\erich\Documents\AFRL\Algebraic-Connectivity-Optimization-CDC2026\lite_trials_new\runs\analytic\checkpoints\best.pt,ppo,1000,C:\Users\erich\Documents\AFRL\Algebraic-Connectivity-Optimization-CDC2026\lite_trials_new\configs\analytic.yaml,full,32,0.223655913978,0,135,135,0.22365591397849463,104,0.17220555115329098,5.510577636905311,0.4677194000032614,0.4677194000032614,0.4677194000032614,path,path,path,31,0.0,0.0,False,,,False,1,path,64,4,RL+Path,0,analytic,Analytic (exact secular)
best,C:\Users\erich\Documents\AFRL\Algebraic-Connectivity-Optimization-CDC2026\lite_trials_new\runs\analytic\checkpoints\best.pt,ppo,1000,C:\Users\erich\Documents\AFRL\Algebraic-Connectivity-Optimization-CDC2026\lite_trials_new\configs\analytic.yaml,full,32,0.223655913978,1,135,135,0.22365591397849463,104,0.17220555115329098,5.510577636905311,0.466935000000376,0.466935000000376,0.466935000000376,path,path,path,31,0.0,0.0,False,,,False,1,path,64,4,RL+Path,1,analytic,Analytic (exact secular)
best,C:\Users\erich\Documents\AFRL\Algebraic-Connectivity-Optimization-CDC2026\lite_trials_new\runs\analytic\checkpoints\best.pt,ppo,1000,C:\Users\erich\Documents\AFRL\Algebraic-Connectivity-Optimization-CDC2026\lite_trials_new\configs\analytic.yaml,full,32,0.223655913978,2,135,135,0.22365591397849463,104,0.17220555115329098,5.510577636905311,0.4602639000004274,0.4602639000004274,0.4602639000004274,path,path,path,31,0.0,0.0,False,,,False,1,path,64,4,RL+Path,2,analytic,Analytic (exact secular)
best,C:\Users\erich\Documents\AFRL\Algebraic-Connectivity-Optimization-CDC2026\lite_trials_new\runs\analytic\checkpoints\best.pt,ppo,1000,C:\Users\erich\Documents\AFRL\Algebraic-Connectivity-Optimization-CDC2026\lite_trials_new\configs\analytic.yaml,full,32,0.333333333333,0,186,186,0.3333333333333333,155,0.2704493000913144,8.654377602922061,0.7101597000000766,0.7101597000000766,0.7101597000000766,path,path,path,31,0.0,0.0,False,,,False,1,path,64,4,RL+Path,0,analytic,Analytic (exact secular)
best,C:\Users\erich\Documents\AFRL\Algebraic-Connectivity-Optimization-CDC2026\lite_trials_new\runs\analytic\checkpoints\best.pt,ppo,1000,C:\Users\erich\Documents\AFRL\Algebraic-Connectivity-Optimization-CDC2026\lite_trials_new\configs\analytic.yaml,full,32,0.333333333333,1,186,186,0.3333333333333333,155,0.2704493000913144,8.654377602922061,0.6986709000011615,0.6986709000011615,0.6986709000011615,path,path,path,31,0.0,0.0,False,,,False,1,path,64,4,RL+Path,1,analytic,Analytic (exact secular)
best,C:\Users\erich\Documents\AFRL\Algebraic-Connectivity-Optimization-CDC2026\lite_trials_new\runs\analytic\checkpoints\best.pt,ppo,1000,C:\Users\erich\Documents\AFRL\Algebraic-Connectivity-Optimization-CDC2026\lite_trials_new\configs\analytic.yaml,full,32,0.333333333333,2,186,186,0.3333333333333333,155,0.2704493000913144,8.654377602922061,0.7199300000029325,0.7199300000029325,0.7199300000029325,path,path,path,31,0.0,0.0,False,,,False,1,path,64,4,RL+Path,2,analytic,Analytic (exact secular)
best,C:\Users\erich\Documents\AFRL\Algebraic-Connectivity-Optimization-CDC2026\lite_trials_new\runs\analytic\checkpoints\best.pt,ppo,1000,C:\Users\erich\Documents\AFRL\Algebraic-Connectivity-Optimization-CDC2026\lite_trials_new\configs\analytic.yaml,full,32,0.445161290323,0,238,238,0.44516129032258067,207,0.37427381072852056,11.976761943312658,0.9759754000006069,0.9759754000006069,0.9759754000006069,path,path,path,31,0.0,0.0,False,,,False,1,path,64,4,RL+Path,0,analytic,Analytic (exact secular)
best,C:\Users\erich\Documents\AFRL\Algebraic-Connectivity-Optimization-CDC2026\lite_trials_new\runs\analytic\checkpoints\best.pt,ppo,1000,C:\Users\erich\Documents\AFRL\Algebraic-Connectivity-Optimization-CDC2026\lite_trials_new\configs\analytic.yaml,full,32,0.445161290323,1,238,238,0.44516129032258067,207,0.37427381072852056,11.976761943312658,0.9543639000003168,0.9543639000003168,0.9543639000003168,path,path,path,31,0.0,0.0,False,,,False,1,path,64,4,RL+Path,1,analytic,Analytic (exact secular)
best,C:\Users\erich\Documents\AFRL\Algebraic-Connectivity-Optimization-CDC2026\lite_trials_new\runs\analytic\checkpoints\best.pt,ppo,1000,C:\Users\erich\Documents\AFRL\Algebraic-Connectivity-Optimization-CDC2026\lite_trials_new\configs\analytic.yaml,full,32,0.445161290323,2,238,238,0.44516129032258067,207,0.37427381072852056,11.976761943312658,0.9756888999982039,0.9756888999982039,0.9756888999982039,path,path,path,31,0.0,0.0,False,,,False,1,path,64,4,RL+Path,2,analytic,Analytic (exact secular)
best,C:\Users\erich\Documents\AFRL\Algebraic-Connectivity-Optimization-CDC2026\lite_trials_new\runs\analytic\checkpoints\best.pt,ppo,1000,C:\Users\erich\Documents\AFRL\Algebraic-Connectivity-Optimization-CDC2026\lite_trials_new\configs\analytic.yaml,full,32,0.554838709677,0,289,289,0.5548387096774193,258,0.4798606717418436,15.355541495738995,1.2239187999985006,1.2239187999985006,1.2239187999985006,path,path,path,31,0.0,0.0,False,,,False,1,path,64,4,RL+Path,0,analytic,Analytic (exact secular)
best,C:\Users\erich\Documents\AFRL\Algebraic-Connectivity-Optimization-CDC2026\lite_trials_new\runs\analytic\checkpoints\best.pt,ppo,1000,C:\Users\erich\Documents\AFRL\Algebraic-Connectivity-Optimization-CDC2026\lite_trials_new\configs\analytic.yaml,full,32,0.554838709677,1,289,289,0.5548387096774193,258,0.4798606717418436,15.355541495738995,1.24469450000106,1.24469450000106,1.24469450000106,path,path,path,31,0.0,0.0,False,,,False,1,path,64,4,RL+Path,1,analytic,Analytic (exact secular)
best,C:\Users\erich\Documents\AFRL\Algebraic-Connectivity-Optimization-CDC2026\lite_trials_new\runs\analytic\checkpoints\best.pt,ppo,1000,C:\Users\erich\Documents\AFRL\Algebraic-Connectivity-Optimization-CDC2026\lite_trials_new\configs\analytic.yaml,full,32,0.554838709677,2,289,289,0.5548387096774193,258,0.4798606717418436,15.355541495738995,1.2210181999980705,1.2210181999980705,1.2210181999980705,path,path,path,31,0.0,0.0,False,,,False,1,path,64,4,RL+Path,2,analytic,Analytic (exact secular)
best,C:\Users\erich\Documents\AFRL\Algebraic-Connectivity-Optimization-CDC2026\lite_trials_new\runs\analytic\checkpoints\best.pt,ppo,1000,C:\Users\erich\Documents\AFRL\Algebraic-Connectivity-Optimization-CDC2026\lite_trials_new\configs\analytic.yaml,full,32,0.666666666667,0,341,341,0.6666666666666666,310,0.5904372839865325,18.89399308756904,1.4636735999993107,1.4636735999993107,1.4636735999993107,path,path,path,31,0.0,0.0,False,,,False,1,path,64,4,RL+Path,0,analytic,Analytic (exact secular)
best,C:\Users\erich\Documents\AFRL\Algebraic-Connectivity-Optimization-CDC2026\lite_trials_new\runs\analytic\checkpoints\best.pt,ppo,1000,C:\Users\erich\Documents\AFRL\Algebraic-Connectivity-Optimization-CDC2026\lite_trials_new\configs\analytic.yaml,full,32,0.666666666667,1,341,341,0.6666666666666666,310,0.5904372839865325,18.89399308756904,1.4832185999985086,1.4832185999985086,1.4832185999985086,path,path,path,31,0.0,0.0,False,,,False,1,path,64,4,RL+Path,1,analytic,Analytic (exact secular)
best,C:\Users\erich\Documents\AFRL\Algebraic-Connectivity-Optimization-CDC2026\lite_trials_new\runs\analytic\checkpoints\best.pt,ppo,1000,C:\Users\erich\Documents\AFRL\Algebraic-Connectivity-Optimization-CDC2026\lite_trials_new\configs\analytic.yaml,full,32,0.666666666667,2,341,341,0.6666666666666666,310,0.5904372839865325,18.89399308756904,1.457810600000812,1.457810600000812,1.457810600000812,path,path,path,31,0.0,0.0,False,,,False,1,path,64,4,RL+Path,2,analytic,Analytic (exact secular)
best,C:\Users\erich\Documents\AFRL\Algebraic-Connectivity-Optimization-CDC2026\lite_trials_new\runs\analytic\checkpoints\best.pt,ppo,1000,C:\Users\erich\Documents\AFRL\Algebraic-Connectivity-Optimization-CDC2026\lite_trials_new\configs\analytic.yaml,full,32,0.776344086022,0,392,392,0.7763440860215054,361,0.7012650379017304,22.440481212855374,1.7523466999991797,1.7523466999991797,1.7523466999991797,path,path,path,31,0.0,0.0,False,,,False,1,path,64,4,RL+Path,0,analytic,Analytic (exact secular)
best,C:\Users\erich\Documents\AFRL\Algebraic-Connectivity-Optimization-CDC2026\lite_trials_new\runs\analytic\checkpoints\best.pt,ppo,1000,C:\Users\erich\Documents\AFRL\Algebraic-Connectivity-Optimization-CDC2026\lite_trials_new\configs\analytic.yaml,full,32,0.776344086022,1,392,392,0.7763440860215054,361,0.7012650379017304,22.440481212855374,1.7202551000009407,1.7202551000009407,1.7202551000009407,path,path,path,31,0.0,0.0,False,,,False,1,path,64,4,RL+Path,1,analytic,Analytic (exact secular)
best,C:\Users\erich\Documents\AFRL\Algebraic-Connectivity-Optimization-CDC2026\lite_trials_new\runs\analytic\checkpoints\best.pt,ppo,1000,C:\Users\erich\Documents\AFRL\Algebraic-Connectivity-Optimization-CDC2026\lite_trials_new\configs\analytic.yaml,full,32,0.776344086022,2,392,392,0.7763440860215054,361,0.7012650379017304,22.440481212855374,1.7400061999978789,1.7400061999978789,1.7400061999978789,path,path,path,31,0.0,0.0,False,,,False,1,path,64,4,RL+Path,2,analytic,Analytic (exact secular)
best,C:\Users\erich\Documents\AFRL\Algebraic-Connectivity-Optimization-CDC2026\lite_trials_new\runs\analytic\checkpoints\best.pt,ppo,1000,C:\Users\erich\Documents\AFRL\Algebraic-Connectivity-Optimization-CDC2026\lite_trials_new\configs\analytic.yaml,full,32,0.888172043011,0,444,444,0.8881720430107527,413,0.8226501707870042,26.324805465184134,1.9984297999981209,1.9984297999981209,1.9984297999981209,path,path,path,31,0.0,0.0,False,,,False,1,path,64,4,RL+Path,0,analytic,Analytic (exact secular)
best,C:\Users\erich\Documents\AFRL\Algebraic-Connectivity-Optimization-CDC2026\lite_trials_new\runs\analytic\checkpoints\best.pt,ppo,1000,C:\Users\erich\Documents\AFRL\Algebraic-Connectivity-Optimization-CDC2026\lite_trials_new\configs\analytic.yaml,full,32,0.888172043011,1,444,444,0.8881720430107527,413,0.8226501707870042,26.324805465184134,2.0012986000001547,2.0012986000001547,2.0012986000001547,path,path,path,31,0.0,0.0,False,,,False,1,path,64,4,RL+Path,1,analytic,Analytic (exact secular)
best,C:\Users\erich\Documents\AFRL\Algebraic-Connectivity-Optimization-CDC2026\lite_trials_new\runs\analytic\checkpoints\best.pt,ppo,1000,C:\Users\erich\Documents\AFRL\Algebraic-Connectivity-Optimization-CDC2026\lite_trials_new\configs\analytic.yaml,full,32,0.888172043011,2,444,444,0.8881720430107527,413,0.8226501707870042,26.324805465184134,2.027435099997092,2.027435099997092,2.027435099997092,path,path,path,31,0.0,0.0,False,,,False,1,path,64,4,RL+Path,2,analytic,Analytic (exact secular)
best,C:\Users\erich\Documents\AFRL\Algebraic-Connectivity-Optimization-CDC2026\lite_trials_new\runs\analytic\checkpoints\best.pt,ppo,1000,C:\Users\erich\Documents\AFRL\Algebraic-Connectivity-Optimization-CDC2026\lite_trials_new\configs\analytic.yaml,full,32,0.997849462366,0,495,495,0.9978494623655914,464,0.9374999999999998,29.999999999999993,2.159221800000523,2.159221800000523,2.159221800000523,path,path,path,31,0.0,0.0,False,,,False,1,path,64,4,RL+Path,0,analytic,Analytic (exact secular)
best,C:\Users\erich\Documents\AFRL\Algebraic-Connectivity-Optimization-CDC2026\lite_trials_new\runs\analytic\checkpoints\best.pt,ppo,1000,C:\Users\erich\Documents\AFRL\Algebraic-Connectivity-Optimization-CDC2026\lite_trials_new\configs\analytic.yaml,full,32,0.997849462366,1,495,495,0.9978494623655914,464,0.9374999999999998,29.999999999999993,2.113088099999004,2.113088099999004,2.113088099999004,path,path,path,31,0.0,0.0,False,,,False,1,path,64,4,RL+Path,1,analytic,Analytic (exact secular)
best,C:\Users\erich\Documents\AFRL\Algebraic-Connectivity-Optimization-CDC2026\lite_trials_new\runs\analytic\checkpoints\best.pt,ppo,1000,C:\Users\erich\Documents\AFRL\Algebraic-Connectivity-Optimization-CDC2026\lite_trials_new\configs\analytic.yaml,full,32,0.997849462366,2,495,495,0.9978494623655914,464,0.9374999999999998,29.999999999999993,2.1216410999986692,2.1216410999986692,2.1216410999986692,path,path,path,31,0.0,0.0,False,,,False,1,path,64,4,RL+Path,2,analytic,Analytic (exact secular)
best,C:\Users\erich\Documents\AFRL\Algebraic-Connectivity-Optimization-CDC2026\lite_trials_new\runs\analytic\checkpoints\best.pt,ppo,1000,C:\Users\erich\Documents\AFRL\Algebraic-Connectivity-Optimization-CDC2026\lite_trials_new\configs\analytic.yaml,full,32,0.002150537634,0,32,32,0.002150537634408602,1,0.031249999999999944,0.9999999999999982,0.0037937000015517697,0.0037937000015517697,0.004317700004321523,backbone,envelope_only,envelope,31,1.0,0.0005240000027697533,False,,,False,1,envelope,64,4,RL+Backbone,0,analytic,Analytic (exact secular)
best,C:\Users\erich\Documents\AFRL\Algebraic-Connectivity-Optimization-CDC2026\lite_trials_new\runs\analytic\checkpoints\best.pt,ppo,1000,C:\Users\erich\Documents\AFRL\Algebraic-Connectivity-Optimization-CDC2026\lite_trials_new\configs\analytic.yaml,full,32,0.002150537634,1,32,32,0.002150537634408602,1,0.031249999999999944,0.9999999999999982,0.00173960000029183,0.00173960000029183,0.0018688000018300954,backbone,envelope_only,envelope,31,1.0,0.0001292000015382655,False,,,False,1,envelope,64,4,RL+Backbone,1,analytic,Analytic (exact secular)
best,C:\Users\erich\Documents\AFRL\Algebraic-Connectivity-Optimization-CDC2026\lite_trials_new\runs\analytic\checkpoints\best.pt,ppo,1000,C:\Users\erich\Documents\AFRL\Algebraic-Connectivity-Optimization-CDC2026\lite_trials_new\configs\analytic.yaml,full,32,0.002150537634,2,32,32,0.002150537634408602,1,0.031249999999999944,0.9999999999999982,0.0021667000000888947,0.0021667000000888947,0.002306399997905828,backbone,envelope_only,envelope,31,1.0,0.00013969999781693332,False,,,False,1,envelope,64,4,RL+Backbone,2,analytic,Analytic (exact secular)
best,C:\Users\erich\Documents\AFRL\Algebraic-Connectivity-Optimization-CDC2026\lite_trials_new\runs\analytic\checkpoints\best.pt,ppo,1000,C:\Users\erich\Documents\AFRL\Algebraic-Connectivity-Optimization-CDC2026\lite_trials_new\configs\analytic.yaml,full,32,0.111827956989,0,83,83,0.11182795698924732,3,0.07222737494664863,2.311275998292756,0.011974900000495836,0.011974900000495836,0.022442000001319684,backbone,cayley_only,cayley,80,2.202067348068188,0.010467100000823848,False,2,,False,1,cayley,64,4,RL+Backbone,0,analytic,Analytic (exact secular)
best,C:\Users\erich\Documents\AFRL\Algebraic-Connectivity-Optimization-CDC2026\lite_trials_new\runs\analytic\checkpoints\best.pt,ppo,1000,C:\Users\erich\Documents\AFRL\Algebraic-Connectivity-Optimization-CDC2026\lite_trials_new\configs\analytic.yaml,full,32,0.111827956989,1,83,83,0.11182795698924732,3,0.07328382137519626,2.3450822840062804,0.010527999998885207,0.010527999998885207,0.017987599996558856,backbone,cayley_only,cayley,80,2.202067348068189,0.007459599997673649,False,2,,False,1,cayley,64,4,RL+Backbone,1,analytic,Analytic (exact secular)
best,C:\Users\erich\Documents\AFRL\Algebraic-Connectivity-Optimization-CDC2026\lite_trials_new\runs\analytic\checkpoints\best.pt,ppo,1000,C:\Users\erich\Documents\AFRL\Algebraic-Connectivity-Optimization-CDC2026\lite_trials_new\configs\analytic.yaml,full,32,0.111827956989,2,83,83,0.11182795698924732,3,0.07327570080833117,2.3448224258665973,0.0104328000015812,0.0104328000015812,0.01771050000024843,backbone,cayley_only,cayley,80,2.202067348068188,0.007277699998667231,False,2,,False,1,cayley,64,4,RL+Backbone,2,analytic,Analytic (exact secular)
best,C:\Users\erich\Documents\AFRL\Algebraic-Connectivity-Optimization-CDC2026\lite_trials_new\runs\analytic\checkpoints\best.pt,ppo,1000,C:\Users\erich\Documents\AFRL\Algebraic-Connectivity-Optimization-CDC2026\lite_trials_new\configs\analytic.yaml,full,32,0.223655913978,0,135,135,0.22365591397849463,7,0.1662625670018558,5.320402144059385,0.019499699999869335,0.019499699999869335,0.027548600002774037,backbone,cayley_only,cayley,128,5.171572875253809,0.008048900002904702,False,2,,False,1,cayley,64,4,RL+Backbone,0,analytic,Analytic (exact secular)
best,C:\Users\erich\Documents\AFRL\Algebraic-Connectivity-Optimization-CDC2026\lite_trials_new\runs\analytic\checkpoints\best.pt,ppo,1000,C:\Users\erich\Documents\AFRL\Algebraic-Connectivity-Optimization-CDC2026\lite_trials_new\configs\analytic.yaml,full,32,0.223655913978,1,135,135,0.22365591397849463,7,0.16756303485014362,5.362017115204596,0.020879399999103043,0.020879399999103043,0.028677399997832254,backbone,cayley_only,cayley,128,5.171572875253811,0.00779799999872921,False,2,,False,1,cayley,64,4,RL+Backbone,1,analytic,Analytic (exact secular)
best,C:\Users\erich\Documents\AFRL\Algebraic-Connectivity-Optimization-CDC2026\lite_trials_new\runs\analytic\checkpoints\best.pt,ppo,1000,C:\Users\erich\Documents\AFRL\Algebraic-Connectivity-Optimization-CDC2026\lite_trials_new\configs\analytic.yaml,full,32,0.223655913978,2,135,135,0.22365591397849463,7,0.1674760338852724,5.359233084328717,0.021738100000220584,0.021738100000220584,0.030727099998330232,backbone,cayley_only,cayley,128,5.171572875253808,0.008988999998109648,False,2,,False,1,cayley,64,4,RL+Backbone,2,analytic,Analytic (exact secular)
best,C:\Users\erich\Documents\AFRL\Algebraic-Connectivity-Optimization-CDC2026\lite_trials_new\runs\analytic\checkpoints\best.pt,ppo,1000,C:\Users\erich\Documents\AFRL\Algebraic-Connectivity-Optimization-CDC2026\lite_trials_new\configs\analytic.yaml,full,32,0.333333333333,0,186,186,0.3333333333333333,10,0.2763504000626832,8.843212802005862,0.04249799999888637,0.04249799999888637,0.05098159999761265,backbone,cayley_only,cayley,176,8.20206734806819,0.008483599998726277,False,2,,False,1,cayley,64,4,RL+Backbone,0,analytic,Analytic (exact secular)
best,C:\Users\erich\Documents\AFRL\Algebraic-Connectivity-Optimization-CDC2026\lite_trials_new\runs\analytic\checkpoints\best.pt,ppo,1000,C:\Users\erich\Documents\AFRL\Algebraic-Connectivity-Optimization-CDC2026\lite_trials_new\configs\analytic.yaml,full,32,0.333333333333,1,186,186,0.3333333333333333,10,0.27708733519095036,8.866794726110411,0.054088299999421,0.054088299999421,0.06352729999707663,backbone,cayley_only,cayley,176,8.20206734806819,0.009438999997655628,False,2,,False,1,cayley,64,4,RL+Backbone,1,analytic,Analytic (exact secular)
best,C:\Users\erich\Documents\AFRL\Algebraic-Connectivity-Optimization-CDC2026\lite_trials_new\runs\analytic\checkpoints\best.pt,ppo,1000,C:\Users\erich\Documents\AFRL\Algebraic-Connectivity-Optimization-CDC2026\lite_trials_new\configs\analytic.yaml,full,32,0.333333333333,2,186,186,0.3333333333333333,10,0.27708733519095047,8.866794726110415,0.051765799998975126,0.051765799998975126,0.06467119999797433,backbone,cayley_only,cayley,176,8.20206734806819,0.0129053999989992,False,2,,False,1,cayley,64,4,RL+Backbone,2,analytic,Analytic (exact secular)
best,C:\Users\erich\Documents\AFRL\Algebraic-Connectivity-Optimization-CDC2026\lite_trials_new\runs\analytic\checkpoints\best.pt,ppo,1000,C:\Users\erich\Documents\AFRL\Algebraic-Connectivity-Optimization-CDC2026\lite_trials_new\configs\analytic.yaml,full,32,0.445161290323,0,238,238,0.44516129032258067,14,0.39846796933396494,12.750975018686878,0.05440350000208127,0.05440350000208127,0.05861350000122911,backbone,cayley_only,cayley,224,12.000000000000007,0.00420999999914784,False,2,,False,1,cayley,64,4,RL+Backbone,0,analytic,Analytic (exact secular)
best,C:\Users\erich\Documents\AFRL\Algebraic-Connectivity-Optimization-CDC2026\lite_trials_new\runs\analytic\checkpoints\best.pt,ppo,1000,C:\Users\erich\Documents\AFRL\Algebraic-Connectivity-Optimization-CDC2026\lite_trials_new\configs\analytic.yaml,full,32,0.445161290323,1,238,238,0.44516129032258067,14,0.39846796933396494,12.750975018686878,0.05517820000022766,0.05517820000022766,0.06033490000118036,backbone,cayley_only,cayley,224,12.000000000000007,0.005156700000952696,False,2,,False,1,cayley,64,4,RL+Backbone,1,analytic,Analytic (exact secular)
best,C:\Users\erich\Documents\AFRL\Algebraic-Connectivity-Optimization-CDC2026\lite_trials_new\runs\analytic\checkpoints\best.pt,ppo,1000,C:\Users\erich\Documents\AFRL\Algebraic-Connectivity-Optimization-CDC2026\lite_trials_new\configs\analytic.yaml,full,32,0.445161290323,2,238,238,0.44516129032258067,14,0.39846796933396494,12.750975018686878,0.05251060000227881,0.05251060000227881,0.05718840000190539,backbone,cayley_only,cayley,224,12.000000000000007,0.004677799999626586,False,2,,False,1,cayley,64,4,RL+Backbone,2,analytic,Analytic (exact secular)
best,C:\Users\erich\Documents\AFRL\Algebraic-Connectivity-Optimization-CDC2026\lite_trials_new\runs\analytic\checkpoints\best.pt,ppo,1000,C:\Users\erich\Documents\AFRL\Algebraic-Connectivity-Optimization-CDC2026\lite_trials_new\configs\analytic.yaml,full,32,0.554838709677,0,289,289,0.5548387096774193,4,0.531249999999998,16.999999999999936,0.006661499999609077,0.006661499999609077,0.007007899999734946,backbone,both,envelope,285,17.0,0.0031640000015613623,False,,,True,2,"cayley,envelope",64,4,RL+Backbone,0,analytic,Analytic (exact secular)
best,C:\Users\erich\Documents\AFRL\Algebraic-Connectivity-Optimization-CDC2026\lite_trials_new\runs\analytic\checkpoints\best.pt,ppo,1000,C:\Users\erich\Documents\AFRL\Algebraic-Connectivity-Optimization-CDC2026\lite_trials_new\configs\analytic.yaml,full,32,0.554838709677,1,289,289,0.5548387096774193,4,0.531249999999998,16.999999999999936,0.006731800000125077,0.006731800000125077,0.007081499999912921,backbone,both,envelope,285,17.0,0.0030566999994334765,False,,,True,2,"cayley,envelope",64,4,RL+Backbone,1,analytic,Analytic (exact secular)
best,C:\Users\erich\Documents\AFRL\Algebraic-Connectivity-Optimization-CDC2026\lite_trials_new\runs\analytic\checkpoints\best.pt,ppo,1000,C:\Users\erich\Documents\AFRL\Algebraic-Connectivity-Optimization-CDC2026\lite_trials_new\configs\analytic.yaml,full,32,0.554838709677,2,289,289,0.5548387096774193,4,0.531249999999998,16.999999999999936,0.005593100002442952,0.005593100002442952,0.005848200002219528,backbone,both,envelope,285,17.0,0.003519300000334624,False,,,True,2,"cayley,envelope",64,4,RL+Backbone,2,analytic,Analytic (exact secular)
best,C:\Users\erich\Documents\AFRL\Algebraic-Connectivity-Optimization-CDC2026\lite_trials_new\runs\analytic\checkpoints\best.pt,ppo,1000,C:\Users\erich\Documents\AFRL\Algebraic-Connectivity-Optimization-CDC2026\lite_trials_new\configs\analytic.yaml,full,32,0.666666666667,0,341,341,0.6666666666666666,0,0.6562499999999993,20.99999999999998,2.00001522898674e-07,2.00001522898674e-07,0.00516559999960009,backbone,both,envelope,341,21.0,0.005165399998077191,False,,,True,2,"cayley,envelope",64,4,RL+Backbone,0,analytic,Analytic (exact secular)
best,C:\Users\erich\Documents\AFRL\Algebraic-Connectivity-Optimization-CDC2026\lite_trials_new\runs\analytic\checkpoints\best.pt,ppo,1000,C:\Users\erich\Documents\AFRL\Algebraic-Connectivity-Optimization-CDC2026\lite_trials_new\configs\analytic.yaml,full,32,0.666666666667,1,341,341,0.6666666666666666,0,0.6562499999999993,20.99999999999998,1.9999788491986692e-07,1.9999788491986692e-07,0.0035596000016084872,backbone,both,envelope,341,21.0,0.003559500000847038,False,,,True,2,"cayley,envelope",64,4,RL+Backbone,1,analytic,Analytic (exact secular)
best,C:\Users\erich\Documents\AFRL\Algebraic-Connectivity-Optimization-CDC2026\lite_trials_new\runs\analytic\checkpoints\best.pt,ppo,1000,C:\Users\erich\Documents\AFRL\Algebraic-Connectivity-Optimization-CDC2026\lite_trials_new\configs\analytic.yaml,full,32,0.666666666667,2,341,341,0.6666666666666666,0,0.6562499999999998,20.999999999999993,2.999986463692039e-07,2.999986463692039e-07,0.0036533999991661403,backbone,both,cayley,341,20.99999999999999,0.003653100000519771,False,3,,True,2,"cayley,envelope",64,4,RL+Backbone,2,analytic,Analytic (exact secular)
best,C:\Users\erich\Documents\AFRL\Algebraic-Connectivity-Optimization-CDC2026\lite_trials_new\runs\analytic\checkpoints\best.pt,ppo,1000,C:\Users\erich\Documents\AFRL\Algebraic-Connectivity-Optimization-CDC2026\lite_trials_new\configs\analytic.yaml,full,32,0.776344086022,0,392,392,0.7763440860215054,8,0.749999999999996,23.999999999999872,0.015071600002556806,0.015071600002556806,0.015528200005064718,backbone,envelope_only,envelope,384,24.0,0.000456600002507912,False,,,False,1,envelope,64,4,RL+Backbone,0,analytic,Analytic (exact secular)
best,C:\Users\erich\Documents\AFRL\Algebraic-Connectivity-Optimization-CDC2026\lite_trials_new\runs\analytic\checkpoints\best.pt,ppo,1000,C:\Users\erich\Documents\AFRL\Algebraic-Connectivity-Optimization-CDC2026\lite_trials_new\configs\analytic.yaml,full,32,0.776344086022,1,392,392,0.7763440860215054,8,0.749999999999996,23.999999999999872,0.014090000000578584,0.014090000000578584,0.014544600002409425,backbone,envelope_only,envelope,384,24.0,0.0004546000018308405,False,,,False,1,envelope,64,4,RL+Backbone,1,analytic,Analytic (exact secular)
best,C:\Users\erich\Documents\AFRL\Algebraic-Connectivity-Optimization-CDC2026\lite_trials_new\runs\analytic\checkpoints\best.pt,ppo,1000,C:\Users\erich\Documents\AFRL\Algebraic-Connectivity-Optimization-CDC2026\lite_trials_new\configs\analytic.yaml,full,32,0.776344086022,2,392,392,0.7763440860215054,8,0.749999999999996,23.999999999999872,0.013100500000291504,0.013100500000291504,0.013407599999482045,backbone,envelope_only,envelope,384,24.0,0.000307099999190541,False,,,False,1,envelope,64,4,RL+Backbone,2,analytic,Analytic (exact secular)
best,C:\Users\erich\Documents\AFRL\Algebraic-Connectivity-Optimization-CDC2026\lite_trials_new\runs\analytic\checkpoints\best.pt,ppo,1000,C:\Users\erich\Documents\AFRL\Algebraic-Connectivity-Optimization-CDC2026\lite_trials_new\configs\analytic.yaml,full,32,0.888172043011,0,444,444,0.8881720430107527,9,0.8437499999999956,26.999999999999858,0.015214600000035716,0.015214600000035716,0.01569270000254619,backbone,envelope_only,envelope,435,27.0,0.00047810000251047313,False,,,False,1,envelope,64,4,RL+Backbone,0,analytic,Analytic (exact secular)
best,C:\Users\erich\Documents\AFRL\Algebraic-Connectivity-Optimization-CDC2026\lite_trials_new\runs\analytic\checkpoints\best.pt,ppo,1000,C:\Users\erich\Documents\AFRL\Algebraic-Connectivity-Optimization-CDC2026\lite_trials_new\configs\analytic.yaml,full,32,0.888172043011,1,444,444,0.8881720430107527,9,0.8437499999999956,26.999999999999858,0.015756800003146054,0.015756800003146054,0.016292000003886642,backbone,envelope_only,envelope,435,27.0,0.0005352000007405877,False,,,False,1,envelope,64,4,RL+Backbone,1,analytic,Analytic (exact secular)
best,C:\Users\erich\Documents\AFRL\Algebraic-Connectivity-Optimization-CDC2026\lite_trials_new\runs\analytic\checkpoints\best.pt,ppo,1000,C:\Users\erich\Documents\AFRL\Algebraic-Connectivity-Optimization-CDC2026\lite_trials_new\configs\analytic.yaml,full,32,0.888172043011,2,444,444,0.8881720430107527,9,0.8437499999999956,26.999999999999858,0.01562009999906877,0.01562009999906877,0.01609950000056415,backbone,envelope_only,envelope,435,27.0,0.0004794000014953781,False,,,False,1,envelope,64,4,RL+Backbone,2,analytic,Analytic (exact secular)
best,C:\Users\erich\Documents\AFRL\Algebraic-Connectivity-Optimization-CDC2026\lite_trials_new\runs\analytic\checkpoints\best.pt,ppo,1000,C:\Users\erich\Documents\AFRL\Algebraic-Connectivity-Optimization-CDC2026\lite_trials_new\configs\analytic.yaml,full,32,0.997849462366,0,495,495,0.9978494623655914,15,0.9375000000000019,30.00000000000006,0.019835600000078557,0.019835600000078557,0.020409099997777957,backbone,envelope_only,envelope,480,30.0,0.0005734999976994004,False,,,False,1,envelope,64,4,RL+Backbone,0,analytic,Analytic (exact secular)
best,C:\Users\erich\Documents\AFRL\Algebraic-Connectivity-Optimization-CDC2026\lite_trials_new\runs\analytic\checkpoints\best.pt,ppo,1000,C:\Users\erich\Documents\AFRL\Algebraic-Connectivity-Optimization-CDC2026\lite_trials_new\configs\analytic.yaml,full,32,0.997849462366,1,495,495,0.9978494623655914,15,0.9375000000000019,30.00000000000006,0.018084000003000256,0.018084000003000256,0.018710300002567237,backbone,envelope_only,envelope,480,30.0,0.0006262999995669816,False,,,False,1,envelope,64,4,RL+Backbone,1,analytic,Analytic (exact secular)
best,C:\Users\erich\Documents\AFRL\Algebraic-Connectivity-Optimization-CDC2026\lite_trials_new\runs\analytic\checkpoints\best.pt,ppo,1000,C:\Users\erich\Documents\AFRL\Algebraic-Connectivity-Optimization-CDC2026\lite_trials_new\configs\analytic.yaml,full,32,0.997849462366,2,495,495,0.9978494623655914,15,0.9375000000000019,30.00000000000006,0.019688399999722606,0.019688399999722606,0.020082700000784826,backbone,envelope_only,envelope,480,30.0,0.00039430000106221996,False,,,False,1,envelope,64,4,RL+Backbone,2,analytic,Analytic (exact secular)
best,C:\Users\erich\Documents\AFRL\Algebraic-Connectivity-Optimization-CDC2026\lite_trials_new\runs\analytic\checkpoints\best.pt,ppo,1000,C:\Users\erich\Documents\AFRL\Algebraic-Connectivity-Optimization-CDC2026\lite_trials_new\configs\analytic.yaml,full,64,0.00051203277,0,64,64,0.0005120327700972862,1,0.00015047729149385045,0.009630546655606429,0.0062074000015854836,0.0062074000015854836,0.0062074000015854836,path,path,path,63,0.0,0.0,False,,,False,1,path,64,4,RL+Path,0,analytic,Analytic (exact secular)
best,C:\Users\erich\Documents\AFRL\Algebraic-Connectivity-Optimization-CDC2026\lite_trials_new\runs\analytic\checkpoints\best.pt,ppo,1000,C:\Users\erich\Documents\AFRL\Algebraic-Connectivity-Optimization-CDC2026\lite_trials_new\configs\analytic.yaml,full,64,0.00051203277,1,64,64,0.0005120327700972862,1,0.00015047729149385045,0.009630546655606429,0.0037015000016253907,0.0037015000016253907,0.0037015000016253907,path,path,path,63,0.0,0.0,False,,,False,1,path,64,4,RL+Path,1,analytic,Analytic (exact secular)
best,C:\Users\erich\Documents\AFRL\Algebraic-Connectivity-Optimization-CDC2026\lite_trials_new\runs\analytic\checkpoints\best.pt,ppo,1000,C:\Users\erich\Documents\AFRL\Algebraic-Connectivity-Optimization-CDC2026\lite_trials_new\configs\analytic.yaml,full,64,0.00051203277,2,64,64,0.0005120327700972862,1,0.00015047729149385045,0.009630546655606429,0.0038769000020693056,0.0038769000020693056,0.0038769000020693056,path,path,path,63,0.0,0.0,False,,,False,1,path,64,4,RL+Path,2,analytic,Analytic (exact secular)
best,C:\Users\erich\Documents\AFRL\Algebraic-Connectivity-Optimization-CDC2026\lite_trials_new\runs\analytic\checkpoints\best.pt,ppo,1000,C:\Users\erich\Documents\AFRL\Algebraic-Connectivity-Optimization-CDC2026\lite_trials_new\configs\analytic.yaml,full,64,0.111623143881,0,281,281,0.11162314388120839,218,0.08105449369184332,5.187487596277973,1.1400281999995059,1.1400281999995059,1.1400281999995059,path,path,path,63,0.0,0.0,False,,,False,1,path,64,4,RL+Path,0,analytic,Analytic (exact secular)
best,C:\Users\erich\Documents\AFRL\Algebraic-Connectivity-Optimization-CDC2026\lite_trials_new\runs\analytic\checkpoints\best.pt,ppo,1000,C:\Users\erich\Documents\AFRL\Algebraic-Connectivity-Optimization-CDC2026\lite_trials_new\configs\analytic.yaml,full,64,0.111623143881,1,281,281,0.11162314388120839,218,0.08105449369184332,5.187487596277973,1.2150217999987944,1.2150217999987944,1.2150217999987944,path,path,path,63,0.0,0.0,False,,,False,1,path,64,4,RL+Path,1,analytic,Analytic (exact secular)
best,C:\Users\erich\Documents\AFRL\Algebraic-Connectivity-Optimization-CDC2026\lite_trials_new\runs\analytic\checkpoints\best.pt,ppo,1000,C:\Users\erich\Documents\AFRL\Algebraic-Connectivity-Optimization-CDC2026\lite_trials_new\configs\analytic.yaml,full,64,0.111623143881,2,281,281,0.11162314388120839,218,0.08105449369184332,5.187487596277973,1.2119652000001224,1.2119652000001224,1.2119652000001224,path,path,path,63,0.0,0.0,False,,,False,1,path,64,4,RL+Path,2,analytic,Analytic (exact secular)
best,C:\Users\erich\Documents\AFRL\Algebraic-Connectivity-Optimization-CDC2026\lite_trials_new\runs\analytic\checkpoints\best.pt,ppo,1000,C:\Users\erich\Documents\AFRL\Algebraic-Connectivity-Optimization-CDC2026\lite_trials_new\configs\analytic.yaml,full,64,0.222734254992,0,498,498,0.2227342549923195,435,0.18063006578485472,11.560324210230702,2.5263667999970494,2.5263667999970494,2.5263667999970494,path,path,path,63,0.0,0.0,False,,,False,1,path,64,4,RL+Path,0,analytic,Analytic (exact secular)
best,C:\Users\erich\Documents\AFRL\Algebraic-Connectivity-Optimization-CDC2026\lite_trials_new\runs\analytic\checkpoints\best.pt,ppo,1000,C:\Users\erich\Documents\AFRL\Algebraic-Connectivity-Optimization-CDC2026\lite_trials_new\configs\analytic.yaml,full,64,0.222734254992,1,498,498,0.2227342549923195,435,0.18063006578485472,11.560324210230702,2.4831425999982457,2.4831425999982457,2.4831425999982457,path,path,path,63,0.0,0.0,False,,,False,1,path,64,4,RL+Path,1,analytic,Analytic (exact secular)
best,C:\Users\erich\Documents\AFRL\Algebraic-Connectivity-Optimization-CDC2026\lite_trials_new\runs\analytic\checkpoints\best.pt,ppo,1000,C:\Users\erich\Documents\AFRL\Algebraic-Connectivity-Optimization-CDC2026\lite_trials_new\configs\analytic.yaml,full,64,0.222734254992,2,498,498,0.2227342549923195,435,0.18063006578485472,11.560324210230702,2.501556300001539,2.501556300001539,2.501556300001539,path,path,path,63,0.0,0.0,False,,,False,1,path,64,4,RL+Path,2,analytic,Analytic (exact secular)
best,C:\Users\erich\Documents\AFRL\Algebraic-Connectivity-Optimization-CDC2026\lite_trials_new\runs\analytic\checkpoints\best.pt,ppo,1000,C:\Users\erich\Documents\AFRL\Algebraic-Connectivity-Optimization-CDC2026\lite_trials_new\configs\analytic.yaml,full,64,0.333333333333,0,714,714,0.3333333333333333,651,0.28719246697305395,18.380317886275453,3.8193664999998873,3.8193664999998873,3.8193664999998873,path,path,path,63,0.0,0.0,False,,,False,1,path,64,4,RL+Path,0,analytic,Analytic (exact secular)
best,C:\Users\erich\Documents\AFRL\Algebraic-Connectivity-Optimization-CDC2026\lite_trials_new\runs\analytic\checkpoints\best.pt,ppo,1000,C:\Users\erich\Documents\AFRL\Algebraic-Connectivity-Optimization-CDC2026\lite_trials_new\configs\analytic.yaml,full,64,0.333333333333,1,714,714,0.3333333333333333,651,0.28719246697305395,18.380317886275453,3.8827487000016845,3.8827487000016845,3.8827487000016845,path,path,path,63,0.0,0.0,False,,,False,1,path,64,4,RL+Path,1,analytic,Analytic (exact secular)
best,C:\Users\erich\Documents\AFRL\Algebraic-Connectivity-Optimization-CDC2026\lite_trials_new\runs\analytic\checkpoints\best.pt,ppo,1000,C:\Users\erich\Documents\AFRL\Algebraic-Connectivity-Optimization-CDC2026\lite_trials_new\configs\analytic.yaml,full,64,0.333333333333,2,714,714,0.3333333333333333,651,0.28719246697305395,18.380317886275453,3.794263100000535,3.794263100000535,3.794263100000535,path,path,path,63,0.0,0.0,False,,,False,1,path,64,4,RL+Path,2,analytic,Analytic (exact secular)
best,C:\Users\erich\Documents\AFRL\Algebraic-Connectivity-Optimization-CDC2026\lite_trials_new\runs\analytic\checkpoints\best.pt,ppo,1000,C:\Users\erich\Documents\AFRL\Algebraic-Connectivity-Optimization-CDC2026\lite_trials_new\configs\analytic.yaml,full,64,0.444444444444,0,931,931,0.4444444444444444,868,0.39231064699076157,25.10788140740874,5.225155399999494,5.225155399999494,5.225155399999494,path,path,path,63,0.0,0.0,False,,,False,1,path,64,4,RL+Path,0,analytic,Analytic (exact secular)
best,C:\Users\erich\Documents\AFRL\Algebraic-Connectivity-Optimization-CDC2026\lite_trials_new\runs\analytic\checkpoints\best.pt,ppo,1000,C:\Users\erich\Documents\AFRL\Algebraic-Connectivity-Optimization-CDC2026\lite_trials_new\configs\analytic.yaml,full,64,0.444444444444,1,931,931,0.4444444444444444,868,0.39231064699076157,25.10788140740874,5.3273841999980505,5.3273841999980505,5.3273841999980505,path,path,path,63,0.0,0.0,False,,,False,1,path,64,4,RL+Path,1,analytic,Analytic (exact secular)
best,C:\Users\erich\Documents\AFRL\Algebraic-Connectivity-Optimization-CDC2026\lite_trials_new\runs\analytic\checkpoints\best.pt,ppo,1000,C:\Users\erich\Documents\AFRL\Algebraic-Connectivity-Optimization-CDC2026\lite_trials_new\configs\analytic.yaml,full,64,0.444444444444,2,931,931,0.4444444444444444,868,0.39231064699076157,25.10788140740874,5.241665800000192,5.241665800000192,5.241665800000192,path,path,path,63,0.0,0.0,False,,,False,1,path,64,4,RL+Path,2,analytic,Analytic (exact secular)
best,C:\Users\erich\Documents\AFRL\Algebraic-Connectivity-Optimization-CDC2026\lite_trials_new\runs\analytic\checkpoints\best.pt,ppo,1000,C:\Users\erich\Documents\AFRL\Algebraic-Connectivity-Optimization-CDC2026\lite_trials_new\configs\analytic.yaml,full,64,0.555555555556,0,1148,1148,0.5555555555555556,1085,0.5005134144760987,32.032858526470314,6.762578999998368,6.762578999998368,6.762578999998368,path,path,path,63,0.0,0.0,False,,,False,1,path,64,4,RL+Path,0,analytic,Analytic (exact secular)
best,C:\Users\erich\Documents\AFRL\Algebraic-Connectivity-Optimization-CDC2026\lite_trials_new\runs\analytic\checkpoints\best.pt,ppo,1000,C:\Users\erich\Documents\AFRL\Algebraic-Connectivity-Optimization-CDC2026\lite_trials_new\configs\analytic.yaml,full,64,0.555555555556,1,1148,1148,0.5555555555555556,1085,0.5005134144760987,32.032858526470314,6.818670900000143,6.818670900000143,6.818670900000143,path,path,path,63,0.0,0.0,False,,,False,1,path,64,4,RL+Path,1,analytic,Analytic (exact secular)
best,C:\Users\erich\Documents\AFRL\Algebraic-Connectivity-Optimization-CDC2026\lite_trials_new\runs\analytic\checkpoints\best.pt,ppo,1000,C:\Users\erich\Documents\AFRL\Algebraic-Connectivity-Optimization-CDC2026\lite_trials_new\configs\analytic.yaml,full,64,0.555555555556,2,1148,1148,0.5555555555555556,1085,0.5005134144760987,32.032858526470314,6.900566599997546,6.900566599997546,6.900566599997546,path,path,path,63,0.0,0.0,False,,,False,1,path,64,4,RL+Path,2,analytic,Analytic (exact secular)
best,C:\Users\erich\Documents\AFRL\Algebraic-Connectivity-Optimization-CDC2026\lite_trials_new\runs\analytic\checkpoints\best.pt,ppo,1000,C:\Users\erich\Documents\AFRL\Algebraic-Connectivity-Optimization-CDC2026\lite_trials_new\configs\analytic.yaml,full,64,0.666666666667,0,1365,1365,0.6666666666666666,1302,0.609152456851452,38.98575723849293,8.340686200001073,8.340686200001073,8.340686200001073,path,path,path,63,0.0,0.0,False,,,False,1,path,64,4,RL+Path,0,analytic,Analytic (exact secular)
best,C:\Users\erich\Documents\AFRL\Algebraic-Connectivity-Optimization-CDC2026\lite_trials_new\runs\analytic\checkpoints\best.pt,ppo,1000,C:\Users\erich\Documents\AFRL\Algebraic-Connectivity-Optimization-CDC2026\lite_trials_new\configs\analytic.yaml,full,64,0.666666666667,1,1365,1365,0.6666666666666666,1302,0.609152456851452,38.98575723849293,8.46385139999984,8.46385139999984,8.46385139999984,path,path,path,63,0.0,0.0,False,,,False,1,path,64,4,RL+Path,1,analytic,Analytic (exact secular)
best,C:\Users\erich\Documents\AFRL\Algebraic-Connectivity-Optimization-CDC2026\lite_trials_new\runs\analytic\checkpoints\best.pt,ppo,1000,C:\Users\erich\Documents\AFRL\Algebraic-Connectivity-Optimization-CDC2026\lite_trials_new\configs\analytic.yaml,full,64,0.666666666667,2,1365,1365,0.6666666666666666,1302,0.609152456851452,38.98575723849293,8.403281099999731,8.403281099999731,8.403281099999731,path,path,path,63,0.0,0.0,False,,,False,1,path,64,4,RL+Path,2,analytic,Analytic (exact secular)
best,C:\Users\erich\Documents\AFRL\Algebraic-Connectivity-Optimization-CDC2026\lite_trials_new\runs\analytic\checkpoints\best.pt,ppo,1000,C:\Users\erich\Documents\AFRL\Algebraic-Connectivity-Optimization-CDC2026\lite_trials_new\configs\analytic.yaml,full,64,0.777265745008,0,1581,1581,0.7772657450076805,1518,0.7219334692395586,46.20374203133175,10.061231800002133,10.061231800002133,10.061231800002133,path,path,path,63,0.0,0.0,False,,,False,1,path,64,4,RL+Path,0,analytic,Analytic (exact secular)
best,C:\Users\erich\Documents\AFRL\Algebraic-Connectivity-Optimization-CDC2026\lite_trials_new\runs\analytic\checkpoints\best.pt,ppo,1000,C:\Users\erich\Documents\AFRL\Algebraic-Connectivity-Optimization-CDC2026\lite_trials_new\configs\analytic.yaml,full,64,0.777265745008,1,1581,1581,0.7772657450076805,1518,0.7219334692395586,46.20374203133175,10.005685899999662,10.005685899999662,10.005685899999662,path,path,path,63,0.0,0.0,False,,,False,1,path,64,4,RL+Path,1,analytic,Analytic (exact secular)
best,C:\Users\erich\Documents\AFRL\Algebraic-Connectivity-Optimization-CDC2026\lite_trials_new\runs\analytic\checkpoints\best.pt,ppo,1000,C:\Users\erich\Documents\AFRL\Algebraic-Connectivity-Optimization-CDC2026\lite_trials_new\configs\analytic.yaml,full,64,0.777265745008,2,1581,1581,0.7772657450076805,1518,0.7219334692395586,46.20374203133175,9.94432930000039,9.94432930000039,9.94432930000039,path,path,path,63,0.0,0.0,False,,,False,1,path,64,4,RL+Path,2,analytic,Analytic (exact secular)
best,C:\Users\erich\Documents\AFRL\Algebraic-Connectivity-Optimization-CDC2026\lite_trials_new\runs\analytic\checkpoints\best.pt,ppo,1000,C:\Users\erich\Documents\AFRL\Algebraic-Connectivity-Optimization-CDC2026\lite_trials_new\configs\analytic.yaml,full,64,0.888376856119,0,1798,1798,0.8883768561187916,1735,0.8411301767552875,53.8323313123384,11.635565799999313,11.635565799999313,11.635565799999313,path,path,path,63,0.0,0.0,False,,,False,1,path,64,4,RL+Path,0,analytic,Analytic (exact secular)
best,C:\Users\erich\Documents\AFRL\Algebraic-Connectivity-Optimization-CDC2026\lite_trials_new\runs\analytic\checkpoints\best.pt,ppo,1000,C:\Users\erich\Documents\AFRL\Algebraic-Connectivity-Optimization-CDC2026\lite_trials_new\configs\analytic.yaml,full,64,0.888376856119,1,1798,1798,0.8883768561187916,1735,0.8411301767552875,53.8323313123384,11.64130909999949,11.64130909999949,11.64130909999949,path,path,path,63,0.0,0.0,False,,,False,1,path,64,4,RL+Path,1,analytic,Analytic (exact secular)
best,C:\Users\erich\Documents\AFRL\Algebraic-Connectivity-Optimization-CDC2026\lite_trials_new\runs\analytic\checkpoints\best.pt,ppo,1000,C:\Users\erich\Documents\AFRL\Algebraic-Connectivity-Optimization-CDC2026\lite_trials_new\configs\analytic.yaml,full,64,0.888376856119,2,1798,1798,0.8883768561187916,1735,0.8411301767552875,53.8323313123384,11.65998799999943,11.65998799999943,11.65998799999943,path,path,path,63,0.0,0.0,False,,,False,1,path,64,4,RL+Path,2,analytic,Analytic (exact secular)
best,C:\Users\erich\Documents\AFRL\Algebraic-Connectivity-Optimization-CDC2026\lite_trials_new\runs\analytic\checkpoints\best.pt,ppo,1000,C:\Users\erich\Documents\AFRL\Algebraic-Connectivity-Optimization-CDC2026\lite_trials_new\configs\analytic.yaml,full,64,0.99948796723,0,2015,2015,0.9994879672299027,1952,0.9687500000000004,62.00000000000003,13.186932100001286,13.186932100001286,13.186932100001286,path,path,path,63,0.0,0.0,False,,,False,1,path,64,4,RL+Path,0,analytic,Analytic (exact secular)
best,C:\Users\erich\Documents\AFRL\Algebraic-Connectivity-Optimization-CDC2026\lite_trials_new\runs\analytic\checkpoints\best.pt,ppo,1000,C:\Users\erich\Documents\AFRL\Algebraic-Connectivity-Optimization-CDC2026\lite_trials_new\configs\analytic.yaml,full,64,0.99948796723,1,2015,2015,0.9994879672299027,1952,0.9687500000000004,62.00000000000003,13.30537479999839,13.30537479999839,13.30537479999839,path,path,path,63,0.0,0.0,False,,,False,1,path,64,4,RL+Path,1,analytic,Analytic (exact secular)
best,C:\Users\erich\Documents\AFRL\Algebraic-Connectivity-Optimization-CDC2026\lite_trials_new\runs\analytic\checkpoints\best.pt,ppo,1000,C:\Users\erich\Documents\AFRL\Algebraic-Connectivity-Optimization-CDC2026\lite_trials_new\configs\analytic.yaml,full,64,0.99948796723,2,2015,2015,0.9994879672299027,1952,0.9687500000000004,62.00000000000003,13.52950260000216,13.52950260000216,13.52950260000216,path,path,path,63,0.0,0.0,False,,,False,1,path,64,4,RL+Path,2,analytic,Analytic (exact secular)
best,C:\Users\erich\Documents\AFRL\Algebraic-Connectivity-Optimization-CDC2026\lite_trials_new\runs\analytic\checkpoints\best.pt,ppo,1000,C:\Users\erich\Documents\AFRL\Algebraic-Connectivity-Optimization-CDC2026\lite_trials_new\configs\analytic.yaml,full,64,0.00051203277,0,64,64,0.0005120327700972862,1,0.015624999999999943,0.9999999999999963,0.00443700000323588,0.00443700000323588,0.004955400003382238,backbone,envelope_only,envelope,63,1.0,0.0005184000001463573,False,,,False,1,envelope,64,4,RL+Backbone,0,analytic,Analytic (exact secular)
best,C:\Users\erich\Documents\AFRL\Algebraic-Connectivity-Optimization-CDC2026\lite_trials_new\runs\analytic\checkpoints\best.pt,ppo,1000,C:\Users\erich\Documents\AFRL\Algebraic-Connectivity-Optimization-CDC2026\lite_trials_new\configs\analytic.yaml,full,64,0.00051203277,1,64,64,0.0005120327700972862,1,0.015624999999999943,0.9999999999999963,0.00239280000096187,0.00239280000096187,0.0026855000032810494,backbone,envelope_only,envelope,63,1.0,0.0002927000023191795,False,,,False,1,envelope,64,4,RL+Backbone,1,analytic,Analytic (exact secular)
best,C:\Users\erich\Documents\AFRL\Algebraic-Connectivity-Optimization-CDC2026\lite_trials_new\runs\analytic\checkpoints\best.pt,ppo,1000,C:\Users\erich\Documents\AFRL\Algebraic-Connectivity-Optimization-CDC2026\lite_trials_new\configs\analytic.yaml,full,64,0.00051203277,2,64,64,0.0005120327700972862,1,0.015624999999999943,0.9999999999999963,0.002241500002128305,0.002241500002128305,0.0024036000031628646,backbone,envelope_only,envelope,63,1.0,0.00016210000103455968,False,,,False,1,envelope,64,4,RL+Backbone,2,analytic,Analytic (exact secular)
best,C:\Users\erich\Documents\AFRL\Algebraic-Connectivity-Optimization-CDC2026\lite_trials_new\runs\analytic\checkpoints\best.pt,ppo,1000,C:\Users\erich\Documents\AFRL\Algebraic-Connectivity-Optimization-CDC2026\lite_trials_new\configs\analytic.yaml,full,64,0.111623143881,0,281,281,0.11162314388120839,25,0.07980258463043989,5.107365416348153,0.18150530000275467,0.18150530000275467,0.23526220000348985,backbone,cayley_only,cayley,256,4.0000000000000115,0.053756900000735186,False,2,,False,1,cayley,64,4,RL+Backbone,0,analytic,Analytic (exact secular)
best,C:\Users\erich\Documents\AFRL\Algebraic-Connectivity-Optimization-CDC2026\lite_trials_new\runs\analytic\checkpoints\best.pt,ppo,1000,C:\Users\erich\Documents\AFRL\Algebraic-Connectivity-Optimization-CDC2026\lite_trials_new\configs\analytic.yaml,full,64,0.111623143881,1,281,281,0.11162314388120839,25,0.07577440610658408,4.849561990821381,0.14898060000268742,0.14898060000268742,0.21282840000276337,backbone,cayley_only,cayley,256,4.000000000000006,0.06384780000007595,False,2,,False,1,cayley,64,4,RL+Backbone,1,analytic,Analytic (exact secular)
best,C:\Users\erich\Documents\AFRL\Algebraic-Connectivity-Optimization-CDC2026\lite_trials_new\runs\analytic\checkpoints\best.pt,ppo,1000,C:\Users\erich\Documents\AFRL\Algebraic-Connectivity-Optimization-CDC2026\lite_trials_new\configs\analytic.yaml,full,64,0.111623143881,2,281,281,0.11162314388120839,25,0.07610437470003112,4.870679980801992,0.1503956999986258,0.1503956999986258,0.21146109999972396,backbone,cayley_only,cayley,256,4.000000000000007,0.06106540000109817,False,2,,False,1,cayley,64,4,RL+Backbone,2,analytic,Analytic (exact secular)
best,C:\Users\erich\Documents\AFRL\Algebraic-Connectivity-Optimization-CDC2026\lite_trials_new\runs\analytic\checkpoints\best.pt,ppo,1000,C:\Users\erich\Documents\AFRL\Algebraic-Connectivity-Optimization-CDC2026\lite_trials_new\configs\analytic.yaml,full,64,0.222734254992,0,498,498,0.2227342549923195,18,0.18029706664380113,11.539012265203272,0.10341189999962808,0.10341189999962808,0.15757740000117337,backbone,cayley_only,cayley,480,10.876894374382333,0.0541655000015453,False,2,,False,1,cayley,64,4,RL+Backbone,0,analytic,Analytic (exact secular)
best,C:\Users\erich\Documents\AFRL\Algebraic-Connectivity-Optimization-CDC2026\lite_trials_new\runs\analytic\checkpoints\best.pt,ppo,1000,C:\Users\erich\Documents\AFRL\Algebraic-Connectivity-Optimization-CDC2026\lite_trials_new\configs\analytic.yaml,full,64,0.222734254992,1,498,498,0.2227342549923195,18,0.1797963587755345,11.506966961634207,0.11595849999866914,0.11595849999866914,0.17455299999710405,backbone,cayley_only,cayley,480,10.913985055087874,0.05859449999843491,False,2,,False,1,cayley,64,4,RL+Backbone,1,analytic,Analytic (exact secular)
best,C:\Users\erich\Documents\AFRL\Algebraic-Connectivity-Optimization-CDC2026\lite_trials_new\runs\analytic\checkpoints\best.pt,ppo,1000,C:\Users\erich\Documents\AFRL\Algebraic-Connectivity-Optimization-CDC2026\lite_trials_new\configs\analytic.yaml,full,64,0.222734254992,2,498,498,0.2227342549923195,18,0.18051083164250026,11.552693225120017,0.11806240000078105,0.11806240000078105,0.1763773000020592,backbone,cayley_only,cayley,480,10.91398505508789,0.05831490000127815,False,2,,False,1,cayley,64,4,RL+Backbone,2,analytic,Analytic (exact secular)
best,C:\Users\erich\Documents\AFRL\Algebraic-Connectivity-Optimization-CDC2026\lite_trials_new\runs\analytic\checkpoints\best.pt,ppo,1000,C:\Users\erich\Documents\AFRL\Algebraic-Connectivity-Optimization-CDC2026\lite_trials_new\configs\analytic.yaml,full,64,0.333333333333,0,714,714,0.3333333333333333,10,0.28641514879219493,18.330569522700475,0.06174950000058743,0.06174950000058743,0.12461930000063148,backbone,cayley_only,cayley,704,17.999999999999986,0.06286980000004405,False,2,,False,1,cayley,64,4,RL+Backbone,0,analytic,Analytic (exact secular)
best,C:\Users\erich\Documents\AFRL\Algebraic-Connectivity-Optimization-CDC2026\lite_trials_new\runs\analytic\checkpoints\best.pt,ppo,1000,C:\Users\erich\Documents\AFRL\Algebraic-Connectivity-Optimization-CDC2026\lite_trials_new\configs\analytic.yaml,full,64,0.333333333333,1,714,714,0.3333333333333333,10,0.28912074152570955,18.50372745764541,0.05923919999986538,0.05923919999986538,0.12151430000085384,backbone,cayley_only,cayley,704,18.304481869954838,0.06227510000098846,False,2,,False,1,cayley,64,4,RL+Backbone,1,analytic,Analytic (exact secular)
best,C:\Users\erich\Documents\AFRL\Algebraic-Connectivity-Optimization-CDC2026\lite_trials_new\runs\analytic\checkpoints\best.pt,ppo,1000,C:\Users\erich\Documents\AFRL\Algebraic-Connectivity-Optimization-CDC2026\lite_trials_new\configs\analytic.yaml,full,64,0.333333333333,2,714,714,0.3333333333333333,10,0.2896234122634719,18.5358983848622,0.023951800001668744,0.023951800001668744,0.08653470000353991,backbone,cayley_only,cayley,704,18.53589838486222,0.06258290000187117,False,2,,False,1,cayley,64,4,RL+Backbone,2,analytic,Analytic (exact secular)
best,C:\Users\erich\Documents\AFRL\Algebraic-Connectivity-Optimization-CDC2026\lite_trials_new\runs\analytic\checkpoints\best.pt,ppo,1000,C:\Users\erich\Documents\AFRL\Algebraic-Connectivity-Optimization-CDC2026\lite_trials_new\configs\analytic.yaml,full,64,0.444444444444,0,931,931,0.4444444444444444,3,0.4080049683249033,26.11231797279381,0.018110299999534618,0.018110299999534618,0.06379000000015367,backbone,cayley_only,cayley,928,26.051183605233266,0.04567970000061905,False,2,,False,1,cayley,64,4,RL+Backbone,0,analytic,Analytic (exact secular)
best,C:\Users\erich\Documents\AFRL\Algebraic-Connectivity-Optimization-CDC2026\lite_trials_new\runs\analytic\checkpoints\best.pt,ppo,1000,C:\Users\erich\Documents\AFRL\Algebraic-Connectivity-Optimization-CDC2026\lite_trials_new\configs\analytic.yaml,full,64,0.444444444444,1,931,931,0.4444444444444444,3,0.40767636978212474,26.091287666055983,0.015444799999386305,0.015444799999386305,0.05819429999610293,backbone,cayley_only,cayley,928,26.051183605233266,0.04274949999671662,False,2,,False,1,cayley,64,4,RL+Backbone,1,analytic,Analytic (exact secular)
best,C:\Users\erich\Documents\AFRL\Algebraic-Connectivity-Optimization-CDC2026\lite_trials_new\runs\analytic\checkpoints\best.pt,ppo,1000,C:\Users\erich\Documents\AFRL\Algebraic-Connectivity-Optimization-CDC2026\lite_trials_new\configs\analytic.yaml,full,64,0.444444444444,2,931,931,0.4444444444444444,3,0.4080049683249033,26.11231797279381,0.018674399998417357,0.018674399998417357,0.06117230000018026,backbone,cayley_only,cayley,928,26.051183605233266,0.0424979000017629,False,2,,False,1,cayley,64,4,RL+Backbone,2,analytic,Analytic (exact secular)
best,C:\Users\erich\Documents\AFRL\Algebraic-Connectivity-Optimization-CDC2026\lite_trials_new\runs\analytic\checkpoints\best.pt,ppo,1000,C:\Users\erich\Documents\AFRL\Algebraic-Connectivity-Optimization-CDC2026\lite_trials_new\configs\analytic.yaml,full,64,0.555555555556,0,1148,1148,0.5555555555555556,8,0.531249999999997,33.99999999999981,0.15751929999896674,0.15751929999896674,0.1650396000004548,backbone,both,envelope,1140,34.0,0.007520300001488067,False,,,True,2,"cayley,envelope",64,4,RL+Backbone,0,analytic,Analytic (exact secular)
best,C:\Users\erich\Documents\AFRL\Algebraic-Connectivity-Optimization-CDC2026\lite_trials_new\runs\analytic\checkpoints\best.pt,ppo,1000,C:\Users\erich\Documents\AFRL\Algebraic-Connectivity-Optimization-CDC2026\lite_trials_new\configs\analytic.yaml,full,64,0.555555555556,1,1148,1148,0.5555555555555556,8,0.531249999999997,33.99999999999981,0.16222170000037295,0.16222170000037295,0.16884220000065397,backbone,both,envelope,1140,34.0,0.006620500000281027,False,,,True,2,"cayley,envelope",64,4,RL+Backbone,1,analytic,Analytic (exact secular)
best,C:\Users\erich\Documents\AFRL\Algebraic-Connectivity-Optimization-CDC2026\lite_trials_new\runs\analytic\checkpoints\best.pt,ppo,1000,C:\Users\erich\Documents\AFRL\Algebraic-Connectivity-Optimization-CDC2026\lite_trials_new\configs\analytic.yaml,full,64,0.555555555556,2,1148,1148,0.5555555555555556,8,0.531249999999997,33.99999999999981,0.15342249999957858,0.15342249999957858,0.16087100000004284,backbone,both,envelope,1140,34.0,0.007448500000464264,False,,,True,2,"cayley,envelope",64,4,RL+Backbone,2,analytic,Analytic (exact secular)
best,C:\Users\erich\Documents\AFRL\Algebraic-Connectivity-Optimization-CDC2026\lite_trials_new\runs\analytic\checkpoints\best.pt,ppo,1000,C:\Users\erich\Documents\AFRL\Algebraic-Connectivity-Optimization-CDC2026\lite_trials_new\configs\analytic.yaml,full,64,0.666666666667,0,1365,1365,0.6666666666666666,1,0.6562499999999981,41.99999999999988,0.003202600000804523,0.003202600000804523,0.010736399999586865,backbone,both,envelope,1364,42.0,0.007533799998782342,False,,,True,2,"cayley,envelope",64,4,RL+Backbone,0,analytic,Analytic (exact secular)
best,C:\Users\erich\Documents\AFRL\Algebraic-Connectivity-Optimization-CDC2026\lite_trials_new\runs\analytic\checkpoints\best.pt,ppo,1000,C:\Users\erich\Documents\AFRL\Algebraic-Connectivity-Optimization-CDC2026\lite_trials_new\configs\analytic.yaml,full,64,0.666666666667,1,1365,1365,0.6666666666666666,0,0.656249999999999,41.999999999999936,0.0027598999986366834,0.0027598999986366834,0.009148600001935847,backbone,both,cayley,1365,41.99999999999992,0.009148400000412948,False,3,,True,2,"cayley,envelope",64,4,RL+Backbone,1,analytic,Analytic (exact secular)
best,C:\Users\erich\Documents\AFRL\Algebraic-Connectivity-Optimization-CDC2026\lite_trials_new\runs\analytic\checkpoints\best.pt,ppo,1000,C:\Users\erich\Documents\AFRL\Algebraic-Connectivity-Optimization-CDC2026\lite_trials_new\configs\analytic.yaml,full,64,0.666666666667,2,1365,1365,0.6666666666666666,0,0.656249999999999,41.999999999999936,0.002809599998727208,0.002809599998727208,0.008336500002769753,backbone,both,cayley,1365,41.99999999999993,0.008336300001246855,False,3,,True,2,"cayley,envelope",64,4,RL+Backbone,2,analytic,Analytic (exact secular)
best,C:\Users\erich\Documents\AFRL\Algebraic-Connectivity-Optimization-CDC2026\lite_trials_new\runs\analytic\checkpoints\best.pt,ppo,1000,C:\Users\erich\Documents\AFRL\Algebraic-Connectivity-Optimization-CDC2026\lite_trials_new\configs\analytic.yaml,full,64,0.777265745008,0,1581,1581,0.7772657450076805,45,0.7499999999999969,47.9999999999998,0.09455820000221138,0.09455820000221138,0.09597410000060336,backbone,envelope_only,envelope,1536,48.0,0.0014158999983919784,False,,,False,1,envelope,64,4,RL+Backbone,0,analytic,Analytic (exact secular)
best,C:\Users\erich\Documents\AFRL\Algebraic-Connectivity-Optimization-CDC2026\lite_trials_new\runs\analytic\checkpoints\best.pt,ppo,1000,C:\Users\erich\Documents\AFRL\Algebraic-Connectivity-Optimization-CDC2026\lite_trials_new\configs\analytic.yaml,full,64,0.777265745008,1,1581,1581,0.7772657450076805,45,0.7499999999999969,47.9999999999998,0.09503890000269166,0.09503890000269166,0.09636049999971874,backbone,envelope_only,envelope,1536,48.0,0.0013215999970270786,False,,,False,1,envelope,64,4,RL+Backbone,1,analytic,Analytic (exact secular)
best,C:\Users\erich\Documents\AFRL\Algebraic-Connectivity-Optimization-CDC2026\lite_trials_new\runs\analytic\checkpoints\best.pt,ppo,1000,C:\Users\erich\Documents\AFRL\Algebraic-Connectivity-Optimization-CDC2026\lite_trials_new\configs\analytic.yaml,full,64,0.777265745008,2,1581,1581,0.7772657450076805,45,0.7499999999999969,47.9999999999998,0.097117099998286,0.097117099998286,0.09843550000005052,backbone,envelope_only,envelope,1536,48.0,0.0013184000017645303,False,,,False,1,envelope,64,4,RL+Backbone,2,analytic,Analytic (exact secular)
best,C:\Users\erich\Documents\AFRL\Algebraic-Connectivity-Optimization-CDC2026\lite_trials_new\runs\analytic\checkpoints\best.pt,ppo,1000,C:\Users\erich\Documents\AFRL\Algebraic-Connectivity-Optimization-CDC2026\lite_trials_new\configs\analytic.yaml,full,64,0.888376856119,0,1798,1798,0.8883768561187916,6,0.8749999999999962,55.99999999999976,0.012353099999018013,0.012353099999018013,0.013875000000552973,backbone,envelope_only,envelope,1792,56.0,0.0015219000015349593,False,,,False,1,envelope,64,4,RL+Backbone,0,analytic,Analytic (exact secular)
best,C:\Users\erich\Documents\AFRL\Algebraic-Connectivity-Optimization-CDC2026\lite_trials_new\runs\analytic\checkpoints\best.pt,ppo,1000,C:\Users\erich\Documents\AFRL\Algebraic-Connectivity-Optimization-CDC2026\lite_trials_new\configs\analytic.yaml,full,64,0.888376856119,1,1798,1798,0.8883768561187916,6,0.8749999999999962,55.99999999999976,0.013433699998131488,0.013433699998131488,0.014483699997072108,backbone,envelope_only,envelope,1792,56.0,0.0010499999989406206,False,,,False,1,envelope,64,4,RL+Backbone,1,analytic,Analytic (exact secular)
best,C:\Users\erich\Documents\AFRL\Algebraic-Connectivity-Optimization-CDC2026\lite_trials_new\runs\analytic\checkpoints\best.pt,ppo,1000,C:\Users\erich\Documents\AFRL\Algebraic-Connectivity-Optimization-CDC2026\lite_trials_new\configs\analytic.yaml,full,64,0.888376856119,2,1798,1798,0.8883768561187916,6,0.8749999999999962,55.99999999999976,0.01180930000191438,0.01180930000191438,0.012962300002982374,backbone,envelope_only,envelope,1792,56.0,0.0011530000010679942,False,,,False,1,envelope,64,4,RL+Backbone,2,analytic,Analytic (exact secular)
best,C:\Users\erich\Documents\AFRL\Algebraic-Connectivity-Optimization-CDC2026\lite_trials_new\runs\analytic\checkpoints\best.pt,ppo,1000,C:\Users\erich\Documents\AFRL\Algebraic-Connectivity-Optimization-CDC2026\lite_trials_new\configs\analytic.yaml,full,64,0.99948796723,0,2015,2015,0.9994879672299027,31,0.9687500000000041,62.00000000000026,0.06119820000094478,0.06119820000094478,0.06242730000303709,backbone,envelope_only,envelope,1984,62.0,0.0012291000020923093,False,,,False,1,envelope,64,4,RL+Backbone,0,analytic,Analytic (exact secular)
best,C:\Users\erich\Documents\AFRL\Algebraic-Connectivity-Optimization-CDC2026\lite_trials_new\runs\analytic\checkpoints\best.pt,ppo,1000,C:\Users\erich\Documents\AFRL\Algebraic-Connectivity-Optimization-CDC2026\lite_trials_new\configs\analytic.yaml,full,64,0.99948796723,1,2015,2015,0.9994879672299027,31,0.9687500000000041,62.00000000000026,0.06556989999808138,0.06556989999808138,0.06814739999754238,backbone,envelope_only,envelope,1984,62.0,0.002577499999460997,False,,,False,1,envelope,64,4,RL+Backbone,1,analytic,Analytic (exact secular)
best,C:\Users\erich\Documents\AFRL\Algebraic-Connectivity-Optimization-CDC2026\lite_trials_new\runs\analytic\checkpoints\best.pt,ppo,1000,C:\Users\erich\Documents\AFRL\Algebraic-Connectivity-Optimization-CDC2026\lite_trials_new\configs\analytic.yaml,full,64,0.99948796723,2,2015,2015,0.9994879672299027,31,0.9687500000000041,62.00000000000026,0.06714980000106152,0.06714980000106152,0.068486700001813,backbone,envelope_only,envelope,1984,62.0,0.0013369000007514842,False,,,False,1,envelope,64,4,RL+Backbone,2,analytic,Analytic (exact secular)
