checkpoint_label,checkpoint_path,checkpoint_algo,checkpoint_global_env_steps,config_path,rl_variant,n,rho_target,seed,m_target,m_final,rho_final,episode_len,terminal_lambda2_norm,terminal_lambda2,rl_runtime_sec,runtime_sec,runtime_total_sec,init_mode,init_route_label,init_family,init_edges,init_lambda2,init_build_runtime_sec,init_cache_hit,init_selected_index,init_errors,overlap_post_completion_selection,overlap_candidate_count,overlap_evaluated_families,top_k,dist_cap,method,repeat_idx
best,C:\Users\erich\Documents\AFRL\Algebraic-Connectivity-Optimization-CDC2026\lite_trials\sweep\resistance_only\checkpoints\best.pt,ppo,3000,C:\Users\erich\Documents\AFRL\Algebraic-Connectivity-Optimization-CDC2026\lite_trials\lite_config.yaml,full,12,0.018181818182,0,12,12,0.01818181818181818,1,0.053098661762559375,0.6371839411507125,0.0033320000002277084,0.0033320000002277084,0.0033320000002277084,path,path,path,11,0.0,0.0,False,,,False,1,path,64,4,RL+Path,0
best,C:\Users\erich\Documents\AFRL\Algebraic-Connectivity-Optimization-CDC2026\lite_trials\sweep\resistance_only\checkpoints\best.pt,ppo,3000,C:\Users\erich\Documents\AFRL\Algebraic-Connectivity-Optimization-CDC2026\lite_trials\lite_config.yaml,full,12,0.018181818182,1,12,12,0.01818181818181818,1,0.053098661762559375,0.6371839411507125,0.0009093999997276114,0.0009093999997276114,0.0009093999997276114,path,path,path,11,0.0,0.0,False,,,False,1,path,64,4,RL+Path,1
best,C:\Users\erich\Documents\AFRL\Algebraic-Connectivity-Optimization-CDC2026\lite_trials\sweep\resistance_only\checkpoints\best.pt,ppo,3000,C:\Users\erich\Documents\AFRL\Algebraic-Connectivity-Optimization-CDC2026\lite_trials\lite_config.yaml,full,12,0.018181818182,2,12,12,0.01818181818181818,1,0.053098661762559375,0.6371839411507125,0.0011779999995269463,0.0011779999995269463,0.0011779999995269463,path,path,path,11,0.0,0.0,False,,,False,1,path,64,4,RL+Path,2
best,C:\Users\erich\Documents\AFRL\Algebraic-Connectivity-Optimization-CDC2026\lite_trials\sweep\resistance_only\checkpoints\best.pt,ppo,3000,C:\Users\erich\Documents\AFRL\Algebraic-Connectivity-Optimization-CDC2026\lite_trials\lite_config.yaml,full,12,0.018181818182,3,12,12,0.01818181818181818,1,0.053098661762559375,0.6371839411507125,0.0010528000002523186,0.0010528000002523186,0.0010528000002523186,path,path,path,11,0.0,0.0,False,,,False,1,path,64,4,RL+Path,3
best,C:\Users\erich\Documents\AFRL\Algebraic-Connectivity-Optimization-CDC2026\lite_trials\sweep\resistance_only\checkpoints\best.pt,ppo,3000,C:\Users\erich\Documents\AFRL\Algebraic-Connectivity-Optimization-CDC2026\lite_trials\lite_config.yaml,full,12,0.018181818182,4,12,12,0.01818181818181818,1,0.053098661762559375,0.6371839411507125,0.0008762999996179133,0.0008762999996179133,0.0008762999996179133,path,path,path,11,0.0,0.0,False,,,False,1,path,64,4,RL+Path,4
best,C:\Users\erich\Documents\AFRL\Algebraic-Connectivity-Optimization-CDC2026\lite_trials\sweep\resistance_only\checkpoints\best.pt,ppo,3000,C:\Users\erich\Documents\AFRL\Algebraic-Connectivity-Optimization-CDC2026\lite_trials\lite_config.yaml,full,12,0.090909090909,0,16,16,0.09090909090909091,5,0.21380435740620962,2.5656522888745155,0.004167300000517571,0.004167300000517571,0.004167300000517571,path,path,path,11,0.0,0.0,False,,,False,1,path,64,4,RL+Path,0
best,C:\Users\erich\Documents\AFRL\Algebraic-Connectivity-Optimization-CDC2026\lite_trials\sweep\resistance_only\checkpoints\best.pt,ppo,3000,C:\Users\erich\Documents\AFRL\Algebraic-Connectivity-Optimization-CDC2026\lite_trials\lite_config.yaml,full,12,0.090909090909,1,16,16,0.09090909090909091,5,0.21380435740620962,2.5656522888745155,0.0040142999996533035,0.0040142999996533035,0.0040142999996533035,path,path,path,11,0.0,0.0,False,,,False,1,path,64,4,RL+Path,1
best,C:\Users\erich\Documents\AFRL\Algebraic-Connectivity-Optimization-CDC2026\lite_trials\sweep\resistance_only\checkpoints\best.pt,ppo,3000,C:\Users\erich\Documents\AFRL\Algebraic-Connectivity-Optimization-CDC2026\lite_trials\lite_config.yaml,full,12,0.090909090909,2,16,16,0.09090909090909091,5,0.21380435740620962,2.5656522888745155,0.0044214999998075655,0.0044214999998075655,0.0044214999998075655,path,path,path,11,0.0,0.0,False,,,False,1,path,64,4,RL+Path,2
best,C:\Users\erich\Documents\AFRL\Algebraic-Connectivity-Optimization-CDC2026\lite_trials\sweep\resistance_only\checkpoints\best.pt,ppo,3000,C:\Users\erich\Documents\AFRL\Algebraic-Connectivity-Optimization-CDC2026\lite_trials\lite_config.yaml,full,12,0.090909090909,3,16,16,0.09090909090909091,5,0.21380435740620962,2.5656522888745155,0.004452300000593823,0.004452300000593823,0.004452300000593823,path,path,path,11,0.0,0.0,False,,,False,1,path,64,4,RL+Path,3
best,C:\Users\erich\Documents\AFRL\Algebraic-Connectivity-Optimization-CDC2026\lite_trials\sweep\resistance_only\checkpoints\best.pt,ppo,3000,C:\Users\erich\Documents\AFRL\Algebraic-Connectivity-Optimization-CDC2026\lite_trials\lite_config.yaml,full,12,0.090909090909,4,16,16,0.09090909090909091,5,0.21380435740620962,2.5656522888745155,0.004336400000283902,0.004336400000283902,0.004336400000283902,path,path,path,11,0.0,0.0,False,,,False,1,path,64,4,RL+Path,4
best,C:\Users\erich\Documents\AFRL\Algebraic-Connectivity-Optimization-CDC2026\lite_trials\sweep\resistance_only\checkpoints\best.pt,ppo,3000,C:\Users\erich\Documents\AFRL\Algebraic-Connectivity-Optimization-CDC2026\lite_trials\lite_config.yaml,full,12,0.163636363636,0,20,20,0.16363636363636364,9,0.3842041729645535,4.610450075574642,0.008156600000802428,0.008156600000802428,0.008156600000802428,path,path,path,11,0.0,0.0,False,,,False,1,path,64,4,RL+Path,0
best,C:\Users\erich\Documents\AFRL\Algebraic-Connectivity-Optimization-CDC2026\lite_trials\sweep\resistance_only\checkpoints\best.pt,ppo,3000,C:\Users\erich\Documents\AFRL\Algebraic-Connectivity-Optimization-CDC2026\lite_trials\lite_config.yaml,full,12,0.163636363636,1,20,20,0.16363636363636364,9,0.3842041729645535,4.610450075574642,0.007292299999789975,0.007292299999789975,0.007292299999789975,path,path,path,11,0.0,0.0,False,,,False,1,path,64,4,RL+Path,1
best,C:\Users\erich\Documents\AFRL\Algebraic-Connectivity-Optimization-CDC2026\lite_trials\sweep\resistance_only\checkpoints\best.pt,ppo,3000,C:\Users\erich\Documents\AFRL\Algebraic-Connectivity-Optimization-CDC2026\lite_trials\lite_config.yaml,full,12,0.163636363636,2,20,20,0.16363636363636364,9,0.3842041729645535,4.610450075574642,0.00805579999996553,0.00805579999996553,0.00805579999996553,path,path,path,11,0.0,0.0,False,,,False,1,path,64,4,RL+Path,2
best,C:\Users\erich\Documents\AFRL\Algebraic-Connectivity-Optimization-CDC2026\lite_trials\sweep\resistance_only\checkpoints\best.pt,ppo,3000,C:\Users\erich\Documents\AFRL\Algebraic-Connectivity-Optimization-CDC2026\lite_trials\lite_config.yaml,full,12,0.163636363636,3,20,20,0.16363636363636364,9,0.3842041729645535,4.610450075574642,0.007134299999961513,0.007134299999961513,0.007134299999961513,path,path,path,11,0.0,0.0,False,,,False,1,path,64,4,RL+Path,3
best,C:\Users\erich\Documents\AFRL\Algebraic-Connectivity-Optimization-CDC2026\lite_trials\sweep\resistance_only\checkpoints\best.pt,ppo,3000,C:\Users\erich\Documents\AFRL\Algebraic-Connectivity-Optimization-CDC2026\lite_trials\lite_config.yaml,full,12,0.163636363636,4,20,20,0.16363636363636364,9,0.3842041729645535,4.610450075574642,0.006765899999663816,0.006765899999663816,0.006765899999663816,path,path,path,11,0.0,0.0,False,,,False,1,path,64,4,RL+Path,4
best,C:\Users\erich\Documents\AFRL\Algebraic-Connectivity-Optimization-CDC2026\lite_trials\sweep\resistance_only\checkpoints\best.pt,ppo,3000,C:\Users\erich\Documents\AFRL\Algebraic-Connectivity-Optimization-CDC2026\lite_trials\lite_config.yaml,full,12,0.218181818182,0,23,23,0.21818181818181817,12,0.47430619723322126,5.691674366798655,0.009213600000293809,0.009213600000293809,0.009213600000293809,path,path,path,11,0.0,0.0,False,,,False,1,path,64,4,RL+Path,0
best,C:\Users\erich\Documents\AFRL\Algebraic-Connectivity-Optimization-CDC2026\lite_trials\sweep\resistance_only\checkpoints\best.pt,ppo,3000,C:\Users\erich\Documents\AFRL\Algebraic-Connectivity-Optimization-CDC2026\lite_trials\lite_config.yaml,full,12,0.218181818182,1,23,23,0.21818181818181817,12,0.47430619723322126,5.691674366798655,0.009062600000106613,0.009062600000106613,0.009062600000106613,path,path,path,11,0.0,0.0,False,,,False,1,path,64,4,RL+Path,1
best,C:\Users\erich\Documents\AFRL\Algebraic-Connectivity-Optimization-CDC2026\lite_trials\sweep\resistance_only\checkpoints\best.pt,ppo,3000,C:\Users\erich\Documents\AFRL\Algebraic-Connectivity-Optimization-CDC2026\lite_trials\lite_config.yaml,full,12,0.218181818182,2,23,23,0.21818181818181817,12,0.47430619723322126,5.691674366798655,0.009073399999579124,0.009073399999579124,0.009073399999579124,path,path,path,11,0.0,0.0,False,,,False,1,path,64,4,RL+Path,2
best,C:\Users\erich\Documents\AFRL\Algebraic-Connectivity-Optimization-CDC2026\lite_trials\sweep\resistance_only\checkpoints\best.pt,ppo,3000,C:\Users\erich\Documents\AFRL\Algebraic-Connectivity-Optimization-CDC2026\lite_trials\lite_config.yaml,full,12,0.218181818182,3,23,23,0.21818181818181817,12,0.47430619723322126,5.691674366798655,0.009461699999519624,0.009461699999519624,0.009461699999519624,path,path,path,11,0.0,0.0,False,,,False,1,path,64,4,RL+Path,3
best,C:\Users\erich\Documents\AFRL\Algebraic-Connectivity-Optimization-CDC2026\lite_trials\sweep\resistance_only\checkpoints\best.pt,ppo,3000,C:\Users\erich\Documents\AFRL\Algebraic-Connectivity-Optimization-CDC2026\lite_trials\lite_config.yaml,full,12,0.218181818182,4,23,23,0.21818181818181817,12,0.47430619723322126,5.691674366798655,0.008891100000255392,0.008891100000255392,0.008891100000255392,path,path,path,11,0.0,0.0,False,,,False,1,path,64,4,RL+Path,4
best,C:\Users\erich\Documents\AFRL\Algebraic-Connectivity-Optimization-CDC2026\lite_trials\sweep\resistance_only\checkpoints\best.pt,ppo,3000,C:\Users\erich\Documents\AFRL\Algebraic-Connectivity-Optimization-CDC2026\lite_trials\lite_config.yaml,full,12,0.290909090909,0,27,27,0.2909090909090909,16,0.5845722748548243,7.014867298257892,0.012570099999720696,0.012570099999720696,0.012570099999720696,path,path,path,11,0.0,0.0,False,,,False,1,path,64,4,RL+Path,0
best,C:\Users\erich\Documents\AFRL\Algebraic-Connectivity-Optimization-CDC2026\lite_trials\sweep\resistance_only\checkpoints\best.pt,ppo,3000,C:\Users\erich\Documents\AFRL\Algebraic-Connectivity-Optimization-CDC2026\lite_trials\lite_config.yaml,full,12,0.290909090909,1,27,27,0.2909090909090909,16,0.5845722748548243,7.014867298257892,0.01277979999940726,0.01277979999940726,0.01277979999940726,path,path,path,11,0.0,0.0,False,,,False,1,path,64,4,RL+Path,1
best,C:\Users\erich\Documents\AFRL\Algebraic-Connectivity-Optimization-CDC2026\lite_trials\sweep\resistance_only\checkpoints\best.pt,ppo,3000,C:\Users\erich\Documents\AFRL\Algebraic-Connectivity-Optimization-CDC2026\lite_trials\lite_config.yaml,full,12,0.290909090909,2,27,27,0.2909090909090909,16,0.5845722748548243,7.014867298257892,0.012885299999652489,0.012885299999652489,0.012885299999652489,path,path,path,11,0.0,0.0,False,,,False,1,path,64,4,RL+Path,2
best,C:\Users\erich\Documents\AFRL\Algebraic-Connectivity-Optimization-CDC2026\lite_trials\sweep\resistance_only\checkpoints\best.pt,ppo,3000,C:\Users\erich\Documents\AFRL\Algebraic-Connectivity-Optimization-CDC2026\lite_trials\lite_config.yaml,full,12,0.290909090909,3,27,27,0.2909090909090909,16,0.5845722748548243,7.014867298257892,0.01221960000020772,0.01221960000020772,0.01221960000020772,path,path,path,11,0.0,0.0,False,,,False,1,path,64,4,RL+Path,3
best,C:\Users\erich\Documents\AFRL\Algebraic-Connectivity-Optimization-CDC2026\lite_trials\sweep\resistance_only\checkpoints\best.pt,ppo,3000,C:\Users\erich\Documents\AFRL\Algebraic-Connectivity-Optimization-CDC2026\lite_trials\lite_config.yaml,full,12,0.290909090909,4,27,27,0.2909090909090909,16,0.5845722748548243,7.014867298257892,0.011958000000049651,0.011958000000049651,0.011958000000049651,path,path,path,11,0.0,0.0,False,,,False,1,path,64,4,RL+Path,4
best,C:\Users\erich\Documents\AFRL\Algebraic-Connectivity-Optimization-CDC2026\lite_trials\sweep\resistance_only\checkpoints\best.pt,ppo,3000,C:\Users\erich\Documents\AFRL\Algebraic-Connectivity-Optimization-CDC2026\lite_trials\lite_config.yaml,full,12,0.363636363636,0,31,31,0.36363636363636365,20,0.6732832137342243,8.079398564810692,0.015214199999718403,0.015214199999718403,0.015214199999718403,path,path,path,11,0.0,0.0,False,,,False,1,path,64,4,RL+Path,0
best,C:\Users\erich\Documents\AFRL\Algebraic-Connectivity-Optimization-CDC2026\lite_trials\sweep\resistance_only\checkpoints\best.pt,ppo,3000,C:\Users\erich\Documents\AFRL\Algebraic-Connectivity-Optimization-CDC2026\lite_trials\lite_config.yaml,full,12,0.363636363636,1,31,31,0.36363636363636365,20,0.6732832137342243,8.079398564810692,0.015753399999994144,0.015753399999994144,0.015753399999994144,path,path,path,11,0.0,0.0,False,,,False,1,path,64,4,RL+Path,1
best,C:\Users\erich\Documents\AFRL\Algebraic-Connectivity-Optimization-CDC2026\lite_trials\sweep\resistance_only\checkpoints\best.pt,ppo,3000,C:\Users\erich\Documents\AFRL\Algebraic-Connectivity-Optimization-CDC2026\lite_trials\lite_config.yaml,full,12,0.363636363636,2,31,31,0.36363636363636365,20,0.6732832137342243,8.079398564810692,0.01546650000000227,0.01546650000000227,0.01546650000000227,path,path,path,11,0.0,0.0,False,,,False,1,path,64,4,RL+Path,2
best,C:\Users\erich\Documents\AFRL\Algebraic-Connectivity-Optimization-CDC2026\lite_trials\sweep\resistance_only\checkpoints\best.pt,ppo,3000,C:\Users\erich\Documents\AFRL\Algebraic-Connectivity-Optimization-CDC2026\lite_trials\lite_config.yaml,full,12,0.363636363636,3,31,31,0.36363636363636365,20,0.6732832137342243,8.079398564810692,0.015245900000081747,0.015245900000081747,0.015245900000081747,path,path,path,11,0.0,0.0,False,,,False,1,path,64,4,RL+Path,3
best,C:\Users\erich\Documents\AFRL\Algebraic-Connectivity-Optimization-CDC2026\lite_trials\sweep\resistance_only\checkpoints\best.pt,ppo,3000,C:\Users\erich\Documents\AFRL\Algebraic-Connectivity-Optimization-CDC2026\lite_trials\lite_config.yaml,full,12,0.363636363636,4,31,31,0.36363636363636365,20,0.6732832137342243,8.079398564810692,0.015739499999654072,0.015739499999654072,0.015739499999654072,path,path,path,11,0.0,0.0,False,,,False,1,path,64,4,RL+Path,4
best,C:\Users\erich\Documents\AFRL\Algebraic-Connectivity-Optimization-CDC2026\lite_trials\sweep\resistance_only\checkpoints\best.pt,ppo,3000,C:\Users\erich\Documents\AFRL\Algebraic-Connectivity-Optimization-CDC2026\lite_trials\lite_config.yaml,full,12,0.436363636364,0,35,35,0.43636363636363634,24,0.7349787788832961,8.819745346599554,0.021211000000221247,0.021211000000221247,0.021211000000221247,path,path,path,11,0.0,0.0,False,,,False,1,path,64,4,RL+Path,0
best,C:\Users\erich\Documents\AFRL\Algebraic-Connectivity-Optimization-CDC2026\lite_trials\sweep\resistance_only\checkpoints\best.pt,ppo,3000,C:\Users\erich\Documents\AFRL\Algebraic-Connectivity-Optimization-CDC2026\lite_trials\lite_config.yaml,full,12,0.436363636364,1,35,35,0.43636363636363634,24,0.7349787788832961,8.819745346599554,0.019356300000254123,0.019356300000254123,0.019356300000254123,path,path,path,11,0.0,0.0,False,,,False,1,path,64,4,RL+Path,1
best,C:\Users\erich\Documents\AFRL\Algebraic-Connectivity-Optimization-CDC2026\lite_trials\sweep\resistance_only\checkpoints\best.pt,ppo,3000,C:\Users\erich\Documents\AFRL\Algebraic-Connectivity-Optimization-CDC2026\lite_trials\lite_config.yaml,full,12,0.436363636364,2,35,35,0.43636363636363634,24,0.7349787788832961,8.819745346599554,0.019050400000196532,0.019050400000196532,0.019050400000196532,path,path,path,11,0.0,0.0,False,,,False,1,path,64,4,RL+Path,2
best,C:\Users\erich\Documents\AFRL\Algebraic-Connectivity-Optimization-CDC2026\lite_trials\sweep\resistance_only\checkpoints\best.pt,ppo,3000,C:\Users\erich\Documents\AFRL\Algebraic-Connectivity-Optimization-CDC2026\lite_trials\lite_config.yaml,full,12,0.436363636364,3,35,35,0.43636363636363634,24,0.7349787788832961,8.819745346599554,0.020317399999839836,0.020317399999839836,0.020317399999839836,path,path,path,11,0.0,0.0,False,,,False,1,path,64,4,RL+Path,3
best,C:\Users\erich\Documents\AFRL\Algebraic-Connectivity-Optimization-CDC2026\lite_trials\sweep\resistance_only\checkpoints\best.pt,ppo,3000,C:\Users\erich\Documents\AFRL\Algebraic-Connectivity-Optimization-CDC2026\lite_trials\lite_config.yaml,full,12,0.436363636364,4,35,35,0.43636363636363634,24,0.7349787788832961,8.819745346599554,0.023880700000518118,0.023880700000518118,0.023880700000518118,path,path,path,11,0.0,0.0,False,,,False,1,path,64,4,RL+Path,4
best,C:\Users\erich\Documents\AFRL\Algebraic-Connectivity-Optimization-CDC2026\lite_trials\sweep\resistance_only\checkpoints\best.pt,ppo,3000,C:\Users\erich\Documents\AFRL\Algebraic-Connectivity-Optimization-CDC2026\lite_trials\lite_config.yaml,full,12,0.490909090909,0,38,38,0.4909090909090909,27,0.7838265162007332,9.405918194408798,0.02583039999990433,0.02583039999990433,0.02583039999990433,path,path,path,11,0.0,0.0,False,,,False,1,path,64,4,RL+Path,0
best,C:\Users\erich\Documents\AFRL\Algebraic-Connectivity-Optimization-CDC2026\lite_trials\sweep\resistance_only\checkpoints\best.pt,ppo,3000,C:\Users\erich\Documents\AFRL\Algebraic-Connectivity-Optimization-CDC2026\lite_trials\lite_config.yaml,full,12,0.490909090909,1,38,38,0.4909090909090909,27,0.7838265162007332,9.405918194408798,0.025399900000593334,0.025399900000593334,0.025399900000593334,path,path,path,11,0.0,0.0,False,,,False,1,path,64,4,RL+Path,1
best,C:\Users\erich\Documents\AFRL\Algebraic-Connectivity-Optimization-CDC2026\lite_trials\sweep\resistance_only\checkpoints\best.pt,ppo,3000,C:\Users\erich\Documents\AFRL\Algebraic-Connectivity-Optimization-CDC2026\lite_trials\lite_config.yaml,full,12,0.490909090909,2,38,38,0.4909090909090909,27,0.7838265162007332,9.405918194408798,0.025940300000002026,0.025940300000002026,0.025940300000002026,path,path,path,11,0.0,0.0,False,,,False,1,path,64,4,RL+Path,2
best,C:\Users\erich\Documents\AFRL\Algebraic-Connectivity-Optimization-CDC2026\lite_trials\sweep\resistance_only\checkpoints\best.pt,ppo,3000,C:\Users\erich\Documents\AFRL\Algebraic-Connectivity-Optimization-CDC2026\lite_trials\lite_config.yaml,full,12,0.490909090909,3,38,38,0.4909090909090909,27,0.7838265162007332,9.405918194408798,0.024370899999667017,0.024370899999667017,0.024370899999667017,path,path,path,11,0.0,0.0,False,,,False,1,path,64,4,RL+Path,3
best,C:\Users\erich\Documents\AFRL\Algebraic-Connectivity-Optimization-CDC2026\lite_trials\sweep\resistance_only\checkpoints\best.pt,ppo,3000,C:\Users\erich\Documents\AFRL\Algebraic-Connectivity-Optimization-CDC2026\lite_trials\lite_config.yaml,full,12,0.490909090909,4,38,38,0.4909090909090909,27,0.7838265162007332,9.405918194408798,0.023409200000060082,0.023409200000060082,0.023409200000060082,path,path,path,11,0.0,0.0,False,,,False,1,path,64,4,RL+Path,4
best,C:\Users\erich\Documents\AFRL\Algebraic-Connectivity-Optimization-CDC2026\lite_trials\sweep\resistance_only\checkpoints\best.pt,ppo,3000,C:\Users\erich\Documents\AFRL\Algebraic-Connectivity-Optimization-CDC2026\lite_trials\lite_config.yaml,full,12,0.563636363636,0,42,42,0.5636363636363636,31,0.8585506743765965,10.302608092519158,0.02881340000021737,0.02881340000021737,0.02881340000021737,path,path,path,11,0.0,0.0,False,,,False,1,path,64,4,RL+Path,0
best,C:\Users\erich\Documents\AFRL\Algebraic-Connectivity-Optimization-CDC2026\lite_trials\sweep\resistance_only\checkpoints\best.pt,ppo,3000,C:\Users\erich\Documents\AFRL\Algebraic-Connectivity-Optimization-CDC2026\lite_trials\lite_config.yaml,full,12,0.563636363636,1,42,42,0.5636363636363636,31,0.8585506743765965,10.302608092519158,0.029614199999741686,0.029614199999741686,0.029614199999741686,path,path,path,11,0.0,0.0,False,,,False,1,path,64,4,RL+Path,1
best,C:\Users\erich\Documents\AFRL\Algebraic-Connectivity-Optimization-CDC2026\lite_trials\sweep\resistance_only\checkpoints\best.pt,ppo,3000,C:\Users\erich\Documents\AFRL\Algebraic-Connectivity-Optimization-CDC2026\lite_trials\lite_config.yaml,full,12,0.563636363636,2,42,42,0.5636363636363636,31,0.8585506743765965,10.302608092519158,0.030139299999973446,0.030139299999973446,0.030139299999973446,path,path,path,11,0.0,0.0,False,,,False,1,path,64,4,RL+Path,2
best,C:\Users\erich\Documents\AFRL\Algebraic-Connectivity-Optimization-CDC2026\lite_trials\sweep\resistance_only\checkpoints\best.pt,ppo,3000,C:\Users\erich\Documents\AFRL\Algebraic-Connectivity-Optimization-CDC2026\lite_trials\lite_config.yaml,full,12,0.563636363636,3,42,42,0.5636363636363636,31,0.8585506743765965,10.302608092519158,0.02997940000022936,0.02997940000022936,0.02997940000022936,path,path,path,11,0.0,0.0,False,,,False,1,path,64,4,RL+Path,3
best,C:\Users\erich\Documents\AFRL\Algebraic-Connectivity-Optimization-CDC2026\lite_trials\sweep\resistance_only\checkpoints\best.pt,ppo,3000,C:\Users\erich\Documents\AFRL\Algebraic-Connectivity-Optimization-CDC2026\lite_trials\lite_config.yaml,full,12,0.563636363636,4,42,42,0.5636363636363636,31,0.8585506743765965,10.302608092519158,0.029501400000299327,0.029501400000299327,0.029501400000299327,path,path,path,11,0.0,0.0,False,,,False,1,path,64,4,RL+Path,4
best,C:\Users\erich\Documents\AFRL\Algebraic-Connectivity-Optimization-CDC2026\lite_trials\sweep\resistance_only\checkpoints\best.pt,ppo,3000,C:\Users\erich\Documents\AFRL\Algebraic-Connectivity-Optimization-CDC2026\lite_trials\lite_config.yaml,full,12,0.636363636364,0,46,46,0.6363636363636364,35,0.639007342263275,7.668088107159301,0.03309320000062144,0.03309320000062144,0.03309320000062144,path,path,path,11,0.0,0.0,False,,,False,1,path,64,4,RL+Path,0
best,C:\Users\erich\Documents\AFRL\Algebraic-Connectivity-Optimization-CDC2026\lite_trials\sweep\resistance_only\checkpoints\best.pt,ppo,3000,C:\Users\erich\Documents\AFRL\Algebraic-Connectivity-Optimization-CDC2026\lite_trials\lite_config.yaml,full,12,0.636363636364,1,46,46,0.6363636363636364,35,0.639007342263275,7.668088107159301,0.035168000000339816,0.035168000000339816,0.035168000000339816,path,path,path,11,0.0,0.0,False,,,False,1,path,64,4,RL+Path,1
best,C:\Users\erich\Documents\AFRL\Algebraic-Connectivity-Optimization-CDC2026\lite_trials\sweep\resistance_only\checkpoints\best.pt,ppo,3000,C:\Users\erich\Documents\AFRL\Algebraic-Connectivity-Optimization-CDC2026\lite_trials\lite_config.yaml,full,12,0.636363636364,2,46,46,0.6363636363636364,35,0.639007342263275,7.668088107159301,0.036596999999346735,0.036596999999346735,0.036596999999346735,path,path,path,11,0.0,0.0,False,,,False,1,path,64,4,RL+Path,2
best,C:\Users\erich\Documents\AFRL\Algebraic-Connectivity-Optimization-CDC2026\lite_trials\sweep\resistance_only\checkpoints\best.pt,ppo,3000,C:\Users\erich\Documents\AFRL\Algebraic-Connectivity-Optimization-CDC2026\lite_trials\lite_config.yaml,full,12,0.636363636364,3,46,46,0.6363636363636364,35,0.639007342263275,7.668088107159301,0.03366439999990689,0.03366439999990689,0.03366439999990689,path,path,path,11,0.0,0.0,False,,,False,1,path,64,4,RL+Path,3
best,C:\Users\erich\Documents\AFRL\Algebraic-Connectivity-Optimization-CDC2026\lite_trials\sweep\resistance_only\checkpoints\best.pt,ppo,3000,C:\Users\erich\Documents\AFRL\Algebraic-Connectivity-Optimization-CDC2026\lite_trials\lite_config.yaml,full,12,0.636363636364,4,46,46,0.6363636363636364,35,0.639007342263275,7.668088107159301,0.03398879999986093,0.03398879999986093,0.03398879999986093,path,path,path,11,0.0,0.0,False,,,False,1,path,64,4,RL+Path,4
best,C:\Users\erich\Documents\AFRL\Algebraic-Connectivity-Optimization-CDC2026\lite_trials\sweep\resistance_only\checkpoints\best.pt,ppo,3000,C:\Users\erich\Documents\AFRL\Algebraic-Connectivity-Optimization-CDC2026\lite_trials\lite_config.yaml,full,12,0.709090909091,0,50,50,0.7090909090909091,39,0.7961080863528731,9.553297036234477,0.038135800000418385,0.038135800000418385,0.038135800000418385,path,path,path,11,0.0,0.0,False,,,False,1,path,64,4,RL+Path,0
best,C:\Users\erich\Documents\AFRL\Algebraic-Connectivity-Optimization-CDC2026\lite_trials\sweep\resistance_only\checkpoints\best.pt,ppo,3000,C:\Users\erich\Documents\AFRL\Algebraic-Connectivity-Optimization-CDC2026\lite_trials\lite_config.yaml,full,12,0.709090909091,1,50,50,0.7090909090909091,39,0.7961080863528731,9.553297036234477,0.033833100000265404,0.033833100000265404,0.033833100000265404,path,path,path,11,0.0,0.0,False,,,False,1,path,64,4,RL+Path,1
best,C:\Users\erich\Documents\AFRL\Algebraic-Connectivity-Optimization-CDC2026\lite_trials\sweep\resistance_only\checkpoints\best.pt,ppo,3000,C:\Users\erich\Documents\AFRL\Algebraic-Connectivity-Optimization-CDC2026\lite_trials\lite_config.yaml,full,12,0.709090909091,2,50,50,0.7090909090909091,39,0.7961080863528731,9.553297036234477,0.03576280000015686,0.03576280000015686,0.03576280000015686,path,path,path,11,0.0,0.0,False,,,False,1,path,64,4,RL+Path,2
best,C:\Users\erich\Documents\AFRL\Algebraic-Connectivity-Optimization-CDC2026\lite_trials\sweep\resistance_only\checkpoints\best.pt,ppo,3000,C:\Users\erich\Documents\AFRL\Algebraic-Connectivity-Optimization-CDC2026\lite_trials\lite_config.yaml,full,12,0.709090909091,3,50,50,0.7090909090909091,39,0.7961080863528731,9.553297036234477,0.03898380000009638,0.03898380000009638,0.03898380000009638,path,path,path,11,0.0,0.0,False,,,False,1,path,64,4,RL+Path,3
best,C:\Users\erich\Documents\AFRL\Algebraic-Connectivity-Optimization-CDC2026\lite_trials\sweep\resistance_only\checkpoints\best.pt,ppo,3000,C:\Users\erich\Documents\AFRL\Algebraic-Connectivity-Optimization-CDC2026\lite_trials\lite_config.yaml,full,12,0.709090909091,4,50,50,0.7090909090909091,39,0.7961080863528731,9.553297036234477,0.033829099999820755,0.033829099999820755,0.033829099999820755,path,path,path,11,0.0,0.0,False,,,False,1,path,64,4,RL+Path,4
best,C:\Users\erich\Documents\AFRL\Algebraic-Connectivity-Optimization-CDC2026\lite_trials\sweep\resistance_only\checkpoints\best.pt,ppo,3000,C:\Users\erich\Documents\AFRL\Algebraic-Connectivity-Optimization-CDC2026\lite_trials\lite_config.yaml,full,12,0.781818181818,0,54,54,0.7818181818181819,43,0.8819844062927186,10.583812875512622,0.04206479999993462,0.04206479999993462,0.04206479999993462,path,path,path,11,0.0,0.0,False,,,False,1,path,64,4,RL+Path,0
best,C:\Users\erich\Documents\AFRL\Algebraic-Connectivity-Optimization-CDC2026\lite_trials\sweep\resistance_only\checkpoints\best.pt,ppo,3000,C:\Users\erich\Documents\AFRL\Algebraic-Connectivity-Optimization-CDC2026\lite_trials\lite_config.yaml,full,12,0.781818181818,1,54,54,0.7818181818181819,43,0.8819844062927186,10.583812875512622,0.04159370000070339,0.04159370000070339,0.04159370000070339,path,path,path,11,0.0,0.0,False,,,False,1,path,64,4,RL+Path,1
best,C:\Users\erich\Documents\AFRL\Algebraic-Connectivity-Optimization-CDC2026\lite_trials\sweep\resistance_only\checkpoints\best.pt,ppo,3000,C:\Users\erich\Documents\AFRL\Algebraic-Connectivity-Optimization-CDC2026\lite_trials\lite_config.yaml,full,12,0.781818181818,2,54,54,0.7818181818181819,43,0.8819844062927186,10.583812875512622,0.041847400000733614,0.041847400000733614,0.041847400000733614,path,path,path,11,0.0,0.0,False,,,False,1,path,64,4,RL+Path,2
best,C:\Users\erich\Documents\AFRL\Algebraic-Connectivity-Optimization-CDC2026\lite_trials\sweep\resistance_only\checkpoints\best.pt,ppo,3000,C:\Users\erich\Documents\AFRL\Algebraic-Connectivity-Optimization-CDC2026\lite_trials\lite_config.yaml,full,12,0.781818181818,3,54,54,0.7818181818181819,43,0.8819844062927186,10.583812875512622,0.0415528000003178,0.0415528000003178,0.0415528000003178,path,path,path,11,0.0,0.0,False,,,False,1,path,64,4,RL+Path,3
best,C:\Users\erich\Documents\AFRL\Algebraic-Connectivity-Optimization-CDC2026\lite_trials\sweep\resistance_only\checkpoints\best.pt,ppo,3000,C:\Users\erich\Documents\AFRL\Algebraic-Connectivity-Optimization-CDC2026\lite_trials\lite_config.yaml,full,12,0.781818181818,4,54,54,0.7818181818181819,43,0.8819844062927186,10.583812875512622,0.03866650000054506,0.03866650000054506,0.03866650000054506,path,path,path,11,0.0,0.0,False,,,False,1,path,64,4,RL+Path,4
best,C:\Users\erich\Documents\AFRL\Algebraic-Connectivity-Optimization-CDC2026\lite_trials\sweep\resistance_only\checkpoints\best.pt,ppo,3000,C:\Users\erich\Documents\AFRL\Algebraic-Connectivity-Optimization-CDC2026\lite_trials\lite_config.yaml,full,12,0.836363636364,0,57,57,0.8363636363636363,46,0.9276688671493672,11.132026405792407,0.04668260000016744,0.04668260000016744,0.04668260000016744,path,path,path,11,0.0,0.0,False,,,False,1,path,64,4,RL+Path,0
best,C:\Users\erich\Documents\AFRL\Algebraic-Connectivity-Optimization-CDC2026\lite_trials\sweep\resistance_only\checkpoints\best.pt,ppo,3000,C:\Users\erich\Documents\AFRL\Algebraic-Connectivity-Optimization-CDC2026\lite_trials\lite_config.yaml,full,12,0.836363636364,1,57,57,0.8363636363636363,46,0.9276688671493672,11.132026405792407,0.04505460000018502,0.04505460000018502,0.04505460000018502,path,path,path,11,0.0,0.0,False,,,False,1,path,64,4,RL+Path,1
best,C:\Users\erich\Documents\AFRL\Algebraic-Connectivity-Optimization-CDC2026\lite_trials\sweep\resistance_only\checkpoints\best.pt,ppo,3000,C:\Users\erich\Documents\AFRL\Algebraic-Connectivity-Optimization-CDC2026\lite_trials\lite_config.yaml,full,12,0.836363636364,2,57,57,0.8363636363636363,46,0.9276688671493672,11.132026405792407,0.041657300000224495,0.041657300000224495,0.041657300000224495,path,path,path,11,0.0,0.0,False,,,False,1,path,64,4,RL+Path,2
best,C:\Users\erich\Documents\AFRL\Algebraic-Connectivity-Optimization-CDC2026\lite_trials\sweep\resistance_only\checkpoints\best.pt,ppo,3000,C:\Users\erich\Documents\AFRL\Algebraic-Connectivity-Optimization-CDC2026\lite_trials\lite_config.yaml,full,12,0.836363636364,3,57,57,0.8363636363636363,46,0.9276688671493672,11.132026405792407,0.044705899999826215,0.044705899999826215,0.044705899999826215,path,path,path,11,0.0,0.0,False,,,False,1,path,64,4,RL+Path,3
best,C:\Users\erich\Documents\AFRL\Algebraic-Connectivity-Optimization-CDC2026\lite_trials\sweep\resistance_only\checkpoints\best.pt,ppo,3000,C:\Users\erich\Documents\AFRL\Algebraic-Connectivity-Optimization-CDC2026\lite_trials\lite_config.yaml,full,12,0.836363636364,4,57,57,0.8363636363636363,46,0.9276688671493672,11.132026405792407,0.04256660000010015,0.04256660000010015,0.04256660000010015,path,path,path,11,0.0,0.0,False,,,False,1,path,64,4,RL+Path,4
best,C:\Users\erich\Documents\AFRL\Algebraic-Connectivity-Optimization-CDC2026\lite_trials\sweep\resistance_only\checkpoints\best.pt,ppo,3000,C:\Users\erich\Documents\AFRL\Algebraic-Connectivity-Optimization-CDC2026\lite_trials\lite_config.yaml,full,12,0.909090909091,0,61,61,0.9090909090909091,50,0.9681194958777346,11.617433950532815,0.04903199999989738,0.04903199999989738,0.04903199999989738,path,path,path,11,0.0,0.0,False,,,False,1,path,64,4,RL+Path,0
best,C:\Users\erich\Documents\AFRL\Algebraic-Connectivity-Optimization-CDC2026\lite_trials\sweep\resistance_only\checkpoints\best.pt,ppo,3000,C:\Users\erich\Documents\AFRL\Algebraic-Connectivity-Optimization-CDC2026\lite_trials\lite_config.yaml,full,12,0.909090909091,1,61,61,0.9090909090909091,50,0.9681194958777346,11.617433950532815,0.048904899999797635,0.048904899999797635,0.048904899999797635,path,path,path,11,0.0,0.0,False,,,False,1,path,64,4,RL+Path,1
best,C:\Users\erich\Documents\AFRL\Algebraic-Connectivity-Optimization-CDC2026\lite_trials\sweep\resistance_only\checkpoints\best.pt,ppo,3000,C:\Users\erich\Documents\AFRL\Algebraic-Connectivity-Optimization-CDC2026\lite_trials\lite_config.yaml,full,12,0.909090909091,2,61,61,0.9090909090909091,50,0.9681194958777346,11.617433950532815,0.0434943000000203,0.0434943000000203,0.0434943000000203,path,path,path,11,0.0,0.0,False,,,False,1,path,64,4,RL+Path,2
best,C:\Users\erich\Documents\AFRL\Algebraic-Connectivity-Optimization-CDC2026\lite_trials\sweep\resistance_only\checkpoints\best.pt,ppo,3000,C:\Users\erich\Documents\AFRL\Algebraic-Connectivity-Optimization-CDC2026\lite_trials\lite_config.yaml,full,12,0.909090909091,3,61,61,0.9090909090909091,50,0.9681194958777346,11.617433950532815,0.04735129999971832,0.04735129999971832,0.04735129999971832,path,path,path,11,0.0,0.0,False,,,False,1,path,64,4,RL+Path,3
best,C:\Users\erich\Documents\AFRL\Algebraic-Connectivity-Optimization-CDC2026\lite_trials\sweep\resistance_only\checkpoints\best.pt,ppo,3000,C:\Users\erich\Documents\AFRL\Algebraic-Connectivity-Optimization-CDC2026\lite_trials\lite_config.yaml,full,12,0.909090909091,4,61,61,0.9090909090909091,50,0.9681194958777346,11.617433950532815,0.04759379999995872,0.04759379999995872,0.04759379999995872,path,path,path,11,0.0,0.0,False,,,False,1,path,64,4,RL+Path,4
best,C:\Users\erich\Documents\AFRL\Algebraic-Connectivity-Optimization-CDC2026\lite_trials\sweep\resistance_only\checkpoints\best.pt,ppo,3000,C:\Users\erich\Documents\AFRL\Algebraic-Connectivity-Optimization-CDC2026\lite_trials\lite_config.yaml,full,12,0.981818181818,0,65,65,0.9818181818181818,54,0.9926217372520147,11.911460847024177,0.05555290000029345,0.05555290000029345,0.05555290000029345,path,path,path,11,0.0,0.0,False,,,False,1,path,64,4,RL+Path,0
best,C:\Users\erich\Documents\AFRL\Algebraic-Connectivity-Optimization-CDC2026\lite_trials\sweep\resistance_only\checkpoints\best.pt,ppo,3000,C:\Users\erich\Documents\AFRL\Algebraic-Connectivity-Optimization-CDC2026\lite_trials\lite_config.yaml,full,12,0.981818181818,1,65,65,0.9818181818181818,54,0.9926217372520147,11.911460847024177,0.04973840000002383,0.04973840000002383,0.04973840000002383,path,path,path,11,0.0,0.0,False,,,False,1,path,64,4,RL+Path,1
best,C:\Users\erich\Documents\AFRL\Algebraic-Connectivity-Optimization-CDC2026\lite_trials\sweep\resistance_only\checkpoints\best.pt,ppo,3000,C:\Users\erich\Documents\AFRL\Algebraic-Connectivity-Optimization-CDC2026\lite_trials\lite_config.yaml,full,12,0.981818181818,2,65,65,0.9818181818181818,54,0.9926217372520147,11.911460847024177,0.051619900000332564,0.051619900000332564,0.051619900000332564,path,path,path,11,0.0,0.0,False,,,False,1,path,64,4,RL+Path,2
best,C:\Users\erich\Documents\AFRL\Algebraic-Connectivity-Optimization-CDC2026\lite_trials\sweep\resistance_only\checkpoints\best.pt,ppo,3000,C:\Users\erich\Documents\AFRL\Algebraic-Connectivity-Optimization-CDC2026\lite_trials\lite_config.yaml,full,12,0.981818181818,3,65,65,0.9818181818181818,54,0.9926217372520147,11.911460847024177,0.05249249999997119,0.05249249999997119,0.05249249999997119,path,path,path,11,0.0,0.0,False,,,False,1,path,64,4,RL+Path,3
best,C:\Users\erich\Documents\AFRL\Algebraic-Connectivity-Optimization-CDC2026\lite_trials\sweep\resistance_only\checkpoints\best.pt,ppo,3000,C:\Users\erich\Documents\AFRL\Algebraic-Connectivity-Optimization-CDC2026\lite_trials\lite_config.yaml,full,12,0.981818181818,4,65,65,0.9818181818181818,54,0.9926217372520147,11.911460847024177,0.05138179999994463,0.05138179999994463,0.05138179999994463,path,path,path,11,0.0,0.0,False,,,False,1,path,64,4,RL+Path,4
best,C:\Users\erich\Documents\AFRL\Algebraic-Connectivity-Optimization-CDC2026\lite_trials\sweep\resistance_only\checkpoints\best.pt,ppo,3000,C:\Users\erich\Documents\AFRL\Algebraic-Connectivity-Optimization-CDC2026\lite_trials\lite_config.yaml,full,12,0.018181818182,0,12,12,0.01818181818181818,1,0.08333333333333326,0.9999999999999991,0.003724099999999453,0.003724099999999453,0.004352899999503279,backbone,envelope_only,envelope,11,1.0,0.0006287999995038263,False,,,False,1,envelope,64,4,RL+Backbone,0
best,C:\Users\erich\Documents\AFRL\Algebraic-Connectivity-Optimization-CDC2026\lite_trials\sweep\resistance_only\checkpoints\best.pt,ppo,3000,C:\Users\erich\Documents\AFRL\Algebraic-Connectivity-Optimization-CDC2026\lite_trials\lite_config.yaml,full,12,0.018181818182,1,12,12,0.01818181818181818,1,0.08333333333333326,0.9999999999999991,0.0011019000003216206,0.0011019000003216206,0.0012916000005134265,backbone,envelope_only,envelope,11,1.0,0.00018970000019180588,False,,,False,1,envelope,64,4,RL+Backbone,1
best,C:\Users\erich\Documents\AFRL\Algebraic-Connectivity-Optimization-CDC2026\lite_trials\sweep\resistance_only\checkpoints\best.pt,ppo,3000,C:\Users\erich\Documents\AFRL\Algebraic-Connectivity-Optimization-CDC2026\lite_trials\lite_config.yaml,full,12,0.018181818182,2,12,12,0.01818181818181818,1,0.08333333333333326,0.9999999999999991,0.001002199999675213,0.001002199999675213,0.0010951999993267236,backbone,envelope_only,envelope,11,1.0,9.299999965151073e-05,False,,,False,1,envelope,64,4,RL+Backbone,2
best,C:\Users\erich\Documents\AFRL\Algebraic-Connectivity-Optimization-CDC2026\lite_trials\sweep\resistance_only\checkpoints\best.pt,ppo,3000,C:\Users\erich\Documents\AFRL\Algebraic-Connectivity-Optimization-CDC2026\lite_trials\lite_config.yaml,full,12,0.018181818182,3,12,12,0.01818181818181818,1,0.08333333333333326,0.9999999999999991,0.0009705000002213637,0.0009705000002213637,0.001043500000378117,backbone,envelope_only,envelope,11,1.0,7.300000015675323e-05,False,,,False,1,envelope,64,4,RL+Backbone,3
best,C:\Users\erich\Documents\AFRL\Algebraic-Connectivity-Optimization-CDC2026\lite_trials\sweep\resistance_only\checkpoints\best.pt,ppo,3000,C:\Users\erich\Documents\AFRL\Algebraic-Connectivity-Optimization-CDC2026\lite_trials\lite_config.yaml,full,12,0.018181818182,4,12,12,0.01818181818181818,1,0.08333333333333326,0.9999999999999991,0.0008534999997209525,0.0008534999997209525,0.0009282000000894186,backbone,envelope_only,envelope,11,1.0,7.470000036846614e-05,False,,,False,1,envelope,64,4,RL+Backbone,4
best,C:\Users\erich\Documents\AFRL\Algebraic-Connectivity-Optimization-CDC2026\lite_trials\sweep\resistance_only\checkpoints\best.pt,ppo,3000,C:\Users\erich\Documents\AFRL\Algebraic-Connectivity-Optimization-CDC2026\lite_trials\lite_config.yaml,full,12,0.090909090909,0,16,16,0.09090909090909091,5,0.2914367441410901,3.4972409296930813,0.0044664999995802646,0.0044664999995802646,0.006441399999857822,backbone,both,envelope,11,1.0,0.0019749000002775574,False,,,True,2,"cayley,envelope",64,4,RL+Backbone,0
best,C:\Users\erich\Documents\AFRL\Algebraic-Connectivity-Optimization-CDC2026\lite_trials\sweep\resistance_only\checkpoints\best.pt,ppo,3000,C:\Users\erich\Documents\AFRL\Algebraic-Connectivity-Optimization-CDC2026\lite_trials\lite_config.yaml,full,12,0.090909090909,1,16,16,0.09090909090909091,5,0.2914367441410901,3.4972409296930813,0.0038903999993635807,0.0038903999993635807,0.005547200000364683,backbone,both,envelope,11,1.0,0.0021263999997245264,False,,,True,2,"cayley,envelope",64,4,RL+Backbone,1
best,C:\Users\erich\Documents\AFRL\Algebraic-Connectivity-Optimization-CDC2026\lite_trials\sweep\resistance_only\checkpoints\best.pt,ppo,3000,C:\Users\erich\Documents\AFRL\Algebraic-Connectivity-Optimization-CDC2026\lite_trials\lite_config.yaml,full,12,0.090909090909,2,16,16,0.09090909090909091,5,0.2914367441410901,3.4972409296930813,0.0042855000001509325,0.0042855000001509325,0.005121600000165927,backbone,both,envelope,11,1.0,0.0017367999998896266,False,,,True,2,"cayley,envelope",64,4,RL+Backbone,2
best,C:\Users\erich\Documents\AFRL\Algebraic-Connectivity-Optimization-CDC2026\lite_trials\sweep\resistance_only\checkpoints\best.pt,ppo,3000,C:\Users\erich\Documents\AFRL\Algebraic-Connectivity-Optimization-CDC2026\lite_trials\lite_config.yaml,full,12,0.090909090909,3,16,16,0.09090909090909091,5,0.2914367441410901,3.4972409296930813,0.004520299999967392,0.004520299999967392,0.004919500001051347,backbone,both,envelope,11,1.0,0.0017227000007551396,False,,,True,2,"cayley,envelope",64,4,RL+Backbone,3
best,C:\Users\erich\Documents\AFRL\Algebraic-Connectivity-Optimization-CDC2026\lite_trials\sweep\resistance_only\checkpoints\best.pt,ppo,3000,C:\Users\erich\Documents\AFRL\Algebraic-Connectivity-Optimization-CDC2026\lite_trials\lite_config.yaml,full,12,0.090909090909,4,16,16,0.09090909090909091,5,0.2914367441410901,3.4972409296930813,0.004198100000394334,0.004198100000394334,0.005320499999470485,backbone,both,envelope,11,1.0,0.0017410000000381842,False,,,True,2,"cayley,envelope",64,4,RL+Backbone,4
best,C:\Users\erich\Documents\AFRL\Algebraic-Connectivity-Optimization-CDC2026\lite_trials\sweep\resistance_only\checkpoints\best.pt,ppo,3000,C:\Users\erich\Documents\AFRL\Algebraic-Connectivity-Optimization-CDC2026\lite_trials\lite_config.yaml,full,12,0.163636363636,0,20,20,0.16363636363636364,2,0.1549712773366719,1.8596553280400627,0.001727799999571289,0.001727799999571289,0.003564699999515142,backbone,cayley_only,cayley,18,1.2679491924311233,0.0018368999999438529,False,2,,False,1,cayley,64,4,RL+Backbone,0
best,C:\Users\erich\Documents\AFRL\Algebraic-Connectivity-Optimization-CDC2026\lite_trials\sweep\resistance_only\checkpoints\best.pt,ppo,3000,C:\Users\erich\Documents\AFRL\Algebraic-Connectivity-Optimization-CDC2026\lite_trials\lite_config.yaml,full,12,0.163636363636,1,20,20,0.16363636363636364,2,0.1549712773366719,1.8596553280400627,0.0020604999999704887,0.0020604999999704887,0.0038287000006675953,backbone,cayley_only,cayley,18,1.2679491924311233,0.0017682000006971066,False,2,,False,1,cayley,64,4,RL+Backbone,1
best,C:\Users\erich\Documents\AFRL\Algebraic-Connectivity-Optimization-CDC2026\lite_trials\sweep\resistance_only\checkpoints\best.pt,ppo,3000,C:\Users\erich\Documents\AFRL\Algebraic-Connectivity-Optimization-CDC2026\lite_trials\lite_config.yaml,full,12,0.163636363636,2,20,20,0.16363636363636364,2,0.1549712773366719,1.8596553280400627,0.002441499999804364,0.002441499999804364,0.005039799999394745,backbone,cayley_only,cayley,18,1.2679491924311233,0.002598299999590381,False,2,,False,1,cayley,64,4,RL+Backbone,2
best,C:\Users\erich\Documents\AFRL\Algebraic-Connectivity-Optimization-CDC2026\lite_trials\sweep\resistance_only\checkpoints\best.pt,ppo,3000,C:\Users\erich\Documents\AFRL\Algebraic-Connectivity-Optimization-CDC2026\lite_trials\lite_config.yaml,full,12,0.163636363636,3,20,20,0.16363636363636364,2,0.1549712773366719,1.8596553280400627,0.0019457999997030129,0.0019457999997030129,0.004035900000417314,backbone,cayley_only,cayley,18,1.2679491924311233,0.002090100000714301,False,2,,False,1,cayley,64,4,RL+Backbone,3
best,C:\Users\erich\Documents\AFRL\Algebraic-Connectivity-Optimization-CDC2026\lite_trials\sweep\resistance_only\checkpoints\best.pt,ppo,3000,C:\Users\erich\Documents\AFRL\Algebraic-Connectivity-Optimization-CDC2026\lite_trials\lite_config.yaml,full,12,0.163636363636,4,20,20,0.16363636363636364,2,0.1549712773366719,1.8596553280400627,0.0018323999993299367,0.0018323999993299367,0.003675499999189924,backbone,cayley_only,cayley,18,1.2679491924311233,0.0018430999998599873,False,2,,False,1,cayley,64,4,RL+Backbone,4
best,C:\Users\erich\Documents\AFRL\Algebraic-Connectivity-Optimization-CDC2026\lite_trials\sweep\resistance_only\checkpoints\best.pt,ppo,3000,C:\Users\erich\Documents\AFRL\Algebraic-Connectivity-Optimization-CDC2026\lite_trials\lite_config.yaml,full,12,0.218181818182,0,23,23,0.21818181818181817,5,0.25712918236840226,3.085550188420827,0.004221199999847158,0.004221199999847158,0.006441699999413686,backbone,cayley_only,cayley,18,1.2679491924311233,0.0022204999995665275,False,2,,False,1,cayley,64,4,RL+Backbone,0
best,C:\Users\erich\Documents\AFRL\Algebraic-Connectivity-Optimization-CDC2026\lite_trials\sweep\resistance_only\checkpoints\best.pt,ppo,3000,C:\Users\erich\Documents\AFRL\Algebraic-Connectivity-Optimization-CDC2026\lite_trials\lite_config.yaml,full,12,0.218181818182,1,23,23,0.21818181818181817,5,0.25712918236840226,3.085550188420827,0.004272500000297441,0.004272500000297441,0.006075300000702555,backbone,cayley_only,cayley,18,1.2679491924311233,0.0018028000004051137,False,2,,False,1,cayley,64,4,RL+Backbone,1
best,C:\Users\erich\Documents\AFRL\Algebraic-Connectivity-Optimization-CDC2026\lite_trials\sweep\resistance_only\checkpoints\best.pt,ppo,3000,C:\Users\erich\Documents\AFRL\Algebraic-Connectivity-Optimization-CDC2026\lite_trials\lite_config.yaml,full,12,0.218181818182,2,23,23,0.21818181818181817,5,0.25712918236840226,3.085550188420827,0.003923700000086683,0.003923700000086683,0.005824199999551638,backbone,cayley_only,cayley,18,1.2679491924311233,0.0019004999994649552,False,2,,False,1,cayley,64,4,RL+Backbone,2
best,C:\Users\erich\Documents\AFRL\Algebraic-Connectivity-Optimization-CDC2026\lite_trials\sweep\resistance_only\checkpoints\best.pt,ppo,3000,C:\Users\erich\Documents\AFRL\Algebraic-Connectivity-Optimization-CDC2026\lite_trials\lite_config.yaml,full,12,0.218181818182,3,23,23,0.21818181818181817,5,0.25712918236840226,3.085550188420827,0.0042049999992741505,0.0042049999992741505,0.006043599999429716,backbone,cayley_only,cayley,18,1.2679491924311233,0.0018386000001555658,False,2,,False,1,cayley,64,4,RL+Backbone,3
best,C:\Users\erich\Documents\AFRL\Algebraic-Connectivity-Optimization-CDC2026\lite_trials\sweep\resistance_only\checkpoints\best.pt,ppo,3000,C:\Users\erich\Documents\AFRL\Algebraic-Connectivity-Optimization-CDC2026\lite_trials\lite_config.yaml,full,12,0.218181818182,4,23,23,0.21818181818181817,5,0.25712918236840226,3.085550188420827,0.0049866999997902894,0.0049866999997902894,0.006994899999881454,backbone,cayley_only,cayley,18,1.2679491924311233,0.002008200000091165,False,2,,False,1,cayley,64,4,RL+Backbone,4
best,C:\Users\erich\Documents\AFRL\Algebraic-Connectivity-Optimization-CDC2026\lite_trials\sweep\resistance_only\checkpoints\best.pt,ppo,3000,C:\Users\erich\Documents\AFRL\Algebraic-Connectivity-Optimization-CDC2026\lite_trials\lite_config.yaml,full,12,0.290909090909,0,27,27,0.2909090909090909,3,0.2766397577797081,3.319677093356497,0.0025177999996230938,0.0025177999996230938,0.004432799999449344,backbone,cayley_only,cayley,24,2.267949192431123,0.0019149999998262501,False,2,,False,1,cayley,64,4,RL+Backbone,0
best,C:\Users\erich\Documents\AFRL\Algebraic-Connectivity-Optimization-CDC2026\lite_trials\sweep\resistance_only\checkpoints\best.pt,ppo,3000,C:\Users\erich\Documents\AFRL\Algebraic-Connectivity-Optimization-CDC2026\lite_trials\lite_config.yaml,full,12,0.290909090909,1,27,27,0.2909090909090909,3,0.2766397577797081,3.319677093356497,0.002959599999485363,0.002959599999485363,0.004927699999825563,backbone,cayley_only,cayley,24,2.267949192431123,0.0019681000003402005,False,2,,False,1,cayley,64,4,RL+Backbone,1
best,C:\Users\erich\Documents\AFRL\Algebraic-Connectivity-Optimization-CDC2026\lite_trials\sweep\resistance_only\checkpoints\best.pt,ppo,3000,C:\Users\erich\Documents\AFRL\Algebraic-Connectivity-Optimization-CDC2026\lite_trials\lite_config.yaml,full,12,0.290909090909,2,27,27,0.2909090909090909,3,0.29414752457966514,3.5297702949559815,0.003444599999966158,0.003444599999966158,0.005712899999707588,backbone,cayley_only,cayley,24,2.267949192431123,0.00226829999974143,False,2,,False,1,cayley,64,4,RL+Backbone,2
best,C:\Users\erich\Documents\AFRL\Algebraic-Connectivity-Optimization-CDC2026\lite_trials\sweep\resistance_only\checkpoints\best.pt,ppo,3000,C:\Users\erich\Documents\AFRL\Algebraic-Connectivity-Optimization-CDC2026\lite_trials\lite_config.yaml,full,12,0.290909090909,3,27,27,0.2909090909090909,3,0.29414752457966514,3.5297702949559815,0.0030338999995365157,0.0030338999995365157,0.005125199999383767,backbone,cayley_only,cayley,24,2.267949192431123,0.0020912999998472515,False,2,,False,1,cayley,64,4,RL+Backbone,3
best,C:\Users\erich\Documents\AFRL\Algebraic-Connectivity-Optimization-CDC2026\lite_trials\sweep\resistance_only\checkpoints\best.pt,ppo,3000,C:\Users\erich\Documents\AFRL\Algebraic-Connectivity-Optimization-CDC2026\lite_trials\lite_config.yaml,full,12,0.290909090909,4,27,27,0.2909090909090909,3,0.2766397577797081,3.319677093356497,0.0025258000005123904,0.0025258000005123904,0.004495800000768213,backbone,cayley_only,cayley,24,2.267949192431123,0.0019700000002558227,False,2,,False,1,cayley,64,4,RL+Backbone,4
best,C:\Users\erich\Documents\AFRL\Algebraic-Connectivity-Optimization-CDC2026\lite_trials\sweep\resistance_only\checkpoints\best.pt,ppo,3000,C:\Users\erich\Documents\AFRL\Algebraic-Connectivity-Optimization-CDC2026\lite_trials\lite_config.yaml,full,12,0.363636363636,0,31,31,0.36363636363636365,1,0.33333333333333287,3.9999999999999947,0.0009072000002561253,0.0009072000002561253,0.0028964000002815737,backbone,cayley_only,cayley,30,3.9999999999999987,0.0019892000000254484,False,2,,False,1,cayley,64,4,RL+Backbone,0
best,C:\Users\erich\Documents\AFRL\Algebraic-Connectivity-Optimization-CDC2026\lite_trials\sweep\resistance_only\checkpoints\best.pt,ppo,3000,C:\Users\erich\Documents\AFRL\Algebraic-Connectivity-Optimization-CDC2026\lite_trials\lite_config.yaml,full,12,0.363636363636,1,31,31,0.36363636363636365,1,0.33333333333333304,3.9999999999999964,0.0009569999992891098,0.0009569999992891098,0.0028872999992017867,backbone,cayley_only,cayley,30,3.9999999999999987,0.0019302999999126769,False,2,,False,1,cayley,64,4,RL+Backbone,1
best,C:\Users\erich\Documents\AFRL\Algebraic-Connectivity-Optimization-CDC2026\lite_trials\sweep\resistance_only\checkpoints\best.pt,ppo,3000,C:\Users\erich\Documents\AFRL\Algebraic-Connectivity-Optimization-CDC2026\lite_trials\lite_config.yaml,full,12,0.363636363636,2,31,31,0.36363636363636365,1,0.33333333333333304,3.9999999999999964,0.0010044000000561937,0.0010044000000561937,0.00290339999992284,backbone,cayley_only,cayley,30,3.9999999999999987,0.0018989999998666462,False,2,,False,1,cayley,64,4,RL+Backbone,2
best,C:\Users\erich\Documents\AFRL\Algebraic-Connectivity-Optimization-CDC2026\lite_trials\sweep\resistance_only\checkpoints\best.pt,ppo,3000,C:\Users\erich\Documents\AFRL\Algebraic-Connectivity-Optimization-CDC2026\lite_trials\lite_config.yaml,full,12,0.363636363636,3,31,31,0.36363636363636365,1,0.33333333333333304,3.9999999999999964,0.0011029999996026163,0.0011029999996026163,0.0034198999992440804,backbone,cayley_only,cayley,30,3.9999999999999987,0.002316899999641464,False,2,,False,1,cayley,64,4,RL+Backbone,3
best,C:\Users\erich\Documents\AFRL\Algebraic-Connectivity-Optimization-CDC2026\lite_trials\sweep\resistance_only\checkpoints\best.pt,ppo,3000,C:\Users\erich\Documents\AFRL\Algebraic-Connectivity-Optimization-CDC2026\lite_trials\lite_config.yaml,full,12,0.363636363636,4,31,31,0.36363636363636365,1,0.33333333333333304,3.9999999999999964,0.001103999999941152,0.001103999999941152,0.0037959999999657157,backbone,cayley_only,cayley,30,3.9999999999999987,0.0026920000000245636,False,2,,False,1,cayley,64,4,RL+Backbone,4
best,C:\Users\erich\Documents\AFRL\Algebraic-Connectivity-Optimization-CDC2026\lite_trials\sweep\resistance_only\checkpoints\best.pt,ppo,3000,C:\Users\erich\Documents\AFRL\Algebraic-Connectivity-Optimization-CDC2026\lite_trials\lite_config.yaml,full,12,0.436363636364,0,35,35,0.43636363636363634,5,0.43135905541637753,5.17630866499653,0.005184200000257988,0.005184200000257988,0.007187300000623509,backbone,cayley_only,cayley,30,3.9999999999999987,0.002003100000365521,False,2,,False,1,cayley,64,4,RL+Backbone,0
best,C:\Users\erich\Documents\AFRL\Algebraic-Connectivity-Optimization-CDC2026\lite_trials\sweep\resistance_only\checkpoints\best.pt,ppo,3000,C:\Users\erich\Documents\AFRL\Algebraic-Connectivity-Optimization-CDC2026\lite_trials\lite_config.yaml,full,12,0.436363636364,1,35,35,0.43636363636363634,5,0.41250769685464755,4.950092362255771,0.005625499999950989,0.005625499999950989,0.008617400000730413,backbone,cayley_only,cayley,30,3.9999999999999987,0.002991900000779424,False,2,,False,1,cayley,64,4,RL+Backbone,1
best,C:\Users\erich\Documents\AFRL\Algebraic-Connectivity-Optimization-CDC2026\lite_trials\sweep\resistance_only\checkpoints\best.pt,ppo,3000,C:\Users\erich\Documents\AFRL\Algebraic-Connectivity-Optimization-CDC2026\lite_trials\lite_config.yaml,full,12,0.436363636364,2,35,35,0.43636363636363634,5,0.41250769685464755,4.950092362255771,0.0050524999996923725,0.0050524999996923725,0.00786439999956201,backbone,cayley_only,cayley,30,3.9999999999999987,0.002811899999869638,False,2,,False,1,cayley,64,4,RL+Backbone,2
best,C:\Users\erich\Documents\AFRL\Algebraic-Connectivity-Optimization-CDC2026\lite_trials\sweep\resistance_only\checkpoints\best.pt,ppo,3000,C:\Users\erich\Documents\AFRL\Algebraic-Connectivity-Optimization-CDC2026\lite_trials\lite_config.yaml,full,12,0.436363636364,3,35,35,0.43636363636363634,5,0.41250769685464755,4.950092362255771,0.00502169999981561,0.00502169999981561,0.007740399999420333,backbone,cayley_only,cayley,30,3.9999999999999987,0.0027186999996047234,False,2,,False,1,cayley,64,4,RL+Backbone,3
best,C:\Users\erich\Documents\AFRL\Algebraic-Connectivity-Optimization-CDC2026\lite_trials\sweep\resistance_only\checkpoints\best.pt,ppo,3000,C:\Users\erich\Documents\AFRL\Algebraic-Connectivity-Optimization-CDC2026\lite_trials\lite_config.yaml,full,12,0.436363636364,4,35,35,0.43636363636363634,5,0.41250769685464755,4.950092362255771,0.005015199999434117,0.005015199999434117,0.007731199999398086,backbone,cayley_only,cayley,30,3.9999999999999987,0.0027159999999639695,False,2,,False,1,cayley,64,4,RL+Backbone,4
best,C:\Users\erich\Documents\AFRL\Algebraic-Connectivity-Optimization-CDC2026\lite_trials\sweep\resistance_only\checkpoints\best.pt,ppo,3000,C:\Users\erich\Documents\AFRL\Algebraic-Connectivity-Optimization-CDC2026\lite_trials\lite_config.yaml,full,12,0.490909090909,0,38,38,0.4909090909090909,2,0.5010129275685202,6.012155130822243,0.002103700000589015,0.002103700000589015,0.005010500000935281,backbone,cayley_only,cayley,36,5.999999999999995,0.0029068000003462657,False,2,,False,1,cayley,64,4,RL+Backbone,0
best,C:\Users\erich\Documents\AFRL\Algebraic-Connectivity-Optimization-CDC2026\lite_trials\sweep\resistance_only\checkpoints\best.pt,ppo,3000,C:\Users\erich\Documents\AFRL\Algebraic-Connectivity-Optimization-CDC2026\lite_trials\lite_config.yaml,full,12,0.490909090909,1,38,38,0.4909090909090909,2,0.5010129275685202,6.012155130822243,0.001708600000711158,0.001708600000711158,0.00467320000007021,backbone,cayley_only,cayley,36,5.999999999999995,0.002964599999359052,False,2,,False,1,cayley,64,4,RL+Backbone,1
best,C:\Users\erich\Documents\AFRL\Algebraic-Connectivity-Optimization-CDC2026\lite_trials\sweep\resistance_only\checkpoints\best.pt,ppo,3000,C:\Users\erich\Documents\AFRL\Algebraic-Connectivity-Optimization-CDC2026\lite_trials\lite_config.yaml,full,12,0.490909090909,2,38,38,0.4909090909090909,2,0.5010129275685202,6.012155130822243,0.0017032999994626152,0.0017032999994626152,0.0037007999990237295,backbone,cayley_only,cayley,36,5.999999999999995,0.0019974999995611142,False,2,,False,1,cayley,64,4,RL+Backbone,2
best,C:\Users\erich\Documents\AFRL\Algebraic-Connectivity-Optimization-CDC2026\lite_trials\sweep\resistance_only\checkpoints\best.pt,ppo,3000,C:\Users\erich\Documents\AFRL\Algebraic-Connectivity-Optimization-CDC2026\lite_trials\lite_config.yaml,full,12,0.490909090909,3,38,38,0.4909090909090909,2,0.5010129275685202,6.012155130822243,0.0021048999997219653,0.0021048999997219653,0.00477599999976519,backbone,cayley_only,cayley,36,5.999999999999995,0.002671100000043225,False,2,,False,1,cayley,64,4,RL+Backbone,3
best,C:\Users\erich\Documents\AFRL\Algebraic-Connectivity-Optimization-CDC2026\lite_trials\sweep\resistance_only\checkpoints\best.pt,ppo,3000,C:\Users\erich\Documents\AFRL\Algebraic-Connectivity-Optimization-CDC2026\lite_trials\lite_config.yaml,full,12,0.490909090909,4,38,38,0.4909090909090909,2,0.5010129275685202,6.012155130822243,0.0023934999999255524,0.0023934999999255524,0.005250000000160071,backbone,cayley_only,cayley,36,5.999999999999995,0.0028565000002345187,False,2,,False,1,cayley,64,4,RL+Backbone,4
best,C:\Users\erich\Documents\AFRL\Algebraic-Connectivity-Optimization-CDC2026\lite_trials\sweep\resistance_only\checkpoints\best.pt,ppo,3000,C:\Users\erich\Documents\AFRL\Algebraic-Connectivity-Optimization-CDC2026\lite_trials\lite_config.yaml,full,12,0.563636363636,0,42,42,0.5636363636363636,6,0.6571920572520423,7.8863046870245075,0.006401200000254903,0.006401200000254903,0.00650000000041473,backbone,both,envelope,36,6.0,0.0051241000001027714,False,,,True,2,"cayley,envelope",64,4,RL+Backbone,0
best,C:\Users\erich\Documents\AFRL\Algebraic-Connectivity-Optimization-CDC2026\lite_trials\sweep\resistance_only\checkpoints\best.pt,ppo,3000,C:\Users\erich\Documents\AFRL\Algebraic-Connectivity-Optimization-CDC2026\lite_trials\lite_config.yaml,full,12,0.563636363636,1,42,42,0.5636363636363636,6,0.6571920572520423,7.8863046870245075,0.007232200000544253,0.007232200000544253,0.007401400001072034,backbone,both,envelope,36,6.0,0.004667700000027253,False,,,True,2,"cayley,envelope",64,4,RL+Backbone,1
best,C:\Users\erich\Documents\AFRL\Algebraic-Connectivity-Optimization-CDC2026\lite_trials\sweep\resistance_only\checkpoints\best.pt,ppo,3000,C:\Users\erich\Documents\AFRL\Algebraic-Connectivity-Optimization-CDC2026\lite_trials\lite_config.yaml,full,12,0.563636363636,2,42,42,0.5636363636363636,6,0.6571920572520423,7.8863046870245075,0.006154200000310084,0.006154200000310084,0.006258400000660913,backbone,both,envelope,36,6.0,0.005299600000398641,False,,,True,2,"cayley,envelope",64,4,RL+Backbone,2
best,C:\Users\erich\Documents\AFRL\Algebraic-Connectivity-Optimization-CDC2026\lite_trials\sweep\resistance_only\checkpoints\best.pt,ppo,3000,C:\Users\erich\Documents\AFRL\Algebraic-Connectivity-Optimization-CDC2026\lite_trials\lite_config.yaml,full,12,0.563636363636,3,42,42,0.5636363636363636,6,0.6571920572520423,7.8863046870245075,0.005320700000083889,0.005320700000083889,0.00540149999960704,backbone,both,envelope,36,6.0,0.004465199999685865,False,,,True,2,"cayley,envelope",64,4,RL+Backbone,3
best,C:\Users\erich\Documents\AFRL\Algebraic-Connectivity-Optimization-CDC2026\lite_trials\sweep\resistance_only\checkpoints\best.pt,ppo,3000,C:\Users\erich\Documents\AFRL\Algebraic-Connectivity-Optimization-CDC2026\lite_trials\lite_config.yaml,full,12,0.563636363636,4,42,42,0.5636363636363636,6,0.6571920572520423,7.8863046870245075,0.0067734999993263045,0.0067734999993263045,0.006868999999824155,backbone,both,envelope,36,6.0,0.005090300000119896,False,,,True,2,"cayley,envelope",64,4,RL+Backbone,4
best,C:\Users\erich\Documents\AFRL\Algebraic-Connectivity-Optimization-CDC2026\lite_trials\sweep\resistance_only\checkpoints\best.pt,ppo,3000,C:\Users\erich\Documents\AFRL\Algebraic-Connectivity-Optimization-CDC2026\lite_trials\lite_config.yaml,full,12,0.636363636364,0,46,46,0.6363636363636364,4,0.6242533581848286,7.491040298217944,0.004718600000160222,0.004718600000160222,0.009766799999852083,backbone,both,cayley,42,5.999999999999996,0.00504819999969186,False,2,,True,2,"cayley,envelope",64,4,RL+Backbone,0
best,C:\Users\erich\Documents\AFRL\Algebraic-Connectivity-Optimization-CDC2026\lite_trials\sweep\resistance_only\checkpoints\best.pt,ppo,3000,C:\Users\erich\Documents\AFRL\Algebraic-Connectivity-Optimization-CDC2026\lite_trials\lite_config.yaml,full,12,0.636363636364,1,46,46,0.6363636363636364,4,0.6242533581848286,7.491040298217944,0.004113400000278489,0.004113400000278489,0.009125500000664033,backbone,both,cayley,42,5.999999999999996,0.005012100000385544,False,2,,True,2,"cayley,envelope",64,4,RL+Backbone,1
best,C:\Users\erich\Documents\AFRL\Algebraic-Connectivity-Optimization-CDC2026\lite_trials\sweep\resistance_only\checkpoints\best.pt,ppo,3000,C:\Users\erich\Documents\AFRL\Algebraic-Connectivity-Optimization-CDC2026\lite_trials\lite_config.yaml,full,12,0.636363636364,2,46,46,0.6363636363636364,4,0.6242533581848286,7.491040298217944,0.004195500000605534,0.004195500000605534,0.009234400000423193,backbone,both,cayley,42,5.999999999999996,0.005038899999817659,False,2,,True,2,"cayley,envelope",64,4,RL+Backbone,2
best,C:\Users\erich\Documents\AFRL\Algebraic-Connectivity-Optimization-CDC2026\lite_trials\sweep\resistance_only\checkpoints\best.pt,ppo,3000,C:\Users\erich\Documents\AFRL\Algebraic-Connectivity-Optimization-CDC2026\lite_trials\lite_config.yaml,full,12,0.636363636364,3,46,46,0.6363636363636364,4,0.6242533581848286,7.491040298217944,0.004081000000041968,0.004081000000041968,0.009102099999836355,backbone,both,cayley,42,5.999999999999996,0.005021099999794387,False,2,,True,2,"cayley,envelope",64,4,RL+Backbone,3
best,C:\Users\erich\Documents\AFRL\Algebraic-Connectivity-Optimization-CDC2026\lite_trials\sweep\resistance_only\checkpoints\best.pt,ppo,3000,C:\Users\erich\Documents\AFRL\Algebraic-Connectivity-Optimization-CDC2026\lite_trials\lite_config.yaml,full,12,0.636363636364,4,46,46,0.6363636363636364,4,0.6242533581848286,7.491040298217944,0.0043384999999034335,0.0043384999999034335,0.00938640000003943,backbone,both,cayley,42,5.999999999999996,0.005047900000135996,False,2,,True,2,"cayley,envelope",64,4,RL+Backbone,4
best,C:\Users\erich\Documents\AFRL\Algebraic-Connectivity-Optimization-CDC2026\lite_trials\sweep\resistance_only\checkpoints\best.pt,ppo,3000,C:\Users\erich\Documents\AFRL\Algebraic-Connectivity-Optimization-CDC2026\lite_trials\lite_config.yaml,full,12,0.709090909091,0,50,50,0.7090909090909091,2,0.6742591380945936,8.091109657135123,0.002228100000138511,0.002228100000138511,0.0024341999996977393,backbone,both,envelope,48,8.0,0.0002060999995592283,False,,"cayley:No feasible backbone candidate for (n=12, m=50, rho=0.709091, seed=0); errors=['cayley:no_candidate']",True,1,envelope,64,4,RL+Backbone,0
best,C:\Users\erich\Documents\AFRL\Algebraic-Connectivity-Optimization-CDC2026\lite_trials\sweep\resistance_only\checkpoints\best.pt,ppo,3000,C:\Users\erich\Documents\AFRL\Algebraic-Connectivity-Optimization-CDC2026\lite_trials\lite_config.yaml,full,12,0.709090909091,1,50,50,0.7090909090909091,2,0.6742591380945936,8.091109657135123,0.001727700000628829,0.001727700000628829,0.0018275000002176967,backbone,both,envelope,48,8.0,9.979999958886765e-05,False,,"cayley:No feasible backbone candidate for (n=12, m=50, rho=0.709091, seed=1); errors=['cayley:no_candidate']",True,1,envelope,64,4,RL+Backbone,1
best,C:\Users\erich\Documents\AFRL\Algebraic-Connectivity-Optimization-CDC2026\lite_trials\sweep\resistance_only\checkpoints\best.pt,ppo,3000,C:\Users\erich\Documents\AFRL\Algebraic-Connectivity-Optimization-CDC2026\lite_trials\lite_config.yaml,full,12,0.709090909091,2,50,50,0.7090909090909091,2,0.6742591380945936,8.091109657135123,0.0017776000004232628,0.0017776000004232628,0.001871700000265264,backbone,both,envelope,48,8.0,9.409999984200113e-05,False,,"cayley:No feasible backbone candidate for (n=12, m=50, rho=0.709091, seed=2); errors=['cayley:no_candidate']",True,1,envelope,64,4,RL+Backbone,2
best,C:\Users\erich\Documents\AFRL\Algebraic-Connectivity-Optimization-CDC2026\lite_trials\sweep\resistance_only\checkpoints\best.pt,ppo,3000,C:\Users\erich\Documents\AFRL\Algebraic-Connectivity-Optimization-CDC2026\lite_trials\lite_config.yaml,full,12,0.709090909091,3,50,50,0.7090909090909091,2,0.6742591380945936,8.091109657135123,0.0023250000003827154,0.0023250000003827154,0.0024991000009322306,backbone,both,envelope,48,8.0,0.00017410000054951524,False,,"cayley:No feasible backbone candidate for (n=12, m=50, rho=0.709091, seed=3); errors=['cayley:no_candidate']",True,1,envelope,64,4,RL+Backbone,3
best,C:\Users\erich\Documents\AFRL\Algebraic-Connectivity-Optimization-CDC2026\lite_trials\sweep\resistance_only\checkpoints\best.pt,ppo,3000,C:\Users\erich\Documents\AFRL\Algebraic-Connectivity-Optimization-CDC2026\lite_trials\lite_config.yaml,full,12,0.709090909091,4,50,50,0.7090909090909091,2,0.6742591380945936,8.091109657135123,0.0022180999994816375,0.0022180999994816375,0.0023467999990316457,backbone,both,envelope,48,8.0,0.00012869999955000822,False,,"cayley:No feasible backbone candidate for (n=12, m=50, rho=0.709091, seed=4); errors=['cayley:no_candidate']",True,1,envelope,64,4,RL+Backbone,4
best,C:\Users\erich\Documents\AFRL\Algebraic-Connectivity-Optimization-CDC2026\lite_trials\sweep\resistance_only\checkpoints\best.pt,ppo,3000,C:\Users\erich\Documents\AFRL\Algebraic-Connectivity-Optimization-CDC2026\lite_trials\lite_config.yaml,full,12,0.781818181818,0,54,54,0.7818181818181819,0,0.749999999999999,8.999999999999988,1.00000761449337e-07,1.00000761449337e-07,0.00016230000073846895,backbone,envelope_only,envelope,54,9.0,0.00016219999997701962,False,,,False,1,envelope,64,4,RL+Backbone,0
best,C:\Users\erich\Documents\AFRL\Algebraic-Connectivity-Optimization-CDC2026\lite_trials\sweep\resistance_only\checkpoints\best.pt,ppo,3000,C:\Users\erich\Documents\AFRL\Algebraic-Connectivity-Optimization-CDC2026\lite_trials\lite_config.yaml,full,12,0.781818181818,1,54,54,0.7818181818181819,0,0.749999999999999,8.999999999999988,9.999985195463523e-08,9.999985195463523e-08,0.00013789999957225518,backbone,envelope_only,envelope,54,9.0,0.00013779999972030055,False,,,False,1,envelope,64,4,RL+Backbone,1
best,C:\Users\erich\Documents\AFRL\Algebraic-Connectivity-Optimization-CDC2026\lite_trials\sweep\resistance_only\checkpoints\best.pt,ppo,3000,C:\Users\erich\Documents\AFRL\Algebraic-Connectivity-Optimization-CDC2026\lite_trials\lite_config.yaml,full,12,0.781818181818,2,54,54,0.7818181818181819,0,0.749999999999999,8.999999999999988,1.00000761449337e-07,1.00000761449337e-07,0.0001430000002073939,backbone,envelope_only,envelope,54,9.0,0.00014289999944594456,False,,,False,1,envelope,64,4,RL+Backbone,2
best,C:\Users\erich\Documents\AFRL\Algebraic-Connectivity-Optimization-CDC2026\lite_trials\sweep\resistance_only\checkpoints\best.pt,ppo,3000,C:\Users\erich\Documents\AFRL\Algebraic-Connectivity-Optimization-CDC2026\lite_trials\lite_config.yaml,full,12,0.781818181818,3,54,54,0.7818181818181819,0,0.749999999999999,8.999999999999988,9.999985195463523e-08,9.999985195463523e-08,0.00012169999990874203,backbone,envelope_only,envelope,54,9.0,0.0001216000000567874,False,,,False,1,envelope,64,4,RL+Backbone,3
best,C:\Users\erich\Documents\AFRL\Algebraic-Connectivity-Optimization-CDC2026\lite_trials\sweep\resistance_only\checkpoints\best.pt,ppo,3000,C:\Users\erich\Documents\AFRL\Algebraic-Connectivity-Optimization-CDC2026\lite_trials\lite_config.yaml,full,12,0.781818181818,4,54,54,0.7818181818181819,0,0.749999999999999,8.999999999999988,9.999985195463523e-08,9.999985195463523e-08,0.00011939999967580661,backbone,envelope_only,envelope,54,9.0,0.00011929999982385198,False,,,False,1,envelope,64,4,RL+Backbone,4
best,C:\Users\erich\Documents\AFRL\Algebraic-Connectivity-Optimization-CDC2026\lite_trials\sweep\resistance_only\checkpoints\best.pt,ppo,3000,C:\Users\erich\Documents\AFRL\Algebraic-Connectivity-Optimization-CDC2026\lite_trials\lite_config.yaml,full,12,0.836363636364,0,57,57,0.8363636363636363,3,0.7561739899910389,9.074087879892467,0.004554299999654177,0.004554299999654177,0.004743700000290119,backbone,envelope_only,envelope,54,9.0,0.00018940000063594198,False,,,False,1,envelope,64,4,RL+Backbone,0
best,C:\Users\erich\Documents\AFRL\Algebraic-Connectivity-Optimization-CDC2026\lite_trials\sweep\resistance_only\checkpoints\best.pt,ppo,3000,C:\Users\erich\Documents\AFRL\Algebraic-Connectivity-Optimization-CDC2026\lite_trials\lite_config.yaml,full,12,0.836363636364,1,57,57,0.8363636363636363,3,0.7561739899910389,9.074087879892467,0.003304200000457058,0.003304200000457058,0.0034427000009600306,backbone,envelope_only,envelope,54,9.0,0.0001385000005029724,False,,,False,1,envelope,64,4,RL+Backbone,1
best,C:\Users\erich\Documents\AFRL\Algebraic-Connectivity-Optimization-CDC2026\lite_trials\sweep\resistance_only\checkpoints\best.pt,ppo,3000,C:\Users\erich\Documents\AFRL\Algebraic-Connectivity-Optimization-CDC2026\lite_trials\lite_config.yaml,full,12,0.836363636364,2,57,57,0.8363636363636363,3,0.7561739899910389,9.074087879892467,0.0033051000000341446,0.0033051000000341446,0.00345500000003085,backbone,envelope_only,envelope,54,9.0,0.00014989999999670545,False,,,False,1,envelope,64,4,RL+Backbone,2
best,C:\Users\erich\Documents\AFRL\Algebraic-Connectivity-Optimization-CDC2026\lite_trials\sweep\resistance_only\checkpoints\best.pt,ppo,3000,C:\Users\erich\Documents\AFRL\Algebraic-Connectivity-Optimization-CDC2026\lite_trials\lite_config.yaml,full,12,0.836363636364,3,57,57,0.8363636363636363,3,0.7561739899910389,9.074087879892467,0.0032761000002210494,0.0032761000002210494,0.003404900000532507,backbone,envelope_only,envelope,54,9.0,0.00012880000031145755,False,,,False,1,envelope,64,4,RL+Backbone,3
best,C:\Users\erich\Documents\AFRL\Algebraic-Connectivity-Optimization-CDC2026\lite_trials\sweep\resistance_only\checkpoints\best.pt,ppo,3000,C:\Users\erich\Documents\AFRL\Algebraic-Connectivity-Optimization-CDC2026\lite_trials\lite_config.yaml,full,12,0.836363636364,4,57,57,0.8363636363636363,3,0.7561739899910389,9.074087879892467,0.004170600000179547,0.004170600000179547,0.0043046000000686035,backbone,envelope_only,envelope,54,9.0,0.0001339999998890562,False,,,False,1,envelope,64,4,RL+Backbone,4
best,C:\Users\erich\Documents\AFRL\Algebraic-Connectivity-Optimization-CDC2026\lite_trials\sweep\resistance_only\checkpoints\best.pt,ppo,3000,C:\Users\erich\Documents\AFRL\Algebraic-Connectivity-Optimization-CDC2026\lite_trials\lite_config.yaml,full,12,0.909090909091,0,61,61,0.9090909090909091,1,0.8333333333333323,9.999999999999988,0.0013998000003994093,0.0013998000003994093,0.0015901000006124377,backbone,envelope_only,envelope,60,10.0,0.0001903000002130284,False,,,False,1,envelope,64,4,RL+Backbone,0
best,C:\Users\erich\Documents\AFRL\Algebraic-Connectivity-Optimization-CDC2026\lite_trials\sweep\resistance_only\checkpoints\best.pt,ppo,3000,C:\Users\erich\Documents\AFRL\Algebraic-Connectivity-Optimization-CDC2026\lite_trials\lite_config.yaml,full,12,0.909090909091,1,61,61,0.9090909090909091,1,0.8333333333333323,9.999999999999988,0.0012495000000853906,0.0012495000000853906,0.0014207999993232079,backbone,envelope_only,envelope,60,10.0,0.00017129999923781725,False,,,False,1,envelope,64,4,RL+Backbone,1
best,C:\Users\erich\Documents\AFRL\Algebraic-Connectivity-Optimization-CDC2026\lite_trials\sweep\resistance_only\checkpoints\best.pt,ppo,3000,C:\Users\erich\Documents\AFRL\Algebraic-Connectivity-Optimization-CDC2026\lite_trials\lite_config.yaml,full,12,0.909090909091,2,61,61,0.9090909090909091,1,0.8333333333333323,9.999999999999988,0.0009514000003036927,0.0009514000003036927,0.0011037000003852881,backbone,envelope_only,envelope,60,10.0,0.0001523000000815955,False,,,False,1,envelope,64,4,RL+Backbone,2
best,C:\Users\erich\Documents\AFRL\Algebraic-Connectivity-Optimization-CDC2026\lite_trials\sweep\resistance_only\checkpoints\best.pt,ppo,3000,C:\Users\erich\Documents\AFRL\Algebraic-Connectivity-Optimization-CDC2026\lite_trials\lite_config.yaml,full,12,0.909090909091,3,61,61,0.9090909090909091,1,0.8333333333333323,9.999999999999988,0.001160100000561215,0.001160100000561215,0.001295800000661984,backbone,envelope_only,envelope,60,10.0,0.0001357000001007691,False,,,False,1,envelope,64,4,RL+Backbone,3
best,C:\Users\erich\Documents\AFRL\Algebraic-Connectivity-Optimization-CDC2026\lite_trials\sweep\resistance_only\checkpoints\best.pt,ppo,3000,C:\Users\erich\Documents\AFRL\Algebraic-Connectivity-Optimization-CDC2026\lite_trials\lite_config.yaml,full,12,0.909090909091,4,61,61,0.9090909090909091,1,0.8333333333333323,9.999999999999988,0.0011787000003096182,0.0011787000003096182,0.001301400000556896,backbone,envelope_only,envelope,60,10.0,0.00012270000024727779,False,,,False,1,envelope,64,4,RL+Backbone,4
best,C:\Users\erich\Documents\AFRL\Algebraic-Connectivity-Optimization-CDC2026\lite_trials\sweep\resistance_only\checkpoints\best.pt,ppo,3000,C:\Users\erich\Documents\AFRL\Algebraic-Connectivity-Optimization-CDC2026\lite_trials\lite_config.yaml,full,12,0.981818181818,0,65,65,0.9818181818181818,5,0.8559790463095794,10.271748555714954,0.004738100000395207,0.004738100000395207,0.004887899999630463,backbone,envelope_only,envelope,60,10.0,0.0001497999992352561,False,,,False,1,envelope,64,4,RL+Backbone,0
best,C:\Users\erich\Documents\AFRL\Algebraic-Connectivity-Optimization-CDC2026\lite_trials\sweep\resistance_only\checkpoints\best.pt,ppo,3000,C:\Users\erich\Documents\AFRL\Algebraic-Connectivity-Optimization-CDC2026\lite_trials\lite_config.yaml,full,12,0.981818181818,1,65,65,0.9818181818181818,5,0.8559790463095794,10.271748555714954,0.004635400000552181,0.004635400000552181,0.004747100000713544,backbone,envelope_only,envelope,60,10.0,0.00011170000016136328,False,,,False,1,envelope,64,4,RL+Backbone,1
best,C:\Users\erich\Documents\AFRL\Algebraic-Connectivity-Optimization-CDC2026\lite_trials\sweep\resistance_only\checkpoints\best.pt,ppo,3000,C:\Users\erich\Documents\AFRL\Algebraic-Connectivity-Optimization-CDC2026\lite_trials\lite_config.yaml,full,12,0.981818181818,2,65,65,0.9818181818181818,5,0.8559790463095794,10.271748555714954,0.00609719999920344,0.00609719999920344,0.006205399999089423,backbone,envelope_only,envelope,60,10.0,0.00010819999988598283,False,,,False,1,envelope,64,4,RL+Backbone,2
best,C:\Users\erich\Documents\AFRL\Algebraic-Connectivity-Optimization-CDC2026\lite_trials\sweep\resistance_only\checkpoints\best.pt,ppo,3000,C:\Users\erich\Documents\AFRL\Algebraic-Connectivity-Optimization-CDC2026\lite_trials\lite_config.yaml,full,12,0.981818181818,3,65,65,0.9818181818181818,5,0.8559790463095794,10.271748555714954,0.005323199999111239,0.005323199999111239,0.005538799999158073,backbone,envelope_only,envelope,60,10.0,0.00021560000004683388,False,,,False,1,envelope,64,4,RL+Backbone,3
best,C:\Users\erich\Documents\AFRL\Algebraic-Connectivity-Optimization-CDC2026\lite_trials\sweep\resistance_only\checkpoints\best.pt,ppo,3000,C:\Users\erich\Documents\AFRL\Algebraic-Connectivity-Optimization-CDC2026\lite_trials\lite_config.yaml,full,12,0.981818181818,4,65,65,0.9818181818181818,5,0.8559790463095794,10.271748555714954,0.005162100000234204,0.005162100000234204,0.005340300000170828,backbone,envelope_only,envelope,60,10.0,0.0001781999999366235,False,,,False,1,envelope,64,4,RL+Backbone,4
best,C:\Users\erich\Documents\AFRL\Algebraic-Connectivity-Optimization-CDC2026\lite_trials\sweep\resistance_only\checkpoints\best.pt,ppo,3000,C:\Users\erich\Documents\AFRL\Algebraic-Connectivity-Optimization-CDC2026\lite_trials\lite_config.yaml,full,16,0.009523809524,0,16,16,0.009523809523809525,1,0.026707624840527515,0.42732199744844024,0.0034191000004284433,0.0034191000004284433,0.0034191000004284433,path,path,path,15,0.0,0.0,False,,,False,1,path,64,4,RL+Path,0
best,C:\Users\erich\Documents\AFRL\Algebraic-Connectivity-Optimization-CDC2026\lite_trials\sweep\resistance_only\checkpoints\best.pt,ppo,3000,C:\Users\erich\Documents\AFRL\Algebraic-Connectivity-Optimization-CDC2026\lite_trials\lite_config.yaml,full,16,0.009523809524,1,16,16,0.009523809523809525,1,0.026707624840527515,0.42732199744844024,0.0010177000003750436,0.0010177000003750436,0.0010177000003750436,path,path,path,15,0.0,0.0,False,,,False,1,path,64,4,RL+Path,1
best,C:\Users\erich\Documents\AFRL\Algebraic-Connectivity-Optimization-CDC2026\lite_trials\sweep\resistance_only\checkpoints\best.pt,ppo,3000,C:\Users\erich\Documents\AFRL\Algebraic-Connectivity-Optimization-CDC2026\lite_trials\lite_config.yaml,full,16,0.009523809524,2,16,16,0.009523809523809525,1,0.026707624840527515,0.42732199744844024,0.000900799999726587,0.000900799999726587,0.000900799999726587,path,path,path,15,0.0,0.0,False,,,False,1,path,64,4,RL+Path,2
best,C:\Users\erich\Documents\AFRL\Algebraic-Connectivity-Optimization-CDC2026\lite_trials\sweep\resistance_only\checkpoints\best.pt,ppo,3000,C:\Users\erich\Documents\AFRL\Algebraic-Connectivity-Optimization-CDC2026\lite_trials\lite_config.yaml,full,16,0.009523809524,3,16,16,0.009523809523809525,1,0.026707624840527515,0.42732199744844024,0.0009426000005987589,0.0009426000005987589,0.0009426000005987589,path,path,path,15,0.0,0.0,False,,,False,1,path,64,4,RL+Path,3
best,C:\Users\erich\Documents\AFRL\Algebraic-Connectivity-Optimization-CDC2026\lite_trials\sweep\resistance_only\checkpoints\best.pt,ppo,3000,C:\Users\erich\Documents\AFRL\Algebraic-Connectivity-Optimization-CDC2026\lite_trials\lite_config.yaml,full,16,0.009523809524,4,16,16,0.009523809523809525,1,0.026707624840527515,0.42732199744844024,0.0009233999999196385,0.0009233999999196385,0.0009233999999196385,path,path,path,15,0.0,0.0,False,,,False,1,path,64,4,RL+Path,4
best,C:\Users\erich\Documents\AFRL\Algebraic-Connectivity-Optimization-CDC2026\lite_trials\sweep\resistance_only\checkpoints\best.pt,ppo,3000,C:\Users\erich\Documents\AFRL\Algebraic-Connectivity-Optimization-CDC2026\lite_trials\lite_config.yaml,full,16,0.07619047619,0,23,23,0.0761904761904762,8,0.200065468185597,3.201047490969552,0.007286699999895063,0.007286699999895063,0.007286699999895063,path,path,path,15,0.0,0.0,False,,,False,1,path,64,4,RL+Path,0
best,C:\Users\erich\Documents\AFRL\Algebraic-Connectivity-Optimization-CDC2026\lite_trials\sweep\resistance_only\checkpoints\best.pt,ppo,3000,C:\Users\erich\Documents\AFRL\Algebraic-Connectivity-Optimization-CDC2026\lite_trials\lite_config.yaml,full,16,0.07619047619,1,23,23,0.0761904761904762,8,0.200065468185597,3.201047490969552,0.006447900000239315,0.006447900000239315,0.006447900000239315,path,path,path,15,0.0,0.0,False,,,False,1,path,64,4,RL+Path,1
best,C:\Users\erich\Documents\AFRL\Algebraic-Connectivity-Optimization-CDC2026\lite_trials\sweep\resistance_only\checkpoints\best.pt,ppo,3000,C:\Users\erich\Documents\AFRL\Algebraic-Connectivity-Optimization-CDC2026\lite_trials\lite_config.yaml,full,16,0.07619047619,2,23,23,0.0761904761904762,8,0.200065468185597,3.201047490969552,0.0073698999995031045,0.0073698999995031045,0.0073698999995031045,path,path,path,15,0.0,0.0,False,,,False,1,path,64,4,RL+Path,2
best,C:\Users\erich\Documents\AFRL\Algebraic-Connectivity-Optimization-CDC2026\lite_trials\sweep\resistance_only\checkpoints\best.pt,ppo,3000,C:\Users\erich\Documents\AFRL\Algebraic-Connectivity-Optimization-CDC2026\lite_trials\lite_config.yaml,full,16,0.07619047619,3,23,23,0.0761904761904762,8,0.200065468185597,3.201047490969552,0.006371299999955227,0.006371299999955227,0.006371299999955227,path,path,path,15,0.0,0.0,False,,,False,1,path,64,4,RL+Path,3
best,C:\Users\erich\Documents\AFRL\Algebraic-Connectivity-Optimization-CDC2026\lite_trials\sweep\resistance_only\checkpoints\best.pt,ppo,3000,C:\Users\erich\Documents\AFRL\Algebraic-Connectivity-Optimization-CDC2026\lite_trials\lite_config.yaml,full,16,0.07619047619,4,23,23,0.0761904761904762,8,0.200065468185597,3.201047490969552,0.006310299999313429,0.006310299999313429,0.006310299999313429,path,path,path,15,0.0,0.0,False,,,False,1,path,64,4,RL+Path,4
best,C:\Users\erich\Documents\AFRL\Algebraic-Connectivity-Optimization-CDC2026\lite_trials\sweep\resistance_only\checkpoints\best.pt,ppo,3000,C:\Users\erich\Documents\AFRL\Algebraic-Connectivity-Optimization-CDC2026\lite_trials\lite_config.yaml,full,16,0.152380952381,0,31,31,0.1523809523809524,16,0.35943499566512466,5.7509599306419945,0.014906100000189326,0.014906100000189326,0.014906100000189326,path,path,path,15,0.0,0.0,False,,,False,1,path,64,4,RL+Path,0
best,C:\Users\erich\Documents\AFRL\Algebraic-Connectivity-Optimization-CDC2026\lite_trials\sweep\resistance_only\checkpoints\best.pt,ppo,3000,C:\Users\erich\Documents\AFRL\Algebraic-Connectivity-Optimization-CDC2026\lite_trials\lite_config.yaml,full,16,0.152380952381,1,31,31,0.1523809523809524,16,0.35943499566512466,5.7509599306419945,0.014459300000453368,0.014459300000453368,0.014459300000453368,path,path,path,15,0.0,0.0,False,,,False,1,path,64,4,RL+Path,1
best,C:\Users\erich\Documents\AFRL\Algebraic-Connectivity-Optimization-CDC2026\lite_trials\sweep\resistance_only\checkpoints\best.pt,ppo,3000,C:\Users\erich\Documents\AFRL\Algebraic-Connectivity-Optimization-CDC2026\lite_trials\lite_config.yaml,full,16,0.152380952381,2,31,31,0.1523809523809524,16,0.35943499566512466,5.7509599306419945,0.013386199999331438,0.013386199999331438,0.013386199999331438,path,path,path,15,0.0,0.0,False,,,False,1,path,64,4,RL+Path,2
best,C:\Users\erich\Documents\AFRL\Algebraic-Connectivity-Optimization-CDC2026\lite_trials\sweep\resistance_only\checkpoints\best.pt,ppo,3000,C:\Users\erich\Documents\AFRL\Algebraic-Connectivity-Optimization-CDC2026\lite_trials\lite_config.yaml,full,16,0.152380952381,3,31,31,0.1523809523809524,16,0.35943499566512466,5.7509599306419945,0.012600000000020373,0.012600000000020373,0.012600000000020373,path,path,path,15,0.0,0.0,False,,,False,1,path,64,4,RL+Path,3
best,C:\Users\erich\Documents\AFRL\Algebraic-Connectivity-Optimization-CDC2026\lite_trials\sweep\resistance_only\checkpoints\best.pt,ppo,3000,C:\Users\erich\Documents\AFRL\Algebraic-Connectivity-Optimization-CDC2026\lite_trials\lite_config.yaml,full,16,0.152380952381,4,31,31,0.1523809523809524,16,0.35943499566512466,5.7509599306419945,0.012660600000344857,0.012660600000344857,0.012660600000344857,path,path,path,15,0.0,0.0,False,,,False,1,path,64,4,RL+Path,4
best,C:\Users\erich\Documents\AFRL\Algebraic-Connectivity-Optimization-CDC2026\lite_trials\sweep\resistance_only\checkpoints\best.pt,ppo,3000,C:\Users\erich\Documents\AFRL\Algebraic-Connectivity-Optimization-CDC2026\lite_trials\lite_config.yaml,full,16,0.219047619048,0,38,38,0.21904761904761905,23,0.5253342627744199,8.405348204390718,0.018405300000267744,0.018405300000267744,0.018405300000267744,path,path,path,15,0.0,0.0,False,,,False,1,path,64,4,RL+Path,0
best,C:\Users\erich\Documents\AFRL\Algebraic-Connectivity-Optimization-CDC2026\lite_trials\sweep\resistance_only\checkpoints\best.pt,ppo,3000,C:\Users\erich\Documents\AFRL\Algebraic-Connectivity-Optimization-CDC2026\lite_trials\lite_config.yaml,full,16,0.219047619048,1,38,38,0.21904761904761905,23,0.5253342627744199,8.405348204390718,0.018364800000199466,0.018364800000199466,0.018364800000199466,path,path,path,15,0.0,0.0,False,,,False,1,path,64,4,RL+Path,1
best,C:\Users\erich\Documents\AFRL\Algebraic-Connectivity-Optimization-CDC2026\lite_trials\sweep\resistance_only\checkpoints\best.pt,ppo,3000,C:\Users\erich\Documents\AFRL\Algebraic-Connectivity-Optimization-CDC2026\lite_trials\lite_config.yaml,full,16,0.219047619048,2,38,38,0.21904761904761905,23,0.5253342627744199,8.405348204390718,0.01836879999973462,0.01836879999973462,0.01836879999973462,path,path,path,15,0.0,0.0,False,,,False,1,path,64,4,RL+Path,2
best,C:\Users\erich\Documents\AFRL\Algebraic-Connectivity-Optimization-CDC2026\lite_trials\sweep\resistance_only\checkpoints\best.pt,ppo,3000,C:\Users\erich\Documents\AFRL\Algebraic-Connectivity-Optimization-CDC2026\lite_trials\lite_config.yaml,full,16,0.219047619048,3,38,38,0.21904761904761905,23,0.5253342627744199,8.405348204390718,0.019867499999236315,0.019867499999236315,0.019867499999236315,path,path,path,15,0.0,0.0,False,,,False,1,path,64,4,RL+Path,3
best,C:\Users\erich\Documents\AFRL\Algebraic-Connectivity-Optimization-CDC2026\lite_trials\sweep\resistance_only\checkpoints\best.pt,ppo,3000,C:\Users\erich\Documents\AFRL\Algebraic-Connectivity-Optimization-CDC2026\lite_trials\lite_config.yaml,full,16,0.219047619048,4,38,38,0.21904761904761905,23,0.5253342627744199,8.405348204390718,0.01906589999998687,0.01906589999998687,0.01906589999998687,path,path,path,15,0.0,0.0,False,,,False,1,path,64,4,RL+Path,4
best,C:\Users\erich\Documents\AFRL\Algebraic-Connectivity-Optimization-CDC2026\lite_trials\sweep\resistance_only\checkpoints\best.pt,ppo,3000,C:\Users\erich\Documents\AFRL\Algebraic-Connectivity-Optimization-CDC2026\lite_trials\lite_config.yaml,full,16,0.285714285714,0,45,45,0.2857142857142857,30,0.6154432248370425,9.84709159739268,0.026006500000221422,0.026006500000221422,0.026006500000221422,path,path,path,15,0.0,0.0,False,,,False,1,path,64,4,RL+Path,0
best,C:\Users\erich\Documents\AFRL\Algebraic-Connectivity-Optimization-CDC2026\lite_trials\sweep\resistance_only\checkpoints\best.pt,ppo,3000,C:\Users\erich\Documents\AFRL\Algebraic-Connectivity-Optimization-CDC2026\lite_trials\lite_config.yaml,full,16,0.285714285714,1,45,45,0.2857142857142857,30,0.6154432248370425,9.84709159739268,0.0241572000004453,0.0241572000004453,0.0241572000004453,path,path,path,15,0.0,0.0,False,,,False,1,path,64,4,RL+Path,1
best,C:\Users\erich\Documents\AFRL\Algebraic-Connectivity-Optimization-CDC2026\lite_trials\sweep\resistance_only\checkpoints\best.pt,ppo,3000,C:\Users\erich\Documents\AFRL\Algebraic-Connectivity-Optimization-CDC2026\lite_trials\lite_config.yaml,full,16,0.285714285714,2,45,45,0.2857142857142857,30,0.6154432248370425,9.84709159739268,0.02504190000036033,0.02504190000036033,0.02504190000036033,path,path,path,15,0.0,0.0,False,,,False,1,path,64,4,RL+Path,2
best,C:\Users\erich\Documents\AFRL\Algebraic-Connectivity-Optimization-CDC2026\lite_trials\sweep\resistance_only\checkpoints\best.pt,ppo,3000,C:\Users\erich\Documents\AFRL\Algebraic-Connectivity-Optimization-CDC2026\lite_trials\lite_config.yaml,full,16,0.285714285714,3,45,45,0.2857142857142857,30,0.6154432248370425,9.84709159739268,0.02555839999968157,0.02555839999968157,0.02555839999968157,path,path,path,15,0.0,0.0,False,,,False,1,path,64,4,RL+Path,3
best,C:\Users\erich\Documents\AFRL\Algebraic-Connectivity-Optimization-CDC2026\lite_trials\sweep\resistance_only\checkpoints\best.pt,ppo,3000,C:\Users\erich\Documents\AFRL\Algebraic-Connectivity-Optimization-CDC2026\lite_trials\lite_config.yaml,full,16,0.285714285714,4,45,45,0.2857142857142857,30,0.6154432248370425,9.84709159739268,0.030874399999447633,0.030874399999447633,0.030874399999447633,path,path,path,15,0.0,0.0,False,,,False,1,path,64,4,RL+Path,4
best,C:\Users\erich\Documents\AFRL\Algebraic-Connectivity-Optimization-CDC2026\lite_trials\sweep\resistance_only\checkpoints\best.pt,ppo,3000,C:\Users\erich\Documents\AFRL\Algebraic-Connectivity-Optimization-CDC2026\lite_trials\lite_config.yaml,full,16,0.361904761905,0,53,53,0.3619047619047619,38,0.37971357409544776,6.075417185527164,0.038166999999702966,0.038166999999702966,0.038166999999702966,path,path,path,15,0.0,0.0,False,,,False,1,path,64,4,RL+Path,0
best,C:\Users\erich\Documents\AFRL\Algebraic-Connectivity-Optimization-CDC2026\lite_trials\sweep\resistance_only\checkpoints\best.pt,ppo,3000,C:\Users\erich\Documents\AFRL\Algebraic-Connectivity-Optimization-CDC2026\lite_trials\lite_config.yaml,full,16,0.361904761905,1,53,53,0.3619047619047619,38,0.37971357409544776,6.075417185527164,0.03955110000060813,0.03955110000060813,0.03955110000060813,path,path,path,15,0.0,0.0,False,,,False,1,path,64,4,RL+Path,1
best,C:\Users\erich\Documents\AFRL\Algebraic-Connectivity-Optimization-CDC2026\lite_trials\sweep\resistance_only\checkpoints\best.pt,ppo,3000,C:\Users\erich\Documents\AFRL\Algebraic-Connectivity-Optimization-CDC2026\lite_trials\lite_config.yaml,full,16,0.361904761905,2,53,53,0.3619047619047619,38,0.37971357409544776,6.075417185527164,0.03783759999987524,0.03783759999987524,0.03783759999987524,path,path,path,15,0.0,0.0,False,,,False,1,path,64,4,RL+Path,2
best,C:\Users\erich\Documents\AFRL\Algebraic-Connectivity-Optimization-CDC2026\lite_trials\sweep\resistance_only\checkpoints\best.pt,ppo,3000,C:\Users\erich\Documents\AFRL\Algebraic-Connectivity-Optimization-CDC2026\lite_trials\lite_config.yaml,full,16,0.361904761905,3,53,53,0.3619047619047619,38,0.37971357409544776,6.075417185527164,0.038698199999998906,0.038698199999998906,0.038698199999998906,path,path,path,15,0.0,0.0,False,,,False,1,path,64,4,RL+Path,3
best,C:\Users\erich\Documents\AFRL\Algebraic-Connectivity-Optimization-CDC2026\lite_trials\sweep\resistance_only\checkpoints\best.pt,ppo,3000,C:\Users\erich\Documents\AFRL\Algebraic-Connectivity-Optimization-CDC2026\lite_trials\lite_config.yaml,full,16,0.361904761905,4,53,53,0.3619047619047619,38,0.37971357409544776,6.075417185527164,0.0385007000004407,0.0385007000004407,0.0385007000004407,path,path,path,15,0.0,0.0,False,,,False,1,path,64,4,RL+Path,4
best,C:\Users\erich\Documents\AFRL\Algebraic-Connectivity-Optimization-CDC2026\lite_trials\sweep\resistance_only\checkpoints\best.pt,ppo,3000,C:\Users\erich\Documents\AFRL\Algebraic-Connectivity-Optimization-CDC2026\lite_trials\lite_config.yaml,full,16,0.428571428571,0,60,60,0.42857142857142855,45,0.4757651977177089,7.612243163483343,0.04455799999959709,0.04455799999959709,0.04455799999959709,path,path,path,15,0.0,0.0,False,,,False,1,path,64,4,RL+Path,0
best,C:\Users\erich\Documents\AFRL\Algebraic-Connectivity-Optimization-CDC2026\lite_trials\sweep\resistance_only\checkpoints\best.pt,ppo,3000,C:\Users\erich\Documents\AFRL\Algebraic-Connectivity-Optimization-CDC2026\lite_trials\lite_config.yaml,full,16,0.428571428571,1,60,60,0.42857142857142855,45,0.4757651977177089,7.612243163483343,0.04453729999931966,0.04453729999931966,0.04453729999931966,path,path,path,15,0.0,0.0,False,,,False,1,path,64,4,RL+Path,1
best,C:\Users\erich\Documents\AFRL\Algebraic-Connectivity-Optimization-CDC2026\lite_trials\sweep\resistance_only\checkpoints\best.pt,ppo,3000,C:\Users\erich\Documents\AFRL\Algebraic-Connectivity-Optimization-CDC2026\lite_trials\lite_config.yaml,full,16,0.428571428571,2,60,60,0.42857142857142855,45,0.4757651977177089,7.612243163483343,0.0482293999993999,0.0482293999993999,0.0482293999993999,path,path,path,15,0.0,0.0,False,,,False,1,path,64,4,RL+Path,2
best,C:\Users\erich\Documents\AFRL\Algebraic-Connectivity-Optimization-CDC2026\lite_trials\sweep\resistance_only\checkpoints\best.pt,ppo,3000,C:\Users\erich\Documents\AFRL\Algebraic-Connectivity-Optimization-CDC2026\lite_trials\lite_config.yaml,full,16,0.428571428571,3,60,60,0.42857142857142855,45,0.4757651977177089,7.612243163483343,0.04413190000013856,0.04413190000013856,0.04413190000013856,path,path,path,15,0.0,0.0,False,,,False,1,path,64,4,RL+Path,3
best,C:\Users\erich\Documents\AFRL\Algebraic-Connectivity-Optimization-CDC2026\lite_trials\sweep\resistance_only\checkpoints\best.pt,ppo,3000,C:\Users\erich\Documents\AFRL\Algebraic-Connectivity-Optimization-CDC2026\lite_trials\lite_config.yaml,full,16,0.428571428571,4,60,60,0.42857142857142855,45,0.4757651977177089,7.612243163483343,0.04735549999986688,0.04735549999986688,0.04735549999986688,path,path,path,15,0.0,0.0,False,,,False,1,path,64,4,RL+Path,4
best,C:\Users\erich\Documents\AFRL\Algebraic-Connectivity-Optimization-CDC2026\lite_trials\sweep\resistance_only\checkpoints\best.pt,ppo,3000,C:\Users\erich\Documents\AFRL\Algebraic-Connectivity-Optimization-CDC2026\lite_trials\lite_config.yaml,full,16,0.504761904762,0,68,68,0.5047619047619047,53,0.5723834919628521,9.158135871405634,0.051677599999493395,0.051677599999493395,0.051677599999493395,path,path,path,15,0.0,0.0,False,,,False,1,path,64,4,RL+Path,0
best,C:\Users\erich\Documents\AFRL\Algebraic-Connectivity-Optimization-CDC2026\lite_trials\sweep\resistance_only\checkpoints\best.pt,ppo,3000,C:\Users\erich\Documents\AFRL\Algebraic-Connectivity-Optimization-CDC2026\lite_trials\lite_config.yaml,full,16,0.504761904762,1,68,68,0.5047619047619047,53,0.5723834919628521,9.158135871405634,0.0516341000002285,0.0516341000002285,0.0516341000002285,path,path,path,15,0.0,0.0,False,,,False,1,path,64,4,RL+Path,1
best,C:\Users\erich\Documents\AFRL\Algebraic-Connectivity-Optimization-CDC2026\lite_trials\sweep\resistance_only\checkpoints\best.pt,ppo,3000,C:\Users\erich\Documents\AFRL\Algebraic-Connectivity-Optimization-CDC2026\lite_trials\lite_config.yaml,full,16,0.504761904762,2,68,68,0.5047619047619047,53,0.5723834919628521,9.158135871405634,0.05343449999963923,0.05343449999963923,0.05343449999963923,path,path,path,15,0.0,0.0,False,,,False,1,path,64,4,RL+Path,2
best,C:\Users\erich\Documents\AFRL\Algebraic-Connectivity-Optimization-CDC2026\lite_trials\sweep\resistance_only\checkpoints\best.pt,ppo,3000,C:\Users\erich\Documents\AFRL\Algebraic-Connectivity-Optimization-CDC2026\lite_trials\lite_config.yaml,full,16,0.504761904762,3,68,68,0.5047619047619047,53,0.5723834919628521,9.158135871405634,0.05397939999966184,0.05397939999966184,0.05397939999966184,path,path,path,15,0.0,0.0,False,,,False,1,path,64,4,RL+Path,3
best,C:\Users\erich\Documents\AFRL\Algebraic-Connectivity-Optimization-CDC2026\lite_trials\sweep\resistance_only\checkpoints\best.pt,ppo,3000,C:\Users\erich\Documents\AFRL\Algebraic-Connectivity-Optimization-CDC2026\lite_trials\lite_config.yaml,full,16,0.504761904762,4,68,68,0.5047619047619047,53,0.5723834919628521,9.158135871405634,0.050287800000660354,0.050287800000660354,0.050287800000660354,path,path,path,15,0.0,0.0,False,,,False,1,path,64,4,RL+Path,4
best,C:\Users\erich\Documents\AFRL\Algebraic-Connectivity-Optimization-CDC2026\lite_trials\sweep\resistance_only\checkpoints\best.pt,ppo,3000,C:\Users\erich\Documents\AFRL\Algebraic-Connectivity-Optimization-CDC2026\lite_trials\lite_config.yaml,full,16,0.571428571429,0,75,75,0.5714285714285714,60,0.6773757777764862,10.838012444423779,0.06235949999972945,0.06235949999972945,0.06235949999972945,path,path,path,15,0.0,0.0,False,,,False,1,path,64,4,RL+Path,0
best,C:\Users\erich\Documents\AFRL\Algebraic-Connectivity-Optimization-CDC2026\lite_trials\sweep\resistance_only\checkpoints\best.pt,ppo,3000,C:\Users\erich\Documents\AFRL\Algebraic-Connectivity-Optimization-CDC2026\lite_trials\lite_config.yaml,full,16,0.571428571429,1,75,75,0.5714285714285714,60,0.6773757777764862,10.838012444423779,0.0605094000002282,0.0605094000002282,0.0605094000002282,path,path,path,15,0.0,0.0,False,,,False,1,path,64,4,RL+Path,1
best,C:\Users\erich\Documents\AFRL\Algebraic-Connectivity-Optimization-CDC2026\lite_trials\sweep\resistance_only\checkpoints\best.pt,ppo,3000,C:\Users\erich\Documents\AFRL\Algebraic-Connectivity-Optimization-CDC2026\lite_trials\lite_config.yaml,full,16,0.571428571429,2,75,75,0.5714285714285714,60,0.6773757777764862,10.838012444423779,0.060347900000124355,0.060347900000124355,0.060347900000124355,path,path,path,15,0.0,0.0,False,,,False,1,path,64,4,RL+Path,2
best,C:\Users\erich\Documents\AFRL\Algebraic-Connectivity-Optimization-CDC2026\lite_trials\sweep\resistance_only\checkpoints\best.pt,ppo,3000,C:\Users\erich\Documents\AFRL\Algebraic-Connectivity-Optimization-CDC2026\lite_trials\lite_config.yaml,full,16,0.571428571429,3,75,75,0.5714285714285714,60,0.6773757777764862,10.838012444423779,0.06124590000035823,0.06124590000035823,0.06124590000035823,path,path,path,15,0.0,0.0,False,,,False,1,path,64,4,RL+Path,3
best,C:\Users\erich\Documents\AFRL\Algebraic-Connectivity-Optimization-CDC2026\lite_trials\sweep\resistance_only\checkpoints\best.pt,ppo,3000,C:\Users\erich\Documents\AFRL\Algebraic-Connectivity-Optimization-CDC2026\lite_trials\lite_config.yaml,full,16,0.571428571429,4,75,75,0.5714285714285714,60,0.6773757777764862,10.838012444423779,0.05376330000035523,0.05376330000035523,0.05376330000035523,path,path,path,15,0.0,0.0,False,,,False,1,path,64,4,RL+Path,4
best,C:\Users\erich\Documents\AFRL\Algebraic-Connectivity-Optimization-CDC2026\lite_trials\sweep\resistance_only\checkpoints\best.pt,ppo,3000,C:\Users\erich\Documents\AFRL\Algebraic-Connectivity-Optimization-CDC2026\lite_trials\lite_config.yaml,full,16,0.638095238095,0,82,82,0.638095238095238,67,0.4315894849606663,6.905431759370661,0.06462120000014693,0.06462120000014693,0.06462120000014693,path,path,path,15,0.0,0.0,False,,,False,1,path,64,4,RL+Path,0
best,C:\Users\erich\Documents\AFRL\Algebraic-Connectivity-Optimization-CDC2026\lite_trials\sweep\resistance_only\checkpoints\best.pt,ppo,3000,C:\Users\erich\Documents\AFRL\Algebraic-Connectivity-Optimization-CDC2026\lite_trials\lite_config.yaml,full,16,0.638095238095,1,82,82,0.638095238095238,67,0.4315894849606663,6.905431759370661,0.06754980000005162,0.06754980000005162,0.06754980000005162,path,path,path,15,0.0,0.0,False,,,False,1,path,64,4,RL+Path,1
best,C:\Users\erich\Documents\AFRL\Algebraic-Connectivity-Optimization-CDC2026\lite_trials\sweep\resistance_only\checkpoints\best.pt,ppo,3000,C:\Users\erich\Documents\AFRL\Algebraic-Connectivity-Optimization-CDC2026\lite_trials\lite_config.yaml,full,16,0.638095238095,2,82,82,0.638095238095238,67,0.4315894849606663,6.905431759370661,0.05977640000037354,0.05977640000037354,0.05977640000037354,path,path,path,15,0.0,0.0,False,,,False,1,path,64,4,RL+Path,2
best,C:\Users\erich\Documents\AFRL\Algebraic-Connectivity-Optimization-CDC2026\lite_trials\sweep\resistance_only\checkpoints\best.pt,ppo,3000,C:\Users\erich\Documents\AFRL\Algebraic-Connectivity-Optimization-CDC2026\lite_trials\lite_config.yaml,full,16,0.638095238095,3,82,82,0.638095238095238,67,0.4315894849606663,6.905431759370661,0.06701210000028368,0.06701210000028368,0.06701210000028368,path,path,path,15,0.0,0.0,False,,,False,1,path,64,4,RL+Path,3
best,C:\Users\erich\Documents\AFRL\Algebraic-Connectivity-Optimization-CDC2026\lite_trials\sweep\resistance_only\checkpoints\best.pt,ppo,3000,C:\Users\erich\Documents\AFRL\Algebraic-Connectivity-Optimization-CDC2026\lite_trials\lite_config.yaml,full,16,0.638095238095,4,82,82,0.638095238095238,67,0.4315894849606663,6.905431759370661,0.06620940000084374,0.06620940000084374,0.06620940000084374,path,path,path,15,0.0,0.0,False,,,False,1,path,64,4,RL+Path,4
best,C:\Users\erich\Documents\AFRL\Algebraic-Connectivity-Optimization-CDC2026\lite_trials\sweep\resistance_only\checkpoints\best.pt,ppo,3000,C:\Users\erich\Documents\AFRL\Algebraic-Connectivity-Optimization-CDC2026\lite_trials\lite_config.yaml,full,16,0.714285714286,0,90,90,0.7142857142857143,75,0.9114206487780019,14.58273038044803,0.07715079999979935,0.07715079999979935,0.07715079999979935,path,path,path,15,0.0,0.0,False,,,False,1,path,64,4,RL+Path,0
best,C:\Users\erich\Documents\AFRL\Algebraic-Connectivity-Optimization-CDC2026\lite_trials\sweep\resistance_only\checkpoints\best.pt,ppo,3000,C:\Users\erich\Documents\AFRL\Algebraic-Connectivity-Optimization-CDC2026\lite_trials\lite_config.yaml,full,16,0.714285714286,1,90,90,0.7142857142857143,75,0.9114206487780019,14.58273038044803,0.07727230000000418,0.07727230000000418,0.07727230000000418,path,path,path,15,0.0,0.0,False,,,False,1,path,64,4,RL+Path,1
best,C:\Users\erich\Documents\AFRL\Algebraic-Connectivity-Optimization-CDC2026\lite_trials\sweep\resistance_only\checkpoints\best.pt,ppo,3000,C:\Users\erich\Documents\AFRL\Algebraic-Connectivity-Optimization-CDC2026\lite_trials\lite_config.yaml,full,16,0.714285714286,2,90,90,0.7142857142857143,75,0.9114206487780019,14.58273038044803,0.07985589999952936,0.07985589999952936,0.07985589999952936,path,path,path,15,0.0,0.0,False,,,False,1,path,64,4,RL+Path,2
best,C:\Users\erich\Documents\AFRL\Algebraic-Connectivity-Optimization-CDC2026\lite_trials\sweep\resistance_only\checkpoints\best.pt,ppo,3000,C:\Users\erich\Documents\AFRL\Algebraic-Connectivity-Optimization-CDC2026\lite_trials\lite_config.yaml,full,16,0.714285714286,3,90,90,0.7142857142857143,75,0.9114206487780019,14.58273038044803,0.07865680000031716,0.07865680000031716,0.07865680000031716,path,path,path,15,0.0,0.0,False,,,False,1,path,64,4,RL+Path,3
best,C:\Users\erich\Documents\AFRL\Algebraic-Connectivity-Optimization-CDC2026\lite_trials\sweep\resistance_only\checkpoints\best.pt,ppo,3000,C:\Users\erich\Documents\AFRL\Algebraic-Connectivity-Optimization-CDC2026\lite_trials\lite_config.yaml,full,16,0.714285714286,4,90,90,0.7142857142857143,75,0.9114206487780019,14.58273038044803,0.07688789999974688,0.07688789999974688,0.07688789999974688,path,path,path,15,0.0,0.0,False,,,False,1,path,64,4,RL+Path,4
best,C:\Users\erich\Documents\AFRL\Algebraic-Connectivity-Optimization-CDC2026\lite_trials\sweep\resistance_only\checkpoints\best.pt,ppo,3000,C:\Users\erich\Documents\AFRL\Algebraic-Connectivity-Optimization-CDC2026\lite_trials\lite_config.yaml,full,16,0.780952380952,0,97,97,0.780952380952381,82,0.9600804813559575,15.36128770169532,0.08587450000050012,0.08587450000050012,0.08587450000050012,path,path,path,15,0.0,0.0,False,,,False,1,path,64,4,RL+Path,0
best,C:\Users\erich\Documents\AFRL\Algebraic-Connectivity-Optimization-CDC2026\lite_trials\sweep\resistance_only\checkpoints\best.pt,ppo,3000,C:\Users\erich\Documents\AFRL\Algebraic-Connectivity-Optimization-CDC2026\lite_trials\lite_config.yaml,full,16,0.780952380952,1,97,97,0.780952380952381,82,0.9600804813559575,15.36128770169532,0.08396889999949053,0.08396889999949053,0.08396889999949053,path,path,path,15,0.0,0.0,False,,,False,1,path,64,4,RL+Path,1
best,C:\Users\erich\Documents\AFRL\Algebraic-Connectivity-Optimization-CDC2026\lite_trials\sweep\resistance_only\checkpoints\best.pt,ppo,3000,C:\Users\erich\Documents\AFRL\Algebraic-Connectivity-Optimization-CDC2026\lite_trials\lite_config.yaml,full,16,0.780952380952,2,97,97,0.780952380952381,82,0.9600804813559575,15.36128770169532,0.07965660000081698,0.07965660000081698,0.07965660000081698,path,path,path,15,0.0,0.0,False,,,False,1,path,64,4,RL+Path,2
best,C:\Users\erich\Documents\AFRL\Algebraic-Connectivity-Optimization-CDC2026\lite_trials\sweep\resistance_only\checkpoints\best.pt,ppo,3000,C:\Users\erich\Documents\AFRL\Algebraic-Connectivity-Optimization-CDC2026\lite_trials\lite_config.yaml,full,16,0.780952380952,3,97,97,0.780952380952381,82,0.9600804813559575,15.36128770169532,0.08058619999974326,0.08058619999974326,0.08058619999974326,path,path,path,15,0.0,0.0,False,,,False,1,path,64,4,RL+Path,3
best,C:\Users\erich\Documents\AFRL\Algebraic-Connectivity-Optimization-CDC2026\lite_trials\sweep\resistance_only\checkpoints\best.pt,ppo,3000,C:\Users\erich\Documents\AFRL\Algebraic-Connectivity-Optimization-CDC2026\lite_trials\lite_config.yaml,full,16,0.780952380952,4,97,97,0.780952380952381,82,0.9600804813559575,15.36128770169532,0.08499489999940124,0.08499489999940124,0.08499489999940124,path,path,path,15,0.0,0.0,False,,,False,1,path,64,4,RL+Path,4
best,C:\Users\erich\Documents\AFRL\Algebraic-Connectivity-Optimization-CDC2026\lite_trials\sweep\resistance_only\checkpoints\best.pt,ppo,3000,C:\Users\erich\Documents\AFRL\Algebraic-Connectivity-Optimization-CDC2026\lite_trials\lite_config.yaml,full,16,0.847619047619,0,104,104,0.8476190476190476,89,0.9617599437450058,15.388159099920093,0.09690729999965697,0.09690729999965697,0.09690729999965697,path,path,path,15,0.0,0.0,False,,,False,1,path,64,4,RL+Path,0
best,C:\Users\erich\Documents\AFRL\Algebraic-Connectivity-Optimization-CDC2026\lite_trials\sweep\resistance_only\checkpoints\best.pt,ppo,3000,C:\Users\erich\Documents\AFRL\Algebraic-Connectivity-Optimization-CDC2026\lite_trials\lite_config.yaml,full,16,0.847619047619,1,104,104,0.8476190476190476,89,0.9617599437450058,15.388159099920093,0.09209120000014082,0.09209120000014082,0.09209120000014082,path,path,path,15,0.0,0.0,False,,,False,1,path,64,4,RL+Path,1
best,C:\Users\erich\Documents\AFRL\Algebraic-Connectivity-Optimization-CDC2026\lite_trials\sweep\resistance_only\checkpoints\best.pt,ppo,3000,C:\Users\erich\Documents\AFRL\Algebraic-Connectivity-Optimization-CDC2026\lite_trials\lite_config.yaml,full,16,0.847619047619,2,104,104,0.8476190476190476,89,0.9617599437450058,15.388159099920093,0.09499890000006417,0.09499890000006417,0.09499890000006417,path,path,path,15,0.0,0.0,False,,,False,1,path,64,4,RL+Path,2
best,C:\Users\erich\Documents\AFRL\Algebraic-Connectivity-Optimization-CDC2026\lite_trials\sweep\resistance_only\checkpoints\best.pt,ppo,3000,C:\Users\erich\Documents\AFRL\Algebraic-Connectivity-Optimization-CDC2026\lite_trials\lite_config.yaml,full,16,0.847619047619,3,104,104,0.8476190476190476,89,0.9617599437450058,15.388159099920093,0.08761209999920538,0.08761209999920538,0.08761209999920538,path,path,path,15,0.0,0.0,False,,,False,1,path,64,4,RL+Path,3
best,C:\Users\erich\Documents\AFRL\Algebraic-Connectivity-Optimization-CDC2026\lite_trials\sweep\resistance_only\checkpoints\best.pt,ppo,3000,C:\Users\erich\Documents\AFRL\Algebraic-Connectivity-Optimization-CDC2026\lite_trials\lite_config.yaml,full,16,0.847619047619,4,104,104,0.8476190476190476,89,0.9617599437450058,15.388159099920093,0.0887059999995472,0.0887059999995472,0.0887059999995472,path,path,path,15,0.0,0.0,False,,,False,1,path,64,4,RL+Path,4
best,C:\Users\erich\Documents\AFRL\Algebraic-Connectivity-Optimization-CDC2026\lite_trials\sweep\resistance_only\checkpoints\best.pt,ppo,3000,C:\Users\erich\Documents\AFRL\Algebraic-Connectivity-Optimization-CDC2026\lite_trials\lite_config.yaml,full,16,0.92380952381,0,112,112,0.9238095238095239,97,0.5714285714285715,9.142857142857144,0.0991756000003079,0.0991756000003079,0.0991756000003079,path,path,path,15,0.0,0.0,False,,,False,1,path,64,4,RL+Path,0
best,C:\Users\erich\Documents\AFRL\Algebraic-Connectivity-Optimization-CDC2026\lite_trials\sweep\resistance_only\checkpoints\best.pt,ppo,3000,C:\Users\erich\Documents\AFRL\Algebraic-Connectivity-Optimization-CDC2026\lite_trials\lite_config.yaml,full,16,0.92380952381,1,112,112,0.9238095238095239,97,0.5714285714285715,9.142857142857144,0.09479120000014518,0.09479120000014518,0.09479120000014518,path,path,path,15,0.0,0.0,False,,,False,1,path,64,4,RL+Path,1
best,C:\Users\erich\Documents\AFRL\Algebraic-Connectivity-Optimization-CDC2026\lite_trials\sweep\resistance_only\checkpoints\best.pt,ppo,3000,C:\Users\erich\Documents\AFRL\Algebraic-Connectivity-Optimization-CDC2026\lite_trials\lite_config.yaml,full,16,0.92380952381,2,112,112,0.9238095238095239,97,0.5714285714285715,9.142857142857144,0.08847979999973177,0.08847979999973177,0.08847979999973177,path,path,path,15,0.0,0.0,False,,,False,1,path,64,4,RL+Path,2
best,C:\Users\erich\Documents\AFRL\Algebraic-Connectivity-Optimization-CDC2026\lite_trials\sweep\resistance_only\checkpoints\best.pt,ppo,3000,C:\Users\erich\Documents\AFRL\Algebraic-Connectivity-Optimization-CDC2026\lite_trials\lite_config.yaml,full,16,0.92380952381,3,112,112,0.9238095238095239,97,0.5714285714285715,9.142857142857144,0.10251590000007127,0.10251590000007127,0.10251590000007127,path,path,path,15,0.0,0.0,False,,,False,1,path,64,4,RL+Path,3
best,C:\Users\erich\Documents\AFRL\Algebraic-Connectivity-Optimization-CDC2026\lite_trials\sweep\resistance_only\checkpoints\best.pt,ppo,3000,C:\Users\erich\Documents\AFRL\Algebraic-Connectivity-Optimization-CDC2026\lite_trials\lite_config.yaml,full,16,0.92380952381,4,112,112,0.9238095238095239,97,0.5714285714285715,9.142857142857144,0.10919499999999971,0.10919499999999971,0.10919499999999971,path,path,path,15,0.0,0.0,False,,,False,1,path,64,4,RL+Path,4
best,C:\Users\erich\Documents\AFRL\Algebraic-Connectivity-Optimization-CDC2026\lite_trials\sweep\resistance_only\checkpoints\best.pt,ppo,3000,C:\Users\erich\Documents\AFRL\Algebraic-Connectivity-Optimization-CDC2026\lite_trials\lite_config.yaml,full,16,0.990476190476,0,119,119,0.9904761904761905,104,0.9984066976105699,15.974507161769118,0.10364449999997305,0.10364449999997305,0.10364449999997305,path,path,path,15,0.0,0.0,False,,,False,1,path,64,4,RL+Path,0
best,C:\Users\erich\Documents\AFRL\Algebraic-Connectivity-Optimization-CDC2026\lite_trials\sweep\resistance_only\checkpoints\best.pt,ppo,3000,C:\Users\erich\Documents\AFRL\Algebraic-Connectivity-Optimization-CDC2026\lite_trials\lite_config.yaml,full,16,0.990476190476,1,119,119,0.9904761904761905,104,0.9984066976105699,15.974507161769118,0.10843860000022687,0.10843860000022687,0.10843860000022687,path,path,path,15,0.0,0.0,False,,,False,1,path,64,4,RL+Path,1
best,C:\Users\erich\Documents\AFRL\Algebraic-Connectivity-Optimization-CDC2026\lite_trials\sweep\resistance_only\checkpoints\best.pt,ppo,3000,C:\Users\erich\Documents\AFRL\Algebraic-Connectivity-Optimization-CDC2026\lite_trials\lite_config.yaml,full,16,0.990476190476,2,119,119,0.9904761904761905,104,0.9984066976105699,15.974507161769118,0.10211510000044655,0.10211510000044655,0.10211510000044655,path,path,path,15,0.0,0.0,False,,,False,1,path,64,4,RL+Path,2
best,C:\Users\erich\Documents\AFRL\Algebraic-Connectivity-Optimization-CDC2026\lite_trials\sweep\resistance_only\checkpoints\best.pt,ppo,3000,C:\Users\erich\Documents\AFRL\Algebraic-Connectivity-Optimization-CDC2026\lite_trials\lite_config.yaml,full,16,0.990476190476,3,119,119,0.9904761904761905,104,0.9984066976105699,15.974507161769118,0.11406059999990248,0.11406059999990248,0.11406059999990248,path,path,path,15,0.0,0.0,False,,,False,1,path,64,4,RL+Path,3
best,C:\Users\erich\Documents\AFRL\Algebraic-Connectivity-Optimization-CDC2026\lite_trials\sweep\resistance_only\checkpoints\best.pt,ppo,3000,C:\Users\erich\Documents\AFRL\Algebraic-Connectivity-Optimization-CDC2026\lite_trials\lite_config.yaml,full,16,0.990476190476,4,119,119,0.9904761904761905,104,0.9984066976105699,15.974507161769118,0.1083054999999149,0.1083054999999149,0.1083054999999149,path,path,path,15,0.0,0.0,False,,,False,1,path,64,4,RL+Path,4
best,C:\Users\erich\Documents\AFRL\Algebraic-Connectivity-Optimization-CDC2026\lite_trials\sweep\resistance_only\checkpoints\best.pt,ppo,3000,C:\Users\erich\Documents\AFRL\Algebraic-Connectivity-Optimization-CDC2026\lite_trials\lite_config.yaml,full,16,0.009523809524,0,16,16,0.009523809523809525,1,0.06249999999999991,0.9999999999999986,0.0035465999999360065,0.0035465999999360065,0.004085200000190525,backbone,envelope_only,envelope,15,1.0,0.0005386000002545188,False,,,False,1,envelope,64,4,RL+Backbone,0
best,C:\Users\erich\Documents\AFRL\Algebraic-Connectivity-Optimization-CDC2026\lite_trials\sweep\resistance_only\checkpoints\best.pt,ppo,3000,C:\Users\erich\Documents\AFRL\Algebraic-Connectivity-Optimization-CDC2026\lite_trials\lite_config.yaml,full,16,0.009523809524,1,16,16,0.009523809523809525,1,0.06249999999999991,0.9999999999999986,0.001117099999646598,0.001117099999646598,0.0012342999998509185,backbone,envelope_only,envelope,15,1.0,0.00011720000020432053,False,,,False,1,envelope,64,4,RL+Backbone,1
best,C:\Users\erich\Documents\AFRL\Algebraic-Connectivity-Optimization-CDC2026\lite_trials\sweep\resistance_only\checkpoints\best.pt,ppo,3000,C:\Users\erich\Documents\AFRL\Algebraic-Connectivity-Optimization-CDC2026\lite_trials\lite_config.yaml,full,16,0.009523809524,2,16,16,0.009523809523809525,1,0.06249999999999991,0.9999999999999986,0.0009243000004062196,0.0009243000004062196,0.0010056999999505933,backbone,envelope_only,envelope,15,1.0,8.139999954437371e-05,False,,,False,1,envelope,64,4,RL+Backbone,2
best,C:\Users\erich\Documents\AFRL\Algebraic-Connectivity-Optimization-CDC2026\lite_trials\sweep\resistance_only\checkpoints\best.pt,ppo,3000,C:\Users\erich\Documents\AFRL\Algebraic-Connectivity-Optimization-CDC2026\lite_trials\lite_config.yaml,full,16,0.009523809524,3,16,16,0.009523809523809525,1,0.06249999999999991,0.9999999999999986,0.0008970999997472973,0.0008970999997472973,0.0010032999998657033,backbone,envelope_only,envelope,15,1.0,0.00010620000011840602,False,,,False,1,envelope,64,4,RL+Backbone,3
best,C:\Users\erich\Documents\AFRL\Algebraic-Connectivity-Optimization-CDC2026\lite_trials\sweep\resistance_only\checkpoints\best.pt,ppo,3000,C:\Users\erich\Documents\AFRL\Algebraic-Connectivity-Optimization-CDC2026\lite_trials\lite_config.yaml,full,16,0.009523809524,4,16,16,0.009523809523809525,1,0.06249999999999991,0.9999999999999986,0.0010306999993190402,0.0010306999993190402,0.0011070999989897246,backbone,envelope_only,envelope,15,1.0,7.639999967068434e-05,False,,,False,1,envelope,64,4,RL+Backbone,4
best,C:\Users\erich\Documents\AFRL\Algebraic-Connectivity-Optimization-CDC2026\lite_trials\sweep\resistance_only\checkpoints\best.pt,ppo,3000,C:\Users\erich\Documents\AFRL\Algebraic-Connectivity-Optimization-CDC2026\lite_trials\lite_config.yaml,full,16,0.07619047619,0,23,23,0.0761904761904762,8,0.09530728674582108,1.5249165879331372,0.008035699999709323,0.008035699999709323,0.008109499999591208,backbone,both,envelope,15,1.0,7.379999988188501e-05,False,,"cayley:No feasible backbone candidate for (n=16, m=23, rho=0.076190, seed=0); errors=['cayley:no_candidate']",True,1,envelope,64,4,RL+Backbone,0
best,C:\Users\erich\Documents\AFRL\Algebraic-Connectivity-Optimization-CDC2026\lite_trials\sweep\resistance_only\checkpoints\best.pt,ppo,3000,C:\Users\erich\Documents\AFRL\Algebraic-Connectivity-Optimization-CDC2026\lite_trials\lite_config.yaml,full,16,0.07619047619,1,23,23,0.0761904761904762,8,0.09530728674582108,1.5249165879331372,0.008207699999729812,0.008207699999729812,0.008311999999932596,backbone,both,envelope,15,1.0,0.00010430000020278385,False,,"cayley:No feasible backbone candidate for (n=16, m=23, rho=0.076190, seed=1); errors=['cayley:no_candidate']",True,1,envelope,64,4,RL+Backbone,1
best,C:\Users\erich\Documents\AFRL\Algebraic-Connectivity-Optimization-CDC2026\lite_trials\sweep\resistance_only\checkpoints\best.pt,ppo,3000,C:\Users\erich\Documents\AFRL\Algebraic-Connectivity-Optimization-CDC2026\lite_trials\lite_config.yaml,full,16,0.07619047619,2,23,23,0.0761904761904762,8,0.09530728674582108,1.5249165879331372,0.00654350000058912,0.00654350000058912,0.00664750000123604,backbone,both,envelope,15,1.0,0.00010400000064691994,False,,"cayley:No feasible backbone candidate for (n=16, m=23, rho=0.076190, seed=2); errors=['cayley:no_candidate']",True,1,envelope,64,4,RL+Backbone,2
best,C:\Users\erich\Documents\AFRL\Algebraic-Connectivity-Optimization-CDC2026\lite_trials\sweep\resistance_only\checkpoints\best.pt,ppo,3000,C:\Users\erich\Documents\AFRL\Algebraic-Connectivity-Optimization-CDC2026\lite_trials\lite_config.yaml,full,16,0.07619047619,3,23,23,0.0761904761904762,8,0.09530728674582108,1.5249165879331372,0.007333399999879475,0.007333399999879475,0.007411100000354054,backbone,both,envelope,15,1.0,7.77000004745787e-05,False,,"cayley:No feasible backbone candidate for (n=16, m=23, rho=0.076190, seed=3); errors=['cayley:no_candidate']",True,1,envelope,64,4,RL+Backbone,3
best,C:\Users\erich\Documents\AFRL\Algebraic-Connectivity-Optimization-CDC2026\lite_trials\sweep\resistance_only\checkpoints\best.pt,ppo,3000,C:\Users\erich\Documents\AFRL\Algebraic-Connectivity-Optimization-CDC2026\lite_trials\lite_config.yaml,full,16,0.07619047619,4,23,23,0.0761904761904762,8,0.09530728674582108,1.5249165879331372,0.006803199999922072,0.006803199999922072,0.006878600000163715,backbone,both,envelope,15,1.0,7.540000024164328e-05,False,,"cayley:No feasible backbone candidate for (n=16, m=23, rho=0.076190, seed=4); errors=['cayley:no_candidate']",True,1,envelope,64,4,RL+Backbone,4
best,C:\Users\erich\Documents\AFRL\Algebraic-Connectivity-Optimization-CDC2026\lite_trials\sweep\resistance_only\checkpoints\best.pt,ppo,3000,C:\Users\erich\Documents\AFRL\Algebraic-Connectivity-Optimization-CDC2026\lite_trials\lite_config.yaml,full,16,0.152380952381,0,31,31,0.1523809523809524,7,0.21245984625355877,3.3993575400569402,0.005879100000129256,0.005879100000129256,0.008125500000460306,backbone,cayley_only,cayley,24,0.7639320225002113,0.0022464000003310503,False,2,,False,1,cayley,64,4,RL+Backbone,0
best,C:\Users\erich\Documents\AFRL\Algebraic-Connectivity-Optimization-CDC2026\lite_trials\sweep\resistance_only\checkpoints\best.pt,ppo,3000,C:\Users\erich\Documents\AFRL\Algebraic-Connectivity-Optimization-CDC2026\lite_trials\lite_config.yaml,full,16,0.152380952381,1,31,31,0.1523809523809524,7,0.21245984625355877,3.3993575400569402,0.007197700000688201,0.007197700000688201,0.009092900000723603,backbone,cayley_only,cayley,24,0.7639320225002113,0.001895200000035402,False,2,,False,1,cayley,64,4,RL+Backbone,1
best,C:\Users\erich\Documents\AFRL\Algebraic-Connectivity-Optimization-CDC2026\lite_trials\sweep\resistance_only\checkpoints\best.pt,ppo,3000,C:\Users\erich\Documents\AFRL\Algebraic-Connectivity-Optimization-CDC2026\lite_trials\lite_config.yaml,full,16,0.152380952381,2,31,31,0.1523809523809524,7,0.21245984625355877,3.3993575400569402,0.006334599999718193,0.006334599999718193,0.008346399999936693,backbone,cayley_only,cayley,24,0.7639320225002113,0.0020118000002185,False,2,,False,1,cayley,64,4,RL+Backbone,2
best,C:\Users\erich\Documents\AFRL\Algebraic-Connectivity-Optimization-CDC2026\lite_trials\sweep\resistance_only\checkpoints\best.pt,ppo,3000,C:\Users\erich\Documents\AFRL\Algebraic-Connectivity-Optimization-CDC2026\lite_trials\lite_config.yaml,full,16,0.152380952381,3,31,31,0.1523809523809524,7,0.21245984625355877,3.3993575400569402,0.006307799999376584,0.006307799999376584,0.008611699999164557,backbone,cayley_only,cayley,24,0.7639320225002113,0.0023038999997879728,False,2,,False,1,cayley,64,4,RL+Backbone,3
best,C:\Users\erich\Documents\AFRL\Algebraic-Connectivity-Optimization-CDC2026\lite_trials\sweep\resistance_only\checkpoints\best.pt,ppo,3000,C:\Users\erich\Documents\AFRL\Algebraic-Connectivity-Optimization-CDC2026\lite_trials\lite_config.yaml,full,16,0.152380952381,4,31,31,0.1523809523809524,7,0.21245984625355877,3.3993575400569402,0.005986699999994016,0.005986699999994016,0.00813060000018595,backbone,cayley_only,cayley,24,0.7639320225002113,0.002143900000191934,False,2,,False,1,cayley,64,4,RL+Backbone,4
best,C:\Users\erich\Documents\AFRL\Algebraic-Connectivity-Optimization-CDC2026\lite_trials\sweep\resistance_only\checkpoints\best.pt,ppo,3000,C:\Users\erich\Documents\AFRL\Algebraic-Connectivity-Optimization-CDC2026\lite_trials\lite_config.yaml,full,16,0.219047619048,0,38,38,0.21904761904761905,6,0.2751368557141845,4.402189691426952,0.005055999999967753,0.005055999999967753,0.007084000000759261,backbone,cayley_only,cayley,32,1.9999999999999991,0.0020280000007915078,False,2,,False,1,cayley,64,4,RL+Backbone,0
best,C:\Users\erich\Documents\AFRL\Algebraic-Connectivity-Optimization-CDC2026\lite_trials\sweep\resistance_only\checkpoints\best.pt,ppo,3000,C:\Users\erich\Documents\AFRL\Algebraic-Connectivity-Optimization-CDC2026\lite_trials\lite_config.yaml,full,16,0.219047619048,1,38,38,0.21904761904761905,6,0.2751368557141845,4.402189691426952,0.005358999999771186,0.005358999999771186,0.007400499999675958,backbone,cayley_only,cayley,32,1.9999999999999991,0.0020414999999047723,False,2,,False,1,cayley,64,4,RL+Backbone,1
best,C:\Users\erich\Documents\AFRL\Algebraic-Connectivity-Optimization-CDC2026\lite_trials\sweep\resistance_only\checkpoints\best.pt,ppo,3000,C:\Users\erich\Documents\AFRL\Algebraic-Connectivity-Optimization-CDC2026\lite_trials\lite_config.yaml,full,16,0.219047619048,2,38,38,0.21904761904761905,6,0.2751368557141845,4.402189691426952,0.004875799999354058,0.004875799999354058,0.006891999999425025,backbone,cayley_only,cayley,32,1.9999999999999991,0.0020162000000709668,False,2,,False,1,cayley,64,4,RL+Backbone,2
best,C:\Users\erich\Documents\AFRL\Algebraic-Connectivity-Optimization-CDC2026\lite_trials\sweep\resistance_only\checkpoints\best.pt,ppo,3000,C:\Users\erich\Documents\AFRL\Algebraic-Connectivity-Optimization-CDC2026\lite_trials\lite_config.yaml,full,16,0.219047619048,3,38,38,0.21904761904761905,6,0.2751368557141845,4.402189691426952,0.005006899999898451,0.005006899999898451,0.0070328000001609325,backbone,cayley_only,cayley,32,1.9999999999999991,0.0020259000002624816,False,2,,False,1,cayley,64,4,RL+Backbone,3
best,C:\Users\erich\Documents\AFRL\Algebraic-Connectivity-Optimization-CDC2026\lite_trials\sweep\resistance_only\checkpoints\best.pt,ppo,3000,C:\Users\erich\Documents\AFRL\Algebraic-Connectivity-Optimization-CDC2026\lite_trials\lite_config.yaml,full,16,0.219047619048,4,38,38,0.21904761904761905,6,0.2751368557141845,4.402189691426952,0.005210799999986193,0.005210799999986193,0.007254600000123901,backbone,cayley_only,cayley,32,1.9999999999999991,0.0020438000001377077,False,2,,False,1,cayley,64,4,RL+Backbone,4
best,C:\Users\erich\Documents\AFRL\Algebraic-Connectivity-Optimization-CDC2026\lite_trials\sweep\resistance_only\checkpoints\best.pt,ppo,3000,C:\Users\erich\Documents\AFRL\Algebraic-Connectivity-Optimization-CDC2026\lite_trials\lite_config.yaml,full,16,0.285714285714,0,45,45,0.2857142857142857,5,0.2500217621507858,4.000348194412573,0.0047909000004437985,0.0047909000004437985,0.006861400000161666,backbone,cayley_only,cayley,40,2.7639320225002098,0.0020704999997178675,False,2,,False,1,cayley,64,4,RL+Backbone,0
best,C:\Users\erich\Documents\AFRL\Algebraic-Connectivity-Optimization-CDC2026\lite_trials\sweep\resistance_only\checkpoints\best.pt,ppo,3000,C:\Users\erich\Documents\AFRL\Algebraic-Connectivity-Optimization-CDC2026\lite_trials\lite_config.yaml,full,16,0.285714285714,1,45,45,0.2857142857142857,5,0.2500217621507858,4.000348194412573,0.004095700000107172,0.004095700000107172,0.006198699999913515,backbone,cayley_only,cayley,40,2.7639320225002098,0.002102999999806343,False,2,,False,1,cayley,64,4,RL+Backbone,1
best,C:\Users\erich\Documents\AFRL\Algebraic-Connectivity-Optimization-CDC2026\lite_trials\sweep\resistance_only\checkpoints\best.pt,ppo,3000,C:\Users\erich\Documents\AFRL\Algebraic-Connectivity-Optimization-CDC2026\lite_trials\lite_config.yaml,full,16,0.285714285714,2,45,45,0.2857142857142857,5,0.2500217621507858,4.000348194412573,0.005735400000048685,0.005735400000048685,0.007910799999990559,backbone,cayley_only,cayley,40,2.7639320225002098,0.002175399999941874,False,2,,False,1,cayley,64,4,RL+Backbone,2
best,C:\Users\erich\Documents\AFRL\Algebraic-Connectivity-Optimization-CDC2026\lite_trials\sweep\resistance_only\checkpoints\best.pt,ppo,3000,C:\Users\erich\Documents\AFRL\Algebraic-Connectivity-Optimization-CDC2026\lite_trials\lite_config.yaml,full,16,0.285714285714,3,45,45,0.2857142857142857,5,0.2500217621507858,4.000348194412573,0.004674899999372428,0.004674899999372428,0.006886000000122294,backbone,cayley_only,cayley,40,2.7639320225002098,0.002211100000749866,False,2,,False,1,cayley,64,4,RL+Backbone,3
best,C:\Users\erich\Documents\AFRL\Algebraic-Connectivity-Optimization-CDC2026\lite_trials\sweep\resistance_only\checkpoints\best.pt,ppo,3000,C:\Users\erich\Documents\AFRL\Algebraic-Connectivity-Optimization-CDC2026\lite_trials\lite_config.yaml,full,16,0.285714285714,4,45,45,0.2857142857142857,5,0.2500217621507858,4.000348194412573,0.0043283000004521455,0.0043283000004521455,0.006695700000818761,backbone,cayley_only,cayley,40,2.7639320225002098,0.002367400000366615,False,2,,False,1,cayley,64,4,RL+Backbone,4
best,C:\Users\erich\Documents\AFRL\Algebraic-Connectivity-Optimization-CDC2026\lite_trials\sweep\resistance_only\checkpoints\best.pt,ppo,3000,C:\Users\erich\Documents\AFRL\Algebraic-Connectivity-Optimization-CDC2026\lite_trials\lite_config.yaml,full,16,0.361904761905,0,53,53,0.3619047619047619,5,0.32812499999999994,5.249999999999999,0.005485399999997753,0.005485399999997753,0.008569099999476748,backbone,cayley_only,cayley,48,4.000000000000001,0.003083699999478995,False,2,,False,1,cayley,64,4,RL+Backbone,0
best,C:\Users\erich\Documents\AFRL\Algebraic-Connectivity-Optimization-CDC2026\lite_trials\sweep\resistance_only\checkpoints\best.pt,ppo,3000,C:\Users\erich\Documents\AFRL\Algebraic-Connectivity-Optimization-CDC2026\lite_trials\lite_config.yaml,full,16,0.361904761905,1,53,53,0.3619047619047619,5,0.32812499999999994,5.249999999999999,0.005373299999519077,0.005373299999519077,0.007777999999234453,backbone,cayley_only,cayley,48,4.000000000000001,0.002404699999715376,False,2,,False,1,cayley,64,4,RL+Backbone,1
best,C:\Users\erich\Documents\AFRL\Algebraic-Connectivity-Optimization-CDC2026\lite_trials\sweep\resistance_only\checkpoints\best.pt,ppo,3000,C:\Users\erich\Documents\AFRL\Algebraic-Connectivity-Optimization-CDC2026\lite_trials\lite_config.yaml,full,16,0.361904761905,2,53,53,0.3619047619047619,5,0.3281250000000001,5.250000000000002,0.005302999999912572,0.005302999999912572,0.008355099999789672,backbone,cayley_only,cayley,48,4.000000000000001,0.0030520999998771003,False,2,,False,1,cayley,64,4,RL+Backbone,2
best,C:\Users\erich\Documents\AFRL\Algebraic-Connectivity-Optimization-CDC2026\lite_trials\sweep\resistance_only\checkpoints\best.pt,ppo,3000,C:\Users\erich\Documents\AFRL\Algebraic-Connectivity-Optimization-CDC2026\lite_trials\lite_config.yaml,full,16,0.361904761905,3,53,53,0.3619047619047619,5,0.32812499999999994,5.249999999999999,0.005332499999894935,0.005332499999894935,0.008329999999659776,backbone,cayley_only,cayley,48,4.000000000000001,0.002997499999764841,False,2,,False,1,cayley,64,4,RL+Backbone,3
best,C:\Users\erich\Documents\AFRL\Algebraic-Connectivity-Optimization-CDC2026\lite_trials\sweep\resistance_only\checkpoints\best.pt,ppo,3000,C:\Users\erich\Documents\AFRL\Algebraic-Connectivity-Optimization-CDC2026\lite_trials\lite_config.yaml,full,16,0.361904761905,4,53,53,0.3619047619047619,5,0.32812499999999994,5.249999999999999,0.00511240000014368,0.00511240000014368,0.00816709999980958,backbone,cayley_only,cayley,48,4.000000000000001,0.0030546999996658997,False,2,,False,1,cayley,64,4,RL+Backbone,4
best,C:\Users\erich\Documents\AFRL\Algebraic-Connectivity-Optimization-CDC2026\lite_trials\sweep\resistance_only\checkpoints\best.pt,ppo,3000,C:\Users\erich\Documents\AFRL\Algebraic-Connectivity-Optimization-CDC2026\lite_trials\lite_config.yaml,full,16,0.428571428571,0,60,60,0.42857142857142855,4,0.42751957614579367,6.840313218332699,0.003862999999910244,0.003862999999910244,0.006108499999754713,backbone,cayley_only,cayley,56,5.999999999999996,0.002245499999844469,False,2,,False,1,cayley,64,4,RL+Backbone,0
best,C:\Users\erich\Documents\AFRL\Algebraic-Connectivity-Optimization-CDC2026\lite_trials\sweep\resistance_only\checkpoints\best.pt,ppo,3000,C:\Users\erich\Documents\AFRL\Algebraic-Connectivity-Optimization-CDC2026\lite_trials\lite_config.yaml,full,16,0.428571428571,1,60,60,0.42857142857142855,4,0.42751957614579367,6.840313218332699,0.005132100000082573,0.005132100000082573,0.007510999999794876,backbone,cayley_only,cayley,56,5.999999999999996,0.002378899999712303,False,2,,False,1,cayley,64,4,RL+Backbone,1
best,C:\Users\erich\Documents\AFRL\Algebraic-Connectivity-Optimization-CDC2026\lite_trials\sweep\resistance_only\checkpoints\best.pt,ppo,3000,C:\Users\erich\Documents\AFRL\Algebraic-Connectivity-Optimization-CDC2026\lite_trials\lite_config.yaml,full,16,0.428571428571,2,60,60,0.42857142857142855,4,0.42751957614579367,6.840313218332699,0.00445060000038211,0.00445060000038211,0.006772800000362622,backbone,cayley_only,cayley,56,5.999999999999996,0.002322199999980512,False,2,,False,1,cayley,64,4,RL+Backbone,2
best,C:\Users\erich\Documents\AFRL\Algebraic-Connectivity-Optimization-CDC2026\lite_trials\sweep\resistance_only\checkpoints\best.pt,ppo,3000,C:\Users\erich\Documents\AFRL\Algebraic-Connectivity-Optimization-CDC2026\lite_trials\lite_config.yaml,full,16,0.428571428571,3,60,60,0.42857142857142855,4,0.42751957614579367,6.840313218332699,0.00439139999980398,0.00439139999980398,0.006860999999844353,backbone,cayley_only,cayley,56,5.999999999999996,0.002469600000040373,False,2,,False,1,cayley,64,4,RL+Backbone,3
best,C:\Users\erich\Documents\AFRL\Algebraic-Connectivity-Optimization-CDC2026\lite_trials\sweep\resistance_only\checkpoints\best.pt,ppo,3000,C:\Users\erich\Documents\AFRL\Algebraic-Connectivity-Optimization-CDC2026\lite_trials\lite_config.yaml,full,16,0.428571428571,4,60,60,0.42857142857142855,4,0.42751957614579367,6.840313218332699,0.004574500000671833,0.004574500000671833,0.0075721000002886285,backbone,cayley_only,cayley,56,5.999999999999996,0.0029975999996167957,False,2,,False,1,cayley,64,4,RL+Backbone,4
best,C:\Users\erich\Documents\AFRL\Algebraic-Connectivity-Optimization-CDC2026\lite_trials\sweep\resistance_only\checkpoints\best.pt,ppo,3000,C:\Users\erich\Documents\AFRL\Algebraic-Connectivity-Optimization-CDC2026\lite_trials\lite_config.yaml,full,16,0.504761904762,0,68,68,0.5047619047619047,4,0.5003176215261941,8.005081944419105,0.004822300000341784,0.004822300000341784,0.007762199999888253,backbone,both,envelope,64,8.0,0.00310780000017985,False,,,True,2,"cayley,envelope",64,4,RL+Backbone,0
best,C:\Users\erich\Documents\AFRL\Algebraic-Connectivity-Optimization-CDC2026\lite_trials\sweep\resistance_only\checkpoints\best.pt,ppo,3000,C:\Users\erich\Documents\AFRL\Algebraic-Connectivity-Optimization-CDC2026\lite_trials\lite_config.yaml,full,16,0.504761904762,1,68,68,0.5047619047619047,4,0.5003176215261941,8.005081944419105,0.004415999999764608,0.004415999999764608,0.007242199999382137,backbone,both,envelope,64,8.0,0.002826199999617529,False,,,True,2,"cayley,envelope",64,4,RL+Backbone,1
best,C:\Users\erich\Documents\AFRL\Algebraic-Connectivity-Optimization-CDC2026\lite_trials\sweep\resistance_only\checkpoints\best.pt,ppo,3000,C:\Users\erich\Documents\AFRL\Algebraic-Connectivity-Optimization-CDC2026\lite_trials\lite_config.yaml,full,16,0.504761904762,2,68,68,0.5047619047619047,4,0.5003176215261941,8.005081944419105,0.004536299999926996,0.004536299999926996,0.0068676000000778,backbone,both,envelope,64,8.0,0.0023313000001508044,False,,,True,2,"cayley,envelope",64,4,RL+Backbone,2
best,C:\Users\erich\Documents\AFRL\Algebraic-Connectivity-Optimization-CDC2026\lite_trials\sweep\resistance_only\checkpoints\best.pt,ppo,3000,C:\Users\erich\Documents\AFRL\Algebraic-Connectivity-Optimization-CDC2026\lite_trials\lite_config.yaml,full,16,0.504761904762,3,68,68,0.5047619047619047,4,0.5003176215261941,8.005081944419105,0.004362700000456243,0.004362700000456243,0.007033100000626291,backbone,both,envelope,64,8.0,0.002670400000170048,False,,,True,2,"cayley,envelope",64,4,RL+Backbone,3
best,C:\Users\erich\Documents\AFRL\Algebraic-Connectivity-Optimization-CDC2026\lite_trials\sweep\resistance_only\checkpoints\best.pt,ppo,3000,C:\Users\erich\Documents\AFRL\Algebraic-Connectivity-Optimization-CDC2026\lite_trials\lite_config.yaml,full,16,0.504761904762,4,68,68,0.5047619047619047,4,0.5003176215261941,8.005081944419105,0.0045487000006687595,0.0045487000006687595,0.007519699999647855,backbone,both,envelope,64,8.0,0.002999600000293867,False,,,True,2,"cayley,envelope",64,4,RL+Backbone,4
best,C:\Users\erich\Documents\AFRL\Algebraic-Connectivity-Optimization-CDC2026\lite_trials\sweep\resistance_only\checkpoints\best.pt,ppo,3000,C:\Users\erich\Documents\AFRL\Algebraic-Connectivity-Optimization-CDC2026\lite_trials\lite_config.yaml,full,16,0.571428571429,0,75,75,0.5714285714285714,11,0.5074545166242866,8.119272265988586,0.013305099999342929,0.013305099999342929,0.01343069999893487,backbone,both,envelope,64,8.0,0.006138500000815839,False,,,True,2,"cayley,envelope",64,4,RL+Backbone,0
best,C:\Users\erich\Documents\AFRL\Algebraic-Connectivity-Optimization-CDC2026\lite_trials\sweep\resistance_only\checkpoints\best.pt,ppo,3000,C:\Users\erich\Documents\AFRL\Algebraic-Connectivity-Optimization-CDC2026\lite_trials\lite_config.yaml,full,16,0.571428571429,1,75,75,0.5714285714285714,11,0.5074545166242866,8.119272265988586,0.013857300000381656,0.013857300000381656,0.015733799999907205,backbone,both,envelope,64,8.0,0.01027799999974377,False,,,True,2,"cayley,envelope",64,4,RL+Backbone,1
best,C:\Users\erich\Documents\AFRL\Algebraic-Connectivity-Optimization-CDC2026\lite_trials\sweep\resistance_only\checkpoints\best.pt,ppo,3000,C:\Users\erich\Documents\AFRL\Algebraic-Connectivity-Optimization-CDC2026\lite_trials\lite_config.yaml,full,16,0.571428571429,2,75,75,0.5714285714285714,11,0.5074545166242866,8.119272265988586,0.009309299999586074,0.009309299999586074,0.009414499999365944,backbone,both,envelope,64,8.0,0.00425230000018928,False,,,True,2,"cayley,envelope",64,4,RL+Backbone,2
best,C:\Users\erich\Documents\AFRL\Algebraic-Connectivity-Optimization-CDC2026\lite_trials\sweep\resistance_only\checkpoints\best.pt,ppo,3000,C:\Users\erich\Documents\AFRL\Algebraic-Connectivity-Optimization-CDC2026\lite_trials\lite_config.yaml,full,16,0.571428571429,3,75,75,0.5714285714285714,11,0.5074545166242866,8.119272265988586,0.011817699999483011,0.011817699999483011,0.011942099999032507,backbone,both,envelope,64,8.0,0.00573420000000624,False,,,True,2,"cayley,envelope",64,4,RL+Backbone,3
best,C:\Users\erich\Documents\AFRL\Algebraic-Connectivity-Optimization-CDC2026\lite_trials\sweep\resistance_only\checkpoints\best.pt,ppo,3000,C:\Users\erich\Documents\AFRL\Algebraic-Connectivity-Optimization-CDC2026\lite_trials\lite_config.yaml,full,16,0.571428571429,4,75,75,0.5714285714285714,11,0.5074545166242866,8.119272265988586,0.01169449999997596,0.01169449999997596,0.011797500000284344,backbone,both,envelope,64,8.0,0.005791200000203389,False,,,True,2,"cayley,envelope",64,4,RL+Backbone,4
best,C:\Users\erich\Documents\AFRL\Algebraic-Connectivity-Optimization-CDC2026\lite_trials\sweep\resistance_only\checkpoints\best.pt,ppo,3000,C:\Users\erich\Documents\AFRL\Algebraic-Connectivity-Optimization-CDC2026\lite_trials\lite_config.yaml,full,16,0.638095238095,0,82,82,0.638095238095238,11,0.8051222331236231,12.88195572997797,0.012049699999806762,0.012049699999806762,0.014799099999436294,backbone,both,cayley,71,6.69722436226801,0.0027493999996295315,False,3,,True,2,"cayley,envelope",64,4,RL+Backbone,0
best,C:\Users\erich\Documents\AFRL\Algebraic-Connectivity-Optimization-CDC2026\lite_trials\sweep\resistance_only\checkpoints\best.pt,ppo,3000,C:\Users\erich\Documents\AFRL\Algebraic-Connectivity-Optimization-CDC2026\lite_trials\lite_config.yaml,full,16,0.638095238095,1,82,82,0.638095238095238,12,0.7161293235837195,11.458069177339512,0.012285300000257848,0.012285300000257848,0.015532500000517757,backbone,both,cayley,70,6.697224362268007,0.003247200000259909,False,3,,True,2,"cayley,envelope",64,4,RL+Backbone,1
best,C:\Users\erich\Documents\AFRL\Algebraic-Connectivity-Optimization-CDC2026\lite_trials\sweep\resistance_only\checkpoints\best.pt,ppo,3000,C:\Users\erich\Documents\AFRL\Algebraic-Connectivity-Optimization-CDC2026\lite_trials\lite_config.yaml,full,16,0.638095238095,2,82,82,0.638095238095238,12,0.7004441738241595,11.207106781186551,0.012889300000097137,0.012889300000097137,0.0151930000001812,backbone,both,cayley,70,6.58578643762691,0.0023037000000840635,False,3,,True,2,"cayley,envelope",64,4,RL+Backbone,2
best,C:\Users\erich\Documents\AFRL\Algebraic-Connectivity-Optimization-CDC2026\lite_trials\sweep\resistance_only\checkpoints\best.pt,ppo,3000,C:\Users\erich\Documents\AFRL\Algebraic-Connectivity-Optimization-CDC2026\lite_trials\lite_config.yaml,full,16,0.638095238095,3,82,82,0.638095238095238,11,0.6646187557951738,10.633900092722781,0.012941100000716688,0.012941100000716688,0.016361000000870263,backbone,both,cayley,71,6.733752496014796,0.003419900000153575,False,3,,True,2,"cayley,envelope",64,4,RL+Backbone,3
best,C:\Users\erich\Documents\AFRL\Algebraic-Connectivity-Optimization-CDC2026\lite_trials\sweep\resistance_only\checkpoints\best.pt,ppo,3000,C:\Users\erich\Documents\AFRL\Algebraic-Connectivity-Optimization-CDC2026\lite_trials\lite_config.yaml,full,16,0.638095238095,4,82,82,0.638095238095238,12,0.7253095792403855,11.604953267846168,0.013509899999917252,0.013509899999917252,0.01685189999989234,backbone,both,cayley,70,6.539495129981236,0.003341999999975087,False,3,,True,2,"cayley,envelope",64,4,RL+Backbone,4
best,C:\Users\erich\Documents\AFRL\Algebraic-Connectivity-Optimization-CDC2026\lite_trials\sweep\resistance_only\checkpoints\best.pt,ppo,3000,C:\Users\erich\Documents\AFRL\Algebraic-Connectivity-Optimization-CDC2026\lite_trials\lite_config.yaml,full,16,0.714285714286,0,90,90,0.7142857142857143,0,0.6874999999999993,10.99999999999999,0.00757049999992887,0.00757049999992887,0.01204079999934038,backbone,both,envelope,90,11.0,0.004470299999411509,False,,,True,2,"cayley,envelope",64,4,RL+Backbone,0
best,C:\Users\erich\Documents\AFRL\Algebraic-Connectivity-Optimization-CDC2026\lite_trials\sweep\resistance_only\checkpoints\best.pt,ppo,3000,C:\Users\erich\Documents\AFRL\Algebraic-Connectivity-Optimization-CDC2026\lite_trials\lite_config.yaml,full,16,0.714285714286,1,90,90,0.7142857142857143,5,0.8200240083346834,13.120384133354934,0.005789300000287767,0.005789300000287767,0.012473200000385987,backbone,both,cayley,85,9.999999999999996,0.00668390000009822,False,3,,True,2,"cayley,envelope",64,4,RL+Backbone,1
best,C:\Users\erich\Documents\AFRL\Algebraic-Connectivity-Optimization-CDC2026\lite_trials\sweep\resistance_only\checkpoints\best.pt,ppo,3000,C:\Users\erich\Documents\AFRL\Algebraic-Connectivity-Optimization-CDC2026\lite_trials\lite_config.yaml,full,16,0.714285714286,2,90,90,0.7142857142857143,0,0.6874999999999993,10.99999999999999,0.007246999999551917,0.007246999999551917,0.011880199999723118,backbone,both,envelope,90,11.0,0.0046332000001712,False,,,True,2,"cayley,envelope",64,4,RL+Backbone,2
best,C:\Users\erich\Documents\AFRL\Algebraic-Connectivity-Optimization-CDC2026\lite_trials\sweep\resistance_only\checkpoints\best.pt,ppo,3000,C:\Users\erich\Documents\AFRL\Algebraic-Connectivity-Optimization-CDC2026\lite_trials\lite_config.yaml,full,16,0.714285714286,3,90,90,0.7142857142857143,5,0.7306678421585424,11.690685474536679,0.0056905000001279404,0.0056905000001279404,0.012514800000644755,backbone,both,cayley,85,9.999999999999996,0.006824300000516814,False,3,,True,2,"cayley,envelope",64,4,RL+Backbone,3
best,C:\Users\erich\Documents\AFRL\Algebraic-Connectivity-Optimization-CDC2026\lite_trials\sweep\resistance_only\checkpoints\best.pt,ppo,3000,C:\Users\erich\Documents\AFRL\Algebraic-Connectivity-Optimization-CDC2026\lite_trials\lite_config.yaml,full,16,0.714285714286,4,90,90,0.7142857142857143,0,0.6874999999999993,10.99999999999999,0.006666999999652035,0.006666999999652035,0.013021099999605212,backbone,both,envelope,90,11.0,0.006354099999953178,False,,,True,2,"cayley,envelope",64,4,RL+Backbone,4
best,C:\Users\erich\Documents\AFRL\Algebraic-Connectivity-Optimization-CDC2026\lite_trials\sweep\resistance_only\checkpoints\best.pt,ppo,3000,C:\Users\erich\Documents\AFRL\Algebraic-Connectivity-Optimization-CDC2026\lite_trials\lite_config.yaml,full,16,0.780952380952,0,97,97,0.780952380952381,1,0.7499999999999996,11.999999999999993,0.001206899999488087,0.001206899999488087,0.0013686000002053333,backbone,envelope_only,envelope,96,12.0,0.00016170000071724644,False,,,False,1,envelope,64,4,RL+Backbone,0
best,C:\Users\erich\Documents\AFRL\Algebraic-Connectivity-Optimization-CDC2026\lite_trials\sweep\resistance_only\checkpoints\best.pt,ppo,3000,C:\Users\erich\Documents\AFRL\Algebraic-Connectivity-Optimization-CDC2026\lite_trials\lite_config.yaml,full,16,0.780952380952,1,97,97,0.780952380952381,1,0.7499999999999996,11.999999999999993,0.00123399999938556,0.00123399999938556,0.0014001999988977332,backbone,envelope_only,envelope,96,12.0,0.00016619999951217324,False,,,False,1,envelope,64,4,RL+Backbone,1
best,C:\Users\erich\Documents\AFRL\Algebraic-Connectivity-Optimization-CDC2026\lite_trials\sweep\resistance_only\checkpoints\best.pt,ppo,3000,C:\Users\erich\Documents\AFRL\Algebraic-Connectivity-Optimization-CDC2026\lite_trials\lite_config.yaml,full,16,0.780952380952,2,97,97,0.780952380952381,1,0.7499999999999996,11.999999999999993,0.0009410000002390007,0.0009410000002390007,0.0010815000005095499,backbone,envelope_only,envelope,96,12.0,0.0001405000002705492,False,,,False,1,envelope,64,4,RL+Backbone,2
best,C:\Users\erich\Documents\AFRL\Algebraic-Connectivity-Optimization-CDC2026\lite_trials\sweep\resistance_only\checkpoints\best.pt,ppo,3000,C:\Users\erich\Documents\AFRL\Algebraic-Connectivity-Optimization-CDC2026\lite_trials\lite_config.yaml,full,16,0.780952380952,3,97,97,0.780952380952381,1,0.7499999999999996,11.999999999999993,0.001209500000186381,0.001209500000186381,0.0013366000002861256,backbone,envelope_only,envelope,96,12.0,0.00012710000009974465,False,,,False,1,envelope,64,4,RL+Backbone,3
best,C:\Users\erich\Documents\AFRL\Algebraic-Connectivity-Optimization-CDC2026\lite_trials\sweep\resistance_only\checkpoints\best.pt,ppo,3000,C:\Users\erich\Documents\AFRL\Algebraic-Connectivity-Optimization-CDC2026\lite_trials\lite_config.yaml,full,16,0.780952380952,4,97,97,0.780952380952381,1,0.7499999999999996,11.999999999999993,0.0011742999995476566,0.0011742999995476566,0.0013599999992948142,backbone,envelope_only,envelope,96,12.0,0.00018569999974715756,False,,,False,1,envelope,64,4,RL+Backbone,4
best,C:\Users\erich\Documents\AFRL\Algebraic-Connectivity-Optimization-CDC2026\lite_trials\sweep\resistance_only\checkpoints\best.pt,ppo,3000,C:\Users\erich\Documents\AFRL\Algebraic-Connectivity-Optimization-CDC2026\lite_trials\lite_config.yaml,full,16,0.847619047619,0,104,104,0.8476190476190476,8,0.8783120534971277,14.052992855954043,0.008457799999632698,0.008457799999632698,0.00861220000024332,backbone,envelope_only,envelope,96,12.0,0.00015440000061062165,False,,,False,1,envelope,64,4,RL+Backbone,0
best,C:\Users\erich\Documents\AFRL\Algebraic-Connectivity-Optimization-CDC2026\lite_trials\sweep\resistance_only\checkpoints\best.pt,ppo,3000,C:\Users\erich\Documents\AFRL\Algebraic-Connectivity-Optimization-CDC2026\lite_trials\lite_config.yaml,full,16,0.847619047619,1,104,104,0.8476190476190476,8,0.8783120534971277,14.052992855954043,0.009195700000418583,0.009195700000418583,0.009435400001166272,backbone,envelope_only,envelope,96,12.0,0.00023970000074768905,False,,,False,1,envelope,64,4,RL+Backbone,1
best,C:\Users\erich\Documents\AFRL\Algebraic-Connectivity-Optimization-CDC2026\lite_trials\sweep\resistance_only\checkpoints\best.pt,ppo,3000,C:\Users\erich\Documents\AFRL\Algebraic-Connectivity-Optimization-CDC2026\lite_trials\lite_config.yaml,full,16,0.847619047619,2,104,104,0.8476190476190476,8,0.8783120534971277,14.052992855954043,0.007687199999963923,0.007687199999963923,0.007880900000600377,backbone,envelope_only,envelope,96,12.0,0.0001937000006364542,False,,,False,1,envelope,64,4,RL+Backbone,2
best,C:\Users\erich\Documents\AFRL\Algebraic-Connectivity-Optimization-CDC2026\lite_trials\sweep\resistance_only\checkpoints\best.pt,ppo,3000,C:\Users\erich\Documents\AFRL\Algebraic-Connectivity-Optimization-CDC2026\lite_trials\lite_config.yaml,full,16,0.847619047619,3,104,104,0.8476190476190476,8,0.8783120534971277,14.052992855954043,0.007675999999264604,0.007675999999264604,0.007863499999984924,backbone,envelope_only,envelope,96,12.0,0.0001875000007203198,False,,,False,1,envelope,64,4,RL+Backbone,3
best,C:\Users\erich\Documents\AFRL\Algebraic-Connectivity-Optimization-CDC2026\lite_trials\sweep\resistance_only\checkpoints\best.pt,ppo,3000,C:\Users\erich\Documents\AFRL\Algebraic-Connectivity-Optimization-CDC2026\lite_trials\lite_config.yaml,full,16,0.847619047619,4,104,104,0.8476190476190476,8,0.8783120534971277,14.052992855954043,0.007042899999760266,0.007042899999760266,0.007224199999654957,backbone,envelope_only,envelope,96,12.0,0.0001812999998946907,False,,,False,1,envelope,64,4,RL+Backbone,4
best,C:\Users\erich\Documents\AFRL\Algebraic-Connectivity-Optimization-CDC2026\lite_trials\sweep\resistance_only\checkpoints\best.pt,ppo,3000,C:\Users\erich\Documents\AFRL\Algebraic-Connectivity-Optimization-CDC2026\lite_trials\lite_config.yaml,full,16,0.92380952381,0,112,112,0.9238095238095239,0,0.8749999999999992,13.999999999999988,9.999985195463523e-08,9.999985195463523e-08,0.00017459999980928842,backbone,envelope_only,envelope,112,14.0,0.00017449999995733378,False,,,False,1,envelope,64,4,RL+Backbone,0
best,C:\Users\erich\Documents\AFRL\Algebraic-Connectivity-Optimization-CDC2026\lite_trials\sweep\resistance_only\checkpoints\best.pt,ppo,3000,C:\Users\erich\Documents\AFRL\Algebraic-Connectivity-Optimization-CDC2026\lite_trials\lite_config.yaml,full,16,0.92380952381,1,112,112,0.9238095238095239,0,0.8749999999999992,13.999999999999988,9.999985195463523e-08,9.999985195463523e-08,0.00014149999969959026,backbone,envelope_only,envelope,112,14.0,0.00014139999984763563,False,,,False,1,envelope,64,4,RL+Backbone,1
best,C:\Users\erich\Documents\AFRL\Algebraic-Connectivity-Optimization-CDC2026\lite_trials\sweep\resistance_only\checkpoints\best.pt,ppo,3000,C:\Users\erich\Documents\AFRL\Algebraic-Connectivity-Optimization-CDC2026\lite_trials\lite_config.yaml,full,16,0.92380952381,2,112,112,0.9238095238095239,0,0.8749999999999992,13.999999999999988,1.00000761449337e-07,1.00000761449337e-07,0.00014790000022912864,backbone,envelope_only,envelope,112,14.0,0.0001477999994676793,False,,,False,1,envelope,64,4,RL+Backbone,2
best,C:\Users\erich\Documents\AFRL\Algebraic-Connectivity-Optimization-CDC2026\lite_trials\sweep\resistance_only\checkpoints\best.pt,ppo,3000,C:\Users\erich\Documents\AFRL\Algebraic-Connectivity-Optimization-CDC2026\lite_trials\lite_config.yaml,full,16,0.92380952381,3,112,112,0.9238095238095239,0,0.8749999999999992,13.999999999999988,2.0000061340397224e-07,2.0000061340397224e-07,0.00018220000038127182,backbone,envelope_only,envelope,112,14.0,0.00018199999976786785,False,,,False,1,envelope,64,4,RL+Backbone,3
best,C:\Users\erich\Documents\AFRL\Algebraic-Connectivity-Optimization-CDC2026\lite_trials\sweep\resistance_only\checkpoints\best.pt,ppo,3000,C:\Users\erich\Documents\AFRL\Algebraic-Connectivity-Optimization-CDC2026\lite_trials\lite_config.yaml,full,16,0.92380952381,4,112,112,0.9238095238095239,0,0.8749999999999992,13.999999999999988,9.999985195463523e-08,9.999985195463523e-08,0.00014069999997445848,backbone,envelope_only,envelope,112,14.0,0.00014060000012250384,False,,,False,1,envelope,64,4,RL+Backbone,4
best,C:\Users\erich\Documents\AFRL\Algebraic-Connectivity-Optimization-CDC2026\lite_trials\sweep\resistance_only\checkpoints\best.pt,ppo,3000,C:\Users\erich\Documents\AFRL\Algebraic-Connectivity-Optimization-CDC2026\lite_trials\lite_config.yaml,full,16,0.990476190476,0,119,119,0.9904761904761905,7,0.999104391648859,15.985670266381744,0.006374699999469158,0.006374699999469158,0.006566999999449763,backbone,envelope_only,envelope,112,14.0,0.0001922999999806052,False,,,False,1,envelope,64,4,RL+Backbone,0
best,C:\Users\erich\Documents\AFRL\Algebraic-Connectivity-Optimization-CDC2026\lite_trials\sweep\resistance_only\checkpoints\best.pt,ppo,3000,C:\Users\erich\Documents\AFRL\Algebraic-Connectivity-Optimization-CDC2026\lite_trials\lite_config.yaml,full,16,0.990476190476,1,119,119,0.9904761904761905,7,0.999104391648859,15.985670266381744,0.007873300000028394,0.007873300000028394,0.008025199999792676,backbone,envelope_only,envelope,112,14.0,0.00015189999976428226,False,,,False,1,envelope,64,4,RL+Backbone,1
best,C:\Users\erich\Documents\AFRL\Algebraic-Connectivity-Optimization-CDC2026\lite_trials\sweep\resistance_only\checkpoints\best.pt,ppo,3000,C:\Users\erich\Documents\AFRL\Algebraic-Connectivity-Optimization-CDC2026\lite_trials\lite_config.yaml,full,16,0.990476190476,2,119,119,0.9904761904761905,7,0.999104391648859,15.985670266381744,0.009398799999871699,0.009398799999871699,0.0096717999995235,backbone,envelope_only,envelope,112,14.0,0.00027299999965180177,False,,,False,1,envelope,64,4,RL+Backbone,2
best,C:\Users\erich\Documents\AFRL\Algebraic-Connectivity-Optimization-CDC2026\lite_trials\sweep\resistance_only\checkpoints\best.pt,ppo,3000,C:\Users\erich\Documents\AFRL\Algebraic-Connectivity-Optimization-CDC2026\lite_trials\lite_config.yaml,full,16,0.990476190476,3,119,119,0.9904761904761905,7,0.999104391648859,15.985670266381744,0.00684220000039204,0.00684220000039204,0.007158200000048964,backbone,envelope_only,envelope,112,14.0,0.00031599999965692405,False,,,False,1,envelope,64,4,RL+Backbone,3
best,C:\Users\erich\Documents\AFRL\Algebraic-Connectivity-Optimization-CDC2026\lite_trials\sweep\resistance_only\checkpoints\best.pt,ppo,3000,C:\Users\erich\Documents\AFRL\Algebraic-Connectivity-Optimization-CDC2026\lite_trials\lite_config.yaml,full,16,0.990476190476,4,119,119,0.9904761904761905,7,0.999104391648859,15.985670266381744,0.007986399999936111,0.007986399999936111,0.008138199999848439,backbone,envelope_only,envelope,112,14.0,0.00015179999991232762,False,,,False,1,envelope,64,4,RL+Backbone,4
best,C:\Users\erich\Documents\AFRL\Algebraic-Connectivity-Optimization-CDC2026\lite_trials\sweep\resistance_only\checkpoints\best.pt,ppo,3000,C:\Users\erich\Documents\AFRL\Algebraic-Connectivity-Optimization-CDC2026\lite_trials\lite_config.yaml,full,24,0.00395256917,0,24,24,0.003952569169960474,1,0.011085036871837711,0.26604088492410505,0.0035809999999401043,0.0035809999999401043,0.0035809999999401043,path,path,path,23,0.0,0.0,False,,,False,1,path,64,4,RL+Path,0
best,C:\Users\erich\Documents\AFRL\Algebraic-Connectivity-Optimization-CDC2026\lite_trials\sweep\resistance_only\checkpoints\best.pt,ppo,3000,C:\Users\erich\Documents\AFRL\Algebraic-Connectivity-Optimization-CDC2026\lite_trials\lite_config.yaml,full,24,0.00395256917,1,24,24,0.003952569169960474,1,0.011085036871837711,0.26604088492410505,0.0013656000000992208,0.0013656000000992208,0.0013656000000992208,path,path,path,23,0.0,0.0,False,,,False,1,path,64,4,RL+Path,1
best,C:\Users\erich\Documents\AFRL\Algebraic-Connectivity-Optimization-CDC2026\lite_trials\sweep\resistance_only\checkpoints\best.pt,ppo,3000,C:\Users\erich\Documents\AFRL\Algebraic-Connectivity-Optimization-CDC2026\lite_trials\lite_config.yaml,full,24,0.00395256917,2,24,24,0.003952569169960474,1,0.011085036871837711,0.26604088492410505,0.0009775000007721246,0.0009775000007721246,0.0009775000007721246,path,path,path,23,0.0,0.0,False,,,False,1,path,64,4,RL+Path,2
best,C:\Users\erich\Documents\AFRL\Algebraic-Connectivity-Optimization-CDC2026\lite_trials\sweep\resistance_only\checkpoints\best.pt,ppo,3000,C:\Users\erich\Documents\AFRL\Algebraic-Connectivity-Optimization-CDC2026\lite_trials\lite_config.yaml,full,24,0.00395256917,3,24,24,0.003952569169960474,1,0.011085036871837711,0.26604088492410505,0.0009661999993113568,0.0009661999993113568,0.0009661999993113568,path,path,path,23,0.0,0.0,False,,,False,1,path,64,4,RL+Path,3
best,C:\Users\erich\Documents\AFRL\Algebraic-Connectivity-Optimization-CDC2026\lite_trials\sweep\resistance_only\checkpoints\best.pt,ppo,3000,C:\Users\erich\Documents\AFRL\Algebraic-Connectivity-Optimization-CDC2026\lite_trials\lite_config.yaml,full,24,0.00395256917,4,24,24,0.003952569169960474,1,0.011085036871837711,0.26604088492410505,0.0009683000007498777,0.0009683000007498777,0.0009683000007498777,path,path,path,23,0.0,0.0,False,,,False,1,path,64,4,RL+Path,4
best,C:\Users\erich\Documents\AFRL\Algebraic-Connectivity-Optimization-CDC2026\lite_trials\sweep\resistance_only\checkpoints\best.pt,ppo,3000,C:\Users\erich\Documents\AFRL\Algebraic-Connectivity-Optimization-CDC2026\lite_trials\lite_config.yaml,full,24,0.075098814229,0,42,42,0.07509881422924901,19,0.21160815186144769,5.078595644674745,0.019032100000003993,0.019032100000003993,0.019032100000003993,path,path,path,23,0.0,0.0,False,,,False,1,path,64,4,RL+Path,0
best,C:\Users\erich\Documents\AFRL\Algebraic-Connectivity-Optimization-CDC2026\lite_trials\sweep\resistance_only\checkpoints\best.pt,ppo,3000,C:\Users\erich\Documents\AFRL\Algebraic-Connectivity-Optimization-CDC2026\lite_trials\lite_config.yaml,full,24,0.075098814229,1,42,42,0.07509881422924901,19,0.21160815186144769,5.078595644674745,0.017663900000115973,0.017663900000115973,0.017663900000115973,path,path,path,23,0.0,0.0,False,,,False,1,path,64,4,RL+Path,1
best,C:\Users\erich\Documents\AFRL\Algebraic-Connectivity-Optimization-CDC2026\lite_trials\sweep\resistance_only\checkpoints\best.pt,ppo,3000,C:\Users\erich\Documents\AFRL\Algebraic-Connectivity-Optimization-CDC2026\lite_trials\lite_config.yaml,full,24,0.075098814229,2,42,42,0.07509881422924901,19,0.21160815186144769,5.078595644674745,0.0190798999992694,0.0190798999992694,0.0190798999992694,path,path,path,23,0.0,0.0,False,,,False,1,path,64,4,RL+Path,2
best,C:\Users\erich\Documents\AFRL\Algebraic-Connectivity-Optimization-CDC2026\lite_trials\sweep\resistance_only\checkpoints\best.pt,ppo,3000,C:\Users\erich\Documents\AFRL\Algebraic-Connectivity-Optimization-CDC2026\lite_trials\lite_config.yaml,full,24,0.075098814229,3,42,42,0.07509881422924901,19,0.21160815186144769,5.078595644674745,0.016796400000202993,0.016796400000202993,0.016796400000202993,path,path,path,23,0.0,0.0,False,,,False,1,path,64,4,RL+Path,3
best,C:\Users\erich\Documents\AFRL\Algebraic-Connectivity-Optimization-CDC2026\lite_trials\sweep\resistance_only\checkpoints\best.pt,ppo,3000,C:\Users\erich\Documents\AFRL\Algebraic-Connectivity-Optimization-CDC2026\lite_trials\lite_config.yaml,full,24,0.075098814229,4,42,42,0.07509881422924901,19,0.21160815186144769,5.078595644674745,0.018119600000318314,0.018119600000318314,0.018119600000318314,path,path,path,23,0.0,0.0,False,,,False,1,path,64,4,RL+Path,4
best,C:\Users\erich\Documents\AFRL\Algebraic-Connectivity-Optimization-CDC2026\lite_trials\sweep\resistance_only\checkpoints\best.pt,ppo,3000,C:\Users\erich\Documents\AFRL\Algebraic-Connectivity-Optimization-CDC2026\lite_trials\lite_config.yaml,full,24,0.146245059289,0,60,60,0.14624505928853754,37,0.07134795342746202,1.7123508822590883,0.037552799999502895,0.037552799999502895,0.037552799999502895,path,path,path,23,0.0,0.0,False,,,False,1,path,64,4,RL+Path,0
best,C:\Users\erich\Documents\AFRL\Algebraic-Connectivity-Optimization-CDC2026\lite_trials\sweep\resistance_only\checkpoints\best.pt,ppo,3000,C:\Users\erich\Documents\AFRL\Algebraic-Connectivity-Optimization-CDC2026\lite_trials\lite_config.yaml,full,24,0.146245059289,1,60,60,0.14624505928853754,37,0.07134795342746202,1.7123508822590883,0.03654830000050424,0.03654830000050424,0.03654830000050424,path,path,path,23,0.0,0.0,False,,,False,1,path,64,4,RL+Path,1
best,C:\Users\erich\Documents\AFRL\Algebraic-Connectivity-Optimization-CDC2026\lite_trials\sweep\resistance_only\checkpoints\best.pt,ppo,3000,C:\Users\erich\Documents\AFRL\Algebraic-Connectivity-Optimization-CDC2026\lite_trials\lite_config.yaml,full,24,0.146245059289,2,60,60,0.14624505928853754,37,0.07134795342746202,1.7123508822590883,0.04434499999933905,0.04434499999933905,0.04434499999933905,path,path,path,23,0.0,0.0,False,,,False,1,path,64,4,RL+Path,2
best,C:\Users\erich\Documents\AFRL\Algebraic-Connectivity-Optimization-CDC2026\lite_trials\sweep\resistance_only\checkpoints\best.pt,ppo,3000,C:\Users\erich\Documents\AFRL\Algebraic-Connectivity-Optimization-CDC2026\lite_trials\lite_config.yaml,full,24,0.146245059289,3,60,60,0.14624505928853754,37,0.07134795342746202,1.7123508822590883,0.04113640000014129,0.04113640000014129,0.04113640000014129,path,path,path,23,0.0,0.0,False,,,False,1,path,64,4,RL+Path,3
best,C:\Users\erich\Documents\AFRL\Algebraic-Connectivity-Optimization-CDC2026\lite_trials\sweep\resistance_only\checkpoints\best.pt,ppo,3000,C:\Users\erich\Documents\AFRL\Algebraic-Connectivity-Optimization-CDC2026\lite_trials\lite_config.yaml,full,24,0.146245059289,4,60,60,0.14624505928853754,37,0.07134795342746202,1.7123508822590883,0.0415008999998463,0.0415008999998463,0.0415008999998463,path,path,path,23,0.0,0.0,False,,,False,1,path,64,4,RL+Path,4
best,C:\Users\erich\Documents\AFRL\Algebraic-Connectivity-Optimization-CDC2026\lite_trials\sweep\resistance_only\checkpoints\best.pt,ppo,3000,C:\Users\erich\Documents\AFRL\Algebraic-Connectivity-Optimization-CDC2026\lite_trials\lite_config.yaml,full,24,0.217391304348,0,78,78,0.21739130434782608,55,0.2744795552969513,6.587509327126831,0.09625529999993887,0.09625529999993887,0.09625529999993887,path,path,path,23,0.0,0.0,False,,,False,1,path,64,4,RL+Path,0
best,C:\Users\erich\Documents\AFRL\Algebraic-Connectivity-Optimization-CDC2026\lite_trials\sweep\resistance_only\checkpoints\best.pt,ppo,3000,C:\Users\erich\Documents\AFRL\Algebraic-Connectivity-Optimization-CDC2026\lite_trials\lite_config.yaml,full,24,0.217391304348,1,78,78,0.21739130434782608,55,0.2744795552969513,6.587509327126831,0.06323669999983395,0.06323669999983395,0.06323669999983395,path,path,path,23,0.0,0.0,False,,,False,1,path,64,4,RL+Path,1
best,C:\Users\erich\Documents\AFRL\Algebraic-Connectivity-Optimization-CDC2026\lite_trials\sweep\resistance_only\checkpoints\best.pt,ppo,3000,C:\Users\erich\Documents\AFRL\Algebraic-Connectivity-Optimization-CDC2026\lite_trials\lite_config.yaml,full,24,0.217391304348,2,78,78,0.21739130434782608,55,0.2744795552969513,6.587509327126831,0.056538100000580016,0.056538100000580016,0.056538100000580016,path,path,path,23,0.0,0.0,False,,,False,1,path,64,4,RL+Path,2
best,C:\Users\erich\Documents\AFRL\Algebraic-Connectivity-Optimization-CDC2026\lite_trials\sweep\resistance_only\checkpoints\best.pt,ppo,3000,C:\Users\erich\Documents\AFRL\Algebraic-Connectivity-Optimization-CDC2026\lite_trials\lite_config.yaml,full,24,0.217391304348,3,78,78,0.21739130434782608,55,0.2744795552969513,6.587509327126831,0.05588640000041778,0.05588640000041778,0.05588640000041778,path,path,path,23,0.0,0.0,False,,,False,1,path,64,4,RL+Path,3
best,C:\Users\erich\Documents\AFRL\Algebraic-Connectivity-Optimization-CDC2026\lite_trials\sweep\resistance_only\checkpoints\best.pt,ppo,3000,C:\Users\erich\Documents\AFRL\Algebraic-Connectivity-Optimization-CDC2026\lite_trials\lite_config.yaml,full,24,0.217391304348,4,78,78,0.21739130434782608,55,0.2744795552969513,6.587509327126831,0.06139179999991029,0.06139179999991029,0.06139179999991029,path,path,path,23,0.0,0.0,False,,,False,1,path,64,4,RL+Path,4
best,C:\Users\erich\Documents\AFRL\Algebraic-Connectivity-Optimization-CDC2026\lite_trials\sweep\resistance_only\checkpoints\best.pt,ppo,3000,C:\Users\erich\Documents\AFRL\Algebraic-Connectivity-Optimization-CDC2026\lite_trials\lite_config.yaml,full,24,0.288537549407,0,96,96,0.2885375494071146,73,0.2573813341368114,6.177152019283474,0.10719799999969837,0.10719799999969837,0.10719799999969837,path,path,path,23,0.0,0.0,False,,,False,1,path,64,4,RL+Path,0
best,C:\Users\erich\Documents\AFRL\Algebraic-Connectivity-Optimization-CDC2026\lite_trials\sweep\resistance_only\checkpoints\best.pt,ppo,3000,C:\Users\erich\Documents\AFRL\Algebraic-Connectivity-Optimization-CDC2026\lite_trials\lite_config.yaml,full,24,0.288537549407,1,96,96,0.2885375494071146,73,0.2573813341368114,6.177152019283474,0.08830560000023979,0.08830560000023979,0.08830560000023979,path,path,path,23,0.0,0.0,False,,,False,1,path,64,4,RL+Path,1
best,C:\Users\erich\Documents\AFRL\Algebraic-Connectivity-Optimization-CDC2026\lite_trials\sweep\resistance_only\checkpoints\best.pt,ppo,3000,C:\Users\erich\Documents\AFRL\Algebraic-Connectivity-Optimization-CDC2026\lite_trials\lite_config.yaml,full,24,0.288537549407,2,96,96,0.2885375494071146,73,0.2573813341368114,6.177152019283474,0.07522760000028939,0.07522760000028939,0.07522760000028939,path,path,path,23,0.0,0.0,False,,,False,1,path,64,4,RL+Path,2
best,C:\Users\erich\Documents\AFRL\Algebraic-Connectivity-Optimization-CDC2026\lite_trials\sweep\resistance_only\checkpoints\best.pt,ppo,3000,C:\Users\erich\Documents\AFRL\Algebraic-Connectivity-Optimization-CDC2026\lite_trials\lite_config.yaml,full,24,0.288537549407,3,96,96,0.2885375494071146,73,0.2573813341368114,6.177152019283474,0.07838300000003073,0.07838300000003073,0.07838300000003073,path,path,path,23,0.0,0.0,False,,,False,1,path,64,4,RL+Path,3
best,C:\Users\erich\Documents\AFRL\Algebraic-Connectivity-Optimization-CDC2026\lite_trials\sweep\resistance_only\checkpoints\best.pt,ppo,3000,C:\Users\erich\Documents\AFRL\Algebraic-Connectivity-Optimization-CDC2026\lite_trials\lite_config.yaml,full,24,0.288537549407,4,96,96,0.2885375494071146,73,0.2573813341368114,6.177152019283474,0.0708492000003389,0.0708492000003389,0.0708492000003389,path,path,path,23,0.0,0.0,False,,,False,1,path,64,4,RL+Path,4
best,C:\Users\erich\Documents\AFRL\Algebraic-Connectivity-Optimization-CDC2026\lite_trials\sweep\resistance_only\checkpoints\best.pt,ppo,3000,C:\Users\erich\Documents\AFRL\Algebraic-Connectivity-Optimization-CDC2026\lite_trials\lite_config.yaml,full,24,0.359683794466,0,114,114,0.35968379446640314,91,0.4292520904261888,10.302050170228531,0.09156030000031024,0.09156030000031024,0.09156030000031024,path,path,path,23,0.0,0.0,False,,,False,1,path,64,4,RL+Path,0
best,C:\Users\erich\Documents\AFRL\Algebraic-Connectivity-Optimization-CDC2026\lite_trials\sweep\resistance_only\checkpoints\best.pt,ppo,3000,C:\Users\erich\Documents\AFRL\Algebraic-Connectivity-Optimization-CDC2026\lite_trials\lite_config.yaml,full,24,0.359683794466,1,114,114,0.35968379446640314,91,0.4292520904261888,10.302050170228531,0.08861780000006547,0.08861780000006547,0.08861780000006547,path,path,path,23,0.0,0.0,False,,,False,1,path,64,4,RL+Path,1
best,C:\Users\erich\Documents\AFRL\Algebraic-Connectivity-Optimization-CDC2026\lite_trials\sweep\resistance_only\checkpoints\best.pt,ppo,3000,C:\Users\erich\Documents\AFRL\Algebraic-Connectivity-Optimization-CDC2026\lite_trials\lite_config.yaml,full,24,0.359683794466,2,114,114,0.35968379446640314,91,0.4292520904261888,10.302050170228531,0.09017409999978554,0.09017409999978554,0.09017409999978554,path,path,path,23,0.0,0.0,False,,,False,1,path,64,4,RL+Path,2
best,C:\Users\erich\Documents\AFRL\Algebraic-Connectivity-Optimization-CDC2026\lite_trials\sweep\resistance_only\checkpoints\best.pt,ppo,3000,C:\Users\erich\Documents\AFRL\Algebraic-Connectivity-Optimization-CDC2026\lite_trials\lite_config.yaml,full,24,0.359683794466,3,114,114,0.35968379446640314,91,0.4292520904261888,10.302050170228531,0.08596090000082768,0.08596090000082768,0.08596090000082768,path,path,path,23,0.0,0.0,False,,,False,1,path,64,4,RL+Path,3
best,C:\Users\erich\Documents\AFRL\Algebraic-Connectivity-Optimization-CDC2026\lite_trials\sweep\resistance_only\checkpoints\best.pt,ppo,3000,C:\Users\erich\Documents\AFRL\Algebraic-Connectivity-Optimization-CDC2026\lite_trials\lite_config.yaml,full,24,0.359683794466,4,114,114,0.35968379446640314,91,0.4292520904261888,10.302050170228531,0.08820100000048114,0.08820100000048114,0.08820100000048114,path,path,path,23,0.0,0.0,False,,,False,1,path,64,4,RL+Path,4
best,C:\Users\erich\Documents\AFRL\Algebraic-Connectivity-Optimization-CDC2026\lite_trials\sweep\resistance_only\checkpoints\best.pt,ppo,3000,C:\Users\erich\Documents\AFRL\Algebraic-Connectivity-Optimization-CDC2026\lite_trials\lite_config.yaml,full,24,0.430830039526,0,132,132,0.4308300395256917,109,0.6983192157669055,16.759661178405732,0.12364859999979672,0.12364859999979672,0.12364859999979672,path,path,path,23,0.0,0.0,False,,,False,1,path,64,4,RL+Path,0
best,C:\Users\erich\Documents\AFRL\Algebraic-Connectivity-Optimization-CDC2026\lite_trials\sweep\resistance_only\checkpoints\best.pt,ppo,3000,C:\Users\erich\Documents\AFRL\Algebraic-Connectivity-Optimization-CDC2026\lite_trials\lite_config.yaml,full,24,0.430830039526,1,132,132,0.4308300395256917,109,0.6983192157669055,16.759661178405732,0.10676990000047226,0.10676990000047226,0.10676990000047226,path,path,path,23,0.0,0.0,False,,,False,1,path,64,4,RL+Path,1
best,C:\Users\erich\Documents\AFRL\Algebraic-Connectivity-Optimization-CDC2026\lite_trials\sweep\resistance_only\checkpoints\best.pt,ppo,3000,C:\Users\erich\Documents\AFRL\Algebraic-Connectivity-Optimization-CDC2026\lite_trials\lite_config.yaml,full,24,0.430830039526,2,132,132,0.4308300395256917,109,0.6983192157669055,16.759661178405732,0.10366390000035608,0.10366390000035608,0.10366390000035608,path,path,path,23,0.0,0.0,False,,,False,1,path,64,4,RL+Path,2
best,C:\Users\erich\Documents\AFRL\Algebraic-Connectivity-Optimization-CDC2026\lite_trials\sweep\resistance_only\checkpoints\best.pt,ppo,3000,C:\Users\erich\Documents\AFRL\Algebraic-Connectivity-Optimization-CDC2026\lite_trials\lite_config.yaml,full,24,0.430830039526,3,132,132,0.4308300395256917,109,0.6983192157669055,16.759661178405732,0.1215026999998372,0.1215026999998372,0.1215026999998372,path,path,path,23,0.0,0.0,False,,,False,1,path,64,4,RL+Path,3
best,C:\Users\erich\Documents\AFRL\Algebraic-Connectivity-Optimization-CDC2026\lite_trials\sweep\resistance_only\checkpoints\best.pt,ppo,3000,C:\Users\erich\Documents\AFRL\Algebraic-Connectivity-Optimization-CDC2026\lite_trials\lite_config.yaml,full,24,0.430830039526,4,132,132,0.4308300395256917,109,0.6983192157669055,16.759661178405732,0.11460240000087651,0.11460240000087651,0.11460240000087651,path,path,path,23,0.0,0.0,False,,,False,1,path,64,4,RL+Path,4
best,C:\Users\erich\Documents\AFRL\Algebraic-Connectivity-Optimization-CDC2026\lite_trials\sweep\resistance_only\checkpoints\best.pt,ppo,3000,C:\Users\erich\Documents\AFRL\Algebraic-Connectivity-Optimization-CDC2026\lite_trials\lite_config.yaml,full,24,0.498023715415,0,149,149,0.4980237154150198,126,0.8515301081308794,20.436722595141106,0.13104099999964092,0.13104099999964092,0.13104099999964092,path,path,path,23,0.0,0.0,False,,,False,1,path,64,4,RL+Path,0
best,C:\Users\erich\Documents\AFRL\Algebraic-Connectivity-Optimization-CDC2026\lite_trials\sweep\resistance_only\checkpoints\best.pt,ppo,3000,C:\Users\erich\Documents\AFRL\Algebraic-Connectivity-Optimization-CDC2026\lite_trials\lite_config.yaml,full,24,0.498023715415,1,149,149,0.4980237154150198,126,0.8515301081308794,20.436722595141106,0.12633280000045488,0.12633280000045488,0.12633280000045488,path,path,path,23,0.0,0.0,False,,,False,1,path,64,4,RL+Path,1
best,C:\Users\erich\Documents\AFRL\Algebraic-Connectivity-Optimization-CDC2026\lite_trials\sweep\resistance_only\checkpoints\best.pt,ppo,3000,C:\Users\erich\Documents\AFRL\Algebraic-Connectivity-Optimization-CDC2026\lite_trials\lite_config.yaml,full,24,0.498023715415,2,149,149,0.4980237154150198,126,0.8515301081308794,20.436722595141106,0.12457799999992858,0.12457799999992858,0.12457799999992858,path,path,path,23,0.0,0.0,False,,,False,1,path,64,4,RL+Path,2
best,C:\Users\erich\Documents\AFRL\Algebraic-Connectivity-Optimization-CDC2026\lite_trials\sweep\resistance_only\checkpoints\best.pt,ppo,3000,C:\Users\erich\Documents\AFRL\Algebraic-Connectivity-Optimization-CDC2026\lite_trials\lite_config.yaml,full,24,0.498023715415,3,149,149,0.4980237154150198,126,0.8515301081308794,20.436722595141106,0.1218922999996721,0.1218922999996721,0.1218922999996721,path,path,path,23,0.0,0.0,False,,,False,1,path,64,4,RL+Path,3
best,C:\Users\erich\Documents\AFRL\Algebraic-Connectivity-Optimization-CDC2026\lite_trials\sweep\resistance_only\checkpoints\best.pt,ppo,3000,C:\Users\erich\Documents\AFRL\Algebraic-Connectivity-Optimization-CDC2026\lite_trials\lite_config.yaml,full,24,0.498023715415,4,149,149,0.4980237154150198,126,0.8515301081308794,20.436722595141106,0.12275080000017624,0.12275080000017624,0.12275080000017624,path,path,path,23,0.0,0.0,False,,,False,1,path,64,4,RL+Path,4
best,C:\Users\erich\Documents\AFRL\Algebraic-Connectivity-Optimization-CDC2026\lite_trials\sweep\resistance_only\checkpoints\best.pt,ppo,3000,C:\Users\erich\Documents\AFRL\Algebraic-Connectivity-Optimization-CDC2026\lite_trials\lite_config.yaml,full,24,0.569169960474,0,167,167,0.5691699604743083,144,0.847676479433237,20.344235506397688,0.14648400000078254,0.14648400000078254,0.14648400000078254,path,path,path,23,0.0,0.0,False,,,False,1,path,64,4,RL+Path,0
best,C:\Users\erich\Documents\AFRL\Algebraic-Connectivity-Optimization-CDC2026\lite_trials\sweep\resistance_only\checkpoints\best.pt,ppo,3000,C:\Users\erich\Documents\AFRL\Algebraic-Connectivity-Optimization-CDC2026\lite_trials\lite_config.yaml,full,24,0.569169960474,1,167,167,0.5691699604743083,144,0.847676479433237,20.344235506397688,0.15055740000025253,0.15055740000025253,0.15055740000025253,path,path,path,23,0.0,0.0,False,,,False,1,path,64,4,RL+Path,1
best,C:\Users\erich\Documents\AFRL\Algebraic-Connectivity-Optimization-CDC2026\lite_trials\sweep\resistance_only\checkpoints\best.pt,ppo,3000,C:\Users\erich\Documents\AFRL\Algebraic-Connectivity-Optimization-CDC2026\lite_trials\lite_config.yaml,full,24,0.569169960474,2,167,167,0.5691699604743083,144,0.847676479433237,20.344235506397688,0.14557259999946837,0.14557259999946837,0.14557259999946837,path,path,path,23,0.0,0.0,False,,,False,1,path,64,4,RL+Path,2
best,C:\Users\erich\Documents\AFRL\Algebraic-Connectivity-Optimization-CDC2026\lite_trials\sweep\resistance_only\checkpoints\best.pt,ppo,3000,C:\Users\erich\Documents\AFRL\Algebraic-Connectivity-Optimization-CDC2026\lite_trials\lite_config.yaml,full,24,0.569169960474,3,167,167,0.5691699604743083,144,0.847676479433237,20.344235506397688,0.145067200000085,0.145067200000085,0.145067200000085,path,path,path,23,0.0,0.0,False,,,False,1,path,64,4,RL+Path,3
best,C:\Users\erich\Documents\AFRL\Algebraic-Connectivity-Optimization-CDC2026\lite_trials\sweep\resistance_only\checkpoints\best.pt,ppo,3000,C:\Users\erich\Documents\AFRL\Algebraic-Connectivity-Optimization-CDC2026\lite_trials\lite_config.yaml,full,24,0.569169960474,4,167,167,0.5691699604743083,144,0.847676479433237,20.344235506397688,0.15732539999953588,0.15732539999953588,0.15732539999953588,path,path,path,23,0.0,0.0,False,,,False,1,path,64,4,RL+Path,4
best,C:\Users\erich\Documents\AFRL\Algebraic-Connectivity-Optimization-CDC2026\lite_trials\sweep\resistance_only\checkpoints\best.pt,ppo,3000,C:\Users\erich\Documents\AFRL\Algebraic-Connectivity-Optimization-CDC2026\lite_trials\lite_config.yaml,full,24,0.640316205534,0,185,185,0.6403162055335968,162,0.4476859584717356,10.744463003321654,0.16427130000010948,0.16427130000010948,0.16427130000010948,path,path,path,23,0.0,0.0,False,,,False,1,path,64,4,RL+Path,0
best,C:\Users\erich\Documents\AFRL\Algebraic-Connectivity-Optimization-CDC2026\lite_trials\sweep\resistance_only\checkpoints\best.pt,ppo,3000,C:\Users\erich\Documents\AFRL\Algebraic-Connectivity-Optimization-CDC2026\lite_trials\lite_config.yaml,full,24,0.640316205534,1,185,185,0.6403162055335968,162,0.4476859584717356,10.744463003321654,0.15971780000018043,0.15971780000018043,0.15971780000018043,path,path,path,23,0.0,0.0,False,,,False,1,path,64,4,RL+Path,1
best,C:\Users\erich\Documents\AFRL\Algebraic-Connectivity-Optimization-CDC2026\lite_trials\sweep\resistance_only\checkpoints\best.pt,ppo,3000,C:\Users\erich\Documents\AFRL\Algebraic-Connectivity-Optimization-CDC2026\lite_trials\lite_config.yaml,full,24,0.640316205534,2,185,185,0.6403162055335968,162,0.4476859584717356,10.744463003321654,0.16096209999977873,0.16096209999977873,0.16096209999977873,path,path,path,23,0.0,0.0,False,,,False,1,path,64,4,RL+Path,2
best,C:\Users\erich\Documents\AFRL\Algebraic-Connectivity-Optimization-CDC2026\lite_trials\sweep\resistance_only\checkpoints\best.pt,ppo,3000,C:\Users\erich\Documents\AFRL\Algebraic-Connectivity-Optimization-CDC2026\lite_trials\lite_config.yaml,full,24,0.640316205534,3,185,185,0.6403162055335968,162,0.4476859584717356,10.744463003321654,0.1597975000004226,0.1597975000004226,0.1597975000004226,path,path,path,23,0.0,0.0,False,,,False,1,path,64,4,RL+Path,3
best,C:\Users\erich\Documents\AFRL\Algebraic-Connectivity-Optimization-CDC2026\lite_trials\sweep\resistance_only\checkpoints\best.pt,ppo,3000,C:\Users\erich\Documents\AFRL\Algebraic-Connectivity-Optimization-CDC2026\lite_trials\lite_config.yaml,full,24,0.640316205534,4,185,185,0.6403162055335968,162,0.4476859584717356,10.744463003321654,0.1656052999996973,0.1656052999996973,0.1656052999996973,path,path,path,23,0.0,0.0,False,,,False,1,path,64,4,RL+Path,4
best,C:\Users\erich\Documents\AFRL\Algebraic-Connectivity-Optimization-CDC2026\lite_trials\sweep\resistance_only\checkpoints\best.pt,ppo,3000,C:\Users\erich\Documents\AFRL\Algebraic-Connectivity-Optimization-CDC2026\lite_trials\lite_config.yaml,full,24,0.711462450593,0,203,203,0.7114624505928854,180,0.8259690433368942,19.823257040085462,0.17506219999995665,0.17506219999995665,0.17506219999995665,path,path,path,23,0.0,0.0,False,,,False,1,path,64,4,RL+Path,0
best,C:\Users\erich\Documents\AFRL\Algebraic-Connectivity-Optimization-CDC2026\lite_trials\sweep\resistance_only\checkpoints\best.pt,ppo,3000,C:\Users\erich\Documents\AFRL\Algebraic-Connectivity-Optimization-CDC2026\lite_trials\lite_config.yaml,full,24,0.711462450593,1,203,203,0.7114624505928854,180,0.8259690433368942,19.823257040085462,0.17803900000035355,0.17803900000035355,0.17803900000035355,path,path,path,23,0.0,0.0,False,,,False,1,path,64,4,RL+Path,1
best,C:\Users\erich\Documents\AFRL\Algebraic-Connectivity-Optimization-CDC2026\lite_trials\sweep\resistance_only\checkpoints\best.pt,ppo,3000,C:\Users\erich\Documents\AFRL\Algebraic-Connectivity-Optimization-CDC2026\lite_trials\lite_config.yaml,full,24,0.711462450593,2,203,203,0.7114624505928854,180,0.8259690433368942,19.823257040085462,0.18262719999984256,0.18262719999984256,0.18262719999984256,path,path,path,23,0.0,0.0,False,,,False,1,path,64,4,RL+Path,2
best,C:\Users\erich\Documents\AFRL\Algebraic-Connectivity-Optimization-CDC2026\lite_trials\sweep\resistance_only\checkpoints\best.pt,ppo,3000,C:\Users\erich\Documents\AFRL\Algebraic-Connectivity-Optimization-CDC2026\lite_trials\lite_config.yaml,full,24,0.711462450593,3,203,203,0.7114624505928854,180,0.8259690433368942,19.823257040085462,0.17692100000022037,0.17692100000022037,0.17692100000022037,path,path,path,23,0.0,0.0,False,,,False,1,path,64,4,RL+Path,3
best,C:\Users\erich\Documents\AFRL\Algebraic-Connectivity-Optimization-CDC2026\lite_trials\sweep\resistance_only\checkpoints\best.pt,ppo,3000,C:\Users\erich\Documents\AFRL\Algebraic-Connectivity-Optimization-CDC2026\lite_trials\lite_config.yaml,full,24,0.711462450593,4,203,203,0.7114624505928854,180,0.8259690433368942,19.823257040085462,0.17880530000002182,0.17880530000002182,0.17880530000002182,path,path,path,23,0.0,0.0,False,,,False,1,path,64,4,RL+Path,4
best,C:\Users\erich\Documents\AFRL\Algebraic-Connectivity-Optimization-CDC2026\lite_trials\sweep\resistance_only\checkpoints\best.pt,ppo,3000,C:\Users\erich\Documents\AFRL\Algebraic-Connectivity-Optimization-CDC2026\lite_trials\lite_config.yaml,full,24,0.782608695652,0,221,221,0.782608695652174,198,0.7105548112127912,17.053315469106987,0.1993309000008594,0.1993309000008594,0.1993309000008594,path,path,path,23,0.0,0.0,False,,,False,1,path,64,4,RL+Path,0
best,C:\Users\erich\Documents\AFRL\Algebraic-Connectivity-Optimization-CDC2026\lite_trials\sweep\resistance_only\checkpoints\best.pt,ppo,3000,C:\Users\erich\Documents\AFRL\Algebraic-Connectivity-Optimization-CDC2026\lite_trials\lite_config.yaml,full,24,0.782608695652,1,221,221,0.782608695652174,198,0.7105548112127912,17.053315469106987,0.19830259999980626,0.19830259999980626,0.19830259999980626,path,path,path,23,0.0,0.0,False,,,False,1,path,64,4,RL+Path,1
best,C:\Users\erich\Documents\AFRL\Algebraic-Connectivity-Optimization-CDC2026\lite_trials\sweep\resistance_only\checkpoints\best.pt,ppo,3000,C:\Users\erich\Documents\AFRL\Algebraic-Connectivity-Optimization-CDC2026\lite_trials\lite_config.yaml,full,24,0.782608695652,2,221,221,0.782608695652174,198,0.7105548112127912,17.053315469106987,0.24777910000011616,0.24777910000011616,0.24777910000011616,path,path,path,23,0.0,0.0,False,,,False,1,path,64,4,RL+Path,2
best,C:\Users\erich\Documents\AFRL\Algebraic-Connectivity-Optimization-CDC2026\lite_trials\sweep\resistance_only\checkpoints\best.pt,ppo,3000,C:\Users\erich\Documents\AFRL\Algebraic-Connectivity-Optimization-CDC2026\lite_trials\lite_config.yaml,full,24,0.782608695652,3,221,221,0.782608695652174,198,0.7105548112127912,17.053315469106987,0.2085042999997313,0.2085042999997313,0.2085042999997313,path,path,path,23,0.0,0.0,False,,,False,1,path,64,4,RL+Path,3
best,C:\Users\erich\Documents\AFRL\Algebraic-Connectivity-Optimization-CDC2026\lite_trials\sweep\resistance_only\checkpoints\best.pt,ppo,3000,C:\Users\erich\Documents\AFRL\Algebraic-Connectivity-Optimization-CDC2026\lite_trials\lite_config.yaml,full,24,0.782608695652,4,221,221,0.782608695652174,198,0.7105548112127912,17.053315469106987,0.21277589999954216,0.21277589999954216,0.21277589999954216,path,path,path,23,0.0,0.0,False,,,False,1,path,64,4,RL+Path,4
best,C:\Users\erich\Documents\AFRL\Algebraic-Connectivity-Optimization-CDC2026\lite_trials\sweep\resistance_only\checkpoints\best.pt,ppo,3000,C:\Users\erich\Documents\AFRL\Algebraic-Connectivity-Optimization-CDC2026\lite_trials\lite_config.yaml,full,24,0.853754940711,0,239,239,0.8537549407114624,216,0.8455099325051766,20.29223838012424,0.21904259999973874,0.21904259999973874,0.21904259999973874,path,path,path,23,0.0,0.0,False,,,False,1,path,64,4,RL+Path,0
best,C:\Users\erich\Documents\AFRL\Algebraic-Connectivity-Optimization-CDC2026\lite_trials\sweep\resistance_only\checkpoints\best.pt,ppo,3000,C:\Users\erich\Documents\AFRL\Algebraic-Connectivity-Optimization-CDC2026\lite_trials\lite_config.yaml,full,24,0.853754940711,1,239,239,0.8537549407114624,216,0.8455099325051766,20.29223838012424,0.22375469999951747,0.22375469999951747,0.22375469999951747,path,path,path,23,0.0,0.0,False,,,False,1,path,64,4,RL+Path,1
best,C:\Users\erich\Documents\AFRL\Algebraic-Connectivity-Optimization-CDC2026\lite_trials\sweep\resistance_only\checkpoints\best.pt,ppo,3000,C:\Users\erich\Documents\AFRL\Algebraic-Connectivity-Optimization-CDC2026\lite_trials\lite_config.yaml,full,24,0.853754940711,2,239,239,0.8537549407114624,216,0.8455099325051766,20.29223838012424,0.229946899999959,0.229946899999959,0.229946899999959,path,path,path,23,0.0,0.0,False,,,False,1,path,64,4,RL+Path,2
best,C:\Users\erich\Documents\AFRL\Algebraic-Connectivity-Optimization-CDC2026\lite_trials\sweep\resistance_only\checkpoints\best.pt,ppo,3000,C:\Users\erich\Documents\AFRL\Algebraic-Connectivity-Optimization-CDC2026\lite_trials\lite_config.yaml,full,24,0.853754940711,3,239,239,0.8537549407114624,216,0.8455099325051766,20.29223838012424,0.2367514999996274,0.2367514999996274,0.2367514999996274,path,path,path,23,0.0,0.0,False,,,False,1,path,64,4,RL+Path,3
best,C:\Users\erich\Documents\AFRL\Algebraic-Connectivity-Optimization-CDC2026\lite_trials\sweep\resistance_only\checkpoints\best.pt,ppo,3000,C:\Users\erich\Documents\AFRL\Algebraic-Connectivity-Optimization-CDC2026\lite_trials\lite_config.yaml,full,24,0.853754940711,4,239,239,0.8537549407114624,216,0.8455099325051766,20.29223838012424,0.2122773999999481,0.2122773999999481,0.2122773999999481,path,path,path,23,0.0,0.0,False,,,False,1,path,64,4,RL+Path,4
best,C:\Users\erich\Documents\AFRL\Algebraic-Connectivity-Optimization-CDC2026\lite_trials\sweep\resistance_only\checkpoints\best.pt,ppo,3000,C:\Users\erich\Documents\AFRL\Algebraic-Connectivity-Optimization-CDC2026\lite_trials\lite_config.yaml,full,24,0.924901185771,0,257,257,0.924901185770751,234,0.9385748892486764,22.525797341968232,0.23956830000042828,0.23956830000042828,0.23956830000042828,path,path,path,23,0.0,0.0,False,,,False,1,path,64,4,RL+Path,0
best,C:\Users\erich\Documents\AFRL\Algebraic-Connectivity-Optimization-CDC2026\lite_trials\sweep\resistance_only\checkpoints\best.pt,ppo,3000,C:\Users\erich\Documents\AFRL\Algebraic-Connectivity-Optimization-CDC2026\lite_trials\lite_config.yaml,full,24,0.924901185771,1,257,257,0.924901185770751,234,0.9385748892486764,22.525797341968232,0.236058000000412,0.236058000000412,0.236058000000412,path,path,path,23,0.0,0.0,False,,,False,1,path,64,4,RL+Path,1
best,C:\Users\erich\Documents\AFRL\Algebraic-Connectivity-Optimization-CDC2026\lite_trials\sweep\resistance_only\checkpoints\best.pt,ppo,3000,C:\Users\erich\Documents\AFRL\Algebraic-Connectivity-Optimization-CDC2026\lite_trials\lite_config.yaml,full,24,0.924901185771,2,257,257,0.924901185770751,234,0.9385748892486764,22.525797341968232,0.23566799999935029,0.23566799999935029,0.23566799999935029,path,path,path,23,0.0,0.0,False,,,False,1,path,64,4,RL+Path,2
best,C:\Users\erich\Documents\AFRL\Algebraic-Connectivity-Optimization-CDC2026\lite_trials\sweep\resistance_only\checkpoints\best.pt,ppo,3000,C:\Users\erich\Documents\AFRL\Algebraic-Connectivity-Optimization-CDC2026\lite_trials\lite_config.yaml,full,24,0.924901185771,3,257,257,0.924901185770751,234,0.9385748892486764,22.525797341968232,0.23260320000008505,0.23260320000008505,0.23260320000008505,path,path,path,23,0.0,0.0,False,,,False,1,path,64,4,RL+Path,3
best,C:\Users\erich\Documents\AFRL\Algebraic-Connectivity-Optimization-CDC2026\lite_trials\sweep\resistance_only\checkpoints\best.pt,ppo,3000,C:\Users\erich\Documents\AFRL\Algebraic-Connectivity-Optimization-CDC2026\lite_trials\lite_config.yaml,full,24,0.924901185771,4,257,257,0.924901185770751,234,0.9385748892486764,22.525797341968232,0.23822129999916797,0.23822129999916797,0.23822129999916797,path,path,path,23,0.0,0.0,False,,,False,1,path,64,4,RL+Path,4
best,C:\Users\erich\Documents\AFRL\Algebraic-Connectivity-Optimization-CDC2026\lite_trials\sweep\resistance_only\checkpoints\best.pt,ppo,3000,C:\Users\erich\Documents\AFRL\Algebraic-Connectivity-Optimization-CDC2026\lite_trials\lite_config.yaml,full,24,0.99604743083,0,275,275,0.9960474308300395,252,0.9964109832684126,23.913863598441903,0.2556362999994235,0.2556362999994235,0.2556362999994235,path,path,path,23,0.0,0.0,False,,,False,1,path,64,4,RL+Path,0
best,C:\Users\erich\Documents\AFRL\Algebraic-Connectivity-Optimization-CDC2026\lite_trials\sweep\resistance_only\checkpoints\best.pt,ppo,3000,C:\Users\erich\Documents\AFRL\Algebraic-Connectivity-Optimization-CDC2026\lite_trials\lite_config.yaml,full,24,0.99604743083,1,275,275,0.9960474308300395,252,0.9964109832684126,23.913863598441903,0.2602805000005901,0.2602805000005901,0.2602805000005901,path,path,path,23,0.0,0.0,False,,,False,1,path,64,4,RL+Path,1
best,C:\Users\erich\Documents\AFRL\Algebraic-Connectivity-Optimization-CDC2026\lite_trials\sweep\resistance_only\checkpoints\best.pt,ppo,3000,C:\Users\erich\Documents\AFRL\Algebraic-Connectivity-Optimization-CDC2026\lite_trials\lite_config.yaml,full,24,0.99604743083,2,275,275,0.9960474308300395,252,0.9964109832684126,23.913863598441903,0.2574910000003001,0.2574910000003001,0.2574910000003001,path,path,path,23,0.0,0.0,False,,,False,1,path,64,4,RL+Path,2
best,C:\Users\erich\Documents\AFRL\Algebraic-Connectivity-Optimization-CDC2026\lite_trials\sweep\resistance_only\checkpoints\best.pt,ppo,3000,C:\Users\erich\Documents\AFRL\Algebraic-Connectivity-Optimization-CDC2026\lite_trials\lite_config.yaml,full,24,0.99604743083,3,275,275,0.9960474308300395,252,0.9964109832684126,23.913863598441903,0.2562380999997913,0.2562380999997913,0.2562380999997913,path,path,path,23,0.0,0.0,False,,,False,1,path,64,4,RL+Path,3
best,C:\Users\erich\Documents\AFRL\Algebraic-Connectivity-Optimization-CDC2026\lite_trials\sweep\resistance_only\checkpoints\best.pt,ppo,3000,C:\Users\erich\Documents\AFRL\Algebraic-Connectivity-Optimization-CDC2026\lite_trials\lite_config.yaml,full,24,0.99604743083,4,275,275,0.9960474308300395,252,0.9964109832684126,23.913863598441903,0.27136200000040844,0.27136200000040844,0.27136200000040844,path,path,path,23,0.0,0.0,False,,,False,1,path,64,4,RL+Path,4
best,C:\Users\erich\Documents\AFRL\Algebraic-Connectivity-Optimization-CDC2026\lite_trials\sweep\resistance_only\checkpoints\best.pt,ppo,3000,C:\Users\erich\Documents\AFRL\Algebraic-Connectivity-Optimization-CDC2026\lite_trials\lite_config.yaml,full,24,0.00395256917,0,24,24,0.003952569169960474,1,0.041666666666666595,0.9999999999999982,0.0035746000003200606,0.0035746000003200606,0.004047000000355183,backbone,envelope_only,envelope,23,1.0,0.0004724000000351225,False,,,False,1,envelope,64,4,RL+Backbone,0
best,C:\Users\erich\Documents\AFRL\Algebraic-Connectivity-Optimization-CDC2026\lite_trials\sweep\resistance_only\checkpoints\best.pt,ppo,3000,C:\Users\erich\Documents\AFRL\Algebraic-Connectivity-Optimization-CDC2026\lite_trials\lite_config.yaml,full,24,0.00395256917,1,24,24,0.003952569169960474,1,0.041666666666666595,0.9999999999999982,0.001011800000014773,0.001011800000014773,0.001261299999896437,backbone,envelope_only,envelope,23,1.0,0.0002494999998816638,False,,,False,1,envelope,64,4,RL+Backbone,1
best,C:\Users\erich\Documents\AFRL\Algebraic-Connectivity-Optimization-CDC2026\lite_trials\sweep\resistance_only\checkpoints\best.pt,ppo,3000,C:\Users\erich\Documents\AFRL\Algebraic-Connectivity-Optimization-CDC2026\lite_trials\lite_config.yaml,full,24,0.00395256917,2,24,24,0.003952569169960474,1,0.041666666666666595,0.9999999999999982,0.0013770999994449085,0.0013770999994449085,0.0014727999996466679,backbone,envelope_only,envelope,23,1.0,9.57000002017594e-05,False,,,False,1,envelope,64,4,RL+Backbone,2
best,C:\Users\erich\Documents\AFRL\Algebraic-Connectivity-Optimization-CDC2026\lite_trials\sweep\resistance_only\checkpoints\best.pt,ppo,3000,C:\Users\erich\Documents\AFRL\Algebraic-Connectivity-Optimization-CDC2026\lite_trials\lite_config.yaml,full,24,0.00395256917,3,24,24,0.003952569169960474,1,0.041666666666666595,0.9999999999999982,0.0016262999997707084,0.0016262999997707084,0.001736700000037672,backbone,envelope_only,envelope,23,1.0,0.00011040000026696362,False,,,False,1,envelope,64,4,RL+Backbone,3
best,C:\Users\erich\Documents\AFRL\Algebraic-Connectivity-Optimization-CDC2026\lite_trials\sweep\resistance_only\checkpoints\best.pt,ppo,3000,C:\Users\erich\Documents\AFRL\Algebraic-Connectivity-Optimization-CDC2026\lite_trials\lite_config.yaml,full,24,0.00395256917,4,24,24,0.003952569169960474,1,0.041666666666666595,0.9999999999999982,0.0014712000001964043,0.0014712000001964043,0.001572199999827717,backbone,envelope_only,envelope,23,1.0,0.00010099999963131268,False,,,False,1,envelope,64,4,RL+Backbone,4
best,C:\Users\erich\Documents\AFRL\Algebraic-Connectivity-Optimization-CDC2026\lite_trials\sweep\resistance_only\checkpoints\best.pt,ppo,3000,C:\Users\erich\Documents\AFRL\Algebraic-Connectivity-Optimization-CDC2026\lite_trials\lite_config.yaml,full,24,0.075098814229,0,42,42,0.07509881422924901,6,0.09656000175170752,2.3174400420409804,0.016472000000248954,0.016472000000248954,0.016581200000473473,backbone,both,cayley,36,0.7639320225002116,0.005000600000130362,False,2,,True,2,"cayley,envelope",64,4,RL+Backbone,0
best,C:\Users\erich\Documents\AFRL\Algebraic-Connectivity-Optimization-CDC2026\lite_trials\sweep\resistance_only\checkpoints\best.pt,ppo,3000,C:\Users\erich\Documents\AFRL\Algebraic-Connectivity-Optimization-CDC2026\lite_trials\lite_config.yaml,full,24,0.075098814229,1,42,42,0.07509881422924901,6,0.09656000175170752,2.3174400420409804,0.016322000000400294,0.016322000000400294,0.016411999999945692,backbone,both,cayley,36,0.7639320225002116,0.00445540000055189,False,2,,True,2,"cayley,envelope",64,4,RL+Backbone,1
best,C:\Users\erich\Documents\AFRL\Algebraic-Connectivity-Optimization-CDC2026\lite_trials\sweep\resistance_only\checkpoints\best.pt,ppo,3000,C:\Users\erich\Documents\AFRL\Algebraic-Connectivity-Optimization-CDC2026\lite_trials\lite_config.yaml,full,24,0.075098814229,2,42,42,0.07509881422924901,6,0.09656000175170752,2.3174400420409804,0.016808100000162085,0.016808100000162085,0.01690110000072309,backbone,both,cayley,36,0.7639320225002116,0.004150000000663567,False,2,,True,2,"cayley,envelope",64,4,RL+Backbone,2
best,C:\Users\erich\Documents\AFRL\Algebraic-Connectivity-Optimization-CDC2026\lite_trials\sweep\resistance_only\checkpoints\best.pt,ppo,3000,C:\Users\erich\Documents\AFRL\Algebraic-Connectivity-Optimization-CDC2026\lite_trials\lite_config.yaml,full,24,0.075098814229,3,42,42,0.07509881422924901,6,0.09656000175170752,2.3174400420409804,0.017129200000454148,0.017129200000454148,0.017352300000311516,backbone,both,cayley,36,0.7639320225002116,0.0041930999996111495,False,2,,True,2,"cayley,envelope",64,4,RL+Backbone,3
best,C:\Users\erich\Documents\AFRL\Algebraic-Connectivity-Optimization-CDC2026\lite_trials\sweep\resistance_only\checkpoints\best.pt,ppo,3000,C:\Users\erich\Documents\AFRL\Algebraic-Connectivity-Optimization-CDC2026\lite_trials\lite_config.yaml,full,24,0.075098814229,4,42,42,0.07509881422924901,6,0.09656000175170752,2.3174400420409804,0.016642700000375044,0.016642700000375044,0.016729900000427733,backbone,both,cayley,36,0.7639320225002116,0.004243400000632391,False,2,,True,2,"cayley,envelope",64,4,RL+Backbone,4
best,C:\Users\erich\Documents\AFRL\Algebraic-Connectivity-Optimization-CDC2026\lite_trials\sweep\resistance_only\checkpoints\best.pt,ppo,3000,C:\Users\erich\Documents\AFRL\Algebraic-Connectivity-Optimization-CDC2026\lite_trials\lite_config.yaml,full,24,0.146245059289,0,60,60,0.14624505928853754,0,0.12499999999999979,2.999999999999995,1.9999970390927047e-07,1.9999970390927047e-07,0.006491799999821524,backbone,cayley_only,cayley,60,2.9999999999999987,0.006491600000117614,False,2,,False,1,cayley,64,4,RL+Backbone,0
best,C:\Users\erich\Documents\AFRL\Algebraic-Connectivity-Optimization-CDC2026\lite_trials\sweep\resistance_only\checkpoints\best.pt,ppo,3000,C:\Users\erich\Documents\AFRL\Algebraic-Connectivity-Optimization-CDC2026\lite_trials\lite_config.yaml,full,24,0.146245059289,1,60,60,0.14624505928853754,0,0.12499999999999979,2.999999999999995,2.0000061340397224e-07,2.0000061340397224e-07,0.006323600000541774,backbone,cayley_only,cayley,60,2.9999999999999987,0.00632339999992837,False,2,,False,1,cayley,64,4,RL+Backbone,1
best,C:\Users\erich\Documents\AFRL\Algebraic-Connectivity-Optimization-CDC2026\lite_trials\sweep\resistance_only\checkpoints\best.pt,ppo,3000,C:\Users\erich\Documents\AFRL\Algebraic-Connectivity-Optimization-CDC2026\lite_trials\lite_config.yaml,full,24,0.146245059289,2,60,60,0.14624505928853754,0,0.12499999999999993,2.9999999999999982,4.000003173132427e-07,4.000003173132427e-07,0.007389700000203447,backbone,cayley_only,cayley,60,2.999999999999999,0.007389299999886134,False,2,,False,1,cayley,64,4,RL+Backbone,2
best,C:\Users\erich\Documents\AFRL\Algebraic-Connectivity-Optimization-CDC2026\lite_trials\sweep\resistance_only\checkpoints\best.pt,ppo,3000,C:\Users\erich\Documents\AFRL\Algebraic-Connectivity-Optimization-CDC2026\lite_trials\lite_config.yaml,full,24,0.146245059289,3,60,60,0.14624505928853754,0,0.12499999999999989,2.9999999999999973,4.000003173132427e-07,4.000003173132427e-07,0.0072341000004598754,backbone,cayley_only,cayley,60,2.9999999999999987,0.007233700000142562,False,2,,False,1,cayley,64,4,RL+Backbone,3
best,C:\Users\erich\Documents\AFRL\Algebraic-Connectivity-Optimization-CDC2026\lite_trials\sweep\resistance_only\checkpoints\best.pt,ppo,3000,C:\Users\erich\Documents\AFRL\Algebraic-Connectivity-Optimization-CDC2026\lite_trials\lite_config.yaml,full,24,0.146245059289,4,60,60,0.14624505928853754,0,0.12499999999999993,2.9999999999999982,9.999985195463523e-08,9.999985195463523e-08,0.006725500000356988,backbone,cayley_only,cayley,60,2.999999999999999,0.006725400000505033,False,2,,False,1,cayley,64,4,RL+Backbone,4
best,C:\Users\erich\Documents\AFRL\Algebraic-Connectivity-Optimization-CDC2026\lite_trials\sweep\resistance_only\checkpoints\best.pt,ppo,3000,C:\Users\erich\Documents\AFRL\Algebraic-Connectivity-Optimization-CDC2026\lite_trials\lite_config.yaml,full,24,0.217391304348,0,78,78,0.21739130434782608,6,0.1836157735407599,4.406778564978238,0.005913699999837263,0.005913699999837263,0.013188899999477144,backbone,cayley_only,cayley,72,3.7639320225002106,0.007275199999639881,False,2,,False,1,cayley,64,4,RL+Backbone,0
best,C:\Users\erich\Documents\AFRL\Algebraic-Connectivity-Optimization-CDC2026\lite_trials\sweep\resistance_only\checkpoints\best.pt,ppo,3000,C:\Users\erich\Documents\AFRL\Algebraic-Connectivity-Optimization-CDC2026\lite_trials\lite_config.yaml,full,24,0.217391304348,1,78,78,0.21739130434782608,6,0.1836157735407599,4.406778564978238,0.005763600000136648,0.005763600000136648,0.013089800000670948,backbone,cayley_only,cayley,72,3.7639320225002106,0.0073262000005343,False,2,,False,1,cayley,64,4,RL+Backbone,1
best,C:\Users\erich\Documents\AFRL\Algebraic-Connectivity-Optimization-CDC2026\lite_trials\sweep\resistance_only\checkpoints\best.pt,ppo,3000,C:\Users\erich\Documents\AFRL\Algebraic-Connectivity-Optimization-CDC2026\lite_trials\lite_config.yaml,full,24,0.217391304348,2,78,78,0.21739130434782608,6,0.21315303011622022,5.115672722789285,0.0057030999996641185,0.0057030999996641185,0.012868499999967753,backbone,cayley_only,cayley,72,3.7639320225002106,0.0071654000003036344,False,2,,False,1,cayley,64,4,RL+Backbone,2
best,C:\Users\erich\Documents\AFRL\Algebraic-Connectivity-Optimization-CDC2026\lite_trials\sweep\resistance_only\checkpoints\best.pt,ppo,3000,C:\Users\erich\Documents\AFRL\Algebraic-Connectivity-Optimization-CDC2026\lite_trials\lite_config.yaml,full,24,0.217391304348,3,78,78,0.21739130434782608,6,0.1712689519158139,4.110454845979533,0.007051800000226649,0.007051800000226649,0.014816599999903701,backbone,cayley_only,cayley,72,3.763932022500211,0.007764799999677052,False,2,,False,1,cayley,64,4,RL+Backbone,3
best,C:\Users\erich\Documents\AFRL\Algebraic-Connectivity-Optimization-CDC2026\lite_trials\sweep\resistance_only\checkpoints\best.pt,ppo,3000,C:\Users\erich\Documents\AFRL\Algebraic-Connectivity-Optimization-CDC2026\lite_trials\lite_config.yaml,full,24,0.217391304348,4,78,78,0.21739130434782608,6,0.1712689519158139,4.110454845979533,0.00592410000081145,0.00592410000081145,0.01502130000062607,backbone,cayley_only,cayley,72,3.763932022500211,0.00909719999981462,False,2,,False,1,cayley,64,4,RL+Backbone,4
best,C:\Users\erich\Documents\AFRL\Algebraic-Connectivity-Optimization-CDC2026\lite_trials\sweep\resistance_only\checkpoints\best.pt,ppo,3000,C:\Users\erich\Documents\AFRL\Algebraic-Connectivity-Optimization-CDC2026\lite_trials\lite_config.yaml,full,24,0.288537549407,0,96,96,0.2885375494071146,0,0.24999999999999975,5.999999999999994,9.999985195463523e-08,9.999985195463523e-08,0.006496099999822036,backbone,cayley_only,cayley,96,6.0,0.006495999999970081,False,2,,False,1,cayley,64,4,RL+Backbone,0
best,C:\Users\erich\Documents\AFRL\Algebraic-Connectivity-Optimization-CDC2026\lite_trials\sweep\resistance_only\checkpoints\best.pt,ppo,3000,C:\Users\erich\Documents\AFRL\Algebraic-Connectivity-Optimization-CDC2026\lite_trials\lite_config.yaml,full,24,0.288537549407,1,96,96,0.2885375494071146,0,0.24999999999999975,5.999999999999994,1.9999970390927047e-07,1.9999970390927047e-07,0.006578699999408855,backbone,cayley_only,cayley,96,6.0,0.006578499999704945,False,2,,False,1,cayley,64,4,RL+Backbone,1
best,C:\Users\erich\Documents\AFRL\Algebraic-Connectivity-Optimization-CDC2026\lite_trials\sweep\resistance_only\checkpoints\best.pt,ppo,3000,C:\Users\erich\Documents\AFRL\Algebraic-Connectivity-Optimization-CDC2026\lite_trials\lite_config.yaml,full,24,0.288537549407,2,96,96,0.2885375494071146,0,0.2499999999999999,5.999999999999997,1.9999970390927047e-07,1.9999970390927047e-07,0.008321499999510706,backbone,cayley_only,cayley,96,6.0,0.008321299999806797,False,2,,False,1,cayley,64,4,RL+Backbone,2
best,C:\Users\erich\Documents\AFRL\Algebraic-Connectivity-Optimization-CDC2026\lite_trials\sweep\resistance_only\checkpoints\best.pt,ppo,3000,C:\Users\erich\Documents\AFRL\Algebraic-Connectivity-Optimization-CDC2026\lite_trials\lite_config.yaml,full,24,0.288537549407,3,96,96,0.2885375494071146,0,0.2499999999999999,5.999999999999997,9.999985195463523e-08,9.999985195463523e-08,0.007391399999505666,backbone,cayley_only,cayley,96,6.0,0.007391299999653711,False,2,,False,1,cayley,64,4,RL+Backbone,3
best,C:\Users\erich\Documents\AFRL\Algebraic-Connectivity-Optimization-CDC2026\lite_trials\sweep\resistance_only\checkpoints\best.pt,ppo,3000,C:\Users\erich\Documents\AFRL\Algebraic-Connectivity-Optimization-CDC2026\lite_trials\lite_config.yaml,full,24,0.288537549407,4,96,96,0.2885375494071146,0,0.24999999999999975,5.999999999999994,1.00000761449337e-07,1.00000761449337e-07,0.006394400001227041,backbone,cayley_only,cayley,96,6.0,0.0063943000004655914,False,2,,False,1,cayley,64,4,RL+Backbone,4
best,C:\Users\erich\Documents\AFRL\Algebraic-Connectivity-Optimization-CDC2026\lite_trials\sweep\resistance_only\checkpoints\best.pt,ppo,3000,C:\Users\erich\Documents\AFRL\Algebraic-Connectivity-Optimization-CDC2026\lite_trials\lite_config.yaml,full,24,0.359683794466,0,114,114,0.35968379446640314,6,0.3287320579149912,7.889569389959789,0.006432500000300934,0.006432500000300934,0.011375800000678282,backbone,cayley_only,cayley,108,6.763932022500214,0.004943300000377349,False,2,,False,1,cayley,64,4,RL+Backbone,0
best,C:\Users\erich\Documents\AFRL\Algebraic-Connectivity-Optimization-CDC2026\lite_trials\sweep\resistance_only\checkpoints\best.pt,ppo,3000,C:\Users\erich\Documents\AFRL\Algebraic-Connectivity-Optimization-CDC2026\lite_trials\lite_config.yaml,full,24,0.359683794466,1,114,114,0.35968379446640314,6,0.3287320579149912,7.889569389959789,0.005826500000694068,0.005826500000694068,0.010770600000796549,backbone,cayley_only,cayley,108,6.763932022500214,0.00494410000010248,False,2,,False,1,cayley,64,4,RL+Backbone,1
best,C:\Users\erich\Documents\AFRL\Algebraic-Connectivity-Optimization-CDC2026\lite_trials\sweep\resistance_only\checkpoints\best.pt,ppo,3000,C:\Users\erich\Documents\AFRL\Algebraic-Connectivity-Optimization-CDC2026\lite_trials\lite_config.yaml,full,24,0.359683794466,2,114,114,0.35968379446640314,6,0.3287320579149912,7.889569389959789,0.005983899999591813,0.005983899999591813,0.010875799999666924,backbone,cayley_only,cayley,108,6.763932022500214,0.004891900000075111,False,2,,False,1,cayley,64,4,RL+Backbone,2
best,C:\Users\erich\Documents\AFRL\Algebraic-Connectivity-Optimization-CDC2026\lite_trials\sweep\resistance_only\checkpoints\best.pt,ppo,3000,C:\Users\erich\Documents\AFRL\Algebraic-Connectivity-Optimization-CDC2026\lite_trials\lite_config.yaml,full,24,0.359683794466,3,114,114,0.35968379446640314,6,0.3287320579149912,7.889569389959789,0.006319399999483721,0.006319399999483721,0.011183699999492092,backbone,cayley_only,cayley,108,6.763932022500214,0.00486430000000837,False,2,,False,1,cayley,64,4,RL+Backbone,3
best,C:\Users\erich\Documents\AFRL\Algebraic-Connectivity-Optimization-CDC2026\lite_trials\sweep\resistance_only\checkpoints\best.pt,ppo,3000,C:\Users\erich\Documents\AFRL\Algebraic-Connectivity-Optimization-CDC2026\lite_trials\lite_config.yaml,full,24,0.359683794466,4,114,114,0.35968379446640314,6,0.3287320579149912,7.889569389959789,0.005923699999584642,0.005923699999584642,0.010749899999609625,backbone,cayley_only,cayley,108,6.763932022500214,0.004826200000024983,False,2,,False,1,cayley,64,4,RL+Backbone,4
best,C:\Users\erich\Documents\AFRL\Algebraic-Connectivity-Optimization-CDC2026\lite_trials\sweep\resistance_only\checkpoints\best.pt,ppo,3000,C:\Users\erich\Documents\AFRL\Algebraic-Connectivity-Optimization-CDC2026\lite_trials\lite_config.yaml,full,24,0.430830039526,0,132,132,0.4308300395256917,0,0.4166666666666665,9.999999999999996,1.9999970390927047e-07,1.9999970390927047e-07,0.0032037000000855187,backbone,cayley_only,cayley,132,9.999999999999995,0.0032035000003816094,False,2,,False,1,cayley,64,4,RL+Backbone,0
best,C:\Users\erich\Documents\AFRL\Algebraic-Connectivity-Optimization-CDC2026\lite_trials\sweep\resistance_only\checkpoints\best.pt,ppo,3000,C:\Users\erich\Documents\AFRL\Algebraic-Connectivity-Optimization-CDC2026\lite_trials\lite_config.yaml,full,24,0.430830039526,1,132,132,0.4308300395256917,0,0.4166666666666665,9.999999999999996,1.00000761449337e-07,1.00000761449337e-07,0.002670800000487361,backbone,cayley_only,cayley,132,9.999999999999995,0.0026706999997259118,False,2,,False,1,cayley,64,4,RL+Backbone,1
best,C:\Users\erich\Documents\AFRL\Algebraic-Connectivity-Optimization-CDC2026\lite_trials\sweep\resistance_only\checkpoints\best.pt,ppo,3000,C:\Users\erich\Documents\AFRL\Algebraic-Connectivity-Optimization-CDC2026\lite_trials\lite_config.yaml,full,24,0.430830039526,2,132,132,0.4308300395256917,0,0.4166666666666665,9.999999999999996,9.999985195463523e-08,9.999985195463523e-08,0.0028383999997458886,backbone,cayley_only,cayley,132,9.999999999999995,0.002838299999893934,False,2,,False,1,cayley,64,4,RL+Backbone,2
best,C:\Users\erich\Documents\AFRL\Algebraic-Connectivity-Optimization-CDC2026\lite_trials\sweep\resistance_only\checkpoints\best.pt,ppo,3000,C:\Users\erich\Documents\AFRL\Algebraic-Connectivity-Optimization-CDC2026\lite_trials\lite_config.yaml,full,24,0.430830039526,3,132,132,0.4308300395256917,0,0.4166666666666665,9.999999999999996,2.0000061340397224e-07,2.0000061340397224e-07,0.0035305000010339427,backbone,cayley_only,cayley,132,9.999999999999995,0.0035303000004205387,False,2,,False,1,cayley,64,4,RL+Backbone,3
best,C:\Users\erich\Documents\AFRL\Algebraic-Connectivity-Optimization-CDC2026\lite_trials\sweep\resistance_only\checkpoints\best.pt,ppo,3000,C:\Users\erich\Documents\AFRL\Algebraic-Connectivity-Optimization-CDC2026\lite_trials\lite_config.yaml,full,24,0.430830039526,4,132,132,0.4308300395256917,0,0.4166666666666665,9.999999999999996,9.999985195463523e-08,9.999985195463523e-08,0.0028386000003592926,backbone,cayley_only,cayley,132,9.999999999999995,0.002838500000507338,False,2,,False,1,cayley,64,4,RL+Backbone,4
best,C:\Users\erich\Documents\AFRL\Algebraic-Connectivity-Optimization-CDC2026\lite_trials\sweep\resistance_only\checkpoints\best.pt,ppo,3000,C:\Users\erich\Documents\AFRL\Algebraic-Connectivity-Optimization-CDC2026\lite_trials\lite_config.yaml,full,24,0.498023715415,0,149,149,0.4980237154150198,5,0.5018216579740916,12.043719791378198,0.005674099999851023,0.005674099999851023,0.00849220000054629,backbone,cayley_only,cayley,144,11.999999999999986,0.0028181000006952672,False,2,,False,1,cayley,64,4,RL+Backbone,0
best,C:\Users\erich\Documents\AFRL\Algebraic-Connectivity-Optimization-CDC2026\lite_trials\sweep\resistance_only\checkpoints\best.pt,ppo,3000,C:\Users\erich\Documents\AFRL\Algebraic-Connectivity-Optimization-CDC2026\lite_trials\lite_config.yaml,full,24,0.498023715415,1,149,149,0.4980237154150198,5,0.5018216579740916,12.043719791378198,0.005466999999953259,0.005466999999953259,0.008973299999524897,backbone,cayley_only,cayley,144,11.999999999999986,0.003506299999571638,False,2,,False,1,cayley,64,4,RL+Backbone,1
best,C:\Users\erich\Documents\AFRL\Algebraic-Connectivity-Optimization-CDC2026\lite_trials\sweep\resistance_only\checkpoints\best.pt,ppo,3000,C:\Users\erich\Documents\AFRL\Algebraic-Connectivity-Optimization-CDC2026\lite_trials\lite_config.yaml,full,24,0.498023715415,2,149,149,0.4980237154150198,5,0.5018216579740916,12.043719791378198,0.005107999999381718,0.005107999999381718,0.007835099999283557,backbone,cayley_only,cayley,144,11.999999999999986,0.0027270999999018386,False,2,,False,1,cayley,64,4,RL+Backbone,2
best,C:\Users\erich\Documents\AFRL\Algebraic-Connectivity-Optimization-CDC2026\lite_trials\sweep\resistance_only\checkpoints\best.pt,ppo,3000,C:\Users\erich\Documents\AFRL\Algebraic-Connectivity-Optimization-CDC2026\lite_trials\lite_config.yaml,full,24,0.498023715415,3,149,149,0.4980237154150198,5,0.5018216579740916,12.043719791378198,0.005240999999841733,0.005240999999841733,0.008278100000097766,backbone,cayley_only,cayley,144,11.999999999999986,0.0030371000002560322,False,2,,False,1,cayley,64,4,RL+Backbone,3
best,C:\Users\erich\Documents\AFRL\Algebraic-Connectivity-Optimization-CDC2026\lite_trials\sweep\resistance_only\checkpoints\best.pt,ppo,3000,C:\Users\erich\Documents\AFRL\Algebraic-Connectivity-Optimization-CDC2026\lite_trials\lite_config.yaml,full,24,0.498023715415,4,149,149,0.4980237154150198,5,0.5018216579740916,12.043719791378198,0.0057226999997510575,0.0057226999997510575,0.008468600000014703,backbone,cayley_only,cayley,144,11.999999999999986,0.0027459000002636458,False,2,,False,1,cayley,64,4,RL+Backbone,4
best,C:\Users\erich\Documents\AFRL\Algebraic-Connectivity-Optimization-CDC2026\lite_trials\sweep\resistance_only\checkpoints\best.pt,ppo,3000,C:\Users\erich\Documents\AFRL\Algebraic-Connectivity-Optimization-CDC2026\lite_trials\lite_config.yaml,full,24,0.569169960474,0,167,167,0.5691699604743083,11,0.5541273284885764,13.299055883725833,0.013576000000284694,0.013576000000284694,0.018461800000295625,backbone,both,cayley,156,11.999999999999996,0.004885800000010931,False,2,,True,2,"cayley,envelope",64,4,RL+Backbone,0
best,C:\Users\erich\Documents\AFRL\Algebraic-Connectivity-Optimization-CDC2026\lite_trials\sweep\resistance_only\checkpoints\best.pt,ppo,3000,C:\Users\erich\Documents\AFRL\Algebraic-Connectivity-Optimization-CDC2026\lite_trials\lite_config.yaml,full,24,0.569169960474,1,167,167,0.5691699604743083,11,0.5541273284885764,13.299055883725833,0.012166200000137906,0.012166200000137906,0.01807210000060877,backbone,both,cayley,156,11.999999999999996,0.005905900000470865,False,2,,True,2,"cayley,envelope",64,4,RL+Backbone,1
best,C:\Users\erich\Documents\AFRL\Algebraic-Connectivity-Optimization-CDC2026\lite_trials\sweep\resistance_only\checkpoints\best.pt,ppo,3000,C:\Users\erich\Documents\AFRL\Algebraic-Connectivity-Optimization-CDC2026\lite_trials\lite_config.yaml,full,24,0.569169960474,2,167,167,0.5691699604743083,11,0.5541273284885764,13.299055883725833,0.012090100000023085,0.012090100000023085,0.01692910000019765,backbone,both,cayley,156,11.999999999999996,0.004839000000174565,False,2,,True,2,"cayley,envelope",64,4,RL+Backbone,2
best,C:\Users\erich\Documents\AFRL\Algebraic-Connectivity-Optimization-CDC2026\lite_trials\sweep\resistance_only\checkpoints\best.pt,ppo,3000,C:\Users\erich\Documents\AFRL\Algebraic-Connectivity-Optimization-CDC2026\lite_trials\lite_config.yaml,full,24,0.569169960474,3,167,167,0.5691699604743083,11,0.5541273284885764,13.299055883725833,0.011628799999925832,0.011628799999925832,0.016607900000053633,backbone,both,cayley,156,11.999999999999996,0.004979100000127801,False,2,,True,2,"cayley,envelope",64,4,RL+Backbone,3
best,C:\Users\erich\Documents\AFRL\Algebraic-Connectivity-Optimization-CDC2026\lite_trials\sweep\resistance_only\checkpoints\best.pt,ppo,3000,C:\Users\erich\Documents\AFRL\Algebraic-Connectivity-Optimization-CDC2026\lite_trials\lite_config.yaml,full,24,0.569169960474,4,167,167,0.5691699604743083,11,0.5541273284885764,13.299055883725833,0.011177000000316184,0.011177000000316184,0.015925700000479992,backbone,both,cayley,156,11.999999999999996,0.004748700000163808,False,2,,True,2,"cayley,envelope",64,4,RL+Backbone,4
best,C:\Users\erich\Documents\AFRL\Algebraic-Connectivity-Optimization-CDC2026\lite_trials\sweep\resistance_only\checkpoints\best.pt,ppo,3000,C:\Users\erich\Documents\AFRL\Algebraic-Connectivity-Optimization-CDC2026\lite_trials\lite_config.yaml,full,24,0.640316205534,0,185,185,0.6403162055335968,17,0.6292938724715661,15.103052939317585,0.017540400000143563,0.017540400000143563,0.020629100000405742,backbone,both,cayley,168,12.999999999999982,0.003088700000262179,False,3,,True,2,"cayley,envelope",64,4,RL+Backbone,0
best,C:\Users\erich\Documents\AFRL\Algebraic-Connectivity-Optimization-CDC2026\lite_trials\sweep\resistance_only\checkpoints\best.pt,ppo,3000,C:\Users\erich\Documents\AFRL\Algebraic-Connectivity-Optimization-CDC2026\lite_trials\lite_config.yaml,full,24,0.640316205534,1,185,185,0.6403162055335968,17,0.6292938724715661,15.103052939317585,0.017961499999728403,0.017961499999728403,0.020879900000181806,backbone,both,cayley,168,12.999999999999982,0.0029184000004534028,False,3,,True,2,"cayley,envelope",64,4,RL+Backbone,1
best,C:\Users\erich\Documents\AFRL\Algebraic-Connectivity-Optimization-CDC2026\lite_trials\sweep\resistance_only\checkpoints\best.pt,ppo,3000,C:\Users\erich\Documents\AFRL\Algebraic-Connectivity-Optimization-CDC2026\lite_trials\lite_config.yaml,full,24,0.640316205534,2,185,185,0.6403162055335968,17,0.6292938724715661,15.103052939317585,0.018077200000334415,0.018077200000334415,0.020661999999902037,backbone,both,cayley,168,12.999999999999982,0.002584799999567622,False,3,,True,2,"cayley,envelope",64,4,RL+Backbone,2
best,C:\Users\erich\Documents\AFRL\Algebraic-Connectivity-Optimization-CDC2026\lite_trials\sweep\resistance_only\checkpoints\best.pt,ppo,3000,C:\Users\erich\Documents\AFRL\Algebraic-Connectivity-Optimization-CDC2026\lite_trials\lite_config.yaml,full,24,0.640316205534,3,185,185,0.6403162055335968,17,0.6292938724715661,15.103052939317585,0.018269000000145752,0.018269000000145752,0.021443300000100862,backbone,both,cayley,168,12.999999999999982,0.0031742999999551103,False,3,,True,2,"cayley,envelope",64,4,RL+Backbone,3
best,C:\Users\erich\Documents\AFRL\Algebraic-Connectivity-Optimization-CDC2026\lite_trials\sweep\resistance_only\checkpoints\best.pt,ppo,3000,C:\Users\erich\Documents\AFRL\Algebraic-Connectivity-Optimization-CDC2026\lite_trials\lite_config.yaml,full,24,0.640316205534,4,185,185,0.6403162055335968,17,0.6292938724715661,15.103052939317585,0.01792310000018915,0.01792310000018915,0.020608099999662954,backbone,both,cayley,168,12.999999999999982,0.0026849999994738027,False,3,,True,2,"cayley,envelope",64,4,RL+Backbone,4
best,C:\Users\erich\Documents\AFRL\Algebraic-Connectivity-Optimization-CDC2026\lite_trials\sweep\resistance_only\checkpoints\best.pt,ppo,3000,C:\Users\erich\Documents\AFRL\Algebraic-Connectivity-Optimization-CDC2026\lite_trials\lite_config.yaml,full,24,0.711462450593,0,203,203,0.7114624505928854,11,0.669219734163281,16.061273619918744,0.011789900000621856,0.011789900000621856,0.012163200000941288,backbone,both,envelope,192,16.0,0.000373300000319432,False,,"cayley:No feasible backbone candidate for (n=24, m=203, rho=0.711462, seed=0); errors=['cayley:no_candidate']",True,1,envelope,64,4,RL+Backbone,0
best,C:\Users\erich\Documents\AFRL\Algebraic-Connectivity-Optimization-CDC2026\lite_trials\sweep\resistance_only\checkpoints\best.pt,ppo,3000,C:\Users\erich\Documents\AFRL\Algebraic-Connectivity-Optimization-CDC2026\lite_trials\lite_config.yaml,full,24,0.711462450593,1,203,203,0.7114624505928854,11,0.669219734163281,16.061273619918744,0.014416900000469468,0.014416900000469468,0.014601900000343448,backbone,both,envelope,192,16.0,0.00018499999987398041,False,,"cayley:No feasible backbone candidate for (n=24, m=203, rho=0.711462, seed=1); errors=['cayley:no_candidate']",True,1,envelope,64,4,RL+Backbone,1
best,C:\Users\erich\Documents\AFRL\Algebraic-Connectivity-Optimization-CDC2026\lite_trials\sweep\resistance_only\checkpoints\best.pt,ppo,3000,C:\Users\erich\Documents\AFRL\Algebraic-Connectivity-Optimization-CDC2026\lite_trials\lite_config.yaml,full,24,0.711462450593,2,203,203,0.7114624505928854,11,0.669219734163281,16.061273619918744,0.011552400000255147,0.011552400000255147,0.011803700000200479,backbone,both,envelope,192,16.0,0.00025129999994533136,False,,"cayley:No feasible backbone candidate for (n=24, m=203, rho=0.711462, seed=2); errors=['cayley:no_candidate']",True,1,envelope,64,4,RL+Backbone,2
best,C:\Users\erich\Documents\AFRL\Algebraic-Connectivity-Optimization-CDC2026\lite_trials\sweep\resistance_only\checkpoints\best.pt,ppo,3000,C:\Users\erich\Documents\AFRL\Algebraic-Connectivity-Optimization-CDC2026\lite_trials\lite_config.yaml,full,24,0.711462450593,3,203,203,0.7114624505928854,11,0.669219734163281,16.061273619918744,0.011511200000313693,0.011511200000313693,0.011768600000323204,backbone,both,envelope,192,16.0,0.00025740000000951113,False,,"cayley:No feasible backbone candidate for (n=24, m=203, rho=0.711462, seed=3); errors=['cayley:no_candidate']",True,1,envelope,64,4,RL+Backbone,3
best,C:\Users\erich\Documents\AFRL\Algebraic-Connectivity-Optimization-CDC2026\lite_trials\sweep\resistance_only\checkpoints\best.pt,ppo,3000,C:\Users\erich\Documents\AFRL\Algebraic-Connectivity-Optimization-CDC2026\lite_trials\lite_config.yaml,full,24,0.711462450593,4,203,203,0.7114624505928854,11,0.669219734163281,16.061273619918744,0.011844300000120711,0.011844300000120711,0.012063600000146835,backbone,both,envelope,192,16.0,0.0002193000000261236,False,,"cayley:No feasible backbone candidate for (n=24, m=203, rho=0.711462, seed=4); errors=['cayley:no_candidate']",True,1,envelope,64,4,RL+Backbone,4
best,C:\Users\erich\Documents\AFRL\Algebraic-Connectivity-Optimization-CDC2026\lite_trials\sweep\resistance_only\checkpoints\best.pt,ppo,3000,C:\Users\erich\Documents\AFRL\Algebraic-Connectivity-Optimization-CDC2026\lite_trials\lite_config.yaml,full,24,0.782608695652,0,221,221,0.782608695652174,5,0.7515156413144171,18.03637539154601,0.006246400000236463,0.006246400000236463,0.006446500000492961,backbone,envelope_only,envelope,216,18.0,0.00020010000025649788,False,,,False,1,envelope,64,4,RL+Backbone,0
best,C:\Users\erich\Documents\AFRL\Algebraic-Connectivity-Optimization-CDC2026\lite_trials\sweep\resistance_only\checkpoints\best.pt,ppo,3000,C:\Users\erich\Documents\AFRL\Algebraic-Connectivity-Optimization-CDC2026\lite_trials\lite_config.yaml,full,24,0.782608695652,1,221,221,0.782608695652174,5,0.7515156413144171,18.03637539154601,0.005324199999449775,0.005324199999449775,0.005544399999962479,backbone,envelope_only,envelope,216,18.0,0.00022020000051270472,False,,,False,1,envelope,64,4,RL+Backbone,1
best,C:\Users\erich\Documents\AFRL\Algebraic-Connectivity-Optimization-CDC2026\lite_trials\sweep\resistance_only\checkpoints\best.pt,ppo,3000,C:\Users\erich\Documents\AFRL\Algebraic-Connectivity-Optimization-CDC2026\lite_trials\lite_config.yaml,full,24,0.782608695652,2,221,221,0.782608695652174,5,0.7515156413144171,18.03637539154601,0.006713200000376673,0.006713200000376673,0.006934400000318419,backbone,envelope_only,envelope,216,18.0,0.00022119999994174577,False,,,False,1,envelope,64,4,RL+Backbone,2
best,C:\Users\erich\Documents\AFRL\Algebraic-Connectivity-Optimization-CDC2026\lite_trials\sweep\resistance_only\checkpoints\best.pt,ppo,3000,C:\Users\erich\Documents\AFRL\Algebraic-Connectivity-Optimization-CDC2026\lite_trials\lite_config.yaml,full,24,0.782608695652,3,221,221,0.782608695652174,5,0.7515156413144171,18.03637539154601,0.005158099999789556,0.005158099999789556,0.005373300000428571,backbone,envelope_only,envelope,216,18.0,0.00021520000063901534,False,,,False,1,envelope,64,4,RL+Backbone,3
best,C:\Users\erich\Documents\AFRL\Algebraic-Connectivity-Optimization-CDC2026\lite_trials\sweep\resistance_only\checkpoints\best.pt,ppo,3000,C:\Users\erich\Documents\AFRL\Algebraic-Connectivity-Optimization-CDC2026\lite_trials\lite_config.yaml,full,24,0.782608695652,4,221,221,0.782608695652174,5,0.7515156413144171,18.03637539154601,0.005236400000285357,0.005236400000285357,0.005432800000562565,backbone,envelope_only,envelope,216,18.0,0.00019640000027720816,False,,,False,1,envelope,64,4,RL+Backbone,4
best,C:\Users\erich\Documents\AFRL\Algebraic-Connectivity-Optimization-CDC2026\lite_trials\sweep\resistance_only\checkpoints\best.pt,ppo,3000,C:\Users\erich\Documents\AFRL\Algebraic-Connectivity-Optimization-CDC2026\lite_trials\lite_config.yaml,full,24,0.853754940711,0,239,239,0.8537549407114624,9,0.807668053225886,19.384033277421263,0.011201799999980722,0.011201799999980722,0.011409399999138259,backbone,envelope_only,envelope,230,19.0,0.00020759999915753724,False,,,False,1,envelope,64,4,RL+Backbone,0
best,C:\Users\erich\Documents\AFRL\Algebraic-Connectivity-Optimization-CDC2026\lite_trials\sweep\resistance_only\checkpoints\best.pt,ppo,3000,C:\Users\erich\Documents\AFRL\Algebraic-Connectivity-Optimization-CDC2026\lite_trials\lite_config.yaml,full,24,0.853754940711,1,239,239,0.8537549407114624,9,0.807668053225886,19.384033277421263,0.012013300000035088,0.012013300000035088,0.012361500000224623,backbone,envelope_only,envelope,230,19.0,0.0003482000001895358,False,,,False,1,envelope,64,4,RL+Backbone,1
best,C:\Users\erich\Documents\AFRL\Algebraic-Connectivity-Optimization-CDC2026\lite_trials\sweep\resistance_only\checkpoints\best.pt,ppo,3000,C:\Users\erich\Documents\AFRL\Algebraic-Connectivity-Optimization-CDC2026\lite_trials\lite_config.yaml,full,24,0.853754940711,2,239,239,0.8537549407114624,9,0.807668053225886,19.384033277421263,0.010122600000613602,0.010122600000613602,0.010368600000219885,backbone,envelope_only,envelope,230,19.0,0.0002459999996062834,False,,,False,1,envelope,64,4,RL+Backbone,2
best,C:\Users\erich\Documents\AFRL\Algebraic-Connectivity-Optimization-CDC2026\lite_trials\sweep\resistance_only\checkpoints\best.pt,ppo,3000,C:\Users\erich\Documents\AFRL\Algebraic-Connectivity-Optimization-CDC2026\lite_trials\lite_config.yaml,full,24,0.853754940711,3,239,239,0.8537549407114624,9,0.807668053225886,19.384033277421263,0.010094199999912234,0.010094199999912234,0.010315200000150071,backbone,envelope_only,envelope,230,19.0,0.0002210000002378365,False,,,False,1,envelope,64,4,RL+Backbone,3
best,C:\Users\erich\Documents\AFRL\Algebraic-Connectivity-Optimization-CDC2026\lite_trials\sweep\resistance_only\checkpoints\best.pt,ppo,3000,C:\Users\erich\Documents\AFRL\Algebraic-Connectivity-Optimization-CDC2026\lite_trials\lite_config.yaml,full,24,0.853754940711,4,239,239,0.8537549407114624,9,0.807668053225886,19.384033277421263,0.009337000000414264,0.009337000000414264,0.009567500000230211,backbone,envelope_only,envelope,230,19.0,0.00023049999981594738,False,,,False,1,envelope,64,4,RL+Backbone,4
best,C:\Users\erich\Documents\AFRL\Algebraic-Connectivity-Optimization-CDC2026\lite_trials\sweep\resistance_only\checkpoints\best.pt,ppo,3000,C:\Users\erich\Documents\AFRL\Algebraic-Connectivity-Optimization-CDC2026\lite_trials\lite_config.yaml,full,24,0.924901185771,0,257,257,0.924901185770751,5,0.8766368479149923,21.039284349959814,0.006106299999373732,0.006106299999373732,0.006334899999274057,backbone,envelope_only,envelope,252,21.0,0.0002285999999003252,False,,,False,1,envelope,64,4,RL+Backbone,0
best,C:\Users\erich\Documents\AFRL\Algebraic-Connectivity-Optimization-CDC2026\lite_trials\sweep\resistance_only\checkpoints\best.pt,ppo,3000,C:\Users\erich\Documents\AFRL\Algebraic-Connectivity-Optimization-CDC2026\lite_trials\lite_config.yaml,full,24,0.924901185771,1,257,257,0.924901185770751,5,0.8766368479149923,21.039284349959814,0.0053288999997676,0.0053288999997676,0.005581100000199513,backbone,envelope_only,envelope,252,21.0,0.0002522000004319125,False,,,False,1,envelope,64,4,RL+Backbone,1
best,C:\Users\erich\Documents\AFRL\Algebraic-Connectivity-Optimization-CDC2026\lite_trials\sweep\resistance_only\checkpoints\best.pt,ppo,3000,C:\Users\erich\Documents\AFRL\Algebraic-Connectivity-Optimization-CDC2026\lite_trials\lite_config.yaml,full,24,0.924901185771,2,257,257,0.924901185770751,5,0.8766368479149923,21.039284349959814,0.005650899999636749,0.005650899999636749,0.005927999999585154,backbone,envelope_only,envelope,252,21.0,0.00027709999994840473,False,,,False,1,envelope,64,4,RL+Backbone,2
best,C:\Users\erich\Documents\AFRL\Algebraic-Connectivity-Optimization-CDC2026\lite_trials\sweep\resistance_only\checkpoints\best.pt,ppo,3000,C:\Users\erich\Documents\AFRL\Algebraic-Connectivity-Optimization-CDC2026\lite_trials\lite_config.yaml,full,24,0.924901185771,3,257,257,0.924901185770751,5,0.8766368479149923,21.039284349959814,0.005387299999711104,0.005387299999711104,0.005624700000225857,backbone,envelope_only,envelope,252,21.0,0.00023740000051475363,False,,,False,1,envelope,64,4,RL+Backbone,3
best,C:\Users\erich\Documents\AFRL\Algebraic-Connectivity-Optimization-CDC2026\lite_trials\sweep\resistance_only\checkpoints\best.pt,ppo,3000,C:\Users\erich\Documents\AFRL\Algebraic-Connectivity-Optimization-CDC2026\lite_trials\lite_config.yaml,full,24,0.924901185771,4,257,257,0.924901185770751,5,0.8766368479149923,21.039284349959814,0.0054739000006520655,0.0054739000006520655,0.00569410000116477,backbone,envelope_only,envelope,252,21.0,0.00022020000051270472,False,,,False,1,envelope,64,4,RL+Backbone,4
best,C:\Users\erich\Documents\AFRL\Algebraic-Connectivity-Optimization-CDC2026\lite_trials\sweep\resistance_only\checkpoints\best.pt,ppo,3000,C:\Users\erich\Documents\AFRL\Algebraic-Connectivity-Optimization-CDC2026\lite_trials\lite_config.yaml,full,24,0.99604743083,0,275,275,0.9960474308300395,11,0.9941793165938417,23.8603035982522,0.01508040000044275,0.01508040000044275,0.015424700000039593,backbone,envelope_only,envelope,264,22.0,0.0003442999995968421,False,,,False,1,envelope,64,4,RL+Backbone,0
best,C:\Users\erich\Documents\AFRL\Algebraic-Connectivity-Optimization-CDC2026\lite_trials\sweep\resistance_only\checkpoints\best.pt,ppo,3000,C:\Users\erich\Documents\AFRL\Algebraic-Connectivity-Optimization-CDC2026\lite_trials\lite_config.yaml,full,24,0.99604743083,1,275,275,0.9960474308300395,11,0.9941793165938417,23.8603035982522,0.012159999999312276,0.012159999999312276,0.01248109999960434,backbone,envelope_only,envelope,264,22.0,0.00032110000029206276,False,,,False,1,envelope,64,4,RL+Backbone,1
best,C:\Users\erich\Documents\AFRL\Algebraic-Connectivity-Optimization-CDC2026\lite_trials\sweep\resistance_only\checkpoints\best.pt,ppo,3000,C:\Users\erich\Documents\AFRL\Algebraic-Connectivity-Optimization-CDC2026\lite_trials\lite_config.yaml,full,24,0.99604743083,2,275,275,0.9960474308300395,11,0.9941793165938417,23.8603035982522,0.012235899999723188,0.012235899999723188,0.012552000000141561,backbone,envelope_only,envelope,264,22.0,0.0003161000004183734,False,,,False,1,envelope,64,4,RL+Backbone,2
best,C:\Users\erich\Documents\AFRL\Algebraic-Connectivity-Optimization-CDC2026\lite_trials\sweep\resistance_only\checkpoints\best.pt,ppo,3000,C:\Users\erich\Documents\AFRL\Algebraic-Connectivity-Optimization-CDC2026\lite_trials\lite_config.yaml,full,24,0.99604743083,3,275,275,0.9960474308300395,11,0.9941793165938417,23.8603035982522,0.01173469999957888,0.01173469999957888,0.012049599999954808,backbone,envelope_only,envelope,264,22.0,0.00031490000037592836,False,,,False,1,envelope,64,4,RL+Backbone,3
best,C:\Users\erich\Documents\AFRL\Algebraic-Connectivity-Optimization-CDC2026\lite_trials\sweep\resistance_only\checkpoints\best.pt,ppo,3000,C:\Users\erich\Documents\AFRL\Algebraic-Connectivity-Optimization-CDC2026\lite_trials\lite_config.yaml,full,24,0.99604743083,4,275,275,0.9960474308300395,11,0.9941793165938417,23.8603035982522,0.011628499999460473,0.011628499999460473,0.011962999999013846,backbone,envelope_only,envelope,264,22.0,0.0003344999995533726,False,,,False,1,envelope,64,4,RL+Backbone,4
best,C:\Users\erich\Documents\AFRL\Algebraic-Connectivity-Optimization-CDC2026\lite_trials\sweep\resistance_only\checkpoints\best.pt,ppo,3000,C:\Users\erich\Documents\AFRL\Algebraic-Connectivity-Optimization-CDC2026\lite_trials\lite_config.yaml,full,32,0.002150537634,0,32,32,0.002150537634408602,1,0.006048598086214258,0.19355513875885624,0.0036387999998623854,0.0036387999998623854,0.0036387999998623854,path,path,path,31,0.0,0.0,False,,,False,1,path,64,4,RL+Path,0
best,C:\Users\erich\Documents\AFRL\Algebraic-Connectivity-Optimization-CDC2026\lite_trials\sweep\resistance_only\checkpoints\best.pt,ppo,3000,C:\Users\erich\Documents\AFRL\Algebraic-Connectivity-Optimization-CDC2026\lite_trials\lite_config.yaml,full,32,0.002150537634,1,32,32,0.002150537634408602,1,0.006048598086214258,0.19355513875885624,0.001126000000112981,0.001126000000112981,0.001126000000112981,path,path,path,31,0.0,0.0,False,,,False,1,path,64,4,RL+Path,1
best,C:\Users\erich\Documents\AFRL\Algebraic-Connectivity-Optimization-CDC2026\lite_trials\sweep\resistance_only\checkpoints\best.pt,ppo,3000,C:\Users\erich\Documents\AFRL\Algebraic-Connectivity-Optimization-CDC2026\lite_trials\lite_config.yaml,full,32,0.002150537634,2,32,32,0.002150537634408602,1,0.006048598086214258,0.19355513875885624,0.0009789999994609389,0.0009789999994609389,0.0009789999994609389,path,path,path,31,0.0,0.0,False,,,False,1,path,64,4,RL+Path,2
best,C:\Users\erich\Documents\AFRL\Algebraic-Connectivity-Optimization-CDC2026\lite_trials\sweep\resistance_only\checkpoints\best.pt,ppo,3000,C:\Users\erich\Documents\AFRL\Algebraic-Connectivity-Optimization-CDC2026\lite_trials\lite_config.yaml,full,32,0.002150537634,3,32,32,0.002150537634408602,1,0.006048598086214258,0.19355513875885624,0.0009805999998206971,0.0009805999998206971,0.0009805999998206971,path,path,path,31,0.0,0.0,False,,,False,1,path,64,4,RL+Path,3
best,C:\Users\erich\Documents\AFRL\Algebraic-Connectivity-Optimization-CDC2026\lite_trials\sweep\resistance_only\checkpoints\best.pt,ppo,3000,C:\Users\erich\Documents\AFRL\Algebraic-Connectivity-Optimization-CDC2026\lite_trials\lite_config.yaml,full,32,0.002150537634,4,32,32,0.002150537634408602,1,0.006048598086214258,0.19355513875885624,0.0009689999997135601,0.0009689999997135601,0.0009689999997135601,path,path,path,31,0.0,0.0,False,,,False,1,path,64,4,RL+Path,4
best,C:\Users\erich\Documents\AFRL\Algebraic-Connectivity-Optimization-CDC2026\lite_trials\sweep\resistance_only\checkpoints\best.pt,ppo,3000,C:\Users\erich\Documents\AFRL\Algebraic-Connectivity-Optimization-CDC2026\lite_trials\lite_config.yaml,full,32,0.07311827957,0,65,65,0.07311827956989247,34,0.01515302396351084,0.4848967668323469,0.034590100000059465,0.034590100000059465,0.034590100000059465,path,path,path,31,0.0,0.0,False,,,False,1,path,64,4,RL+Path,0
best,C:\Users\erich\Documents\AFRL\Algebraic-Connectivity-Optimization-CDC2026\lite_trials\sweep\resistance_only\checkpoints\best.pt,ppo,3000,C:\Users\erich\Documents\AFRL\Algebraic-Connectivity-Optimization-CDC2026\lite_trials\lite_config.yaml,full,32,0.07311827957,1,65,65,0.07311827956989247,34,0.01515302396351084,0.4848967668323469,0.03376060000027792,0.03376060000027792,0.03376060000027792,path,path,path,31,0.0,0.0,False,,,False,1,path,64,4,RL+Path,1
best,C:\Users\erich\Documents\AFRL\Algebraic-Connectivity-Optimization-CDC2026\lite_trials\sweep\resistance_only\checkpoints\best.pt,ppo,3000,C:\Users\erich\Documents\AFRL\Algebraic-Connectivity-Optimization-CDC2026\lite_trials\lite_config.yaml,full,32,0.07311827957,2,65,65,0.07311827956989247,34,0.01515302396351084,0.4848967668323469,0.0323924000003899,0.0323924000003899,0.0323924000003899,path,path,path,31,0.0,0.0,False,,,False,1,path,64,4,RL+Path,2
best,C:\Users\erich\Documents\AFRL\Algebraic-Connectivity-Optimization-CDC2026\lite_trials\sweep\resistance_only\checkpoints\best.pt,ppo,3000,C:\Users\erich\Documents\AFRL\Algebraic-Connectivity-Optimization-CDC2026\lite_trials\lite_config.yaml,full,32,0.07311827957,3,65,65,0.07311827956989247,34,0.01515302396351084,0.4848967668323469,0.031466399999771966,0.031466399999771966,0.031466399999771966,path,path,path,31,0.0,0.0,False,,,False,1,path,64,4,RL+Path,3
best,C:\Users\erich\Documents\AFRL\Algebraic-Connectivity-Optimization-CDC2026\lite_trials\sweep\resistance_only\checkpoints\best.pt,ppo,3000,C:\Users\erich\Documents\AFRL\Algebraic-Connectivity-Optimization-CDC2026\lite_trials\lite_config.yaml,full,32,0.07311827957,4,65,65,0.07311827956989247,34,0.01515302396351084,0.4848967668323469,0.03244680000079825,0.03244680000079825,0.03244680000079825,path,path,path,31,0.0,0.0,False,,,False,1,path,64,4,RL+Path,4
best,C:\Users\erich\Documents\AFRL\Algebraic-Connectivity-Optimization-CDC2026\lite_trials\sweep\resistance_only\checkpoints\best.pt,ppo,3000,C:\Users\erich\Documents\AFRL\Algebraic-Connectivity-Optimization-CDC2026\lite_trials\lite_config.yaml,full,32,0.144086021505,0,98,98,0.14408602150537633,67,0.061613843620569805,1.9716429958582338,0.06528489999982412,0.06528489999982412,0.06528489999982412,path,path,path,31,0.0,0.0,False,,,False,1,path,64,4,RL+Path,0
best,C:\Users\erich\Documents\AFRL\Algebraic-Connectivity-Optimization-CDC2026\lite_trials\sweep\resistance_only\checkpoints\best.pt,ppo,3000,C:\Users\erich\Documents\AFRL\Algebraic-Connectivity-Optimization-CDC2026\lite_trials\lite_config.yaml,full,32,0.144086021505,1,98,98,0.14408602150537633,67,0.061613843620569805,1.9716429958582338,0.06719260000045324,0.06719260000045324,0.06719260000045324,path,path,path,31,0.0,0.0,False,,,False,1,path,64,4,RL+Path,1
best,C:\Users\erich\Documents\AFRL\Algebraic-Connectivity-Optimization-CDC2026\lite_trials\sweep\resistance_only\checkpoints\best.pt,ppo,3000,C:\Users\erich\Documents\AFRL\Algebraic-Connectivity-Optimization-CDC2026\lite_trials\lite_config.yaml,full,32,0.144086021505,2,98,98,0.14408602150537633,67,0.061613843620569805,1.9716429958582338,0.06477050000012241,0.06477050000012241,0.06477050000012241,path,path,path,31,0.0,0.0,False,,,False,1,path,64,4,RL+Path,2
best,C:\Users\erich\Documents\AFRL\Algebraic-Connectivity-Optimization-CDC2026\lite_trials\sweep\resistance_only\checkpoints\best.pt,ppo,3000,C:\Users\erich\Documents\AFRL\Algebraic-Connectivity-Optimization-CDC2026\lite_trials\lite_config.yaml,full,32,0.144086021505,3,98,98,0.14408602150537633,67,0.061613843620569805,1.9716429958582338,0.06679329999951733,0.06679329999951733,0.06679329999951733,path,path,path,31,0.0,0.0,False,,,False,1,path,64,4,RL+Path,3
best,C:\Users\erich\Documents\AFRL\Algebraic-Connectivity-Optimization-CDC2026\lite_trials\sweep\resistance_only\checkpoints\best.pt,ppo,3000,C:\Users\erich\Documents\AFRL\Algebraic-Connectivity-Optimization-CDC2026\lite_trials\lite_config.yaml,full,32,0.144086021505,4,98,98,0.14408602150537633,67,0.061613843620569805,1.9716429958582338,0.06459260000065115,0.06459260000065115,0.06459260000065115,path,path,path,31,0.0,0.0,False,,,False,1,path,64,4,RL+Path,4
best,C:\Users\erich\Documents\AFRL\Algebraic-Connectivity-Optimization-CDC2026\lite_trials\sweep\resistance_only\checkpoints\best.pt,ppo,3000,C:\Users\erich\Documents\AFRL\Algebraic-Connectivity-Optimization-CDC2026\lite_trials\lite_config.yaml,full,32,0.215053763441,0,131,131,0.21505376344086022,100,0.06819859367974296,2.1823549977517747,0.09710790000008274,0.09710790000008274,0.09710790000008274,path,path,path,31,0.0,0.0,False,,,False,1,path,64,4,RL+Path,0
best,C:\Users\erich\Documents\AFRL\Algebraic-Connectivity-Optimization-CDC2026\lite_trials\sweep\resistance_only\checkpoints\best.pt,ppo,3000,C:\Users\erich\Documents\AFRL\Algebraic-Connectivity-Optimization-CDC2026\lite_trials\lite_config.yaml,full,32,0.215053763441,1,131,131,0.21505376344086022,100,0.06819859367974296,2.1823549977517747,0.09886099999948783,0.09886099999948783,0.09886099999948783,path,path,path,31,0.0,0.0,False,,,False,1,path,64,4,RL+Path,1
best,C:\Users\erich\Documents\AFRL\Algebraic-Connectivity-Optimization-CDC2026\lite_trials\sweep\resistance_only\checkpoints\best.pt,ppo,3000,C:\Users\erich\Documents\AFRL\Algebraic-Connectivity-Optimization-CDC2026\lite_trials\lite_config.yaml,full,32,0.215053763441,2,131,131,0.21505376344086022,100,0.06819859367974296,2.1823549977517747,0.10052790000008827,0.10052790000008827,0.10052790000008827,path,path,path,31,0.0,0.0,False,,,False,1,path,64,4,RL+Path,2
best,C:\Users\erich\Documents\AFRL\Algebraic-Connectivity-Optimization-CDC2026\lite_trials\sweep\resistance_only\checkpoints\best.pt,ppo,3000,C:\Users\erich\Documents\AFRL\Algebraic-Connectivity-Optimization-CDC2026\lite_trials\lite_config.yaml,full,32,0.215053763441,3,131,131,0.21505376344086022,100,0.06819859367974296,2.1823549977517747,0.09940579999965848,0.09940579999965848,0.09940579999965848,path,path,path,31,0.0,0.0,False,,,False,1,path,64,4,RL+Path,3
best,C:\Users\erich\Documents\AFRL\Algebraic-Connectivity-Optimization-CDC2026\lite_trials\sweep\resistance_only\checkpoints\best.pt,ppo,3000,C:\Users\erich\Documents\AFRL\Algebraic-Connectivity-Optimization-CDC2026\lite_trials\lite_config.yaml,full,32,0.215053763441,4,131,131,0.21505376344086022,100,0.06819859367974296,2.1823549977517747,0.10195860000021639,0.10195860000021639,0.10195860000021639,path,path,path,31,0.0,0.0,False,,,False,1,path,64,4,RL+Path,4
best,C:\Users\erich\Documents\AFRL\Algebraic-Connectivity-Optimization-CDC2026\lite_trials\sweep\resistance_only\checkpoints\best.pt,ppo,3000,C:\Users\erich\Documents\AFRL\Algebraic-Connectivity-Optimization-CDC2026\lite_trials\lite_config.yaml,full,32,0.286021505376,0,164,164,0.2860215053763441,133,0.24371694872752103,7.798942359280673,0.1305554000000484,0.1305554000000484,0.1305554000000484,path,path,path,31,0.0,0.0,False,,,False,1,path,64,4,RL+Path,0
best,C:\Users\erich\Documents\AFRL\Algebraic-Connectivity-Optimization-CDC2026\lite_trials\sweep\resistance_only\checkpoints\best.pt,ppo,3000,C:\Users\erich\Documents\AFRL\Algebraic-Connectivity-Optimization-CDC2026\lite_trials\lite_config.yaml,full,32,0.286021505376,1,164,164,0.2860215053763441,133,0.24371694872752103,7.798942359280673,0.13006309999946097,0.13006309999946097,0.13006309999946097,path,path,path,31,0.0,0.0,False,,,False,1,path,64,4,RL+Path,1
best,C:\Users\erich\Documents\AFRL\Algebraic-Connectivity-Optimization-CDC2026\lite_trials\sweep\resistance_only\checkpoints\best.pt,ppo,3000,C:\Users\erich\Documents\AFRL\Algebraic-Connectivity-Optimization-CDC2026\lite_trials\lite_config.yaml,full,32,0.286021505376,2,164,164,0.2860215053763441,133,0.24371694872752103,7.798942359280673,0.13151190000007773,0.13151190000007773,0.13151190000007773,path,path,path,31,0.0,0.0,False,,,False,1,path,64,4,RL+Path,2
best,C:\Users\erich\Documents\AFRL\Algebraic-Connectivity-Optimization-CDC2026\lite_trials\sweep\resistance_only\checkpoints\best.pt,ppo,3000,C:\Users\erich\Documents\AFRL\Algebraic-Connectivity-Optimization-CDC2026\lite_trials\lite_config.yaml,full,32,0.286021505376,3,164,164,0.2860215053763441,133,0.24371694872752103,7.798942359280673,0.1345839999994496,0.1345839999994496,0.1345839999994496,path,path,path,31,0.0,0.0,False,,,False,1,path,64,4,RL+Path,3
best,C:\Users\erich\Documents\AFRL\Algebraic-Connectivity-Optimization-CDC2026\lite_trials\sweep\resistance_only\checkpoints\best.pt,ppo,3000,C:\Users\erich\Documents\AFRL\Algebraic-Connectivity-Optimization-CDC2026\lite_trials\lite_config.yaml,full,32,0.286021505376,4,164,164,0.2860215053763441,133,0.24371694872752103,7.798942359280673,0.13500660000045173,0.13500660000045173,0.13500660000045173,path,path,path,31,0.0,0.0,False,,,False,1,path,64,4,RL+Path,4
best,C:\Users\erich\Documents\AFRL\Algebraic-Connectivity-Optimization-CDC2026\lite_trials\sweep\resistance_only\checkpoints\best.pt,ppo,3000,C:\Users\erich\Documents\AFRL\Algebraic-Connectivity-Optimization-CDC2026\lite_trials\lite_config.yaml,full,32,0.356989247312,0,197,197,0.35698924731182796,166,0.29596026478547166,9.470728473135093,0.17078240000046208,0.17078240000046208,0.17078240000046208,path,path,path,31,0.0,0.0,False,,,False,1,path,64,4,RL+Path,0
best,C:\Users\erich\Documents\AFRL\Algebraic-Connectivity-Optimization-CDC2026\lite_trials\sweep\resistance_only\checkpoints\best.pt,ppo,3000,C:\Users\erich\Documents\AFRL\Algebraic-Connectivity-Optimization-CDC2026\lite_trials\lite_config.yaml,full,32,0.356989247312,1,197,197,0.35698924731182796,166,0.29596026478547166,9.470728473135093,0.16627010000047449,0.16627010000047449,0.16627010000047449,path,path,path,31,0.0,0.0,False,,,False,1,path,64,4,RL+Path,1
best,C:\Users\erich\Documents\AFRL\Algebraic-Connectivity-Optimization-CDC2026\lite_trials\sweep\resistance_only\checkpoints\best.pt,ppo,3000,C:\Users\erich\Documents\AFRL\Algebraic-Connectivity-Optimization-CDC2026\lite_trials\lite_config.yaml,full,32,0.356989247312,2,197,197,0.35698924731182796,166,0.29596026478547166,9.470728473135093,0.1700821000003998,0.1700821000003998,0.1700821000003998,path,path,path,31,0.0,0.0,False,,,False,1,path,64,4,RL+Path,2
best,C:\Users\erich\Documents\AFRL\Algebraic-Connectivity-Optimization-CDC2026\lite_trials\sweep\resistance_only\checkpoints\best.pt,ppo,3000,C:\Users\erich\Documents\AFRL\Algebraic-Connectivity-Optimization-CDC2026\lite_trials\lite_config.yaml,full,32,0.356989247312,3,197,197,0.35698924731182796,166,0.29596026478547166,9.470728473135093,0.17508689999976923,0.17508689999976923,0.17508689999976923,path,path,path,31,0.0,0.0,False,,,False,1,path,64,4,RL+Path,3
best,C:\Users\erich\Documents\AFRL\Algebraic-Connectivity-Optimization-CDC2026\lite_trials\sweep\resistance_only\checkpoints\best.pt,ppo,3000,C:\Users\erich\Documents\AFRL\Algebraic-Connectivity-Optimization-CDC2026\lite_trials\lite_config.yaml,full,32,0.356989247312,4,197,197,0.35698924731182796,166,0.29596026478547166,9.470728473135093,0.17058109999925364,0.17058109999925364,0.17058109999925364,path,path,path,31,0.0,0.0,False,,,False,1,path,64,4,RL+Path,4
best,C:\Users\erich\Documents\AFRL\Algebraic-Connectivity-Optimization-CDC2026\lite_trials\sweep\resistance_only\checkpoints\best.pt,ppo,3000,C:\Users\erich\Documents\AFRL\Algebraic-Connectivity-Optimization-CDC2026\lite_trials\lite_config.yaml,full,32,0.427956989247,0,230,230,0.42795698924731185,199,0.4016697047591622,12.85343055229319,0.2131441999999879,0.2131441999999879,0.2131441999999879,path,path,path,31,0.0,0.0,False,,,False,1,path,64,4,RL+Path,0
best,C:\Users\erich\Documents\AFRL\Algebraic-Connectivity-Optimization-CDC2026\lite_trials\sweep\resistance_only\checkpoints\best.pt,ppo,3000,C:\Users\erich\Documents\AFRL\Algebraic-Connectivity-Optimization-CDC2026\lite_trials\lite_config.yaml,full,32,0.427956989247,1,230,230,0.42795698924731185,199,0.4016697047591622,12.85343055229319,0.2089512000002287,0.2089512000002287,0.2089512000002287,path,path,path,31,0.0,0.0,False,,,False,1,path,64,4,RL+Path,1
best,C:\Users\erich\Documents\AFRL\Algebraic-Connectivity-Optimization-CDC2026\lite_trials\sweep\resistance_only\checkpoints\best.pt,ppo,3000,C:\Users\erich\Documents\AFRL\Algebraic-Connectivity-Optimization-CDC2026\lite_trials\lite_config.yaml,full,32,0.427956989247,2,230,230,0.42795698924731185,199,0.4016697047591622,12.85343055229319,0.2054385999999795,0.2054385999999795,0.2054385999999795,path,path,path,31,0.0,0.0,False,,,False,1,path,64,4,RL+Path,2
best,C:\Users\erich\Documents\AFRL\Algebraic-Connectivity-Optimization-CDC2026\lite_trials\sweep\resistance_only\checkpoints\best.pt,ppo,3000,C:\Users\erich\Documents\AFRL\Algebraic-Connectivity-Optimization-CDC2026\lite_trials\lite_config.yaml,full,32,0.427956989247,3,230,230,0.42795698924731185,199,0.4016697047591622,12.85343055229319,0.2125261999999566,0.2125261999999566,0.2125261999999566,path,path,path,31,0.0,0.0,False,,,False,1,path,64,4,RL+Path,3
best,C:\Users\erich\Documents\AFRL\Algebraic-Connectivity-Optimization-CDC2026\lite_trials\sweep\resistance_only\checkpoints\best.pt,ppo,3000,C:\Users\erich\Documents\AFRL\Algebraic-Connectivity-Optimization-CDC2026\lite_trials\lite_config.yaml,full,32,0.427956989247,4,230,230,0.42795698924731185,199,0.4016697047591622,12.85343055229319,0.21470049999970797,0.21470049999970797,0.21470049999970797,path,path,path,31,0.0,0.0,False,,,False,1,path,64,4,RL+Path,4
best,C:\Users\erich\Documents\AFRL\Algebraic-Connectivity-Optimization-CDC2026\lite_trials\sweep\resistance_only\checkpoints\best.pt,ppo,3000,C:\Users\erich\Documents\AFRL\Algebraic-Connectivity-Optimization-CDC2026\lite_trials\lite_config.yaml,full,32,0.501075268817,0,264,264,0.5010752688172043,233,0.47862423959156497,15.315975666930079,0.24994059999971796,0.24994059999971796,0.24994059999971796,path,path,path,31,0.0,0.0,False,,,False,1,path,64,4,RL+Path,0
best,C:\Users\erich\Documents\AFRL\Algebraic-Connectivity-Optimization-CDC2026\lite_trials\sweep\resistance_only\checkpoints\best.pt,ppo,3000,C:\Users\erich\Documents\AFRL\Algebraic-Connectivity-Optimization-CDC2026\lite_trials\lite_config.yaml,full,32,0.501075268817,1,264,264,0.5010752688172043,233,0.47862423959156497,15.315975666930079,0.24864609999985987,0.24864609999985987,0.24864609999985987,path,path,path,31,0.0,0.0,False,,,False,1,path,64,4,RL+Path,1
best,C:\Users\erich\Documents\AFRL\Algebraic-Connectivity-Optimization-CDC2026\lite_trials\sweep\resistance_only\checkpoints\best.pt,ppo,3000,C:\Users\erich\Documents\AFRL\Algebraic-Connectivity-Optimization-CDC2026\lite_trials\lite_config.yaml,full,32,0.501075268817,2,264,264,0.5010752688172043,233,0.47862423959156497,15.315975666930079,0.2492869999996401,0.2492869999996401,0.2492869999996401,path,path,path,31,0.0,0.0,False,,,False,1,path,64,4,RL+Path,2
best,C:\Users\erich\Documents\AFRL\Algebraic-Connectivity-Optimization-CDC2026\lite_trials\sweep\resistance_only\checkpoints\best.pt,ppo,3000,C:\Users\erich\Documents\AFRL\Algebraic-Connectivity-Optimization-CDC2026\lite_trials\lite_config.yaml,full,32,0.501075268817,3,264,264,0.5010752688172043,233,0.47862423959156497,15.315975666930079,0.24956070000007458,0.24956070000007458,0.24956070000007458,path,path,path,31,0.0,0.0,False,,,False,1,path,64,4,RL+Path,3
best,C:\Users\erich\Documents\AFRL\Algebraic-Connectivity-Optimization-CDC2026\lite_trials\sweep\resistance_only\checkpoints\best.pt,ppo,3000,C:\Users\erich\Documents\AFRL\Algebraic-Connectivity-Optimization-CDC2026\lite_trials\lite_config.yaml,full,32,0.501075268817,4,264,264,0.5010752688172043,233,0.47862423959156497,15.315975666930079,0.25550989999919693,0.25550989999919693,0.25550989999919693,path,path,path,31,0.0,0.0,False,,,False,1,path,64,4,RL+Path,4
best,C:\Users\erich\Documents\AFRL\Algebraic-Connectivity-Optimization-CDC2026\lite_trials\sweep\resistance_only\checkpoints\best.pt,ppo,3000,C:\Users\erich\Documents\AFRL\Algebraic-Connectivity-Optimization-CDC2026\lite_trials\lite_config.yaml,full,32,0.572043010753,0,297,297,0.5720430107526882,266,0.5556140808339526,17.779650586686483,0.2888850999997885,0.2888850999997885,0.2888850999997885,path,path,path,31,0.0,0.0,False,,,False,1,path,64,4,RL+Path,0
best,C:\Users\erich\Documents\AFRL\Algebraic-Connectivity-Optimization-CDC2026\lite_trials\sweep\resistance_only\checkpoints\best.pt,ppo,3000,C:\Users\erich\Documents\AFRL\Algebraic-Connectivity-Optimization-CDC2026\lite_trials\lite_config.yaml,full,32,0.572043010753,1,297,297,0.5720430107526882,266,0.5556140808339526,17.779650586686483,0.28974680000010267,0.28974680000010267,0.28974680000010267,path,path,path,31,0.0,0.0,False,,,False,1,path,64,4,RL+Path,1
best,C:\Users\erich\Documents\AFRL\Algebraic-Connectivity-Optimization-CDC2026\lite_trials\sweep\resistance_only\checkpoints\best.pt,ppo,3000,C:\Users\erich\Documents\AFRL\Algebraic-Connectivity-Optimization-CDC2026\lite_trials\lite_config.yaml,full,32,0.572043010753,2,297,297,0.5720430107526882,266,0.5556140808339526,17.779650586686483,0.2754660000000513,0.2754660000000513,0.2754660000000513,path,path,path,31,0.0,0.0,False,,,False,1,path,64,4,RL+Path,2
best,C:\Users\erich\Documents\AFRL\Algebraic-Connectivity-Optimization-CDC2026\lite_trials\sweep\resistance_only\checkpoints\best.pt,ppo,3000,C:\Users\erich\Documents\AFRL\Algebraic-Connectivity-Optimization-CDC2026\lite_trials\lite_config.yaml,full,32,0.572043010753,3,297,297,0.5720430107526882,266,0.5556140808339526,17.779650586686483,0.2870585000000574,0.2870585000000574,0.2870585000000574,path,path,path,31,0.0,0.0,False,,,False,1,path,64,4,RL+Path,3
best,C:\Users\erich\Documents\AFRL\Algebraic-Connectivity-Optimization-CDC2026\lite_trials\sweep\resistance_only\checkpoints\best.pt,ppo,3000,C:\Users\erich\Documents\AFRL\Algebraic-Connectivity-Optimization-CDC2026\lite_trials\lite_config.yaml,full,32,0.572043010753,4,297,297,0.5720430107526882,266,0.5556140808339526,17.779650586686483,0.2886372000002666,0.2886372000002666,0.2886372000002666,path,path,path,31,0.0,0.0,False,,,False,1,path,64,4,RL+Path,4
best,C:\Users\erich\Documents\AFRL\Algebraic-Connectivity-Optimization-CDC2026\lite_trials\sweep\resistance_only\checkpoints\best.pt,ppo,3000,C:\Users\erich\Documents\AFRL\Algebraic-Connectivity-Optimization-CDC2026\lite_trials\lite_config.yaml,full,32,0.643010752688,0,330,330,0.6430107526881721,299,0.6297174992493796,20.150959975980147,0.3308297000003222,0.3308297000003222,0.3308297000003222,path,path,path,31,0.0,0.0,False,,,False,1,path,64,4,RL+Path,0
best,C:\Users\erich\Documents\AFRL\Algebraic-Connectivity-Optimization-CDC2026\lite_trials\sweep\resistance_only\checkpoints\best.pt,ppo,3000,C:\Users\erich\Documents\AFRL\Algebraic-Connectivity-Optimization-CDC2026\lite_trials\lite_config.yaml,full,32,0.643010752688,1,330,330,0.6430107526881721,299,0.6297174992493796,20.150959975980147,0.3248556999997163,0.3248556999997163,0.3248556999997163,path,path,path,31,0.0,0.0,False,,,False,1,path,64,4,RL+Path,1
best,C:\Users\erich\Documents\AFRL\Algebraic-Connectivity-Optimization-CDC2026\lite_trials\sweep\resistance_only\checkpoints\best.pt,ppo,3000,C:\Users\erich\Documents\AFRL\Algebraic-Connectivity-Optimization-CDC2026\lite_trials\lite_config.yaml,full,32,0.643010752688,2,330,330,0.6430107526881721,299,0.6297174992493796,20.150959975980147,0.3160470000002533,0.3160470000002533,0.3160470000002533,path,path,path,31,0.0,0.0,False,,,False,1,path,64,4,RL+Path,2
best,C:\Users\erich\Documents\AFRL\Algebraic-Connectivity-Optimization-CDC2026\lite_trials\sweep\resistance_only\checkpoints\best.pt,ppo,3000,C:\Users\erich\Documents\AFRL\Algebraic-Connectivity-Optimization-CDC2026\lite_trials\lite_config.yaml,full,32,0.643010752688,3,330,330,0.6430107526881721,299,0.6297174992493796,20.150959975980147,0.329097400000137,0.329097400000137,0.329097400000137,path,path,path,31,0.0,0.0,False,,,False,1,path,64,4,RL+Path,3
best,C:\Users\erich\Documents\AFRL\Algebraic-Connectivity-Optimization-CDC2026\lite_trials\sweep\resistance_only\checkpoints\best.pt,ppo,3000,C:\Users\erich\Documents\AFRL\Algebraic-Connectivity-Optimization-CDC2026\lite_trials\lite_config.yaml,full,32,0.643010752688,4,330,330,0.6430107526881721,299,0.6297174992493796,20.150959975980147,0.3283303000007436,0.3283303000007436,0.3283303000007436,path,path,path,31,0.0,0.0,False,,,False,1,path,64,4,RL+Path,4
best,C:\Users\erich\Documents\AFRL\Algebraic-Connectivity-Optimization-CDC2026\lite_trials\sweep\resistance_only\checkpoints\best.pt,ppo,3000,C:\Users\erich\Documents\AFRL\Algebraic-Connectivity-Optimization-CDC2026\lite_trials\lite_config.yaml,full,32,0.713978494624,0,363,363,0.7139784946236559,332,0.8140381984306986,26.049222349782355,0.37122460000045976,0.37122460000045976,0.37122460000045976,path,path,path,31,0.0,0.0,False,,,False,1,path,64,4,RL+Path,0
best,C:\Users\erich\Documents\AFRL\Algebraic-Connectivity-Optimization-CDC2026\lite_trials\sweep\resistance_only\checkpoints\best.pt,ppo,3000,C:\Users\erich\Documents\AFRL\Algebraic-Connectivity-Optimization-CDC2026\lite_trials\lite_config.yaml,full,32,0.713978494624,1,363,363,0.7139784946236559,332,0.8140381984306986,26.049222349782355,0.3657542000000831,0.3657542000000831,0.3657542000000831,path,path,path,31,0.0,0.0,False,,,False,1,path,64,4,RL+Path,1
best,C:\Users\erich\Documents\AFRL\Algebraic-Connectivity-Optimization-CDC2026\lite_trials\sweep\resistance_only\checkpoints\best.pt,ppo,3000,C:\Users\erich\Documents\AFRL\Algebraic-Connectivity-Optimization-CDC2026\lite_trials\lite_config.yaml,full,32,0.713978494624,2,363,363,0.7139784946236559,332,0.8140381984306986,26.049222349782355,0.3660014000006413,0.3660014000006413,0.3660014000006413,path,path,path,31,0.0,0.0,False,,,False,1,path,64,4,RL+Path,2
best,C:\Users\erich\Documents\AFRL\Algebraic-Connectivity-Optimization-CDC2026\lite_trials\sweep\resistance_only\checkpoints\best.pt,ppo,3000,C:\Users\erich\Documents\AFRL\Algebraic-Connectivity-Optimization-CDC2026\lite_trials\lite_config.yaml,full,32,0.713978494624,3,363,363,0.7139784946236559,332,0.8140381984306986,26.049222349782355,0.37607909999951517,0.37607909999951517,0.37607909999951517,path,path,path,31,0.0,0.0,False,,,False,1,path,64,4,RL+Path,3
best,C:\Users\erich\Documents\AFRL\Algebraic-Connectivity-Optimization-CDC2026\lite_trials\sweep\resistance_only\checkpoints\best.pt,ppo,3000,C:\Users\erich\Documents\AFRL\Algebraic-Connectivity-Optimization-CDC2026\lite_trials\lite_config.yaml,full,32,0.713978494624,4,363,363,0.7139784946236559,332,0.8140381984306986,26.049222349782355,0.3711882000006881,0.3711882000006881,0.3711882000006881,path,path,path,31,0.0,0.0,False,,,False,1,path,64,4,RL+Path,4
best,C:\Users\erich\Documents\AFRL\Algebraic-Connectivity-Optimization-CDC2026\lite_trials\sweep\resistance_only\checkpoints\best.pt,ppo,3000,C:\Users\erich\Documents\AFRL\Algebraic-Connectivity-Optimization-CDC2026\lite_trials\lite_config.yaml,full,32,0.784946236559,0,396,396,0.7849462365591398,365,0.8069530401399938,25.8224972844798,0.4338028000001941,0.4338028000001941,0.4338028000001941,path,path,path,31,0.0,0.0,False,,,False,1,path,64,4,RL+Path,0
best,C:\Users\erich\Documents\AFRL\Algebraic-Connectivity-Optimization-CDC2026\lite_trials\sweep\resistance_only\checkpoints\best.pt,ppo,3000,C:\Users\erich\Documents\AFRL\Algebraic-Connectivity-Optimization-CDC2026\lite_trials\lite_config.yaml,full,32,0.784946236559,1,396,396,0.7849462365591398,365,0.8069530401399938,25.8224972844798,0.4110227000001032,0.4110227000001032,0.4110227000001032,path,path,path,31,0.0,0.0,False,,,False,1,path,64,4,RL+Path,1
best,C:\Users\erich\Documents\AFRL\Algebraic-Connectivity-Optimization-CDC2026\lite_trials\sweep\resistance_only\checkpoints\best.pt,ppo,3000,C:\Users\erich\Documents\AFRL\Algebraic-Connectivity-Optimization-CDC2026\lite_trials\lite_config.yaml,full,32,0.784946236559,2,396,396,0.7849462365591398,365,0.8069530401399938,25.8224972844798,0.41800789999979315,0.41800789999979315,0.41800789999979315,path,path,path,31,0.0,0.0,False,,,False,1,path,64,4,RL+Path,2
best,C:\Users\erich\Documents\AFRL\Algebraic-Connectivity-Optimization-CDC2026\lite_trials\sweep\resistance_only\checkpoints\best.pt,ppo,3000,C:\Users\erich\Documents\AFRL\Algebraic-Connectivity-Optimization-CDC2026\lite_trials\lite_config.yaml,full,32,0.784946236559,3,396,396,0.7849462365591398,365,0.8069530401399938,25.8224972844798,0.4494619999995848,0.4494619999995848,0.4494619999995848,path,path,path,31,0.0,0.0,False,,,False,1,path,64,4,RL+Path,3
best,C:\Users\erich\Documents\AFRL\Algebraic-Connectivity-Optimization-CDC2026\lite_trials\sweep\resistance_only\checkpoints\best.pt,ppo,3000,C:\Users\erich\Documents\AFRL\Algebraic-Connectivity-Optimization-CDC2026\lite_trials\lite_config.yaml,full,32,0.784946236559,4,396,396,0.7849462365591398,365,0.8069530401399938,25.8224972844798,0.5240080000003218,0.5240080000003218,0.5240080000003218,path,path,path,31,0.0,0.0,False,,,False,1,path,64,4,RL+Path,4
best,C:\Users\erich\Documents\AFRL\Algebraic-Connectivity-Optimization-CDC2026\lite_trials\sweep\resistance_only\checkpoints\best.pt,ppo,3000,C:\Users\erich\Documents\AFRL\Algebraic-Connectivity-Optimization-CDC2026\lite_trials\lite_config.yaml,full,32,0.855913978495,0,429,429,0.8559139784946237,398,0.8981140206338348,28.739648660282715,0.5433773999993718,0.5433773999993718,0.5433773999993718,path,path,path,31,0.0,0.0,False,,,False,1,path,64,4,RL+Path,0
best,C:\Users\erich\Documents\AFRL\Algebraic-Connectivity-Optimization-CDC2026\lite_trials\sweep\resistance_only\checkpoints\best.pt,ppo,3000,C:\Users\erich\Documents\AFRL\Algebraic-Connectivity-Optimization-CDC2026\lite_trials\lite_config.yaml,full,32,0.855913978495,1,429,429,0.8559139784946237,398,0.8981140206338348,28.739648660282715,0.5875699999996868,0.5875699999996868,0.5875699999996868,path,path,path,31,0.0,0.0,False,,,False,1,path,64,4,RL+Path,1
best,C:\Users\erich\Documents\AFRL\Algebraic-Connectivity-Optimization-CDC2026\lite_trials\sweep\resistance_only\checkpoints\best.pt,ppo,3000,C:\Users\erich\Documents\AFRL\Algebraic-Connectivity-Optimization-CDC2026\lite_trials\lite_config.yaml,full,32,0.855913978495,2,429,429,0.8559139784946237,398,0.8981140206338348,28.739648660282715,0.5588145000001532,0.5588145000001532,0.5588145000001532,path,path,path,31,0.0,0.0,False,,,False,1,path,64,4,RL+Path,2
best,C:\Users\erich\Documents\AFRL\Algebraic-Connectivity-Optimization-CDC2026\lite_trials\sweep\resistance_only\checkpoints\best.pt,ppo,3000,C:\Users\erich\Documents\AFRL\Algebraic-Connectivity-Optimization-CDC2026\lite_trials\lite_config.yaml,full,32,0.855913978495,3,429,429,0.8559139784946237,398,0.8981140206338348,28.739648660282715,0.5410604999997304,0.5410604999997304,0.5410604999997304,path,path,path,31,0.0,0.0,False,,,False,1,path,64,4,RL+Path,3
best,C:\Users\erich\Documents\AFRL\Algebraic-Connectivity-Optimization-CDC2026\lite_trials\sweep\resistance_only\checkpoints\best.pt,ppo,3000,C:\Users\erich\Documents\AFRL\Algebraic-Connectivity-Optimization-CDC2026\lite_trials\lite_config.yaml,full,32,0.855913978495,4,429,429,0.8559139784946237,398,0.8981140206338348,28.739648660282715,0.5458459999999832,0.5458459999999832,0.5458459999999832,path,path,path,31,0.0,0.0,False,,,False,1,path,64,4,RL+Path,4
best,C:\Users\erich\Documents\AFRL\Algebraic-Connectivity-Optimization-CDC2026\lite_trials\sweep\resistance_only\checkpoints\best.pt,ppo,3000,C:\Users\erich\Documents\AFRL\Algebraic-Connectivity-Optimization-CDC2026\lite_trials\lite_config.yaml,full,32,0.92688172043,0,462,462,0.9268817204301075,431,0.9954322597263469,31.8538323112431,0.5882310999995752,0.5882310999995752,0.5882310999995752,path,path,path,31,0.0,0.0,False,,,False,1,path,64,4,RL+Path,0
best,C:\Users\erich\Documents\AFRL\Algebraic-Connectivity-Optimization-CDC2026\lite_trials\sweep\resistance_only\checkpoints\best.pt,ppo,3000,C:\Users\erich\Documents\AFRL\Algebraic-Connectivity-Optimization-CDC2026\lite_trials\lite_config.yaml,full,32,0.92688172043,1,462,462,0.9268817204301075,431,0.9954322597263469,31.8538323112431,0.607796899999812,0.607796899999812,0.607796899999812,path,path,path,31,0.0,0.0,False,,,False,1,path,64,4,RL+Path,1
best,C:\Users\erich\Documents\AFRL\Algebraic-Connectivity-Optimization-CDC2026\lite_trials\sweep\resistance_only\checkpoints\best.pt,ppo,3000,C:\Users\erich\Documents\AFRL\Algebraic-Connectivity-Optimization-CDC2026\lite_trials\lite_config.yaml,full,32,0.92688172043,2,462,462,0.9268817204301075,431,0.9954322597263469,31.8538323112431,0.5923381000002337,0.5923381000002337,0.5923381000002337,path,path,path,31,0.0,0.0,False,,,False,1,path,64,4,RL+Path,2
best,C:\Users\erich\Documents\AFRL\Algebraic-Connectivity-Optimization-CDC2026\lite_trials\sweep\resistance_only\checkpoints\best.pt,ppo,3000,C:\Users\erich\Documents\AFRL\Algebraic-Connectivity-Optimization-CDC2026\lite_trials\lite_config.yaml,full,32,0.92688172043,3,462,462,0.9268817204301075,431,0.9954322597263469,31.8538323112431,0.5914507999996204,0.5914507999996204,0.5914507999996204,path,path,path,31,0.0,0.0,False,,,False,1,path,64,4,RL+Path,3
best,C:\Users\erich\Documents\AFRL\Algebraic-Connectivity-Optimization-CDC2026\lite_trials\sweep\resistance_only\checkpoints\best.pt,ppo,3000,C:\Users\erich\Documents\AFRL\Algebraic-Connectivity-Optimization-CDC2026\lite_trials\lite_config.yaml,full,32,0.92688172043,4,462,462,0.9268817204301075,431,0.9954322597263469,31.8538323112431,0.5996632000005775,0.5996632000005775,0.5996632000005775,path,path,path,31,0.0,0.0,False,,,False,1,path,64,4,RL+Path,4
best,C:\Users\erich\Documents\AFRL\Algebraic-Connectivity-Optimization-CDC2026\lite_trials\sweep\resistance_only\checkpoints\best.pt,ppo,3000,C:\Users\erich\Documents\AFRL\Algebraic-Connectivity-Optimization-CDC2026\lite_trials\lite_config.yaml,full,32,0.997849462366,0,495,495,0.9978494623655914,464,0.9997732461485438,31.9927438767534,0.6614785000001575,0.6614785000001575,0.6614785000001575,path,path,path,31,0.0,0.0,False,,,False,1,path,64,4,RL+Path,0
best,C:\Users\erich\Documents\AFRL\Algebraic-Connectivity-Optimization-CDC2026\lite_trials\sweep\resistance_only\checkpoints\best.pt,ppo,3000,C:\Users\erich\Documents\AFRL\Algebraic-Connectivity-Optimization-CDC2026\lite_trials\lite_config.yaml,full,32,0.997849462366,1,495,495,0.9978494623655914,464,0.9997732461485438,31.9927438767534,0.6512953999999809,0.6512953999999809,0.6512953999999809,path,path,path,31,0.0,0.0,False,,,False,1,path,64,4,RL+Path,1
best,C:\Users\erich\Documents\AFRL\Algebraic-Connectivity-Optimization-CDC2026\lite_trials\sweep\resistance_only\checkpoints\best.pt,ppo,3000,C:\Users\erich\Documents\AFRL\Algebraic-Connectivity-Optimization-CDC2026\lite_trials\lite_config.yaml,full,32,0.997849462366,2,495,495,0.9978494623655914,464,0.9997732461485438,31.9927438767534,0.6599098999995476,0.6599098999995476,0.6599098999995476,path,path,path,31,0.0,0.0,False,,,False,1,path,64,4,RL+Path,2
best,C:\Users\erich\Documents\AFRL\Algebraic-Connectivity-Optimization-CDC2026\lite_trials\sweep\resistance_only\checkpoints\best.pt,ppo,3000,C:\Users\erich\Documents\AFRL\Algebraic-Connectivity-Optimization-CDC2026\lite_trials\lite_config.yaml,full,32,0.997849462366,3,495,495,0.9978494623655914,464,0.9997732461485438,31.9927438767534,0.664943900000253,0.664943900000253,0.664943900000253,path,path,path,31,0.0,0.0,False,,,False,1,path,64,4,RL+Path,3
best,C:\Users\erich\Documents\AFRL\Algebraic-Connectivity-Optimization-CDC2026\lite_trials\sweep\resistance_only\checkpoints\best.pt,ppo,3000,C:\Users\erich\Documents\AFRL\Algebraic-Connectivity-Optimization-CDC2026\lite_trials\lite_config.yaml,full,32,0.997849462366,4,495,495,0.9978494623655914,464,0.9997732461485438,31.9927438767534,0.6417543999996269,0.6417543999996269,0.6417543999996269,path,path,path,31,0.0,0.0,False,,,False,1,path,64,4,RL+Path,4
best,C:\Users\erich\Documents\AFRL\Algebraic-Connectivity-Optimization-CDC2026\lite_trials\sweep\resistance_only\checkpoints\best.pt,ppo,3000,C:\Users\erich\Documents\AFRL\Algebraic-Connectivity-Optimization-CDC2026\lite_trials\lite_config.yaml,full,32,0.002150537634,0,32,32,0.002150537634408602,1,0.031249999999999955,0.9999999999999986,0.003891400000611611,0.003891400000611611,0.00439619999997376,backbone,envelope_only,envelope,31,1.0,0.0005047999993621488,False,,,False,1,envelope,64,4,RL+Backbone,0
best,C:\Users\erich\Documents\AFRL\Algebraic-Connectivity-Optimization-CDC2026\lite_trials\sweep\resistance_only\checkpoints\best.pt,ppo,3000,C:\Users\erich\Documents\AFRL\Algebraic-Connectivity-Optimization-CDC2026\lite_trials\lite_config.yaml,full,32,0.002150537634,1,32,32,0.002150537634408602,1,0.031249999999999955,0.9999999999999986,0.0011229000001549139,0.0011229000001549139,0.001299499999731779,backbone,envelope_only,envelope,31,1.0,0.00017659999957686523,False,,,False,1,envelope,64,4,RL+Backbone,1
best,C:\Users\erich\Documents\AFRL\Algebraic-Connectivity-Optimization-CDC2026\lite_trials\sweep\resistance_only\checkpoints\best.pt,ppo,3000,C:\Users\erich\Documents\AFRL\Algebraic-Connectivity-Optimization-CDC2026\lite_trials\lite_config.yaml,full,32,0.002150537634,2,32,32,0.002150537634408602,1,0.031249999999999955,0.9999999999999986,0.0010354999994888203,0.0010354999994888203,0.00114569999914238,backbone,envelope_only,envelope,31,1.0,0.00011019999965355964,False,,,False,1,envelope,64,4,RL+Backbone,2
best,C:\Users\erich\Documents\AFRL\Algebraic-Connectivity-Optimization-CDC2026\lite_trials\sweep\resistance_only\checkpoints\best.pt,ppo,3000,C:\Users\erich\Documents\AFRL\Algebraic-Connectivity-Optimization-CDC2026\lite_trials\lite_config.yaml,full,32,0.002150537634,3,32,32,0.002150537634408602,1,0.031249999999999955,0.9999999999999986,0.0010468000000400934,0.0010468000000400934,0.0011487000001579872,backbone,envelope_only,envelope,31,1.0,0.0001019000001178938,False,,,False,1,envelope,64,4,RL+Backbone,3
best,C:\Users\erich\Documents\AFRL\Algebraic-Connectivity-Optimization-CDC2026\lite_trials\sweep\resistance_only\checkpoints\best.pt,ppo,3000,C:\Users\erich\Documents\AFRL\Algebraic-Connectivity-Optimization-CDC2026\lite_trials\lite_config.yaml,full,32,0.002150537634,4,32,32,0.002150537634408602,1,0.031249999999999955,0.9999999999999986,0.0014305999993666774,0.0014305999993666774,0.0015511999999944237,backbone,envelope_only,envelope,31,1.0,0.00012060000062774634,False,,,False,1,envelope,64,4,RL+Backbone,4
best,C:\Users\erich\Documents\AFRL\Algebraic-Connectivity-Optimization-CDC2026\lite_trials\sweep\resistance_only\checkpoints\best.pt,ppo,3000,C:\Users\erich\Documents\AFRL\Algebraic-Connectivity-Optimization-CDC2026\lite_trials\lite_config.yaml,full,32,0.07311827957,0,65,65,0.07311827956989247,5,0.12385954381397248,3.963505402047119,0.004936599999382452,0.004936599999382452,0.011659800000415999,backbone,both,envelope,60,2.0,0.009848100000453996,False,,,True,2,"cayley,envelope",64,4,RL+Backbone,0
best,C:\Users\erich\Documents\AFRL\Algebraic-Connectivity-Optimization-CDC2026\lite_trials\sweep\resistance_only\checkpoints\best.pt,ppo,3000,C:\Users\erich\Documents\AFRL\Algebraic-Connectivity-Optimization-CDC2026\lite_trials\lite_config.yaml,full,32,0.07311827957,1,65,65,0.07311827956989247,5,0.12385954381397248,3.963505402047119,0.004689100000177859,0.004689100000177859,0.00748589999966498,backbone,both,envelope,60,2.0,0.00633410000045842,False,,,True,2,"cayley,envelope",64,4,RL+Backbone,1
best,C:\Users\erich\Documents\AFRL\Algebraic-Connectivity-Optimization-CDC2026\lite_trials\sweep\resistance_only\checkpoints\best.pt,ppo,3000,C:\Users\erich\Documents\AFRL\Algebraic-Connectivity-Optimization-CDC2026\lite_trials\lite_config.yaml,full,32,0.07311827957,2,65,65,0.07311827956989247,5,0.12385954381397248,3.963505402047119,0.004966999999851396,0.004966999999851396,0.007296199999473174,backbone,both,envelope,60,2.0,0.006231599999409809,False,,,True,2,"cayley,envelope",64,4,RL+Backbone,2
best,C:\Users\erich\Documents\AFRL\Algebraic-Connectivity-Optimization-CDC2026\lite_trials\sweep\resistance_only\checkpoints\best.pt,ppo,3000,C:\Users\erich\Documents\AFRL\Algebraic-Connectivity-Optimization-CDC2026\lite_trials\lite_config.yaml,full,32,0.07311827957,3,65,65,0.07311827956989247,5,0.12385954381397248,3.963505402047119,0.005173300000024028,0.005173300000024028,0.007821200000762474,backbone,both,envelope,60,2.0,0.006704100000206381,False,,,True,2,"cayley,envelope",64,4,RL+Backbone,3
best,C:\Users\erich\Documents\AFRL\Algebraic-Connectivity-Optimization-CDC2026\lite_trials\sweep\resistance_only\checkpoints\best.pt,ppo,3000,C:\Users\erich\Documents\AFRL\Algebraic-Connectivity-Optimization-CDC2026\lite_trials\lite_config.yaml,full,32,0.07311827957,4,65,65,0.07311827956989247,5,0.12385954381397248,3.963505402047119,0.005021900000429014,0.005021900000429014,0.006831200000306126,backbone,both,envelope,60,2.0,0.005756200000178069,False,,,True,2,"cayley,envelope",64,4,RL+Backbone,4
best,C:\Users\erich\Documents\AFRL\Algebraic-Connectivity-Optimization-CDC2026\lite_trials\sweep\resistance_only\checkpoints\best.pt,ppo,3000,C:\Users\erich\Documents\AFRL\Algebraic-Connectivity-Optimization-CDC2026\lite_trials\lite_config.yaml,full,32,0.144086021505,0,98,98,0.14408602150537633,2,0.1085589496062133,3.4738863873988257,0.0025681000006443355,0.0025681000006443355,0.010106600000653998,backbone,cayley_only,cayley,96,3.386874070247247,0.0075385000000096625,False,2,,False,1,cayley,64,4,RL+Backbone,0
best,C:\Users\erich\Documents\AFRL\Algebraic-Connectivity-Optimization-CDC2026\lite_trials\sweep\resistance_only\checkpoints\best.pt,ppo,3000,C:\Users\erich\Documents\AFRL\Algebraic-Connectivity-Optimization-CDC2026\lite_trials\lite_config.yaml,full,32,0.144086021505,1,98,98,0.14408602150537633,2,0.1058474021600358,3.3871168691211455,0.0031576000001223292,0.0031576000001223292,0.013133499999639753,backbone,cayley_only,cayley,96,3.3868740702472473,0.009975899999517424,False,2,,False,1,cayley,64,4,RL+Backbone,1
best,C:\Users\erich\Documents\AFRL\Algebraic-Connectivity-Optimization-CDC2026\lite_trials\sweep\resistance_only\checkpoints\best.pt,ppo,3000,C:\Users\erich\Documents\AFRL\Algebraic-Connectivity-Optimization-CDC2026\lite_trials\lite_config.yaml,full,32,0.144086021505,2,98,98,0.14408602150537633,2,0.1085589496062133,3.4738863873988257,0.002718300000196905,0.002718300000196905,0.01216759999988426,backbone,cayley_only,cayley,96,3.386874070247247,0.009449299999687355,False,2,,False,1,cayley,64,4,RL+Backbone,2
best,C:\Users\erich\Documents\AFRL\Algebraic-Connectivity-Optimization-CDC2026\lite_trials\sweep\resistance_only\checkpoints\best.pt,ppo,3000,C:\Users\erich\Documents\AFRL\Algebraic-Connectivity-Optimization-CDC2026\lite_trials\lite_config.yaml,full,32,0.144086021505,3,98,98,0.14408602150537633,2,0.1085589496062133,3.4738863873988257,0.0021789000002172543,0.0021789000002172543,0.011773600000196893,backbone,cayley_only,cayley,96,3.386874070247247,0.009594699999979639,False,2,,False,1,cayley,64,4,RL+Backbone,3
best,C:\Users\erich\Documents\AFRL\Algebraic-Connectivity-Optimization-CDC2026\lite_trials\sweep\resistance_only\checkpoints\best.pt,ppo,3000,C:\Users\erich\Documents\AFRL\Algebraic-Connectivity-Optimization-CDC2026\lite_trials\lite_config.yaml,full,32,0.144086021505,4,98,98,0.14408602150537633,2,0.1104020389580078,3.53286524665625,0.0028427000006558956,0.0028427000006558956,0.010574600000836654,backbone,cayley_only,cayley,96,3.3868740702472473,0.007731900000180758,False,2,,False,1,cayley,64,4,RL+Backbone,4
best,C:\Users\erich\Documents\AFRL\Algebraic-Connectivity-Optimization-CDC2026\lite_trials\sweep\resistance_only\checkpoints\best.pt,ppo,3000,C:\Users\erich\Documents\AFRL\Algebraic-Connectivity-Optimization-CDC2026\lite_trials\lite_config.yaml,full,32,0.215053763441,0,131,131,0.21505376344086022,3,0.16185682770620508,5.179418486598562,0.004243000000315078,0.004243000000315078,0.014602799999920535,backbone,cayley_only,cayley,128,5.171572875253809,0.010359799999605457,False,2,,False,1,cayley,64,4,RL+Backbone,0
best,C:\Users\erich\Documents\AFRL\Algebraic-Connectivity-Optimization-CDC2026\lite_trials\sweep\resistance_only\checkpoints\best.pt,ppo,3000,C:\Users\erich\Documents\AFRL\Algebraic-Connectivity-Optimization-CDC2026\lite_trials\lite_config.yaml,full,32,0.215053763441,1,131,131,0.21505376344086022,3,0.16226016331274096,5.192325226007711,0.00344539999969129,0.00344539999969129,0.013619899998957408,backbone,cayley_only,cayley,128,5.171572875253811,0.010174499999266118,False,2,,False,1,cayley,64,4,RL+Backbone,1
best,C:\Users\erich\Documents\AFRL\Algebraic-Connectivity-Optimization-CDC2026\lite_trials\sweep\resistance_only\checkpoints\best.pt,ppo,3000,C:\Users\erich\Documents\AFRL\Algebraic-Connectivity-Optimization-CDC2026\lite_trials\lite_config.yaml,full,32,0.215053763441,2,131,131,0.21505376344086022,3,0.1672940290320079,5.353408929024253,0.0032866999999896507,0.0032866999999896507,0.01141860000007,backbone,cayley_only,cayley,128,5.171572875253808,0.00813190000008035,False,2,,False,1,cayley,64,4,RL+Backbone,2
best,C:\Users\erich\Documents\AFRL\Algebraic-Connectivity-Optimization-CDC2026\lite_trials\sweep\resistance_only\checkpoints\best.pt,ppo,3000,C:\Users\erich\Documents\AFRL\Algebraic-Connectivity-Optimization-CDC2026\lite_trials\lite_config.yaml,full,32,0.215053763441,3,131,131,0.21505376344086022,3,0.16279844798421136,5.209550335494764,0.004218199999741046,0.004218199999741046,0.012477799999942363,backbone,cayley_only,cayley,128,5.171572875253809,0.008259600000201317,False,2,,False,1,cayley,64,4,RL+Backbone,3
best,C:\Users\erich\Documents\AFRL\Algebraic-Connectivity-Optimization-CDC2026\lite_trials\sweep\resistance_only\checkpoints\best.pt,ppo,3000,C:\Users\erich\Documents\AFRL\Algebraic-Connectivity-Optimization-CDC2026\lite_trials\lite_config.yaml,full,32,0.215053763441,4,131,131,0.21505376344086022,3,0.16161165235168146,5.171572875253807,0.004132099999878847,0.004132099999878847,0.014042499999959546,backbone,cayley_only,cayley,128,5.17157287525381,0.009910400000080699,False,2,,False,1,cayley,64,4,RL+Backbone,4
best,C:\Users\erich\Documents\AFRL\Algebraic-Connectivity-Optimization-CDC2026\lite_trials\sweep\resistance_only\checkpoints\best.pt,ppo,3000,C:\Users\erich\Documents\AFRL\Algebraic-Connectivity-Optimization-CDC2026\lite_trials\lite_config.yaml,full,32,0.286021505376,0,164,164,0.2860215053763441,4,0.23252309268077792,7.4407389657848935,0.005804299999908835,0.005804299999908835,0.015405600000121922,backbone,cayley_only,cayley,160,7.386874070247248,0.009601300000213087,False,2,,False,1,cayley,64,4,RL+Backbone,0
best,C:\Users\erich\Documents\AFRL\Algebraic-Connectivity-Optimization-CDC2026\lite_trials\sweep\resistance_only\checkpoints\best.pt,ppo,3000,C:\Users\erich\Documents\AFRL\Algebraic-Connectivity-Optimization-CDC2026\lite_trials\lite_config.yaml,full,32,0.286021505376,1,164,164,0.2860215053763441,4,0.24426215944564666,7.816389102260693,0.007296499999938533,0.007296499999938533,0.018218700000034005,backbone,cayley_only,cayley,160,7.386874070247249,0.010922200000095472,False,2,,False,1,cayley,64,4,RL+Backbone,1
best,C:\Users\erich\Documents\AFRL\Algebraic-Connectivity-Optimization-CDC2026\lite_trials\sweep\resistance_only\checkpoints\best.pt,ppo,3000,C:\Users\erich\Documents\AFRL\Algebraic-Connectivity-Optimization-CDC2026\lite_trials\lite_config.yaml,full,32,0.286021505376,2,164,164,0.2860215053763441,4,0.24426215944564666,7.816389102260693,0.005660699999680219,0.005660699999680219,0.015995400000065274,backbone,cayley_only,cayley,160,7.386874070247249,0.010334700000385055,False,2,,False,1,cayley,64,4,RL+Backbone,2
best,C:\Users\erich\Documents\AFRL\Algebraic-Connectivity-Optimization-CDC2026\lite_trials\sweep\resistance_only\checkpoints\best.pt,ppo,3000,C:\Users\erich\Documents\AFRL\Algebraic-Connectivity-Optimization-CDC2026\lite_trials\lite_config.yaml,full,32,0.286021505376,3,164,164,0.2860215053763441,4,0.23190802711802214,7.421056867776708,0.004272600000149396,0.004272600000149396,0.01427620000049501,backbone,cayley_only,cayley,160,7.386874070247247,0.010003600000345614,False,2,,False,1,cayley,64,4,RL+Backbone,3
best,C:\Users\erich\Documents\AFRL\Algebraic-Connectivity-Optimization-CDC2026\lite_trials\sweep\resistance_only\checkpoints\best.pt,ppo,3000,C:\Users\erich\Documents\AFRL\Algebraic-Connectivity-Optimization-CDC2026\lite_trials\lite_config.yaml,full,32,0.286021505376,4,164,164,0.2860215053763441,4,0.23252309268077792,7.4407389657848935,0.005347100000108185,0.005347100000108185,0.014451199999712117,backbone,cayley_only,cayley,160,7.386874070247248,0.009104099999603932,False,2,,False,1,cayley,64,4,RL+Backbone,4
best,C:\Users\erich\Documents\AFRL\Algebraic-Connectivity-Optimization-CDC2026\lite_trials\sweep\resistance_only\checkpoints\best.pt,ppo,3000,C:\Users\erich\Documents\AFRL\Algebraic-Connectivity-Optimization-CDC2026\lite_trials\lite_config.yaml,full,32,0.356989247312,0,197,197,0.35698924731182796,5,0.3217732085388428,10.296742673242969,0.0072779000001901295,0.0072779000001901295,0.014591600000130711,backbone,cayley_only,cayley,192,9.550510257216825,0.007313699999940582,False,2,,False,1,cayley,64,4,RL+Backbone,0
best,C:\Users\erich\Documents\AFRL\Algebraic-Connectivity-Optimization-CDC2026\lite_trials\sweep\resistance_only\checkpoints\best.pt,ppo,3000,C:\Users\erich\Documents\AFRL\Algebraic-Connectivity-Optimization-CDC2026\lite_trials\lite_config.yaml,full,32,0.356989247312,1,197,197,0.35698924731182796,5,0.3217732085388428,10.296742673242969,0.007410999999592605,0.007410999999592605,0.016304299999319483,backbone,cayley_only,cayley,192,9.550510257216825,0.008893299999726878,False,2,,False,1,cayley,64,4,RL+Backbone,1
best,C:\Users\erich\Documents\AFRL\Algebraic-Connectivity-Optimization-CDC2026\lite_trials\sweep\resistance_only\checkpoints\best.pt,ppo,3000,C:\Users\erich\Documents\AFRL\Algebraic-Connectivity-Optimization-CDC2026\lite_trials\lite_config.yaml,full,32,0.356989247312,2,197,197,0.35698924731182796,5,0.3217732085388428,10.296742673242969,0.0059443000000101165,0.0059443000000101165,0.014659999999821594,backbone,cayley_only,cayley,192,9.550510257216825,0.008715699999811477,False,2,,False,1,cayley,64,4,RL+Backbone,2
best,C:\Users\erich\Documents\AFRL\Algebraic-Connectivity-Optimization-CDC2026\lite_trials\sweep\resistance_only\checkpoints\best.pt,ppo,3000,C:\Users\erich\Documents\AFRL\Algebraic-Connectivity-Optimization-CDC2026\lite_trials\lite_config.yaml,full,32,0.356989247312,3,197,197,0.35698924731182796,5,0.3217732085388428,10.296742673242969,0.007264199999553966,0.007264199999553966,0.016018299998904695,backbone,cayley_only,cayley,192,9.550510257216825,0.008754099999350728,False,2,,False,1,cayley,64,4,RL+Backbone,3
best,C:\Users\erich\Documents\AFRL\Algebraic-Connectivity-Optimization-CDC2026\lite_trials\sweep\resistance_only\checkpoints\best.pt,ppo,3000,C:\Users\erich\Documents\AFRL\Algebraic-Connectivity-Optimization-CDC2026\lite_trials\lite_config.yaml,full,32,0.356989247312,4,197,197,0.35698924731182796,5,0.2984534455380254,9.550510257216812,0.005967099999907077,0.005967099999907077,0.014887299999827519,backbone,cayley_only,cayley,192,9.550510257216823,0.008920199999920442,False,2,,False,1,cayley,64,4,RL+Backbone,4
best,C:\Users\erich\Documents\AFRL\Algebraic-Connectivity-Optimization-CDC2026\lite_trials\sweep\resistance_only\checkpoints\best.pt,ppo,3000,C:\Users\erich\Documents\AFRL\Algebraic-Connectivity-Optimization-CDC2026\lite_trials\lite_config.yaml,full,32,0.427956989247,0,230,230,0.42795698924731185,6,0.39843750000000094,12.75000000000003,0.009836100000029546,0.009836100000029546,0.013630899999952817,backbone,cayley_only,cayley,224,12.000000000000007,0.0037947999999232707,False,2,,False,1,cayley,64,4,RL+Backbone,0
best,C:\Users\erich\Documents\AFRL\Algebraic-Connectivity-Optimization-CDC2026\lite_trials\sweep\resistance_only\checkpoints\best.pt,ppo,3000,C:\Users\erich\Documents\AFRL\Algebraic-Connectivity-Optimization-CDC2026\lite_trials\lite_config.yaml,full,32,0.427956989247,1,230,230,0.42795698924731185,6,0.39843750000000094,12.75000000000003,0.007098600000063016,0.007098600000063016,0.012905399999908695,backbone,cayley_only,cayley,224,12.000000000000007,0.00580679999984568,False,2,,False,1,cayley,64,4,RL+Backbone,1
best,C:\Users\erich\Documents\AFRL\Algebraic-Connectivity-Optimization-CDC2026\lite_trials\sweep\resistance_only\checkpoints\best.pt,ppo,3000,C:\Users\erich\Documents\AFRL\Algebraic-Connectivity-Optimization-CDC2026\lite_trials\lite_config.yaml,full,32,0.427956989247,2,230,230,0.42795698924731185,6,0.39843750000000094,12.75000000000003,0.007186799999544746,0.007186799999544746,0.012292100000195205,backbone,cayley_only,cayley,224,12.000000000000007,0.005105300000650459,False,2,,False,1,cayley,64,4,RL+Backbone,2
best,C:\Users\erich\Documents\AFRL\Algebraic-Connectivity-Optimization-CDC2026\lite_trials\sweep\resistance_only\checkpoints\best.pt,ppo,3000,C:\Users\erich\Documents\AFRL\Algebraic-Connectivity-Optimization-CDC2026\lite_trials\lite_config.yaml,full,32,0.427956989247,3,230,230,0.42795698924731185,6,0.39843750000000094,12.75000000000003,0.008201700000427081,0.008201700000427081,0.012038799999572802,backbone,cayley_only,cayley,224,12.000000000000007,0.003837099999145721,False,2,,False,1,cayley,64,4,RL+Backbone,3
best,C:\Users\erich\Documents\AFRL\Algebraic-Connectivity-Optimization-CDC2026\lite_trials\sweep\resistance_only\checkpoints\best.pt,ppo,3000,C:\Users\erich\Documents\AFRL\Algebraic-Connectivity-Optimization-CDC2026\lite_trials\lite_config.yaml,full,32,0.427956989247,4,230,230,0.42795698924731185,6,0.39843750000000094,12.75000000000003,0.009211500000674278,0.009211500000674278,0.01287520000096265,backbone,cayley_only,cayley,224,12.000000000000007,0.0036637000002883724,False,2,,False,1,cayley,64,4,RL+Backbone,4
best,C:\Users\erich\Documents\AFRL\Algebraic-Connectivity-Optimization-CDC2026\lite_trials\sweep\resistance_only\checkpoints\best.pt,ppo,3000,C:\Users\erich\Documents\AFRL\Algebraic-Connectivity-Optimization-CDC2026\lite_trials\lite_config.yaml,full,32,0.501075268817,0,264,264,0.5010752688172043,8,0.5075201262028187,16.2406440384902,0.012583099999574188,0.012583099999574188,0.02455089999966731,backbone,both,envelope,256,16.0,0.015276899999662419,False,,,True,2,"cayley,envelope",64,4,RL+Backbone,0
best,C:\Users\erich\Documents\AFRL\Algebraic-Connectivity-Optimization-CDC2026\lite_trials\sweep\resistance_only\checkpoints\best.pt,ppo,3000,C:\Users\erich\Documents\AFRL\Algebraic-Connectivity-Optimization-CDC2026\lite_trials\lite_config.yaml,full,32,0.501075268817,1,264,264,0.5010752688172043,8,0.5075201262028187,16.2406440384902,0.012606300000697956,0.012606300000697956,0.02720080000017333,backbone,both,envelope,256,16.0,0.014594499999475374,False,,,True,2,"cayley,envelope",64,4,RL+Backbone,1
best,C:\Users\erich\Documents\AFRL\Algebraic-Connectivity-Optimization-CDC2026\lite_trials\sweep\resistance_only\checkpoints\best.pt,ppo,3000,C:\Users\erich\Documents\AFRL\Algebraic-Connectivity-Optimization-CDC2026\lite_trials\lite_config.yaml,full,32,0.501075268817,2,264,264,0.5010752688172043,8,0.5075201262028187,16.2406440384902,0.012610900000254333,0.012610900000254333,0.026766200000565732,backbone,both,envelope,256,16.0,0.014471100000264414,False,,,True,2,"cayley,envelope",64,4,RL+Backbone,2
best,C:\Users\erich\Documents\AFRL\Algebraic-Connectivity-Optimization-CDC2026\lite_trials\sweep\resistance_only\checkpoints\best.pt,ppo,3000,C:\Users\erich\Documents\AFRL\Algebraic-Connectivity-Optimization-CDC2026\lite_trials\lite_config.yaml,full,32,0.501075268817,3,264,264,0.5010752688172043,8,0.5075201262028187,16.2406440384902,0.012218200000461366,0.012218200000461366,0.02481510000052367,backbone,both,envelope,256,16.0,0.014654200000222772,False,,,True,2,"cayley,envelope",64,4,RL+Backbone,3
best,C:\Users\erich\Documents\AFRL\Algebraic-Connectivity-Optimization-CDC2026\lite_trials\sweep\resistance_only\checkpoints\best.pt,ppo,3000,C:\Users\erich\Documents\AFRL\Algebraic-Connectivity-Optimization-CDC2026\lite_trials\lite_config.yaml,full,32,0.501075268817,4,264,264,0.5010752688172043,8,0.5075201262028187,16.2406440384902,0.012414199999511766,0.012414199999511766,0.026224199999887787,backbone,both,envelope,256,16.0,0.013810000000376021,False,,,True,2,"cayley,envelope",64,4,RL+Backbone,4
best,C:\Users\erich\Documents\AFRL\Algebraic-Connectivity-Optimization-CDC2026\lite_trials\sweep\resistance_only\checkpoints\best.pt,ppo,3000,C:\Users\erich\Documents\AFRL\Algebraic-Connectivity-Optimization-CDC2026\lite_trials\lite_config.yaml,full,32,0.572043010753,0,297,297,0.5720430107526882,12,0.5702585968586706,18.24827509947746,0.0184558000000834,0.0184558000000834,0.02350269999988086,backbone,both,envelope,285,17.0,0.00908999999955995,False,,,True,2,"cayley,envelope",64,4,RL+Backbone,0
best,C:\Users\erich\Documents\AFRL\Algebraic-Connectivity-Optimization-CDC2026\lite_trials\sweep\resistance_only\checkpoints\best.pt,ppo,3000,C:\Users\erich\Documents\AFRL\Algebraic-Connectivity-Optimization-CDC2026\lite_trials\lite_config.yaml,full,32,0.572043010753,1,297,297,0.5720430107526882,12,0.5702585968586706,18.24827509947746,0.015040899999803514,0.015040899999803514,0.021752800000285788,backbone,both,envelope,285,17.0,0.010129799999958777,False,,,True,2,"cayley,envelope",64,4,RL+Backbone,1
best,C:\Users\erich\Documents\AFRL\Algebraic-Connectivity-Optimization-CDC2026\lite_trials\sweep\resistance_only\checkpoints\best.pt,ppo,3000,C:\Users\erich\Documents\AFRL\Algebraic-Connectivity-Optimization-CDC2026\lite_trials\lite_config.yaml,full,32,0.572043010753,2,297,297,0.5720430107526882,12,0.5702585968586706,18.24827509947746,0.019195699999727367,0.019195699999727367,0.02145699999982753,backbone,both,envelope,285,17.0,0.007728300000053423,False,,,True,2,"cayley,envelope",64,4,RL+Backbone,2
best,C:\Users\erich\Documents\AFRL\Algebraic-Connectivity-Optimization-CDC2026\lite_trials\sweep\resistance_only\checkpoints\best.pt,ppo,3000,C:\Users\erich\Documents\AFRL\Algebraic-Connectivity-Optimization-CDC2026\lite_trials\lite_config.yaml,full,32,0.572043010753,3,297,297,0.5720430107526882,12,0.5702585968586706,18.24827509947746,0.018524099999922328,0.018524099999922328,0.020855100000517268,backbone,both,envelope,285,17.0,0.007882200000494777,False,,,True,2,"cayley,envelope",64,4,RL+Backbone,3
best,C:\Users\erich\Documents\AFRL\Algebraic-Connectivity-Optimization-CDC2026\lite_trials\sweep\resistance_only\checkpoints\best.pt,ppo,3000,C:\Users\erich\Documents\AFRL\Algebraic-Connectivity-Optimization-CDC2026\lite_trials\lite_config.yaml,full,32,0.572043010753,4,297,297,0.5720430107526882,12,0.5702585968586706,18.24827509947746,0.018501099999411963,0.018501099999411963,0.0234584999989238,backbone,both,envelope,285,17.0,0.010068099999443803,False,,,True,2,"cayley,envelope",64,4,RL+Backbone,4
best,C:\Users\erich\Documents\AFRL\Algebraic-Connectivity-Optimization-CDC2026\lite_trials\sweep\resistance_only\checkpoints\best.pt,ppo,3000,C:\Users\erich\Documents\AFRL\Algebraic-Connectivity-Optimization-CDC2026\lite_trials\lite_config.yaml,full,32,0.643010752688,0,330,330,0.6430107526881721,20,0.6317750272372135,20.21680087159083,0.027586299999711628,0.027586299999711628,0.03299709999919287,backbone,both,cayley,310,17.999999999999968,0.005410799999481242,False,3,,True,2,"cayley,envelope",64,4,RL+Backbone,0
best,C:\Users\erich\Documents\AFRL\Algebraic-Connectivity-Optimization-CDC2026\lite_trials\sweep\resistance_only\checkpoints\best.pt,ppo,3000,C:\Users\erich\Documents\AFRL\Algebraic-Connectivity-Optimization-CDC2026\lite_trials\lite_config.yaml,full,32,0.643010752688,1,330,330,0.6430107526881721,20,0.6888646611230731,22.04366915593834,0.02995050000026822,0.02995050000026822,0.03530310000041936,backbone,both,cayley,310,17.999999999999993,0.005352600000151142,False,3,,True,2,"cayley,envelope",64,4,RL+Backbone,1
best,C:\Users\erich\Documents\AFRL\Algebraic-Connectivity-Optimization-CDC2026\lite_trials\sweep\resistance_only\checkpoints\best.pt,ppo,3000,C:\Users\erich\Documents\AFRL\Algebraic-Connectivity-Optimization-CDC2026\lite_trials\lite_config.yaml,full,32,0.643010752688,2,330,330,0.6430107526881721,20,0.6511384795956945,20.836431347062224,0.03304870000010851,0.03304870000010851,0.03861750000032771,backbone,both,cayley,310,17.999999999999986,0.005568800000219198,False,3,,True,2,"cayley,envelope",64,4,RL+Backbone,2
best,C:\Users\erich\Documents\AFRL\Algebraic-Connectivity-Optimization-CDC2026\lite_trials\sweep\resistance_only\checkpoints\best.pt,ppo,3000,C:\Users\erich\Documents\AFRL\Algebraic-Connectivity-Optimization-CDC2026\lite_trials\lite_config.yaml,full,32,0.643010752688,3,330,330,0.6430107526881721,20,0.6380455006237731,20.41745601996074,0.028357000000141852,0.028357000000141852,0.03252180000072258,backbone,both,cayley,310,17.99999999999998,0.004164800000580726,False,3,,True,2,"cayley,envelope",64,4,RL+Backbone,3
best,C:\Users\erich\Documents\AFRL\Algebraic-Connectivity-Optimization-CDC2026\lite_trials\sweep\resistance_only\checkpoints\best.pt,ppo,3000,C:\Users\erich\Documents\AFRL\Algebraic-Connectivity-Optimization-CDC2026\lite_trials\lite_config.yaml,full,32,0.643010752688,4,330,330,0.6430107526881721,20,0.6512870035761916,20.841184114438132,0.029577399999652698,0.029577399999652698,0.03502669999943464,backbone,both,cayley,310,17.99999999999999,0.0054492999997819425,False,3,,True,2,"cayley,envelope",64,4,RL+Backbone,4
best,C:\Users\erich\Documents\AFRL\Algebraic-Connectivity-Optimization-CDC2026\lite_trials\sweep\resistance_only\checkpoints\best.pt,ppo,3000,C:\Users\erich\Documents\AFRL\Algebraic-Connectivity-Optimization-CDC2026\lite_trials\lite_config.yaml,full,32,0.713978494624,0,363,363,0.7139784946236559,11,0.7142640797930824,22.856450553378636,0.01864079999995738,0.01864079999995738,0.022530400000505324,backbone,both,cayley,352,20.152240934977424,0.0038896000005479436,False,4,,True,2,"cayley,envelope",64,4,RL+Backbone,0
best,C:\Users\erich\Documents\AFRL\Algebraic-Connectivity-Optimization-CDC2026\lite_trials\sweep\resistance_only\checkpoints\best.pt,ppo,3000,C:\Users\erich\Documents\AFRL\Algebraic-Connectivity-Optimization-CDC2026\lite_trials\lite_config.yaml,full,32,0.713978494624,1,363,363,0.7139784946236559,11,0.7142640797930824,22.856450553378636,0.018076100000143924,0.018076100000143924,0.023241100000632287,backbone,both,cayley,352,20.152240934977424,0.005165000000488362,False,4,,True,2,"cayley,envelope",64,4,RL+Backbone,1
best,C:\Users\erich\Documents\AFRL\Algebraic-Connectivity-Optimization-CDC2026\lite_trials\sweep\resistance_only\checkpoints\best.pt,ppo,3000,C:\Users\erich\Documents\AFRL\Algebraic-Connectivity-Optimization-CDC2026\lite_trials\lite_config.yaml,full,32,0.713978494624,2,363,363,0.7139784946236559,11,0.7142640797930824,22.856450553378636,0.017910900000060792,0.017910900000060792,0.0229181000004246,backbone,both,cayley,352,20.152240934977424,0.0050072000003638095,False,4,,True,2,"cayley,envelope",64,4,RL+Backbone,2
best,C:\Users\erich\Documents\AFRL\Algebraic-Connectivity-Optimization-CDC2026\lite_trials\sweep\resistance_only\checkpoints\best.pt,ppo,3000,C:\Users\erich\Documents\AFRL\Algebraic-Connectivity-Optimization-CDC2026\lite_trials\lite_config.yaml,full,32,0.713978494624,3,363,363,0.7139784946236559,11,0.7142640797930824,22.856450553378636,0.018219499999759137,0.018219499999759137,0.022449600000072678,backbone,both,cayley,352,20.152240934977424,0.004230100000313541,False,4,,True,2,"cayley,envelope",64,4,RL+Backbone,3
best,C:\Users\erich\Documents\AFRL\Algebraic-Connectivity-Optimization-CDC2026\lite_trials\sweep\resistance_only\checkpoints\best.pt,ppo,3000,C:\Users\erich\Documents\AFRL\Algebraic-Connectivity-Optimization-CDC2026\lite_trials\lite_config.yaml,full,32,0.713978494624,4,363,363,0.7139784946236559,11,0.7142640797930824,22.856450553378636,0.017145800000434974,0.017145800000434974,0.022108400000433903,backbone,both,cayley,352,20.152240934977424,0.004962599999998929,False,4,,True,2,"cayley,envelope",64,4,RL+Backbone,4
best,C:\Users\erich\Documents\AFRL\Algebraic-Connectivity-Optimization-CDC2026\lite_trials\sweep\resistance_only\checkpoints\best.pt,ppo,3000,C:\Users\erich\Documents\AFRL\Algebraic-Connectivity-Optimization-CDC2026\lite_trials\lite_config.yaml,full,32,0.784946236559,0,396,396,0.7849462365591398,12,0.7838381100448952,25.082819521436647,0.017241200000171375,0.017241200000171375,0.017541000000164786,backbone,envelope_only,envelope,384,24.0,0.0002997999999934109,False,,,False,1,envelope,64,4,RL+Backbone,0
best,C:\Users\erich\Documents\AFRL\Algebraic-Connectivity-Optimization-CDC2026\lite_trials\sweep\resistance_only\checkpoints\best.pt,ppo,3000,C:\Users\erich\Documents\AFRL\Algebraic-Connectivity-Optimization-CDC2026\lite_trials\lite_config.yaml,full,32,0.784946236559,1,396,396,0.7849462365591398,12,0.7838381100448952,25.082819521436647,0.020056999999724212,0.020056999999724212,0.020498599998973077,backbone,envelope_only,envelope,384,24.0,0.00044159999924886506,False,,,False,1,envelope,64,4,RL+Backbone,1
best,C:\Users\erich\Documents\AFRL\Algebraic-Connectivity-Optimization-CDC2026\lite_trials\sweep\resistance_only\checkpoints\best.pt,ppo,3000,C:\Users\erich\Documents\AFRL\Algebraic-Connectivity-Optimization-CDC2026\lite_trials\lite_config.yaml,full,32,0.784946236559,2,396,396,0.7849462365591398,12,0.7838381100448952,25.082819521436647,0.020437199999832956,0.020437199999832956,0.020950699999957578,backbone,envelope_only,envelope,384,24.0,0.0005135000001246226,False,,,False,1,envelope,64,4,RL+Backbone,2
best,C:\Users\erich\Documents\AFRL\Algebraic-Connectivity-Optimization-CDC2026\lite_trials\sweep\resistance_only\checkpoints\best.pt,ppo,3000,C:\Users\erich\Documents\AFRL\Algebraic-Connectivity-Optimization-CDC2026\lite_trials\lite_config.yaml,full,32,0.784946236559,3,396,396,0.7849462365591398,12,0.7838381100448952,25.082819521436647,0.019769600000472565,0.019769600000472565,0.02021150000018679,backbone,envelope_only,envelope,384,24.0,0.00044189999971422367,False,,,False,1,envelope,64,4,RL+Backbone,3
best,C:\Users\erich\Documents\AFRL\Algebraic-Connectivity-Optimization-CDC2026\lite_trials\sweep\resistance_only\checkpoints\best.pt,ppo,3000,C:\Users\erich\Documents\AFRL\Algebraic-Connectivity-Optimization-CDC2026\lite_trials\lite_config.yaml,full,32,0.784946236559,4,396,396,0.7849462365591398,12,0.7838381100448952,25.082819521436647,0.020571099999870057,0.020571099999870057,0.02102180000019871,backbone,envelope_only,envelope,384,24.0,0.0004507000003286521,False,,,False,1,envelope,64,4,RL+Backbone,4
best,C:\Users\erich\Documents\AFRL\Algebraic-Connectivity-Optimization-CDC2026\lite_trials\sweep\resistance_only\checkpoints\best.pt,ppo,3000,C:\Users\erich\Documents\AFRL\Algebraic-Connectivity-Optimization-CDC2026\lite_trials\lite_config.yaml,full,32,0.855913978495,0,429,429,0.8559139784946237,9,0.8126110266030642,26.003552851298053,0.017030399999384827,0.017030399999384827,0.01745539999956236,backbone,envelope_only,envelope,420,26.0,0.00042500000017753337,False,,,False,1,envelope,64,4,RL+Backbone,0
best,C:\Users\erich\Documents\AFRL\Algebraic-Connectivity-Optimization-CDC2026\lite_trials\sweep\resistance_only\checkpoints\best.pt,ppo,3000,C:\Users\erich\Documents\AFRL\Algebraic-Connectivity-Optimization-CDC2026\lite_trials\lite_config.yaml,full,32,0.855913978495,1,429,429,0.8559139784946237,9,0.8126110266030642,26.003552851298053,0.016316299999743933,0.016316299999743933,0.016901899999538728,backbone,envelope_only,envelope,420,26.0,0.0005855999997947947,False,,,False,1,envelope,64,4,RL+Backbone,1
best,C:\Users\erich\Documents\AFRL\Algebraic-Connectivity-Optimization-CDC2026\lite_trials\sweep\resistance_only\checkpoints\best.pt,ppo,3000,C:\Users\erich\Documents\AFRL\Algebraic-Connectivity-Optimization-CDC2026\lite_trials\lite_config.yaml,full,32,0.855913978495,2,429,429,0.8559139784946237,9,0.8126110266030642,26.003552851298053,0.012711200000012468,0.012711200000012468,0.013220199999523174,backbone,envelope_only,envelope,420,26.0,0.0005089999995107064,False,,,False,1,envelope,64,4,RL+Backbone,2
best,C:\Users\erich\Documents\AFRL\Algebraic-Connectivity-Optimization-CDC2026\lite_trials\sweep\resistance_only\checkpoints\best.pt,ppo,3000,C:\Users\erich\Documents\AFRL\Algebraic-Connectivity-Optimization-CDC2026\lite_trials\lite_config.yaml,full,32,0.855913978495,3,429,429,0.8559139784946237,9,0.8126110266030642,26.003552851298053,0.011544599999979255,0.011544599999979255,0.011898100000507839,backbone,envelope_only,envelope,420,26.0,0.00035350000052858377,False,,,False,1,envelope,64,4,RL+Backbone,3
best,C:\Users\erich\Documents\AFRL\Algebraic-Connectivity-Optimization-CDC2026\lite_trials\sweep\resistance_only\checkpoints\best.pt,ppo,3000,C:\Users\erich\Documents\AFRL\Algebraic-Connectivity-Optimization-CDC2026\lite_trials\lite_config.yaml,full,32,0.855913978495,4,429,429,0.8559139784946237,9,0.8126110266030642,26.003552851298053,0.014954399999624002,0.014954399999624002,0.015346199998930388,backbone,envelope_only,envelope,420,26.0,0.00039179999930638587,False,,,False,1,envelope,64,4,RL+Backbone,4
best,C:\Users\erich\Documents\AFRL\Algebraic-Connectivity-Optimization-CDC2026\lite_trials\sweep\resistance_only\checkpoints\best.pt,ppo,3000,C:\Users\erich\Documents\AFRL\Algebraic-Connectivity-Optimization-CDC2026\lite_trials\lite_config.yaml,full,32,0.92688172043,0,462,462,0.9268817204301075,14,0.9117508341073176,29.176026691434163,0.022227700000257755,0.022227700000257755,0.02265590000024531,backbone,envelope_only,envelope,448,28.0,0.0004281999999875552,False,,,False,1,envelope,64,4,RL+Backbone,0
best,C:\Users\erich\Documents\AFRL\Algebraic-Connectivity-Optimization-CDC2026\lite_trials\sweep\resistance_only\checkpoints\best.pt,ppo,3000,C:\Users\erich\Documents\AFRL\Algebraic-Connectivity-Optimization-CDC2026\lite_trials\lite_config.yaml,full,32,0.92688172043,1,462,462,0.9268817204301075,14,0.9117508341073176,29.176026691434163,0.02500979999967967,0.02500979999967967,0.025525699999889184,backbone,envelope_only,envelope,448,28.0,0.0005159000002095127,False,,,False,1,envelope,64,4,RL+Backbone,1
best,C:\Users\erich\Documents\AFRL\Algebraic-Connectivity-Optimization-CDC2026\lite_trials\sweep\resistance_only\checkpoints\best.pt,ppo,3000,C:\Users\erich\Documents\AFRL\Algebraic-Connectivity-Optimization-CDC2026\lite_trials\lite_config.yaml,full,32,0.92688172043,2,462,462,0.9268817204301075,14,0.9117508341073176,29.176026691434163,0.022614299999986542,0.022614299999986542,0.02298849999988306,backbone,envelope_only,envelope,448,28.0,0.0003741999998965184,False,,,False,1,envelope,64,4,RL+Backbone,2
best,C:\Users\erich\Documents\AFRL\Algebraic-Connectivity-Optimization-CDC2026\lite_trials\sweep\resistance_only\checkpoints\best.pt,ppo,3000,C:\Users\erich\Documents\AFRL\Algebraic-Connectivity-Optimization-CDC2026\lite_trials\lite_config.yaml,full,32,0.92688172043,3,462,462,0.9268817204301075,14,0.9117508341073176,29.176026691434163,0.025229600000784558,0.025229600000784558,0.025731400000040594,backbone,envelope_only,envelope,448,28.0,0.0005017999992560362,False,,,False,1,envelope,64,4,RL+Backbone,3
best,C:\Users\erich\Documents\AFRL\Algebraic-Connectivity-Optimization-CDC2026\lite_trials\sweep\resistance_only\checkpoints\best.pt,ppo,3000,C:\Users\erich\Documents\AFRL\Algebraic-Connectivity-Optimization-CDC2026\lite_trials\lite_config.yaml,full,32,0.92688172043,4,462,462,0.9268817204301075,14,0.9117508341073176,29.176026691434163,0.02546749999964959,0.02546749999964959,0.02604429999973945,backbone,envelope_only,envelope,448,28.0,0.000576800000089861,False,,,False,1,envelope,64,4,RL+Backbone,4
best,C:\Users\erich\Documents\AFRL\Algebraic-Connectivity-Optimization-CDC2026\lite_trials\sweep\resistance_only\checkpoints\best.pt,ppo,3000,C:\Users\erich\Documents\AFRL\Algebraic-Connectivity-Optimization-CDC2026\lite_trials\lite_config.yaml,full,32,0.997849462366,0,495,495,0.9978494623655914,15,0.9469845745036086,30.303506384115476,0.02750980000018899,0.02750980000018899,0.028263999999580847,backbone,envelope_only,envelope,480,30.0,0.000754199999391858,False,,,False,1,envelope,64,4,RL+Backbone,0
best,C:\Users\erich\Documents\AFRL\Algebraic-Connectivity-Optimization-CDC2026\lite_trials\sweep\resistance_only\checkpoints\best.pt,ppo,3000,C:\Users\erich\Documents\AFRL\Algebraic-Connectivity-Optimization-CDC2026\lite_trials\lite_config.yaml,full,32,0.997849462366,1,495,495,0.9978494623655914,15,0.9469845745036086,30.303506384115476,0.02707860000009532,0.02707860000009532,0.0276824000002307,backbone,envelope_only,envelope,480,30.0,0.0006038000001353794,False,,,False,1,envelope,64,4,RL+Backbone,1
best,C:\Users\erich\Documents\AFRL\Algebraic-Connectivity-Optimization-CDC2026\lite_trials\sweep\resistance_only\checkpoints\best.pt,ppo,3000,C:\Users\erich\Documents\AFRL\Algebraic-Connectivity-Optimization-CDC2026\lite_trials\lite_config.yaml,full,32,0.997849462366,2,495,495,0.9978494623655914,15,0.9469845745036086,30.303506384115476,0.021208000000115135,0.021208000000115135,0.021772200000668818,backbone,envelope_only,envelope,480,30.0,0.0005642000005536829,False,,,False,1,envelope,64,4,RL+Backbone,2
best,C:\Users\erich\Documents\AFRL\Algebraic-Connectivity-Optimization-CDC2026\lite_trials\sweep\resistance_only\checkpoints\best.pt,ppo,3000,C:\Users\erich\Documents\AFRL\Algebraic-Connectivity-Optimization-CDC2026\lite_trials\lite_config.yaml,full,32,0.997849462366,3,495,495,0.9978494623655914,15,0.9469845745036086,30.303506384115476,0.0271550000006755,0.0271550000006755,0.02754440000080649,backbone,envelope_only,envelope,480,30.0,0.0003894000001309905,False,,,False,1,envelope,64,4,RL+Backbone,3
best,C:\Users\erich\Documents\AFRL\Algebraic-Connectivity-Optimization-CDC2026\lite_trials\sweep\resistance_only\checkpoints\best.pt,ppo,3000,C:\Users\erich\Documents\AFRL\Algebraic-Connectivity-Optimization-CDC2026\lite_trials\lite_config.yaml,full,32,0.997849462366,4,495,495,0.9978494623655914,15,0.9469845745036086,30.303506384115476,0.02361620000010589,0.02361620000010589,0.024253600000520237,backbone,envelope_only,envelope,480,30.0,0.0006374000004143454,False,,,False,1,envelope,64,4,RL+Backbone,4
best,C:\Users\erich\Documents\AFRL\Algebraic-Connectivity-Optimization-CDC2026\lite_trials\sweep\resistance_only\checkpoints\best.pt,ppo,3000,C:\Users\erich\Documents\AFRL\Algebraic-Connectivity-Optimization-CDC2026\lite_trials\lite_config.yaml,full,48,0.00092506938,0,48,48,0.0009250693802035153,1,0.0030497657988382784,0.14638875834423737,0.0038558999995075283,0.0038558999995075283,0.0038558999995075283,path,path,path,47,0.0,0.0,False,,,False,1,path,64,4,RL+Path,0
best,C:\Users\erich\Documents\AFRL\Algebraic-Connectivity-Optimization-CDC2026\lite_trials\sweep\resistance_only\checkpoints\best.pt,ppo,3000,C:\Users\erich\Documents\AFRL\Algebraic-Connectivity-Optimization-CDC2026\lite_trials\lite_config.yaml,full,48,0.00092506938,1,48,48,0.0009250693802035153,1,0.0030497657988382784,0.14638875834423737,0.0012367999997877632,0.0012367999997877632,0.0012367999997877632,path,path,path,47,0.0,0.0,False,,,False,1,path,64,4,RL+Path,1
best,C:\Users\erich\Documents\AFRL\Algebraic-Connectivity-Optimization-CDC2026\lite_trials\sweep\resistance_only\checkpoints\best.pt,ppo,3000,C:\Users\erich\Documents\AFRL\Algebraic-Connectivity-Optimization-CDC2026\lite_trials\lite_config.yaml,full,48,0.00092506938,2,48,48,0.0009250693802035153,1,0.0030497657988382784,0.14638875834423737,0.0010884000002988614,0.0010884000002988614,0.0010884000002988614,path,path,path,47,0.0,0.0,False,,,False,1,path,64,4,RL+Path,2
best,C:\Users\erich\Documents\AFRL\Algebraic-Connectivity-Optimization-CDC2026\lite_trials\sweep\resistance_only\checkpoints\best.pt,ppo,3000,C:\Users\erich\Documents\AFRL\Algebraic-Connectivity-Optimization-CDC2026\lite_trials\lite_config.yaml,full,48,0.00092506938,3,48,48,0.0009250693802035153,1,0.0030497657988382784,0.14638875834423737,0.0012069000003975816,0.0012069000003975816,0.0012069000003975816,path,path,path,47,0.0,0.0,False,,,False,1,path,64,4,RL+Path,3
best,C:\Users\erich\Documents\AFRL\Algebraic-Connectivity-Optimization-CDC2026\lite_trials\sweep\resistance_only\checkpoints\best.pt,ppo,3000,C:\Users\erich\Documents\AFRL\Algebraic-Connectivity-Optimization-CDC2026\lite_trials\lite_config.yaml,full,48,0.00092506938,4,48,48,0.0009250693802035153,1,0.0030497657988382784,0.14638875834423737,0.0012673999999606167,0.0012673999999606167,0.0012673999999606167,path,path,path,47,0.0,0.0,False,,,False,1,path,64,4,RL+Path,4
best,C:\Users\erich\Documents\AFRL\Algebraic-Connectivity-Optimization-CDC2026\lite_trials\sweep\resistance_only\checkpoints\best.pt,ppo,3000,C:\Users\erich\Documents\AFRL\Algebraic-Connectivity-Optimization-CDC2026\lite_trials\lite_config.yaml,full,48,0.072155411656,0,125,125,0.07215541165587419,78,0.0780495862368084,3.746380139366803,0.11630109999987326,0.11630109999987326,0.11630109999987326,path,path,path,47,0.0,0.0,False,,,False,1,path,64,4,RL+Path,0
best,C:\Users\erich\Documents\AFRL\Algebraic-Connectivity-Optimization-CDC2026\lite_trials\sweep\resistance_only\checkpoints\best.pt,ppo,3000,C:\Users\erich\Documents\AFRL\Algebraic-Connectivity-Optimization-CDC2026\lite_trials\lite_config.yaml,full,48,0.072155411656,1,125,125,0.07215541165587419,78,0.0780495862368084,3.746380139366803,0.10594610000043758,0.10594610000043758,0.10594610000043758,path,path,path,47,0.0,0.0,False,,,False,1,path,64,4,RL+Path,1
best,C:\Users\erich\Documents\AFRL\Algebraic-Connectivity-Optimization-CDC2026\lite_trials\sweep\resistance_only\checkpoints\best.pt,ppo,3000,C:\Users\erich\Documents\AFRL\Algebraic-Connectivity-Optimization-CDC2026\lite_trials\lite_config.yaml,full,48,0.072155411656,2,125,125,0.07215541165587419,78,0.0780495862368084,3.746380139366803,0.09626419999949576,0.09626419999949576,0.09626419999949576,path,path,path,47,0.0,0.0,False,,,False,1,path,64,4,RL+Path,2
best,C:\Users\erich\Documents\AFRL\Algebraic-Connectivity-Optimization-CDC2026\lite_trials\sweep\resistance_only\checkpoints\best.pt,ppo,3000,C:\Users\erich\Documents\AFRL\Algebraic-Connectivity-Optimization-CDC2026\lite_trials\lite_config.yaml,full,48,0.072155411656,3,125,125,0.07215541165587419,78,0.0780495862368084,3.746380139366803,0.10184560000016063,0.10184560000016063,0.10184560000016063,path,path,path,47,0.0,0.0,False,,,False,1,path,64,4,RL+Path,3
best,C:\Users\erich\Documents\AFRL\Algebraic-Connectivity-Optimization-CDC2026\lite_trials\sweep\resistance_only\checkpoints\best.pt,ppo,3000,C:\Users\erich\Documents\AFRL\Algebraic-Connectivity-Optimization-CDC2026\lite_trials\lite_config.yaml,full,48,0.072155411656,4,125,125,0.07215541165587419,78,0.0780495862368084,3.746380139366803,0.10316719999991619,0.10316719999991619,0.10316719999991619,path,path,path,47,0.0,0.0,False,,,False,1,path,64,4,RL+Path,4
best,C:\Users\erich\Documents\AFRL\Algebraic-Connectivity-Optimization-CDC2026\lite_trials\sweep\resistance_only\checkpoints\best.pt,ppo,3000,C:\Users\erich\Documents\AFRL\Algebraic-Connectivity-Optimization-CDC2026\lite_trials\lite_config.yaml,full,48,0.143385753932,0,202,202,0.14338575393154487,155,0.2723937710881495,13.074901012231177,0.21358899999995629,0.21358899999995629,0.21358899999995629,path,path,path,47,0.0,0.0,False,,,False,1,path,64,4,RL+Path,0
best,C:\Users\erich\Documents\AFRL\Algebraic-Connectivity-Optimization-CDC2026\lite_trials\sweep\resistance_only\checkpoints\best.pt,ppo,3000,C:\Users\erich\Documents\AFRL\Algebraic-Connectivity-Optimization-CDC2026\lite_trials\lite_config.yaml,full,48,0.143385753932,1,202,202,0.14338575393154487,155,0.2723937710881495,13.074901012231177,0.214614999999867,0.214614999999867,0.214614999999867,path,path,path,47,0.0,0.0,False,,,False,1,path,64,4,RL+Path,1
best,C:\Users\erich\Documents\AFRL\Algebraic-Connectivity-Optimization-CDC2026\lite_trials\sweep\resistance_only\checkpoints\best.pt,ppo,3000,C:\Users\erich\Documents\AFRL\Algebraic-Connectivity-Optimization-CDC2026\lite_trials\lite_config.yaml,full,48,0.143385753932,2,202,202,0.14338575393154487,155,0.2723937710881495,13.074901012231177,0.21314260000053764,0.21314260000053764,0.21314260000053764,path,path,path,47,0.0,0.0,False,,,False,1,path,64,4,RL+Path,2
best,C:\Users\erich\Documents\AFRL\Algebraic-Connectivity-Optimization-CDC2026\lite_trials\sweep\resistance_only\checkpoints\best.pt,ppo,3000,C:\Users\erich\Documents\AFRL\Algebraic-Connectivity-Optimization-CDC2026\lite_trials\lite_config.yaml,full,48,0.143385753932,3,202,202,0.14338575393154487,155,0.2723937710881495,13.074901012231177,0.19401550000020507,0.19401550000020507,0.19401550000020507,path,path,path,47,0.0,0.0,False,,,False,1,path,64,4,RL+Path,3
best,C:\Users\erich\Documents\AFRL\Algebraic-Connectivity-Optimization-CDC2026\lite_trials\sweep\resistance_only\checkpoints\best.pt,ppo,3000,C:\Users\erich\Documents\AFRL\Algebraic-Connectivity-Optimization-CDC2026\lite_trials\lite_config.yaml,full,48,0.143385753932,4,202,202,0.14338575393154487,155,0.2723937710881495,13.074901012231177,0.2073696999996173,0.2073696999996173,0.2073696999996173,path,path,path,47,0.0,0.0,False,,,False,1,path,64,4,RL+Path,4
best,C:\Users\erich\Documents\AFRL\Algebraic-Connectivity-Optimization-CDC2026\lite_trials\sweep\resistance_only\checkpoints\best.pt,ppo,3000,C:\Users\erich\Documents\AFRL\Algebraic-Connectivity-Optimization-CDC2026\lite_trials\lite_config.yaml,full,48,0.214616096207,0,279,279,0.21461609620721553,232,0.19702893283436992,9.457388776049756,0.3469642999998541,0.3469642999998541,0.3469642999998541,path,path,path,47,0.0,0.0,False,,,False,1,path,64,4,RL+Path,0
best,C:\Users\erich\Documents\AFRL\Algebraic-Connectivity-Optimization-CDC2026\lite_trials\sweep\resistance_only\checkpoints\best.pt,ppo,3000,C:\Users\erich\Documents\AFRL\Algebraic-Connectivity-Optimization-CDC2026\lite_trials\lite_config.yaml,full,48,0.214616096207,1,279,279,0.21461609620721553,232,0.19702893283436992,9.457388776049756,0.3154219000007288,0.3154219000007288,0.3154219000007288,path,path,path,47,0.0,0.0,False,,,False,1,path,64,4,RL+Path,1
best,C:\Users\erich\Documents\AFRL\Algebraic-Connectivity-Optimization-CDC2026\lite_trials\sweep\resistance_only\checkpoints\best.pt,ppo,3000,C:\Users\erich\Documents\AFRL\Algebraic-Connectivity-Optimization-CDC2026\lite_trials\lite_config.yaml,full,48,0.214616096207,2,279,279,0.21461609620721553,232,0.19702893283436992,9.457388776049756,0.31799300000056974,0.31799300000056974,0.31799300000056974,path,path,path,47,0.0,0.0,False,,,False,1,path,64,4,RL+Path,2
best,C:\Users\erich\Documents\AFRL\Algebraic-Connectivity-Optimization-CDC2026\lite_trials\sweep\resistance_only\checkpoints\best.pt,ppo,3000,C:\Users\erich\Documents\AFRL\Algebraic-Connectivity-Optimization-CDC2026\lite_trials\lite_config.yaml,full,48,0.214616096207,3,279,279,0.21461609620721553,232,0.19702893283436992,9.457388776049756,0.31973759999982576,0.31973759999982576,0.31973759999982576,path,path,path,47,0.0,0.0,False,,,False,1,path,64,4,RL+Path,3
best,C:\Users\erich\Documents\AFRL\Algebraic-Connectivity-Optimization-CDC2026\lite_trials\sweep\resistance_only\checkpoints\best.pt,ppo,3000,C:\Users\erich\Documents\AFRL\Algebraic-Connectivity-Optimization-CDC2026\lite_trials\lite_config.yaml,full,48,0.214616096207,4,279,279,0.21461609620721553,232,0.19702893283436992,9.457388776049756,0.30804540000008274,0.30804540000008274,0.30804540000008274,path,path,path,47,0.0,0.0,False,,,False,1,path,64,4,RL+Path,4
best,C:\Users\erich\Documents\AFRL\Algebraic-Connectivity-Optimization-CDC2026\lite_trials\sweep\resistance_only\checkpoints\best.pt,ppo,3000,C:\Users\erich\Documents\AFRL\Algebraic-Connectivity-Optimization-CDC2026\lite_trials\lite_config.yaml,full,48,0.285846438483,0,356,356,0.2858464384828862,309,0.23719627380524363,11.385421142651694,0.43359850000069855,0.43359850000069855,0.43359850000069855,path,path,path,47,0.0,0.0,False,,,False,1,path,64,4,RL+Path,0
best,C:\Users\erich\Documents\AFRL\Algebraic-Connectivity-Optimization-CDC2026\lite_trials\sweep\resistance_only\checkpoints\best.pt,ppo,3000,C:\Users\erich\Documents\AFRL\Algebraic-Connectivity-Optimization-CDC2026\lite_trials\lite_config.yaml,full,48,0.285846438483,1,356,356,0.2858464384828862,309,0.23719627380524363,11.385421142651694,0.45309499999984837,0.45309499999984837,0.45309499999984837,path,path,path,47,0.0,0.0,False,,,False,1,path,64,4,RL+Path,1
best,C:\Users\erich\Documents\AFRL\Algebraic-Connectivity-Optimization-CDC2026\lite_trials\sweep\resistance_only\checkpoints\best.pt,ppo,3000,C:\Users\erich\Documents\AFRL\Algebraic-Connectivity-Optimization-CDC2026\lite_trials\lite_config.yaml,full,48,0.285846438483,2,356,356,0.2858464384828862,309,0.23719627380524363,11.385421142651694,0.4612520000000586,0.4612520000000586,0.4612520000000586,path,path,path,47,0.0,0.0,False,,,False,1,path,64,4,RL+Path,2
best,C:\Users\erich\Documents\AFRL\Algebraic-Connectivity-Optimization-CDC2026\lite_trials\sweep\resistance_only\checkpoints\best.pt,ppo,3000,C:\Users\erich\Documents\AFRL\Algebraic-Connectivity-Optimization-CDC2026\lite_trials\lite_config.yaml,full,48,0.285846438483,3,356,356,0.2858464384828862,309,0.23719627380524363,11.385421142651694,0.44055479999951785,0.44055479999951785,0.44055479999951785,path,path,path,47,0.0,0.0,False,,,False,1,path,64,4,RL+Path,3
best,C:\Users\erich\Documents\AFRL\Algebraic-Connectivity-Optimization-CDC2026\lite_trials\sweep\resistance_only\checkpoints\best.pt,ppo,3000,C:\Users\erich\Documents\AFRL\Algebraic-Connectivity-Optimization-CDC2026\lite_trials\lite_config.yaml,full,48,0.285846438483,4,356,356,0.2858464384828862,309,0.23719627380524363,11.385421142651694,0.4369385999998485,0.4369385999998485,0.4369385999998485,path,path,path,47,0.0,0.0,False,,,False,1,path,64,4,RL+Path,4
best,C:\Users\erich\Documents\AFRL\Algebraic-Connectivity-Optimization-CDC2026\lite_trials\sweep\resistance_only\checkpoints\best.pt,ppo,3000,C:\Users\erich\Documents\AFRL\Algebraic-Connectivity-Optimization-CDC2026\lite_trials\lite_config.yaml,full,48,0.357076780759,0,433,433,0.35707678075855687,386,0.23708520662356744,11.380089917931237,0.5807985999999801,0.5807985999999801,0.5807985999999801,path,path,path,47,0.0,0.0,False,,,False,1,path,64,4,RL+Path,0
best,C:\Users\erich\Documents\AFRL\Algebraic-Connectivity-Optimization-CDC2026\lite_trials\sweep\resistance_only\checkpoints\best.pt,ppo,3000,C:\Users\erich\Documents\AFRL\Algebraic-Connectivity-Optimization-CDC2026\lite_trials\lite_config.yaml,full,48,0.357076780759,1,433,433,0.35707678075855687,386,0.23708520662356744,11.380089917931237,0.5821673999998893,0.5821673999998893,0.5821673999998893,path,path,path,47,0.0,0.0,False,,,False,1,path,64,4,RL+Path,1
best,C:\Users\erich\Documents\AFRL\Algebraic-Connectivity-Optimization-CDC2026\lite_trials\sweep\resistance_only\checkpoints\best.pt,ppo,3000,C:\Users\erich\Documents\AFRL\Algebraic-Connectivity-Optimization-CDC2026\lite_trials\lite_config.yaml,full,48,0.357076780759,2,433,433,0.35707678075855687,386,0.23708520662356744,11.380089917931237,0.5375629000000117,0.5375629000000117,0.5375629000000117,path,path,path,47,0.0,0.0,False,,,False,1,path,64,4,RL+Path,2
best,C:\Users\erich\Documents\AFRL\Algebraic-Connectivity-Optimization-CDC2026\lite_trials\sweep\resistance_only\checkpoints\best.pt,ppo,3000,C:\Users\erich\Documents\AFRL\Algebraic-Connectivity-Optimization-CDC2026\lite_trials\lite_config.yaml,full,48,0.357076780759,3,433,433,0.35707678075855687,386,0.23708520662356744,11.380089917931237,0.5761472000003778,0.5761472000003778,0.5761472000003778,path,path,path,47,0.0,0.0,False,,,False,1,path,64,4,RL+Path,3
best,C:\Users\erich\Documents\AFRL\Algebraic-Connectivity-Optimization-CDC2026\lite_trials\sweep\resistance_only\checkpoints\best.pt,ppo,3000,C:\Users\erich\Documents\AFRL\Algebraic-Connectivity-Optimization-CDC2026\lite_trials\lite_config.yaml,full,48,0.357076780759,4,433,433,0.35707678075855687,386,0.23708520662356744,11.380089917931237,0.5924072999996497,0.5924072999996497,0.5924072999996497,path,path,path,47,0.0,0.0,False,,,False,1,path,64,4,RL+Path,4
best,C:\Users\erich\Documents\AFRL\Algebraic-Connectivity-Optimization-CDC2026\lite_trials\sweep\resistance_only\checkpoints\best.pt,ppo,3000,C:\Users\erich\Documents\AFRL\Algebraic-Connectivity-Optimization-CDC2026\lite_trials\lite_config.yaml,full,48,0.428307123034,0,510,510,0.4283071230342276,463,0.4152900782325332,19.933923755161594,0.7109791999992012,0.7109791999992012,0.7109791999992012,path,path,path,47,0.0,0.0,False,,,False,1,path,64,4,RL+Path,0
best,C:\Users\erich\Documents\AFRL\Algebraic-Connectivity-Optimization-CDC2026\lite_trials\sweep\resistance_only\checkpoints\best.pt,ppo,3000,C:\Users\erich\Documents\AFRL\Algebraic-Connectivity-Optimization-CDC2026\lite_trials\lite_config.yaml,full,48,0.428307123034,1,510,510,0.4283071230342276,463,0.4152900782325332,19.933923755161594,0.7250944000006712,0.7250944000006712,0.7250944000006712,path,path,path,47,0.0,0.0,False,,,False,1,path,64,4,RL+Path,1
best,C:\Users\erich\Documents\AFRL\Algebraic-Connectivity-Optimization-CDC2026\lite_trials\sweep\resistance_only\checkpoints\best.pt,ppo,3000,C:\Users\erich\Documents\AFRL\Algebraic-Connectivity-Optimization-CDC2026\lite_trials\lite_config.yaml,full,48,0.428307123034,2,510,510,0.4283071230342276,463,0.4152900782325332,19.933923755161594,0.7121409999999742,0.7121409999999742,0.7121409999999742,path,path,path,47,0.0,0.0,False,,,False,1,path,64,4,RL+Path,2
best,C:\Users\erich\Documents\AFRL\Algebraic-Connectivity-Optimization-CDC2026\lite_trials\sweep\resistance_only\checkpoints\best.pt,ppo,3000,C:\Users\erich\Documents\AFRL\Algebraic-Connectivity-Optimization-CDC2026\lite_trials\lite_config.yaml,full,48,0.428307123034,3,510,510,0.4283071230342276,463,0.4152900782325332,19.933923755161594,0.7239589000000706,0.7239589000000706,0.7239589000000706,path,path,path,47,0.0,0.0,False,,,False,1,path,64,4,RL+Path,3
best,C:\Users\erich\Documents\AFRL\Algebraic-Connectivity-Optimization-CDC2026\lite_trials\sweep\resistance_only\checkpoints\best.pt,ppo,3000,C:\Users\erich\Documents\AFRL\Algebraic-Connectivity-Optimization-CDC2026\lite_trials\lite_config.yaml,full,48,0.428307123034,4,510,510,0.4283071230342276,463,0.4152900782325332,19.933923755161594,0.7109859000001961,0.7109859000001961,0.7109859000001961,path,path,path,47,0.0,0.0,False,,,False,1,path,64,4,RL+Path,4
best,C:\Users\erich\Documents\AFRL\Algebraic-Connectivity-Optimization-CDC2026\lite_trials\sweep\resistance_only\checkpoints\best.pt,ppo,3000,C:\Users\erich\Documents\AFRL\Algebraic-Connectivity-Optimization-CDC2026\lite_trials\lite_config.yaml,full,48,0.50046253469,0,588,588,0.5004625346901017,541,0.48201286183457137,23.136617368059426,0.8632705999998507,0.8632705999998507,0.8632705999998507,path,path,path,47,0.0,0.0,False,,,False,1,path,64,4,RL+Path,0
best,C:\Users\erich\Documents\AFRL\Algebraic-Connectivity-Optimization-CDC2026\lite_trials\sweep\resistance_only\checkpoints\best.pt,ppo,3000,C:\Users\erich\Documents\AFRL\Algebraic-Connectivity-Optimization-CDC2026\lite_trials\lite_config.yaml,full,48,0.50046253469,1,588,588,0.5004625346901017,541,0.48201286183457137,23.136617368059426,0.8319947999998476,0.8319947999998476,0.8319947999998476,path,path,path,47,0.0,0.0,False,,,False,1,path,64,4,RL+Path,1
best,C:\Users\erich\Documents\AFRL\Algebraic-Connectivity-Optimization-CDC2026\lite_trials\sweep\resistance_only\checkpoints\best.pt,ppo,3000,C:\Users\erich\Documents\AFRL\Algebraic-Connectivity-Optimization-CDC2026\lite_trials\lite_config.yaml,full,48,0.50046253469,2,588,588,0.5004625346901017,541,0.48201286183457137,23.136617368059426,0.8959436000004644,0.8959436000004644,0.8959436000004644,path,path,path,47,0.0,0.0,False,,,False,1,path,64,4,RL+Path,2
best,C:\Users\erich\Documents\AFRL\Algebraic-Connectivity-Optimization-CDC2026\lite_trials\sweep\resistance_only\checkpoints\best.pt,ppo,3000,C:\Users\erich\Documents\AFRL\Algebraic-Connectivity-Optimization-CDC2026\lite_trials\lite_config.yaml,full,48,0.50046253469,3,588,588,0.5004625346901017,541,0.48201286183457137,23.136617368059426,0.8949843000000328,0.8949843000000328,0.8949843000000328,path,path,path,47,0.0,0.0,False,,,False,1,path,64,4,RL+Path,3
best,C:\Users\erich\Documents\AFRL\Algebraic-Connectivity-Optimization-CDC2026\lite_trials\sweep\resistance_only\checkpoints\best.pt,ppo,3000,C:\Users\erich\Documents\AFRL\Algebraic-Connectivity-Optimization-CDC2026\lite_trials\lite_config.yaml,full,48,0.50046253469,4,588,588,0.5004625346901017,541,0.48201286183457137,23.136617368059426,0.8714084999992338,0.8714084999992338,0.8714084999992338,path,path,path,47,0.0,0.0,False,,,False,1,path,64,4,RL+Path,4
best,C:\Users\erich\Documents\AFRL\Algebraic-Connectivity-Optimization-CDC2026\lite_trials\sweep\resistance_only\checkpoints\best.pt,ppo,3000,C:\Users\erich\Documents\AFRL\Algebraic-Connectivity-Optimization-CDC2026\lite_trials\lite_config.yaml,full,48,0.571692876966,0,665,665,0.5716928769657724,618,0.5113946100492008,24.54694128236164,1.0597101000003022,1.0597101000003022,1.0597101000003022,path,path,path,47,0.0,0.0,False,,,False,1,path,64,4,RL+Path,0
best,C:\Users\erich\Documents\AFRL\Algebraic-Connectivity-Optimization-CDC2026\lite_trials\sweep\resistance_only\checkpoints\best.pt,ppo,3000,C:\Users\erich\Documents\AFRL\Algebraic-Connectivity-Optimization-CDC2026\lite_trials\lite_config.yaml,full,48,0.571692876966,1,665,665,0.5716928769657724,618,0.5113946100492008,24.54694128236164,0.9948155000001861,0.9948155000001861,0.9948155000001861,path,path,path,47,0.0,0.0,False,,,False,1,path,64,4,RL+Path,1
best,C:\Users\erich\Documents\AFRL\Algebraic-Connectivity-Optimization-CDC2026\lite_trials\sweep\resistance_only\checkpoints\best.pt,ppo,3000,C:\Users\erich\Documents\AFRL\Algebraic-Connectivity-Optimization-CDC2026\lite_trials\lite_config.yaml,full,48,0.571692876966,2,665,665,0.5716928769657724,618,0.5113946100492008,24.54694128236164,0.9923699999999371,0.9923699999999371,0.9923699999999371,path,path,path,47,0.0,0.0,False,,,False,1,path,64,4,RL+Path,2
best,C:\Users\erich\Documents\AFRL\Algebraic-Connectivity-Optimization-CDC2026\lite_trials\sweep\resistance_only\checkpoints\best.pt,ppo,3000,C:\Users\erich\Documents\AFRL\Algebraic-Connectivity-Optimization-CDC2026\lite_trials\lite_config.yaml,full,48,0.571692876966,3,665,665,0.5716928769657724,618,0.5113946100492008,24.54694128236164,0.962111100000584,0.962111100000584,0.962111100000584,path,path,path,47,0.0,0.0,False,,,False,1,path,64,4,RL+Path,3
best,C:\Users\erich\Documents\AFRL\Algebraic-Connectivity-Optimization-CDC2026\lite_trials\sweep\resistance_only\checkpoints\best.pt,ppo,3000,C:\Users\erich\Documents\AFRL\Algebraic-Connectivity-Optimization-CDC2026\lite_trials\lite_config.yaml,full,48,0.571692876966,4,665,665,0.5716928769657724,618,0.5113946100492008,24.54694128236164,0.9172398999999132,0.9172398999999132,0.9172398999999132,path,path,path,47,0.0,0.0,False,,,False,1,path,64,4,RL+Path,4
best,C:\Users\erich\Documents\AFRL\Algebraic-Connectivity-Optimization-CDC2026\lite_trials\sweep\resistance_only\checkpoints\best.pt,ppo,3000,C:\Users\erich\Documents\AFRL\Algebraic-Connectivity-Optimization-CDC2026\lite_trials\lite_config.yaml,full,48,0.642923219241,0,742,742,0.6429232192414431,695,0.8219504231570957,39.45362031154059,1.072121899999729,1.072121899999729,1.072121899999729,path,path,path,47,0.0,0.0,False,,,False,1,path,64,4,RL+Path,0
best,C:\Users\erich\Documents\AFRL\Algebraic-Connectivity-Optimization-CDC2026\lite_trials\sweep\resistance_only\checkpoints\best.pt,ppo,3000,C:\Users\erich\Documents\AFRL\Algebraic-Connectivity-Optimization-CDC2026\lite_trials\lite_config.yaml,full,48,0.642923219241,1,742,742,0.6429232192414431,695,0.8219504231570957,39.45362031154059,1.2289934999998877,1.2289934999998877,1.2289934999998877,path,path,path,47,0.0,0.0,False,,,False,1,path,64,4,RL+Path,1
best,C:\Users\erich\Documents\AFRL\Algebraic-Connectivity-Optimization-CDC2026\lite_trials\sweep\resistance_only\checkpoints\best.pt,ppo,3000,C:\Users\erich\Documents\AFRL\Algebraic-Connectivity-Optimization-CDC2026\lite_trials\lite_config.yaml,full,48,0.642923219241,2,742,742,0.6429232192414431,695,0.8219504231570957,39.45362031154059,1.2255936999999903,1.2255936999999903,1.2255936999999903,path,path,path,47,0.0,0.0,False,,,False,1,path,64,4,RL+Path,2
best,C:\Users\erich\Documents\AFRL\Algebraic-Connectivity-Optimization-CDC2026\lite_trials\sweep\resistance_only\checkpoints\best.pt,ppo,3000,C:\Users\erich\Documents\AFRL\Algebraic-Connectivity-Optimization-CDC2026\lite_trials\lite_config.yaml,full,48,0.642923219241,3,742,742,0.6429232192414431,695,0.8219504231570957,39.45362031154059,1.195904199999859,1.195904199999859,1.195904199999859,path,path,path,47,0.0,0.0,False,,,False,1,path,64,4,RL+Path,3
best,C:\Users\erich\Documents\AFRL\Algebraic-Connectivity-Optimization-CDC2026\lite_trials\sweep\resistance_only\checkpoints\best.pt,ppo,3000,C:\Users\erich\Documents\AFRL\Algebraic-Connectivity-Optimization-CDC2026\lite_trials\lite_config.yaml,full,48,0.642923219241,4,742,742,0.6429232192414431,695,0.8219504231570957,39.45362031154059,1.1883212000002459,1.1883212000002459,1.1883212000002459,path,path,path,47,0.0,0.0,False,,,False,1,path,64,4,RL+Path,4
best,C:\Users\erich\Documents\AFRL\Algebraic-Connectivity-Optimization-CDC2026\lite_trials\sweep\resistance_only\checkpoints\best.pt,ppo,3000,C:\Users\erich\Documents\AFRL\Algebraic-Connectivity-Optimization-CDC2026\lite_trials\lite_config.yaml,full,48,0.714153561517,0,819,819,0.7141535615171137,772,0.5867719039610529,28.165051390130543,1.3972027999998318,1.3972027999998318,1.3972027999998318,path,path,path,47,0.0,0.0,False,,,False,1,path,64,4,RL+Path,0
best,C:\Users\erich\Documents\AFRL\Algebraic-Connectivity-Optimization-CDC2026\lite_trials\sweep\resistance_only\checkpoints\best.pt,ppo,3000,C:\Users\erich\Documents\AFRL\Algebraic-Connectivity-Optimization-CDC2026\lite_trials\lite_config.yaml,full,48,0.714153561517,1,819,819,0.7141535615171137,772,0.5867719039610529,28.165051390130543,1.403357700000015,1.403357700000015,1.403357700000015,path,path,path,47,0.0,0.0,False,,,False,1,path,64,4,RL+Path,1
best,C:\Users\erich\Documents\AFRL\Algebraic-Connectivity-Optimization-CDC2026\lite_trials\sweep\resistance_only\checkpoints\best.pt,ppo,3000,C:\Users\erich\Documents\AFRL\Algebraic-Connectivity-Optimization-CDC2026\lite_trials\lite_config.yaml,full,48,0.714153561517,2,819,819,0.7141535615171137,772,0.5867719039610529,28.165051390130543,1.4181502999999793,1.4181502999999793,1.4181502999999793,path,path,path,47,0.0,0.0,False,,,False,1,path,64,4,RL+Path,2
best,C:\Users\erich\Documents\AFRL\Algebraic-Connectivity-Optimization-CDC2026\lite_trials\sweep\resistance_only\checkpoints\best.pt,ppo,3000,C:\Users\erich\Documents\AFRL\Algebraic-Connectivity-Optimization-CDC2026\lite_trials\lite_config.yaml,full,48,0.714153561517,3,819,819,0.7141535615171137,772,0.5867719039610529,28.165051390130543,1.3860217000001285,1.3860217000001285,1.3860217000001285,path,path,path,47,0.0,0.0,False,,,False,1,path,64,4,RL+Path,3
best,C:\Users\erich\Documents\AFRL\Algebraic-Connectivity-Optimization-CDC2026\lite_trials\sweep\resistance_only\checkpoints\best.pt,ppo,3000,C:\Users\erich\Documents\AFRL\Algebraic-Connectivity-Optimization-CDC2026\lite_trials\lite_config.yaml,full,48,0.714153561517,4,819,819,0.7141535615171137,772,0.5867719039610529,28.165051390130543,1.3702012000003378,1.3702012000003378,1.3702012000003378,path,path,path,47,0.0,0.0,False,,,False,1,path,64,4,RL+Path,4
best,C:\Users\erich\Documents\AFRL\Algebraic-Connectivity-Optimization-CDC2026\lite_trials\sweep\resistance_only\checkpoints\best.pt,ppo,3000,C:\Users\erich\Documents\AFRL\Algebraic-Connectivity-Optimization-CDC2026\lite_trials\lite_config.yaml,full,48,0.785383903793,0,896,896,0.7853839037927844,849,0.7332973199753748,35.19827135881799,1.5797867000001133,1.5797867000001133,1.5797867000001133,path,path,path,47,0.0,0.0,False,,,False,1,path,64,4,RL+Path,0
best,C:\Users\erich\Documents\AFRL\Algebraic-Connectivity-Optimization-CDC2026\lite_trials\sweep\resistance_only\checkpoints\best.pt,ppo,3000,C:\Users\erich\Documents\AFRL\Algebraic-Connectivity-Optimization-CDC2026\lite_trials\lite_config.yaml,full,48,0.785383903793,1,896,896,0.7853839037927844,849,0.7332973199753748,35.19827135881799,1.6123739999993631,1.6123739999993631,1.6123739999993631,path,path,path,47,0.0,0.0,False,,,False,1,path,64,4,RL+Path,1
best,C:\Users\erich\Documents\AFRL\Algebraic-Connectivity-Optimization-CDC2026\lite_trials\sweep\resistance_only\checkpoints\best.pt,ppo,3000,C:\Users\erich\Documents\AFRL\Algebraic-Connectivity-Optimization-CDC2026\lite_trials\lite_config.yaml,full,48,0.785383903793,2,896,896,0.7853839037927844,849,0.7332973199753748,35.19827135881799,1.5679762999998275,1.5679762999998275,1.5679762999998275,path,path,path,47,0.0,0.0,False,,,False,1,path,64,4,RL+Path,2
best,C:\Users\erich\Documents\AFRL\Algebraic-Connectivity-Optimization-CDC2026\lite_trials\sweep\resistance_only\checkpoints\best.pt,ppo,3000,C:\Users\erich\Documents\AFRL\Algebraic-Connectivity-Optimization-CDC2026\lite_trials\lite_config.yaml,full,48,0.785383903793,3,896,896,0.7853839037927844,849,0.7332973199753748,35.19827135881799,1.5729786000001695,1.5729786000001695,1.5729786000001695,path,path,path,47,0.0,0.0,False,,,False,1,path,64,4,RL+Path,3
best,C:\Users\erich\Documents\AFRL\Algebraic-Connectivity-Optimization-CDC2026\lite_trials\sweep\resistance_only\checkpoints\best.pt,ppo,3000,C:\Users\erich\Documents\AFRL\Algebraic-Connectivity-Optimization-CDC2026\lite_trials\lite_config.yaml,full,48,0.785383903793,4,896,896,0.7853839037927844,849,0.7332973199753748,35.19827135881799,1.5960089000000153,1.5960089000000153,1.5960089000000153,path,path,path,47,0.0,0.0,False,,,False,1,path,64,4,RL+Path,4
best,C:\Users\erich\Documents\AFRL\Algebraic-Connectivity-Optimization-CDC2026\lite_trials\sweep\resistance_only\checkpoints\best.pt,ppo,3000,C:\Users\erich\Documents\AFRL\Algebraic-Connectivity-Optimization-CDC2026\lite_trials\lite_config.yaml,full,48,0.856614246068,0,973,973,0.8566142460684552,926,0.8541257325452292,40.998035162171,1.7089141999995263,1.7089141999995263,1.7089141999995263,path,path,path,47,0.0,0.0,False,,,False,1,path,64,4,RL+Path,0
best,C:\Users\erich\Documents\AFRL\Algebraic-Connectivity-Optimization-CDC2026\lite_trials\sweep\resistance_only\checkpoints\best.pt,ppo,3000,C:\Users\erich\Documents\AFRL\Algebraic-Connectivity-Optimization-CDC2026\lite_trials\lite_config.yaml,full,48,0.856614246068,1,973,973,0.8566142460684552,926,0.8541257325452292,40.998035162171,1.7585711000001538,1.7585711000001538,1.7585711000001538,path,path,path,47,0.0,0.0,False,,,False,1,path,64,4,RL+Path,1
best,C:\Users\erich\Documents\AFRL\Algebraic-Connectivity-Optimization-CDC2026\lite_trials\sweep\resistance_only\checkpoints\best.pt,ppo,3000,C:\Users\erich\Documents\AFRL\Algebraic-Connectivity-Optimization-CDC2026\lite_trials\lite_config.yaml,full,48,0.856614246068,2,973,973,0.8566142460684552,926,0.8541257325452292,40.998035162171,1.7605710999996518,1.7605710999996518,1.7605710999996518,path,path,path,47,0.0,0.0,False,,,False,1,path,64,4,RL+Path,2
best,C:\Users\erich\Documents\AFRL\Algebraic-Connectivity-Optimization-CDC2026\lite_trials\sweep\resistance_only\checkpoints\best.pt,ppo,3000,C:\Users\erich\Documents\AFRL\Algebraic-Connectivity-Optimization-CDC2026\lite_trials\lite_config.yaml,full,48,0.856614246068,3,973,973,0.8566142460684552,926,0.8541257325452292,40.998035162171,1.7650542999999743,1.7650542999999743,1.7650542999999743,path,path,path,47,0.0,0.0,False,,,False,1,path,64,4,RL+Path,3
best,C:\Users\erich\Documents\AFRL\Algebraic-Connectivity-Optimization-CDC2026\lite_trials\sweep\resistance_only\checkpoints\best.pt,ppo,3000,C:\Users\erich\Documents\AFRL\Algebraic-Connectivity-Optimization-CDC2026\lite_trials\lite_config.yaml,full,48,0.856614246068,4,973,973,0.8566142460684552,926,0.8541257325452292,40.998035162171,1.7918378999993365,1.7918378999993365,1.7918378999993365,path,path,path,47,0.0,0.0,False,,,False,1,path,64,4,RL+Path,4
best,C:\Users\erich\Documents\AFRL\Algebraic-Connectivity-Optimization-CDC2026\lite_trials\sweep\resistance_only\checkpoints\best.pt,ppo,3000,C:\Users\erich\Documents\AFRL\Algebraic-Connectivity-Optimization-CDC2026\lite_trials\lite_config.yaml,full,48,0.927844588344,0,1050,1050,0.9278445883441259,1003,0.9434344638101173,45.28485426288563,1.9467978000002404,1.9467978000002404,1.9467978000002404,path,path,path,47,0.0,0.0,False,,,False,1,path,64,4,RL+Path,0
best,C:\Users\erich\Documents\AFRL\Algebraic-Connectivity-Optimization-CDC2026\lite_trials\sweep\resistance_only\checkpoints\best.pt,ppo,3000,C:\Users\erich\Documents\AFRL\Algebraic-Connectivity-Optimization-CDC2026\lite_trials\lite_config.yaml,full,48,0.927844588344,1,1050,1050,0.9278445883441259,1003,0.9434344638101173,45.28485426288563,1.971653999999944,1.971653999999944,1.971653999999944,path,path,path,47,0.0,0.0,False,,,False,1,path,64,4,RL+Path,1
best,C:\Users\erich\Documents\AFRL\Algebraic-Connectivity-Optimization-CDC2026\lite_trials\sweep\resistance_only\checkpoints\best.pt,ppo,3000,C:\Users\erich\Documents\AFRL\Algebraic-Connectivity-Optimization-CDC2026\lite_trials\lite_config.yaml,full,48,0.927844588344,2,1050,1050,0.9278445883441259,1003,0.9434344638101173,45.28485426288563,1.9767001999998683,1.9767001999998683,1.9767001999998683,path,path,path,47,0.0,0.0,False,,,False,1,path,64,4,RL+Path,2
best,C:\Users\erich\Documents\AFRL\Algebraic-Connectivity-Optimization-CDC2026\lite_trials\sweep\resistance_only\checkpoints\best.pt,ppo,3000,C:\Users\erich\Documents\AFRL\Algebraic-Connectivity-Optimization-CDC2026\lite_trials\lite_config.yaml,full,48,0.927844588344,3,1050,1050,0.9278445883441259,1003,0.9434344638101173,45.28485426288563,1.882195799999863,1.882195799999863,1.882195799999863,path,path,path,47,0.0,0.0,False,,,False,1,path,64,4,RL+Path,3
best,C:\Users\erich\Documents\AFRL\Algebraic-Connectivity-Optimization-CDC2026\lite_trials\sweep\resistance_only\checkpoints\best.pt,ppo,3000,C:\Users\erich\Documents\AFRL\Algebraic-Connectivity-Optimization-CDC2026\lite_trials\lite_config.yaml,full,48,0.927844588344,4,1050,1050,0.9278445883441259,1003,0.9434344638101173,45.28485426288563,1.950616699999955,1.950616699999955,1.950616699999955,path,path,path,47,0.0,0.0,False,,,False,1,path,64,4,RL+Path,4
best,C:\Users\erich\Documents\AFRL\Algebraic-Connectivity-Optimization-CDC2026\lite_trials\sweep\resistance_only\checkpoints\best.pt,ppo,3000,C:\Users\erich\Documents\AFRL\Algebraic-Connectivity-Optimization-CDC2026\lite_trials\lite_config.yaml,full,48,0.99907493062,0,1127,1127,0.9990749306197965,1080,0.9985895008481463,47.93229604071102,2.1592632000001686,2.1592632000001686,2.1592632000001686,path,path,path,47,0.0,0.0,False,,,False,1,path,64,4,RL+Path,0
best,C:\Users\erich\Documents\AFRL\Algebraic-Connectivity-Optimization-CDC2026\lite_trials\sweep\resistance_only\checkpoints\best.pt,ppo,3000,C:\Users\erich\Documents\AFRL\Algebraic-Connectivity-Optimization-CDC2026\lite_trials\lite_config.yaml,full,48,0.99907493062,1,1127,1127,0.9990749306197965,1080,0.9985895008481463,47.93229604071102,2.1474531999992905,2.1474531999992905,2.1474531999992905,path,path,path,47,0.0,0.0,False,,,False,1,path,64,4,RL+Path,1
best,C:\Users\erich\Documents\AFRL\Algebraic-Connectivity-Optimization-CDC2026\lite_trials\sweep\resistance_only\checkpoints\best.pt,ppo,3000,C:\Users\erich\Documents\AFRL\Algebraic-Connectivity-Optimization-CDC2026\lite_trials\lite_config.yaml,full,48,0.99907493062,2,1127,1127,0.9990749306197965,1080,0.9985895008481463,47.93229604071102,2.1614673000003677,2.1614673000003677,2.1614673000003677,path,path,path,47,0.0,0.0,False,,,False,1,path,64,4,RL+Path,2
best,C:\Users\erich\Documents\AFRL\Algebraic-Connectivity-Optimization-CDC2026\lite_trials\sweep\resistance_only\checkpoints\best.pt,ppo,3000,C:\Users\erich\Documents\AFRL\Algebraic-Connectivity-Optimization-CDC2026\lite_trials\lite_config.yaml,full,48,0.99907493062,3,1127,1127,0.9990749306197965,1080,0.9985895008481463,47.93229604071102,2.135537099999965,2.135537099999965,2.135537099999965,path,path,path,47,0.0,0.0,False,,,False,1,path,64,4,RL+Path,3
best,C:\Users\erich\Documents\AFRL\Algebraic-Connectivity-Optimization-CDC2026\lite_trials\sweep\resistance_only\checkpoints\best.pt,ppo,3000,C:\Users\erich\Documents\AFRL\Algebraic-Connectivity-Optimization-CDC2026\lite_trials\lite_config.yaml,full,48,0.99907493062,4,1127,1127,0.9990749306197965,1080,0.9985895008481463,47.93229604071102,2.1767539000002216,2.1767539000002216,2.1767539000002216,path,path,path,47,0.0,0.0,False,,,False,1,path,64,4,RL+Path,4
best,C:\Users\erich\Documents\AFRL\Algebraic-Connectivity-Optimization-CDC2026\lite_trials\sweep\resistance_only\checkpoints\best.pt,ppo,3000,C:\Users\erich\Documents\AFRL\Algebraic-Connectivity-Optimization-CDC2026\lite_trials\lite_config.yaml,full,48,0.00092506938,0,48,48,0.0009250693802035153,1,0.02083333333333328,0.9999999999999974,0.0038674000006722054,0.0038674000006722054,0.004383400000733673,backbone,envelope_only,envelope,47,1.0,0.0005160000000614673,False,,,False,1,envelope,64,4,RL+Backbone,0
best,C:\Users\erich\Documents\AFRL\Algebraic-Connectivity-Optimization-CDC2026\lite_trials\sweep\resistance_only\checkpoints\best.pt,ppo,3000,C:\Users\erich\Documents\AFRL\Algebraic-Connectivity-Optimization-CDC2026\lite_trials\lite_config.yaml,full,48,0.00092506938,1,48,48,0.0009250693802035153,1,0.02083333333333328,0.9999999999999974,0.001194999999825086,0.001194999999825086,0.0013638999998875079,backbone,envelope_only,envelope,47,1.0,0.0001689000000624219,False,,,False,1,envelope,64,4,RL+Backbone,1
best,C:\Users\erich\Documents\AFRL\Algebraic-Connectivity-Optimization-CDC2026\lite_trials\sweep\resistance_only\checkpoints\best.pt,ppo,3000,C:\Users\erich\Documents\AFRL\Algebraic-Connectivity-Optimization-CDC2026\lite_trials\lite_config.yaml,full,48,0.00092506938,2,48,48,0.0009250693802035153,1,0.02083333333333328,0.9999999999999974,0.0012701999994533253,0.0012701999994533253,0.0014393999999811058,backbone,envelope_only,envelope,47,1.0,0.0001692000005277805,False,,,False,1,envelope,64,4,RL+Backbone,2
best,C:\Users\erich\Documents\AFRL\Algebraic-Connectivity-Optimization-CDC2026\lite_trials\sweep\resistance_only\checkpoints\best.pt,ppo,3000,C:\Users\erich\Documents\AFRL\Algebraic-Connectivity-Optimization-CDC2026\lite_trials\lite_config.yaml,full,48,0.00092506938,3,48,48,0.0009250693802035153,1,0.02083333333333328,0.9999999999999974,0.001730499999212043,0.001730499999212043,0.0019130999990011333,backbone,envelope_only,envelope,47,1.0,0.00018259999978909036,False,,,False,1,envelope,64,4,RL+Backbone,3
best,C:\Users\erich\Documents\AFRL\Algebraic-Connectivity-Optimization-CDC2026\lite_trials\sweep\resistance_only\checkpoints\best.pt,ppo,3000,C:\Users\erich\Documents\AFRL\Algebraic-Connectivity-Optimization-CDC2026\lite_trials\lite_config.yaml,full,48,0.00092506938,4,48,48,0.0009250693802035153,1,0.02083333333333328,0.9999999999999974,0.00205050000022311,0.00205050000022311,0.002274500000567059,backbone,envelope_only,envelope,47,1.0,0.00022400000034394907,False,,,False,1,envelope,64,4,RL+Backbone,4
best,C:\Users\erich\Documents\AFRL\Algebraic-Connectivity-Optimization-CDC2026\lite_trials\sweep\resistance_only\checkpoints\best.pt,ppo,3000,C:\Users\erich\Documents\AFRL\Algebraic-Connectivity-Optimization-CDC2026\lite_trials\lite_config.yaml,full,48,0.072155411656,0,125,125,0.07215541165587419,5,0.06661613681039165,3.1975745668987994,0.045740399999885994,0.045740399999885994,0.04594660000020667,backbone,both,cayley,120,2.7639320225002084,0.033763799999178445,False,2,,True,2,"cayley,envelope",64,4,RL+Backbone,0
best,C:\Users\erich\Documents\AFRL\Algebraic-Connectivity-Optimization-CDC2026\lite_trials\sweep\resistance_only\checkpoints\best.pt,ppo,3000,C:\Users\erich\Documents\AFRL\Algebraic-Connectivity-Optimization-CDC2026\lite_trials\lite_config.yaml,full,48,0.072155411656,1,125,125,0.07215541165587419,5,0.05983938735512028,2.8722905930457734,0.039666200000283425,0.039666200000283425,0.0421980999999505,backbone,both,cayley,120,2.7639320225002075,0.034673300000577,False,2,,True,2,"cayley,envelope",64,4,RL+Backbone,1
best,C:\Users\erich\Documents\AFRL\Algebraic-Connectivity-Optimization-CDC2026\lite_trials\sweep\resistance_only\checkpoints\best.pt,ppo,3000,C:\Users\erich\Documents\AFRL\Algebraic-Connectivity-Optimization-CDC2026\lite_trials\lite_config.yaml,full,48,0.072155411656,2,125,125,0.07215541165587419,5,0.05938629511401946,2.850542165472934,0.045394100000521576,0.045394100000521576,0.04560300000048301,backbone,both,cayley,120,2.7639320225002053,0.03178920000027574,False,2,,True,2,"cayley,envelope",64,4,RL+Backbone,2
best,C:\Users\erich\Documents\AFRL\Algebraic-Connectivity-Optimization-CDC2026\lite_trials\sweep\resistance_only\checkpoints\best.pt,ppo,3000,C:\Users\erich\Documents\AFRL\Algebraic-Connectivity-Optimization-CDC2026\lite_trials\lite_config.yaml,full,48,0.072155411656,3,125,125,0.07215541165587419,5,0.06154897981262756,2.954351031006123,0.04698920000009821,0.04698920000009821,0.047192299999551324,backbone,both,cayley,120,2.405380411781164,0.03467670000009093,False,2,,True,2,"cayley,envelope",64,4,RL+Backbone,3
best,C:\Users\erich\Documents\AFRL\Algebraic-Connectivity-Optimization-CDC2026\lite_trials\sweep\resistance_only\checkpoints\best.pt,ppo,3000,C:\Users\erich\Documents\AFRL\Algebraic-Connectivity-Optimization-CDC2026\lite_trials\lite_config.yaml,full,48,0.072155411656,4,125,125,0.07215541165587419,5,0.057020187836597715,2.7369690161566904,0.03908379999938916,0.03908379999938916,0.04299000000082742,backbone,both,cayley,120,2.4053804117811626,0.03533289999995759,False,2,,True,2,"cayley,envelope",64,4,RL+Backbone,4
best,C:\Users\erich\Documents\AFRL\Algebraic-Connectivity-Optimization-CDC2026\lite_trials\sweep\resistance_only\checkpoints\best.pt,ppo,3000,C:\Users\erich\Documents\AFRL\Algebraic-Connectivity-Optimization-CDC2026\lite_trials\lite_config.yaml,full,48,0.143385753932,0,202,202,0.14338575393154487,10,0.13349221226740077,6.407626188835237,0.015408600000228034,0.015408600000228034,0.05379200000061246,backbone,cayley_only,cayley,192,5.039032761414107,0.03838340000038443,False,2,,False,1,cayley,64,4,RL+Backbone,0
best,C:\Users\erich\Documents\AFRL\Algebraic-Connectivity-Optimization-CDC2026\lite_trials\sweep\resistance_only\checkpoints\best.pt,ppo,3000,C:\Users\erich\Documents\AFRL\Algebraic-Connectivity-Optimization-CDC2026\lite_trials\lite_config.yaml,full,48,0.143385753932,1,202,202,0.14338575393154487,10,0.13680317565294112,6.566552431341174,0.016308199999912176,0.016308199999912176,0.05068669999945996,backbone,cayley_only,cayley,192,5.028733077499398,0.034378499999547785,False,2,,False,1,cayley,64,4,RL+Backbone,1
best,C:\Users\erich\Documents\AFRL\Algebraic-Connectivity-Optimization-CDC2026\lite_trials\sweep\resistance_only\checkpoints\best.pt,ppo,3000,C:\Users\erich\Documents\AFRL\Algebraic-Connectivity-Optimization-CDC2026\lite_trials\lite_config.yaml,full,48,0.143385753932,2,202,202,0.14338575393154487,10,0.1276041666666665,6.124999999999991,0.014157900000100199,0.014157900000100199,0.05130069999995612,backbone,cayley_only,cayley,192,4.999999999999999,0.037142799999855924,False,2,,False,1,cayley,64,4,RL+Backbone,2
best,C:\Users\erich\Documents\AFRL\Algebraic-Connectivity-Optimization-CDC2026\lite_trials\sweep\resistance_only\checkpoints\best.pt,ppo,3000,C:\Users\erich\Documents\AFRL\Algebraic-Connectivity-Optimization-CDC2026\lite_trials\lite_config.yaml,full,48,0.143385753932,3,202,202,0.14338575393154487,10,0.12760416666666688,6.125000000000011,0.014750600000297709,0.014750600000297709,0.049463700000160316,backbone,cayley_only,cayley,192,4.999999999999999,0.03471309999986261,False,2,,False,1,cayley,64,4,RL+Backbone,3
best,C:\Users\erich\Documents\AFRL\Algebraic-Connectivity-Optimization-CDC2026\lite_trials\sweep\resistance_only\checkpoints\best.pt,ppo,3000,C:\Users\erich\Documents\AFRL\Algebraic-Connectivity-Optimization-CDC2026\lite_trials\lite_config.yaml,full,48,0.143385753932,4,202,202,0.14338575393154487,10,0.1334922122674007,6.407626188835234,0.01544110000031651,0.01544110000031651,0.04837530000077095,backbone,cayley_only,cayley,192,5.039032761414109,0.03293420000045444,False,2,,False,1,cayley,64,4,RL+Backbone,4
best,C:\Users\erich\Documents\AFRL\Algebraic-Connectivity-Optimization-CDC2026\lite_trials\sweep\resistance_only\checkpoints\best.pt,ppo,3000,C:\Users\erich\Documents\AFRL\Algebraic-Connectivity-Optimization-CDC2026\lite_trials\lite_config.yaml,full,48,0.214616096207,0,279,279,0.21461609620721553,15,0.19857603153734385,9.531649513792505,0.02539329999945039,0.02539329999945039,0.06358019999879616,backbone,cayley_only,cayley,264,7.7186394608365605,0.03818689999934577,False,2,,False,1,cayley,64,4,RL+Backbone,0
best,C:\Users\erich\Documents\AFRL\Algebraic-Connectivity-Optimization-CDC2026\lite_trials\sweep\resistance_only\checkpoints\best.pt,ppo,3000,C:\Users\erich\Documents\AFRL\Algebraic-Connectivity-Optimization-CDC2026\lite_trials\lite_config.yaml,full,48,0.214616096207,1,279,279,0.21461609620721553,15,0.19518380733170096,9.368822751921646,0.022628900000199792,0.022628900000199792,0.06061709999994491,backbone,cayley_only,cayley,264,7.925997764674983,0.03798819999974512,False,2,,False,1,cayley,64,4,RL+Backbone,1
best,C:\Users\erich\Documents\AFRL\Algebraic-Connectivity-Optimization-CDC2026\lite_trials\sweep\resistance_only\checkpoints\best.pt,ppo,3000,C:\Users\erich\Documents\AFRL\Algebraic-Connectivity-Optimization-CDC2026\lite_trials\lite_config.yaml,full,48,0.214616096207,2,279,279,0.21461609620721553,15,0.2033525697313889,9.760923347106667,0.026358500000242202,0.026358500000242202,0.06324920000042766,backbone,cayley_only,cayley,264,7.837722339831611,0.03689070000018546,False,2,,False,1,cayley,64,4,RL+Backbone,2
best,C:\Users\erich\Documents\AFRL\Algebraic-Connectivity-Optimization-CDC2026\lite_trials\sweep\resistance_only\checkpoints\best.pt,ppo,3000,C:\Users\erich\Documents\AFRL\Algebraic-Connectivity-Optimization-CDC2026\lite_trials\lite_config.yaml,full,48,0.214616096207,3,279,279,0.21461609620721553,15,0.2153525002846812,10.336920013664697,0.025911799999448704,0.025911799999448704,0.06421309999950608,backbone,cayley_only,cayley,264,7.9999999999999964,0.03830130000005738,False,2,,False,1,cayley,64,4,RL+Backbone,3
best,C:\Users\erich\Documents\AFRL\Algebraic-Connectivity-Optimization-CDC2026\lite_trials\sweep\resistance_only\checkpoints\best.pt,ppo,3000,C:\Users\erich\Documents\AFRL\Algebraic-Connectivity-Optimization-CDC2026\lite_trials\lite_config.yaml,full,48,0.214616096207,4,279,279,0.21461609620721553,15,0.1976869488164973,9.48897354319187,0.02225910000015574,0.02225910000015574,0.05916630000047007,backbone,cayley_only,cayley,264,7.85702128904587,0.03690720000031433,False,2,,False,1,cayley,64,4,RL+Backbone,4
best,C:\Users\erich\Documents\AFRL\Algebraic-Connectivity-Optimization-CDC2026\lite_trials\sweep\resistance_only\checkpoints\best.pt,ppo,3000,C:\Users\erich\Documents\AFRL\Algebraic-Connectivity-Optimization-CDC2026\lite_trials\lite_config.yaml,full,48,0.285846438483,0,356,356,0.2858464384828862,20,0.28038711458975746,13.458581500308359,0.036282199999732256,0.036282199999732256,0.07555539999975736,backbone,cayley_only,cayley,336,10.999999999999998,0.0392732000000251,False,2,,False,1,cayley,64,4,RL+Backbone,0
best,C:\Users\erich\Documents\AFRL\Algebraic-Connectivity-Optimization-CDC2026\lite_trials\sweep\resistance_only\checkpoints\best.pt,ppo,3000,C:\Users\erich\Documents\AFRL\Algebraic-Connectivity-Optimization-CDC2026\lite_trials\lite_config.yaml,full,48,0.285846438483,1,356,356,0.2858464384828862,20,0.26133601161980574,12.544128557750675,0.0338768000001437,0.0338768000001437,0.07391940000070463,backbone,cayley_only,cayley,336,10.999999999999995,0.040042600000560924,False,2,,False,1,cayley,64,4,RL+Backbone,1
best,C:\Users\erich\Documents\AFRL\Algebraic-Connectivity-Optimization-CDC2026\lite_trials\sweep\resistance_only\checkpoints\best.pt,ppo,3000,C:\Users\erich\Documents\AFRL\Algebraic-Connectivity-Optimization-CDC2026\lite_trials\lite_config.yaml,full,48,0.285846438483,2,356,356,0.2858464384828862,20,0.27792845135188354,13.34056566489041,0.03272289999949862,0.03272289999949862,0.07109130000026198,backbone,cayley_only,cayley,336,10.765173634468493,0.03836840000076336,False,2,,False,1,cayley,64,4,RL+Backbone,2
best,C:\Users\erich\Documents\AFRL\Algebraic-Connectivity-Optimization-CDC2026\lite_trials\sweep\resistance_only\checkpoints\best.pt,ppo,3000,C:\Users\erich\Documents\AFRL\Algebraic-Connectivity-Optimization-CDC2026\lite_trials\lite_config.yaml,full,48,0.285846438483,3,356,356,0.2858464384828862,20,0.23611111111111102,11.333333333333329,0.034857699999520264,0.034857699999520264,0.0738056999989567,backbone,cayley_only,cayley,336,11.0,0.03894799999943643,False,2,,False,1,cayley,64,4,RL+Backbone,3
best,C:\Users\erich\Documents\AFRL\Algebraic-Connectivity-Optimization-CDC2026\lite_trials\sweep\resistance_only\checkpoints\best.pt,ppo,3000,C:\Users\erich\Documents\AFRL\Algebraic-Connectivity-Optimization-CDC2026\lite_trials\lite_config.yaml,full,48,0.285846438483,4,356,356,0.2858464384828862,20,0.2718205914434817,13.047388389287121,0.03319340000052762,0.03319340000052762,0.07264110000051005,backbone,cayley_only,cayley,336,10.880376495862219,0.03944769999998243,False,2,,False,1,cayley,64,4,RL+Backbone,4
best,C:\Users\erich\Documents\AFRL\Algebraic-Connectivity-Optimization-CDC2026\lite_trials\sweep\resistance_only\checkpoints\best.pt,ppo,3000,C:\Users\erich\Documents\AFRL\Algebraic-Connectivity-Optimization-CDC2026\lite_trials\lite_config.yaml,full,48,0.357076780759,0,433,433,0.35707678075855687,1,0.3193072963136245,15.326750223053974,0.002432100000078208,0.002432100000078208,0.04319519999990007,backbone,cayley_only,cayley,432,15.326750223053972,0.04076309999982186,False,2,,False,1,cayley,64,4,RL+Backbone,0
best,C:\Users\erich\Documents\AFRL\Algebraic-Connectivity-Optimization-CDC2026\lite_trials\sweep\resistance_only\checkpoints\best.pt,ppo,3000,C:\Users\erich\Documents\AFRL\Algebraic-Connectivity-Optimization-CDC2026\lite_trials\lite_config.yaml,full,48,0.357076780759,1,433,433,0.35707678075855687,1,0.3193072963136245,15.326750223053974,0.001946999999745458,0.001946999999745458,0.04207259999930102,backbone,cayley_only,cayley,432,15.326750223053978,0.04012559999955556,False,2,,False,1,cayley,64,4,RL+Backbone,1
best,C:\Users\erich\Documents\AFRL\Algebraic-Connectivity-Optimization-CDC2026\lite_trials\sweep\resistance_only\checkpoints\best.pt,ppo,3000,C:\Users\erich\Documents\AFRL\Algebraic-Connectivity-Optimization-CDC2026\lite_trials\lite_config.yaml,full,48,0.357076780759,2,433,433,0.35707678075855687,1,0.3160744349011207,15.171572875253794,0.002217499999460415,0.002217499999460415,0.041300599998976395,backbone,cayley_only,cayley,432,15.171572875253807,0.03908309999951598,False,2,,False,1,cayley,64,4,RL+Backbone,2
best,C:\Users\erich\Documents\AFRL\Algebraic-Connectivity-Optimization-CDC2026\lite_trials\sweep\resistance_only\checkpoints\best.pt,ppo,3000,C:\Users\erich\Documents\AFRL\Algebraic-Connectivity-Optimization-CDC2026\lite_trials\lite_config.yaml,full,48,0.357076780759,3,433,433,0.35707678075855687,1,0.3193072963136244,15.326750223053972,0.0023193999995783088,0.0023193999995783088,0.04079399999955058,backbone,cayley_only,cayley,432,15.326750223053978,0.03847459999997227,False,2,,False,1,cayley,64,4,RL+Backbone,3
best,C:\Users\erich\Documents\AFRL\Algebraic-Connectivity-Optimization-CDC2026\lite_trials\sweep\resistance_only\checkpoints\best.pt,ppo,3000,C:\Users\erich\Documents\AFRL\Algebraic-Connectivity-Optimization-CDC2026\lite_trials\lite_config.yaml,full,48,0.357076780759,4,433,433,0.35707678075855687,1,0.31930729631362437,15.32675022305397,0.0020958000004611677,0.0020958000004611677,0.0406516000011834,backbone,cayley_only,cayley,432,15.326750223053972,0.03855580000072223,False,2,,False,1,cayley,64,4,RL+Backbone,4
best,C:\Users\erich\Documents\AFRL\Algebraic-Connectivity-Optimization-CDC2026\lite_trials\sweep\resistance_only\checkpoints\best.pt,ppo,3000,C:\Users\erich\Documents\AFRL\Algebraic-Connectivity-Optimization-CDC2026\lite_trials\lite_config.yaml,full,48,0.428307123034,0,510,510,0.4283071230342276,6,0.3956087123806001,18.989218194268805,0.012088200000107463,0.012088200000107463,0.048096800000166695,backbone,cayley_only,cayley,504,18.460415438938252,0.03600860000005923,False,2,,False,1,cayley,64,4,RL+Backbone,0
best,C:\Users\erich\Documents\AFRL\Algebraic-Connectivity-Optimization-CDC2026\lite_trials\sweep\resistance_only\checkpoints\best.pt,ppo,3000,C:\Users\erich\Documents\AFRL\Algebraic-Connectivity-Optimization-CDC2026\lite_trials\lite_config.yaml,full,48,0.428307123034,1,510,510,0.4283071230342276,6,0.40283965651752657,19.336303512841276,0.012031600000227627,0.012031600000227627,0.046438100000159466,backbone,cayley_only,cayley,504,18.460415438938256,0.03440649999993184,False,2,,False,1,cayley,64,4,RL+Backbone,1
best,C:\Users\erich\Documents\AFRL\Algebraic-Connectivity-Optimization-CDC2026\lite_trials\sweep\resistance_only\checkpoints\best.pt,ppo,3000,C:\Users\erich\Documents\AFRL\Algebraic-Connectivity-Optimization-CDC2026\lite_trials\lite_config.yaml,full,48,0.428307123034,2,510,510,0.4283071230342276,6,0.4016495409815571,19.27917796711474,0.011901800000487128,0.011901800000487128,0.04686620000120456,backbone,cayley_only,cayley,504,18.460415438938256,0.03496440000071743,False,2,,False,1,cayley,64,4,RL+Backbone,2
best,C:\Users\erich\Documents\AFRL\Algebraic-Connectivity-Optimization-CDC2026\lite_trials\sweep\resistance_only\checkpoints\best.pt,ppo,3000,C:\Users\erich\Documents\AFRL\Algebraic-Connectivity-Optimization-CDC2026\lite_trials\lite_config.yaml,full,48,0.428307123034,3,510,510,0.4283071230342276,6,0.40119403536349846,19.257313697447927,0.012422300000253017,0.012422300000253017,0.04549510000015289,backbone,cayley_only,cayley,504,18.460415438938252,0.03307279999989987,False,2,,False,1,cayley,64,4,RL+Backbone,3
best,C:\Users\erich\Documents\AFRL\Algebraic-Connectivity-Optimization-CDC2026\lite_trials\sweep\resistance_only\checkpoints\best.pt,ppo,3000,C:\Users\erich\Documents\AFRL\Algebraic-Connectivity-Optimization-CDC2026\lite_trials\lite_config.yaml,full,48,0.428307123034,4,510,510,0.4283071230342276,6,0.40119403536349846,19.257313697447927,0.010137399999621266,0.010137399999621266,0.04518839999946067,backbone,cayley_only,cayley,504,18.460415438938252,0.035050999999839405,False,2,,False,1,cayley,64,4,RL+Backbone,4
best,C:\Users\erich\Documents\AFRL\Algebraic-Connectivity-Optimization-CDC2026\lite_trials\sweep\resistance_only\checkpoints\best.pt,ppo,3000,C:\Users\erich\Documents\AFRL\Algebraic-Connectivity-Optimization-CDC2026\lite_trials\lite_config.yaml,full,48,0.50046253469,0,588,588,0.5004625346901017,12,0.5000762707938406,24.00366099810435,0.02634129999933066,0.02634129999933066,0.026839799998924718,backbone,both,envelope,576,24.0,0.005444899999929476,False,,,True,2,"cayley,envelope",64,4,RL+Backbone,0
best,C:\Users\erich\Documents\AFRL\Algebraic-Connectivity-Optimization-CDC2026\lite_trials\sweep\resistance_only\checkpoints\best.pt,ppo,3000,C:\Users\erich\Documents\AFRL\Algebraic-Connectivity-Optimization-CDC2026\lite_trials\lite_config.yaml,full,48,0.50046253469,1,588,588,0.5004625346901017,12,0.5000762707938406,24.00366099810435,0.025712499999826832,0.025712499999826832,0.028154800000265823,backbone,both,envelope,576,24.0,0.006242700000257173,False,,,True,2,"cayley,envelope",64,4,RL+Backbone,1
best,C:\Users\erich\Documents\AFRL\Algebraic-Connectivity-Optimization-CDC2026\lite_trials\sweep\resistance_only\checkpoints\best.pt,ppo,3000,C:\Users\erich\Documents\AFRL\Algebraic-Connectivity-Optimization-CDC2026\lite_trials\lite_config.yaml,full,48,0.50046253469,2,588,588,0.5004625346901017,12,0.5000762707938406,24.00366099810435,0.026527699999860488,0.026527699999860488,0.031226799999785726,backbone,both,envelope,576,24.0,0.0050759999994625105,False,,,True,2,"cayley,envelope",64,4,RL+Backbone,2
best,C:\Users\erich\Documents\AFRL\Algebraic-Connectivity-Optimization-CDC2026\lite_trials\sweep\resistance_only\checkpoints\best.pt,ppo,3000,C:\Users\erich\Documents\AFRL\Algebraic-Connectivity-Optimization-CDC2026\lite_trials\lite_config.yaml,full,48,0.50046253469,3,588,588,0.5004625346901017,12,0.5000762707938406,24.00366099810435,0.02506470000025729,0.02506470000025729,0.031043599999975413,backbone,both,envelope,576,24.0,0.005978899999718124,False,,,True,2,"cayley,envelope",64,4,RL+Backbone,3
best,C:\Users\erich\Documents\AFRL\Algebraic-Connectivity-Optimization-CDC2026\lite_trials\sweep\resistance_only\checkpoints\best.pt,ppo,3000,C:\Users\erich\Documents\AFRL\Algebraic-Connectivity-Optimization-CDC2026\lite_trials\lite_config.yaml,full,48,0.50046253469,4,588,588,0.5004625346901017,12,0.5000762707938406,24.00366099810435,0.026292999999895983,0.026292999999895983,0.032078500000352506,backbone,both,envelope,576,24.0,0.0066401000003679655,False,,,True,2,"cayley,envelope",64,4,RL+Backbone,4
best,C:\Users\erich\Documents\AFRL\Algebraic-Connectivity-Optimization-CDC2026\lite_trials\sweep\resistance_only\checkpoints\best.pt,ppo,3000,C:\Users\erich\Documents\AFRL\Algebraic-Connectivity-Optimization-CDC2026\lite_trials\lite_config.yaml,full,48,0.571692876966,0,665,665,0.5716928769657724,17,0.5767207446396552,27.682595742703448,0.039297500000429864,0.039297500000429864,0.0749446000008902,backbone,both,cayley,648,24.267949192431107,0.03564710000046034,False,2,,True,2,"cayley,envelope",64,4,RL+Backbone,0
best,C:\Users\erich\Documents\AFRL\Algebraic-Connectivity-Optimization-CDC2026\lite_trials\sweep\resistance_only\checkpoints\best.pt,ppo,3000,C:\Users\erich\Documents\AFRL\Algebraic-Connectivity-Optimization-CDC2026\lite_trials\lite_config.yaml,full,48,0.571692876966,1,665,665,0.5716928769657724,17,0.5767207446396552,27.682595742703448,0.036725099999785016,0.036725099999785016,0.06970719999935682,backbone,both,cayley,648,24.267949192431107,0.0329820999995718,False,2,,True,2,"cayley,envelope",64,4,RL+Backbone,1
best,C:\Users\erich\Documents\AFRL\Algebraic-Connectivity-Optimization-CDC2026\lite_trials\sweep\resistance_only\checkpoints\best.pt,ppo,3000,C:\Users\erich\Documents\AFRL\Algebraic-Connectivity-Optimization-CDC2026\lite_trials\lite_config.yaml,full,48,0.571692876966,2,665,665,0.5716928769657724,17,0.5767207446396552,27.682595742703448,0.04166649999933725,0.04166649999933725,0.0759301999987656,backbone,both,cayley,648,24.267949192431107,0.034263699999428354,False,2,,True,2,"cayley,envelope",64,4,RL+Backbone,2
best,C:\Users\erich\Documents\AFRL\Algebraic-Connectivity-Optimization-CDC2026\lite_trials\sweep\resistance_only\checkpoints\best.pt,ppo,3000,C:\Users\erich\Documents\AFRL\Algebraic-Connectivity-Optimization-CDC2026\lite_trials\lite_config.yaml,full,48,0.571692876966,3,665,665,0.5716928769657724,17,0.5767207446396552,27.682595742703448,0.03698110000004817,0.03698110000004817,0.07175860000006651,backbone,both,cayley,648,24.267949192431107,0.034777500000018335,False,2,,True,2,"cayley,envelope",64,4,RL+Backbone,3
best,C:\Users\erich\Documents\AFRL\Algebraic-Connectivity-Optimization-CDC2026\lite_trials\sweep\resistance_only\checkpoints\best.pt,ppo,3000,C:\Users\erich\Documents\AFRL\Algebraic-Connectivity-Optimization-CDC2026\lite_trials\lite_config.yaml,full,48,0.571692876966,4,665,665,0.5716928769657724,17,0.5767207446396552,27.682595742703448,0.03618960000039806,0.03618960000039806,0.06959520000054908,backbone,both,cayley,648,24.267949192431107,0.033405600000151026,False,2,,True,2,"cayley,envelope",64,4,RL+Backbone,4
best,C:\Users\erich\Documents\AFRL\Algebraic-Connectivity-Optimization-CDC2026\lite_trials\sweep\resistance_only\checkpoints\best.pt,ppo,3000,C:\Users\erich\Documents\AFRL\Algebraic-Connectivity-Optimization-CDC2026\lite_trials\lite_config.yaml,full,48,0.642923219241,0,742,742,0.6429232192414431,22,0.6262554776222758,30.06026292586924,0.05296490000000631,0.05296490000000631,0.059653500000422355,backbone,both,cayley,720,28.999999999999947,0.006688600000416045,False,3,,True,2,"cayley,envelope",64,4,RL+Backbone,0
best,C:\Users\erich\Documents\AFRL\Algebraic-Connectivity-Optimization-CDC2026\lite_trials\sweep\resistance_only\checkpoints\best.pt,ppo,3000,C:\Users\erich\Documents\AFRL\Algebraic-Connectivity-Optimization-CDC2026\lite_trials\lite_config.yaml,full,48,0.642923219241,1,742,742,0.6429232192414431,22,0.6262554776222758,30.06026292586924,0.05340949999936129,0.05340949999936129,0.06083879999914643,backbone,both,cayley,720,28.999999999999947,0.007429299999785144,False,3,,True,2,"cayley,envelope",64,4,RL+Backbone,1
best,C:\Users\erich\Documents\AFRL\Algebraic-Connectivity-Optimization-CDC2026\lite_trials\sweep\resistance_only\checkpoints\best.pt,ppo,3000,C:\Users\erich\Documents\AFRL\Algebraic-Connectivity-Optimization-CDC2026\lite_trials\lite_config.yaml,full,48,0.642923219241,2,742,742,0.6429232192414431,22,0.6262554776222758,30.06026292586924,0.052136300000711344,0.052136300000711344,0.058270700000321085,backbone,both,cayley,720,28.999999999999947,0.006134399999609741,False,3,,True,2,"cayley,envelope",64,4,RL+Backbone,2
best,C:\Users\erich\Documents\AFRL\Algebraic-Connectivity-Optimization-CDC2026\lite_trials\sweep\resistance_only\checkpoints\best.pt,ppo,3000,C:\Users\erich\Documents\AFRL\Algebraic-Connectivity-Optimization-CDC2026\lite_trials\lite_config.yaml,full,48,0.642923219241,3,742,742,0.6429232192414431,22,0.6262554776222758,30.06026292586924,0.047657000000072,0.047657000000072,0.0544873999997435,backbone,both,cayley,720,28.999999999999947,0.006830399999671499,False,3,,True,2,"cayley,envelope",64,4,RL+Backbone,3
best,C:\Users\erich\Documents\AFRL\Algebraic-Connectivity-Optimization-CDC2026\lite_trials\sweep\resistance_only\checkpoints\best.pt,ppo,3000,C:\Users\erich\Documents\AFRL\Algebraic-Connectivity-Optimization-CDC2026\lite_trials\lite_config.yaml,full,48,0.642923219241,4,742,742,0.6429232192414431,22,0.6262554776222758,30.06026292586924,0.05142489999980171,0.05142489999980171,0.05633190000025934,backbone,both,cayley,720,28.999999999999947,0.004907000000457629,False,3,,True,2,"cayley,envelope",64,4,RL+Backbone,4
best,C:\Users\erich\Documents\AFRL\Algebraic-Connectivity-Optimization-CDC2026\lite_trials\sweep\resistance_only\checkpoints\best.pt,ppo,3000,C:\Users\erich\Documents\AFRL\Algebraic-Connectivity-Optimization-CDC2026\lite_trials\lite_config.yaml,full,48,0.714153561517,0,819,819,0.7141535615171137,9,0.6874999999999959,32.9999999999998,0.020515400000476802,0.020515400000476802,0.021346700000322016,backbone,both,envelope,810,33.0,0.007779399999890302,False,,,True,2,"cayley,envelope",64,4,RL+Backbone,0
best,C:\Users\erich\Documents\AFRL\Algebraic-Connectivity-Optimization-CDC2026\lite_trials\sweep\resistance_only\checkpoints\best.pt,ppo,3000,C:\Users\erich\Documents\AFRL\Algebraic-Connectivity-Optimization-CDC2026\lite_trials\lite_config.yaml,full,48,0.714153561517,1,819,819,0.7141535615171137,9,0.6874999999999959,32.9999999999998,0.021446300000206975,0.021446300000206975,0.02231480000045849,backbone,both,envelope,810,33.0,0.007574700000077428,False,,,True,2,"cayley,envelope",64,4,RL+Backbone,1
best,C:\Users\erich\Documents\AFRL\Algebraic-Connectivity-Optimization-CDC2026\lite_trials\sweep\resistance_only\checkpoints\best.pt,ppo,3000,C:\Users\erich\Documents\AFRL\Algebraic-Connectivity-Optimization-CDC2026\lite_trials\lite_config.yaml,full,48,0.714153561517,2,819,819,0.7141535615171137,9,0.6874999999999959,32.9999999999998,0.02084629999990284,0.02084629999990284,0.021398400000180118,backbone,both,envelope,810,33.0,0.006949100000383623,False,,,True,2,"cayley,envelope",64,4,RL+Backbone,2
best,C:\Users\erich\Documents\AFRL\Algebraic-Connectivity-Optimization-CDC2026\lite_trials\sweep\resistance_only\checkpoints\best.pt,ppo,3000,C:\Users\erich\Documents\AFRL\Algebraic-Connectivity-Optimization-CDC2026\lite_trials\lite_config.yaml,full,48,0.714153561517,3,819,819,0.7141535615171137,9,0.6874999999999959,32.9999999999998,0.023491200000535173,0.023491200000535173,0.024313000000802276,backbone,both,envelope,810,33.0,0.007031299999653129,False,,,True,2,"cayley,envelope",64,4,RL+Backbone,3
best,C:\Users\erich\Documents\AFRL\Algebraic-Connectivity-Optimization-CDC2026\lite_trials\sweep\resistance_only\checkpoints\best.pt,ppo,3000,C:\Users\erich\Documents\AFRL\Algebraic-Connectivity-Optimization-CDC2026\lite_trials\lite_config.yaml,full,48,0.714153561517,4,819,819,0.7141535615171137,9,0.6874999999999959,32.9999999999998,0.022479199999906996,0.022479199999906996,0.023063599999659345,backbone,both,envelope,810,33.0,0.007417400000122143,False,,,True,2,"cayley,envelope",64,4,RL+Backbone,4
best,C:\Users\erich\Documents\AFRL\Algebraic-Connectivity-Optimization-CDC2026\lite_trials\sweep\resistance_only\checkpoints\best.pt,ppo,3000,C:\Users\erich\Documents\AFRL\Algebraic-Connectivity-Optimization-CDC2026\lite_trials\lite_config.yaml,full,48,0.785383903793,0,896,896,0.7853839037927844,32,0.7499999999999982,35.999999999999915,0.08014889999958541,0.08014889999958541,0.08102669999971113,backbone,envelope_only,envelope,864,36.0,0.0008778000001257169,False,,,False,1,envelope,64,4,RL+Backbone,0
best,C:\Users\erich\Documents\AFRL\Algebraic-Connectivity-Optimization-CDC2026\lite_trials\sweep\resistance_only\checkpoints\best.pt,ppo,3000,C:\Users\erich\Documents\AFRL\Algebraic-Connectivity-Optimization-CDC2026\lite_trials\lite_config.yaml,full,48,0.785383903793,1,896,896,0.7853839037927844,32,0.7499999999999982,35.999999999999915,0.08519040000010136,0.08519040000010136,0.08575490000021091,backbone,envelope_only,envelope,864,36.0,0.0005645000001095468,False,,,False,1,envelope,64,4,RL+Backbone,1
best,C:\Users\erich\Documents\AFRL\Algebraic-Connectivity-Optimization-CDC2026\lite_trials\sweep\resistance_only\checkpoints\best.pt,ppo,3000,C:\Users\erich\Documents\AFRL\Algebraic-Connectivity-Optimization-CDC2026\lite_trials\lite_config.yaml,full,48,0.785383903793,2,896,896,0.7853839037927844,32,0.7499999999999982,35.999999999999915,0.08224340000015218,0.08224340000015218,0.08287980000022799,backbone,envelope_only,envelope,864,36.0,0.0006364000000758097,False,,,False,1,envelope,64,4,RL+Backbone,2
best,C:\Users\erich\Documents\AFRL\Algebraic-Connectivity-Optimization-CDC2026\lite_trials\sweep\resistance_only\checkpoints\best.pt,ppo,3000,C:\Users\erich\Documents\AFRL\Algebraic-Connectivity-Optimization-CDC2026\lite_trials\lite_config.yaml,full,48,0.785383903793,3,896,896,0.7853839037927844,32,0.7499999999999982,35.999999999999915,0.0802360999996381,0.0802360999996381,0.08108779999929538,backbone,envelope_only,envelope,864,36.0,0.0008516999996572849,False,,,False,1,envelope,64,4,RL+Backbone,3
best,C:\Users\erich\Documents\AFRL\Algebraic-Connectivity-Optimization-CDC2026\lite_trials\sweep\resistance_only\checkpoints\best.pt,ppo,3000,C:\Users\erich\Documents\AFRL\Algebraic-Connectivity-Optimization-CDC2026\lite_trials\lite_config.yaml,full,48,0.785383903793,4,896,896,0.7853839037927844,32,0.7499999999999982,35.999999999999915,0.07544919999963895,0.07544919999963895,0.07646339999973861,backbone,envelope_only,envelope,864,36.0,0.0010142000000996632,False,,,False,1,envelope,64,4,RL+Backbone,4
best,C:\Users\erich\Documents\AFRL\Algebraic-Connectivity-Optimization-CDC2026\lite_trials\sweep\resistance_only\checkpoints\best.pt,ppo,3000,C:\Users\erich\Documents\AFRL\Algebraic-Connectivity-Optimization-CDC2026\lite_trials\lite_config.yaml,full,48,0.856614246068,0,973,973,0.8566142460684552,13,0.8335379428395647,40.009821256299105,0.03869420000046375,0.03869420000046375,0.03942040000038105,backbone,envelope_only,envelope,960,40.0,0.0007261999999172986,False,,,False,1,envelope,64,4,RL+Backbone,0
best,C:\Users\erich\Documents\AFRL\Algebraic-Connectivity-Optimization-CDC2026\lite_trials\sweep\resistance_only\checkpoints\best.pt,ppo,3000,C:\Users\erich\Documents\AFRL\Algebraic-Connectivity-Optimization-CDC2026\lite_trials\lite_config.yaml,full,48,0.856614246068,1,973,973,0.8566142460684552,13,0.8335379428395647,40.009821256299105,0.028679000000011,0.028679000000011,0.029374700000516896,backbone,envelope_only,envelope,960,40.0,0.0006957000005058944,False,,,False,1,envelope,64,4,RL+Backbone,1
best,C:\Users\erich\Documents\AFRL\Algebraic-Connectivity-Optimization-CDC2026\lite_trials\sweep\resistance_only\checkpoints\best.pt,ppo,3000,C:\Users\erich\Documents\AFRL\Algebraic-Connectivity-Optimization-CDC2026\lite_trials\lite_config.yaml,full,48,0.856614246068,2,973,973,0.8566142460684552,13,0.8335379428395647,40.009821256299105,0.027037199999540462,0.027037199999540462,0.027753800000027695,backbone,envelope_only,envelope,960,40.0,0.000716600000487233,False,,,False,1,envelope,64,4,RL+Backbone,2
best,C:\Users\erich\Documents\AFRL\Algebraic-Connectivity-Optimization-CDC2026\lite_trials\sweep\resistance_only\checkpoints\best.pt,ppo,3000,C:\Users\erich\Documents\AFRL\Algebraic-Connectivity-Optimization-CDC2026\lite_trials\lite_config.yaml,full,48,0.856614246068,3,973,973,0.8566142460684552,13,0.8335379428395647,40.009821256299105,0.03228500000022905,0.03228500000022905,0.0331134000007296,backbone,envelope_only,envelope,960,40.0,0.000828400000500551,False,,,False,1,envelope,64,4,RL+Backbone,3
best,C:\Users\erich\Documents\AFRL\Algebraic-Connectivity-Optimization-CDC2026\lite_trials\sweep\resistance_only\checkpoints\best.pt,ppo,3000,C:\Users\erich\Documents\AFRL\Algebraic-Connectivity-Optimization-CDC2026\lite_trials\lite_config.yaml,full,48,0.856614246068,4,973,973,0.8566142460684552,13,0.8335379428395647,40.009821256299105,0.03258570000070904,0.03258570000070904,0.03351280000060797,backbone,envelope_only,envelope,960,40.0,0.0009270999998989282,False,,,False,1,envelope,64,4,RL+Backbone,4
best,C:\Users\erich\Documents\AFRL\Algebraic-Connectivity-Optimization-CDC2026\lite_trials\sweep\resistance_only\checkpoints\best.pt,ppo,3000,C:\Users\erich\Documents\AFRL\Algebraic-Connectivity-Optimization-CDC2026\lite_trials\lite_config.yaml,full,48,0.927844588344,0,1050,1050,0.9278445883441259,15,0.8964605567340764,43.03010672323567,0.03234489999977086,0.03234489999977086,0.03340639999987616,backbone,envelope_only,envelope,1035,43.0,0.0010615000001052977,False,,,False,1,envelope,64,4,RL+Backbone,0
best,C:\Users\erich\Documents\AFRL\Algebraic-Connectivity-Optimization-CDC2026\lite_trials\sweep\resistance_only\checkpoints\best.pt,ppo,3000,C:\Users\erich\Documents\AFRL\Algebraic-Connectivity-Optimization-CDC2026\lite_trials\lite_config.yaml,full,48,0.927844588344,1,1050,1050,0.9278445883441259,15,0.8964605567340764,43.03010672323567,0.04657320000023901,0.04657320000023901,0.047297900000558,backbone,envelope_only,envelope,1035,43.0,0.0007247000003189896,False,,,False,1,envelope,64,4,RL+Backbone,1
best,C:\Users\erich\Documents\AFRL\Algebraic-Connectivity-Optimization-CDC2026\lite_trials\sweep\resistance_only\checkpoints\best.pt,ppo,3000,C:\Users\erich\Documents\AFRL\Algebraic-Connectivity-Optimization-CDC2026\lite_trials\lite_config.yaml,full,48,0.927844588344,2,1050,1050,0.9278445883441259,15,0.8964605567340764,43.03010672323567,0.045064100000672624,0.045064100000672624,0.04614010000113922,backbone,envelope_only,envelope,1035,43.0,0.0010760000004665926,False,,,False,1,envelope,64,4,RL+Backbone,2
best,C:\Users\erich\Documents\AFRL\Algebraic-Connectivity-Optimization-CDC2026\lite_trials\sweep\resistance_only\checkpoints\best.pt,ppo,3000,C:\Users\erich\Documents\AFRL\Algebraic-Connectivity-Optimization-CDC2026\lite_trials\lite_config.yaml,full,48,0.927844588344,3,1050,1050,0.9278445883441259,15,0.8964605567340764,43.03010672323567,0.037558500000159256,0.037558500000159256,0.0387949000005392,backbone,envelope_only,envelope,1035,43.0,0.0012364000003799447,False,,,False,1,envelope,64,4,RL+Backbone,3
best,C:\Users\erich\Documents\AFRL\Algebraic-Connectivity-Optimization-CDC2026\lite_trials\sweep\resistance_only\checkpoints\best.pt,ppo,3000,C:\Users\erich\Documents\AFRL\Algebraic-Connectivity-Optimization-CDC2026\lite_trials\lite_config.yaml,full,48,0.927844588344,4,1050,1050,0.9278445883441259,15,0.8964605567340764,43.03010672323567,0.038178400000106194,0.038178400000106194,0.03932700000041223,backbone,envelope_only,envelope,1035,43.0,0.0011486000003060326,False,,,False,1,envelope,64,4,RL+Backbone,4
best,C:\Users\erich\Documents\AFRL\Algebraic-Connectivity-Optimization-CDC2026\lite_trials\sweep\resistance_only\checkpoints\best.pt,ppo,3000,C:\Users\erich\Documents\AFRL\Algebraic-Connectivity-Optimization-CDC2026\lite_trials\lite_config.yaml,full,48,0.99907493062,0,1127,1127,0.9990749306197965,23,0.988376920440934,47.44209218116483,0.06747790000008536,0.06747790000008536,0.06838710000010906,backbone,envelope_only,envelope,1104,46.0,0.0009092000000237022,False,,,False,1,envelope,64,4,RL+Backbone,0
best,C:\Users\erich\Documents\AFRL\Algebraic-Connectivity-Optimization-CDC2026\lite_trials\sweep\resistance_only\checkpoints\best.pt,ppo,3000,C:\Users\erich\Documents\AFRL\Algebraic-Connectivity-Optimization-CDC2026\lite_trials\lite_config.yaml,full,48,0.99907493062,1,1127,1127,0.9990749306197965,23,0.988376920440934,47.44209218116483,0.07291030000033061,0.07291030000033061,0.07392900000104419,backbone,envelope_only,envelope,1104,46.0,0.0010187000007135794,False,,,False,1,envelope,64,4,RL+Backbone,1
best,C:\Users\erich\Documents\AFRL\Algebraic-Connectivity-Optimization-CDC2026\lite_trials\sweep\resistance_only\checkpoints\best.pt,ppo,3000,C:\Users\erich\Documents\AFRL\Algebraic-Connectivity-Optimization-CDC2026\lite_trials\lite_config.yaml,full,48,0.99907493062,2,1127,1127,0.9990749306197965,23,0.988376920440934,47.44209218116483,0.07365659999959462,0.07365659999959462,0.07463670000015554,backbone,envelope_only,envelope,1104,46.0,0.000980100000560924,False,,,False,1,envelope,64,4,RL+Backbone,2
best,C:\Users\erich\Documents\AFRL\Algebraic-Connectivity-Optimization-CDC2026\lite_trials\sweep\resistance_only\checkpoints\best.pt,ppo,3000,C:\Users\erich\Documents\AFRL\Algebraic-Connectivity-Optimization-CDC2026\lite_trials\lite_config.yaml,full,48,0.99907493062,3,1127,1127,0.9990749306197965,23,0.988376920440934,47.44209218116483,0.0671797000004517,0.0671797000004517,0.06845700000030774,backbone,envelope_only,envelope,1104,46.0,0.0012772999998560408,False,,,False,1,envelope,64,4,RL+Backbone,3
best,C:\Users\erich\Documents\AFRL\Algebraic-Connectivity-Optimization-CDC2026\lite_trials\sweep\resistance_only\checkpoints\best.pt,ppo,3000,C:\Users\erich\Documents\AFRL\Algebraic-Connectivity-Optimization-CDC2026\lite_trials\lite_config.yaml,full,48,0.99907493062,4,1127,1127,0.9990749306197965,23,0.988376920440934,47.44209218116483,0.07026440000026923,0.07026440000026923,0.07144100000004983,backbone,envelope_only,envelope,1104,46.0,0.001176599999780592,False,,,False,1,envelope,64,4,RL+Backbone,4
best,C:\Users\erich\Documents\AFRL\Algebraic-Connectivity-Optimization-CDC2026\lite_trials\sweep\resistance_only\checkpoints\best.pt,ppo,3000,C:\Users\erich\Documents\AFRL\Algebraic-Connectivity-Optimization-CDC2026\lite_trials\lite_config.yaml,full,91,0.00024968789,0,91,91,0.00024968789013732833,1,0.0009447495930692745,0.08597221296930398,0.004751299999952607,0.004751299999952607,0.004751299999952607,path,path,path,90,0.0,0.0,False,,,False,1,path,64,4,RL+Path,0
best,C:\Users\erich\Documents\AFRL\Algebraic-Connectivity-Optimization-CDC2026\lite_trials\sweep\resistance_only\checkpoints\best.pt,ppo,3000,C:\Users\erich\Documents\AFRL\Algebraic-Connectivity-Optimization-CDC2026\lite_trials\lite_config.yaml,full,91,0.00024968789,1,91,91,0.00024968789013732833,1,0.0009447495930692745,0.08597221296930398,0.002408100000138802,0.002408100000138802,0.002408100000138802,path,path,path,90,0.0,0.0,False,,,False,1,path,64,4,RL+Path,1
best,C:\Users\erich\Documents\AFRL\Algebraic-Connectivity-Optimization-CDC2026\lite_trials\sweep\resistance_only\checkpoints\best.pt,ppo,3000,C:\Users\erich\Documents\AFRL\Algebraic-Connectivity-Optimization-CDC2026\lite_trials\lite_config.yaml,full,91,0.00024968789,2,91,91,0.00024968789013732833,1,0.0009447495930692745,0.08597221296930398,0.00180129999989731,0.00180129999989731,0.00180129999989731,path,path,path,90,0.0,0.0,False,,,False,1,path,64,4,RL+Path,2
best,C:\Users\erich\Documents\AFRL\Algebraic-Connectivity-Optimization-CDC2026\lite_trials\sweep\resistance_only\checkpoints\best.pt,ppo,3000,C:\Users\erich\Documents\AFRL\Algebraic-Connectivity-Optimization-CDC2026\lite_trials\lite_config.yaml,full,91,0.00024968789,3,91,91,0.00024968789013732833,1,0.0009447495930692745,0.08597221296930398,0.002295399999638903,0.002295399999638903,0.002295399999638903,path,path,path,90,0.0,0.0,False,,,False,1,path,64,4,RL+Path,3
best,C:\Users\erich\Documents\AFRL\Algebraic-Connectivity-Optimization-CDC2026\lite_trials\sweep\resistance_only\checkpoints\best.pt,ppo,3000,C:\Users\erich\Documents\AFRL\Algebraic-Connectivity-Optimization-CDC2026\lite_trials\lite_config.yaml,full,91,0.00024968789,4,91,91,0.00024968789013732833,1,0.0009447495930692745,0.08597221296930398,0.0018233999999210937,0.0018233999999210937,0.0018233999999210937,path,path,path,90,0.0,0.0,False,,,False,1,path,64,4,RL+Path,4
best,C:\Users\erich\Documents\AFRL\Algebraic-Connectivity-Optimization-CDC2026\lite_trials\sweep\resistance_only\checkpoints\best.pt,ppo,3000,C:\Users\erich\Documents\AFRL\Algebraic-Connectivity-Optimization-CDC2026\lite_trials\lite_config.yaml,full,91,0.071660424469,0,377,377,0.07166042446941323,287,0.15406522427409494,14.01993540894264,0.5598620000000665,0.5598620000000665,0.5598620000000665,path,path,path,90,0.0,0.0,False,,,False,1,path,64,4,RL+Path,0
best,C:\Users\erich\Documents\AFRL\Algebraic-Connectivity-Optimization-CDC2026\lite_trials\sweep\resistance_only\checkpoints\best.pt,ppo,3000,C:\Users\erich\Documents\AFRL\Algebraic-Connectivity-Optimization-CDC2026\lite_trials\lite_config.yaml,full,91,0.071660424469,1,377,377,0.07166042446941323,287,0.15406522427409494,14.01993540894264,0.5221461000001,0.5221461000001,0.5221461000001,path,path,path,90,0.0,0.0,False,,,False,1,path,64,4,RL+Path,1
best,C:\Users\erich\Documents\AFRL\Algebraic-Connectivity-Optimization-CDC2026\lite_trials\sweep\resistance_only\checkpoints\best.pt,ppo,3000,C:\Users\erich\Documents\AFRL\Algebraic-Connectivity-Optimization-CDC2026\lite_trials\lite_config.yaml,full,91,0.071660424469,2,377,377,0.07166042446941323,287,0.15406522427409494,14.01993540894264,0.5367645999995148,0.5367645999995148,0.5367645999995148,path,path,path,90,0.0,0.0,False,,,False,1,path,64,4,RL+Path,2
best,C:\Users\erich\Documents\AFRL\Algebraic-Connectivity-Optimization-CDC2026\lite_trials\sweep\resistance_only\checkpoints\best.pt,ppo,3000,C:\Users\erich\Documents\AFRL\Algebraic-Connectivity-Optimization-CDC2026\lite_trials\lite_config.yaml,full,91,0.071660424469,3,377,377,0.07166042446941323,287,0.15406522427409494,14.01993540894264,0.5305677999995169,0.5305677999995169,0.5305677999995169,path,path,path,90,0.0,0.0,False,,,False,1,path,64,4,RL+Path,3
best,C:\Users\erich\Documents\AFRL\Algebraic-Connectivity-Optimization-CDC2026\lite_trials\sweep\resistance_only\checkpoints\best.pt,ppo,3000,C:\Users\erich\Documents\AFRL\Algebraic-Connectivity-Optimization-CDC2026\lite_trials\lite_config.yaml,full,91,0.071660424469,4,377,377,0.07166042446941323,287,0.15406522427409494,14.01993540894264,0.5402399999993577,0.5402399999993577,0.5402399999993577,path,path,path,90,0.0,0.0,False,,,False,1,path,64,4,RL+Path,4
best,C:\Users\erich\Documents\AFRL\Algebraic-Connectivity-Optimization-CDC2026\lite_trials\sweep\resistance_only\checkpoints\best.pt,ppo,3000,C:\Users\erich\Documents\AFRL\Algebraic-Connectivity-Optimization-CDC2026\lite_trials\lite_config.yaml,full,91,0.143071161049,0,663,663,0.14307116104868914,573,0.08460774180346134,7.6993045041149815,1.2119769000000815,1.2119769000000815,1.2119769000000815,path,path,path,90,0.0,0.0,False,,,False,1,path,64,4,RL+Path,0
best,C:\Users\erich\Documents\AFRL\Algebraic-Connectivity-Optimization-CDC2026\lite_trials\sweep\resistance_only\checkpoints\best.pt,ppo,3000,C:\Users\erich\Documents\AFRL\Algebraic-Connectivity-Optimization-CDC2026\lite_trials\lite_config.yaml,full,91,0.143071161049,1,663,663,0.14307116104868914,573,0.08460774180346134,7.6993045041149815,1.2262596000000485,1.2262596000000485,1.2262596000000485,path,path,path,90,0.0,0.0,False,,,False,1,path,64,4,RL+Path,1
best,C:\Users\erich\Documents\AFRL\Algebraic-Connectivity-Optimization-CDC2026\lite_trials\sweep\resistance_only\checkpoints\best.pt,ppo,3000,C:\Users\erich\Documents\AFRL\Algebraic-Connectivity-Optimization-CDC2026\lite_trials\lite_config.yaml,full,91,0.143071161049,2,663,663,0.14307116104868914,573,0.08460774180346134,7.6993045041149815,1.2787451000003784,1.2787451000003784,1.2787451000003784,path,path,path,90,0.0,0.0,False,,,False,1,path,64,4,RL+Path,2
best,C:\Users\erich\Documents\AFRL\Algebraic-Connectivity-Optimization-CDC2026\lite_trials\sweep\resistance_only\checkpoints\best.pt,ppo,3000,C:\Users\erich\Documents\AFRL\Algebraic-Connectivity-Optimization-CDC2026\lite_trials\lite_config.yaml,full,91,0.143071161049,3,663,663,0.14307116104868914,573,0.08460774180346134,7.6993045041149815,1.2226608000000851,1.2226608000000851,1.2226608000000851,path,path,path,90,0.0,0.0,False,,,False,1,path,64,4,RL+Path,3
best,C:\Users\erich\Documents\AFRL\Algebraic-Connectivity-Optimization-CDC2026\lite_trials\sweep\resistance_only\checkpoints\best.pt,ppo,3000,C:\Users\erich\Documents\AFRL\Algebraic-Connectivity-Optimization-CDC2026\lite_trials\lite_config.yaml,full,91,0.143071161049,4,663,663,0.14307116104868914,573,0.08460774180346134,7.6993045041149815,1.1692396999997072,1.1692396999997072,1.1692396999997072,path,path,path,90,0.0,0.0,False,,,False,1,path,64,4,RL+Path,4
best,C:\Users\erich\Documents\AFRL\Algebraic-Connectivity-Optimization-CDC2026\lite_trials\sweep\resistance_only\checkpoints\best.pt,ppo,3000,C:\Users\erich\Documents\AFRL\Algebraic-Connectivity-Optimization-CDC2026\lite_trials\lite_config.yaml,full,91,0.214481897628,0,949,949,0.21448189762796505,859,0.33929449581982135,30.875799119603744,1.9678137999999308,1.9678137999999308,1.9678137999999308,path,path,path,90,0.0,0.0,False,,,False,1,path,64,4,RL+Path,0
best,C:\Users\erich\Documents\AFRL\Algebraic-Connectivity-Optimization-CDC2026\lite_trials\sweep\resistance_only\checkpoints\best.pt,ppo,3000,C:\Users\erich\Documents\AFRL\Algebraic-Connectivity-Optimization-CDC2026\lite_trials\lite_config.yaml,full,91,0.214481897628,1,949,949,0.21448189762796505,859,0.33929449581982135,30.875799119603744,1.9444792999993297,1.9444792999993297,1.9444792999993297,path,path,path,90,0.0,0.0,False,,,False,1,path,64,4,RL+Path,1
best,C:\Users\erich\Documents\AFRL\Algebraic-Connectivity-Optimization-CDC2026\lite_trials\sweep\resistance_only\checkpoints\best.pt,ppo,3000,C:\Users\erich\Documents\AFRL\Algebraic-Connectivity-Optimization-CDC2026\lite_trials\lite_config.yaml,full,91,0.214481897628,2,949,949,0.21448189762796505,859,0.33929449581982135,30.875799119603744,1.9423254000002999,1.9423254000002999,1.9423254000002999,path,path,path,90,0.0,0.0,False,,,False,1,path,64,4,RL+Path,2
best,C:\Users\erich\Documents\AFRL\Algebraic-Connectivity-Optimization-CDC2026\lite_trials\sweep\resistance_only\checkpoints\best.pt,ppo,3000,C:\Users\erich\Documents\AFRL\Algebraic-Connectivity-Optimization-CDC2026\lite_trials\lite_config.yaml,full,91,0.214481897628,3,949,949,0.21448189762796505,859,0.33929449581982135,30.875799119603744,1.964406300000519,1.964406300000519,1.964406300000519,path,path,path,90,0.0,0.0,False,,,False,1,path,64,4,RL+Path,3
best,C:\Users\erich\Documents\AFRL\Algebraic-Connectivity-Optimization-CDC2026\lite_trials\sweep\resistance_only\checkpoints\best.pt,ppo,3000,C:\Users\erich\Documents\AFRL\Algebraic-Connectivity-Optimization-CDC2026\lite_trials\lite_config.yaml,full,91,0.214481897628,4,949,949,0.21448189762796505,859,0.33929449581982135,30.875799119603744,1.9084449000001769,1.9084449000001769,1.9084449000001769,path,path,path,90,0.0,0.0,False,,,False,1,path,64,4,RL+Path,4
best,C:\Users\erich\Documents\AFRL\Algebraic-Connectivity-Optimization-CDC2026\lite_trials\sweep\resistance_only\checkpoints\best.pt,ppo,3000,C:\Users\erich\Documents\AFRL\Algebraic-Connectivity-Optimization-CDC2026\lite_trials\lite_config.yaml,full,91,0.285892634207,0,1235,1235,0.2858926342072409,1145,0.2307498865674365,20.99823967763672,2.8017854999998235,2.8017854999998235,2.8017854999998235,path,path,path,90,0.0,0.0,False,,,False,1,path,64,4,RL+Path,0
best,C:\Users\erich\Documents\AFRL\Algebraic-Connectivity-Optimization-CDC2026\lite_trials\sweep\resistance_only\checkpoints\best.pt,ppo,3000,C:\Users\erich\Documents\AFRL\Algebraic-Connectivity-Optimization-CDC2026\lite_trials\lite_config.yaml,full,91,0.285892634207,1,1235,1235,0.2858926342072409,1145,0.2307498865674365,20.99823967763672,2.747735900000407,2.747735900000407,2.747735900000407,path,path,path,90,0.0,0.0,False,,,False,1,path,64,4,RL+Path,1
best,C:\Users\erich\Documents\AFRL\Algebraic-Connectivity-Optimization-CDC2026\lite_trials\sweep\resistance_only\checkpoints\best.pt,ppo,3000,C:\Users\erich\Documents\AFRL\Algebraic-Connectivity-Optimization-CDC2026\lite_trials\lite_config.yaml,full,91,0.285892634207,2,1235,1235,0.2858926342072409,1145,0.2307498865674365,20.99823967763672,2.8646350999997594,2.8646350999997594,2.8646350999997594,path,path,path,90,0.0,0.0,False,,,False,1,path,64,4,RL+Path,2
best,C:\Users\erich\Documents\AFRL\Algebraic-Connectivity-Optimization-CDC2026\lite_trials\sweep\resistance_only\checkpoints\best.pt,ppo,3000,C:\Users\erich\Documents\AFRL\Algebraic-Connectivity-Optimization-CDC2026\lite_trials\lite_config.yaml,full,91,0.285892634207,3,1235,1235,0.2858926342072409,1145,0.2307498865674365,20.99823967763672,2.818879100000231,2.818879100000231,2.818879100000231,path,path,path,90,0.0,0.0,False,,,False,1,path,64,4,RL+Path,3
best,C:\Users\erich\Documents\AFRL\Algebraic-Connectivity-Optimization-CDC2026\lite_trials\sweep\resistance_only\checkpoints\best.pt,ppo,3000,C:\Users\erich\Documents\AFRL\Algebraic-Connectivity-Optimization-CDC2026\lite_trials\lite_config.yaml,full,91,0.285892634207,4,1235,1235,0.2858926342072409,1145,0.2307498865674365,20.99823967763672,2.812457400000312,2.812457400000312,2.812457400000312,path,path,path,90,0.0,0.0,False,,,False,1,path,64,4,RL+Path,4
best,C:\Users\erich\Documents\AFRL\Algebraic-Connectivity-Optimization-CDC2026\lite_trials\sweep\resistance_only\checkpoints\best.pt,ppo,3000,C:\Users\erich\Documents\AFRL\Algebraic-Connectivity-Optimization-CDC2026\lite_trials\lite_config.yaml,full,91,0.357303370787,0,1521,1521,0.35730337078651686,1431,0.30581832475242215,27.829467552470415,3.7684464000003572,3.7684464000003572,3.7684464000003572,path,path,path,90,0.0,0.0,False,,,False,1,path,64,4,RL+Path,0
best,C:\Users\erich\Documents\AFRL\Algebraic-Connectivity-Optimization-CDC2026\lite_trials\sweep\resistance_only\checkpoints\best.pt,ppo,3000,C:\Users\erich\Documents\AFRL\Algebraic-Connectivity-Optimization-CDC2026\lite_trials\lite_config.yaml,full,91,0.357303370787,1,1521,1521,0.35730337078651686,1431,0.30581832475242215,27.829467552470415,3.8098595999999816,3.8098595999999816,3.8098595999999816,path,path,path,90,0.0,0.0,False,,,False,1,path,64,4,RL+Path,1
best,C:\Users\erich\Documents\AFRL\Algebraic-Connectivity-Optimization-CDC2026\lite_trials\sweep\resistance_only\checkpoints\best.pt,ppo,3000,C:\Users\erich\Documents\AFRL\Algebraic-Connectivity-Optimization-CDC2026\lite_trials\lite_config.yaml,full,91,0.357303370787,2,1521,1521,0.35730337078651686,1431,0.30581832475242215,27.829467552470415,3.818716400000085,3.818716400000085,3.818716400000085,path,path,path,90,0.0,0.0,False,,,False,1,path,64,4,RL+Path,2
best,C:\Users\erich\Documents\AFRL\Algebraic-Connectivity-Optimization-CDC2026\lite_trials\sweep\resistance_only\checkpoints\best.pt,ppo,3000,C:\Users\erich\Documents\AFRL\Algebraic-Connectivity-Optimization-CDC2026\lite_trials\lite_config.yaml,full,91,0.357303370787,3,1521,1521,0.35730337078651686,1431,0.30581832475242215,27.829467552470415,3.8019114999997328,3.8019114999997328,3.8019114999997328,path,path,path,90,0.0,0.0,False,,,False,1,path,64,4,RL+Path,3
best,C:\Users\erich\Documents\AFRL\Algebraic-Connectivity-Optimization-CDC2026\lite_trials\sweep\resistance_only\checkpoints\best.pt,ppo,3000,C:\Users\erich\Documents\AFRL\Algebraic-Connectivity-Optimization-CDC2026\lite_trials\lite_config.yaml,full,91,0.357303370787,4,1521,1521,0.35730337078651686,1431,0.30581832475242215,27.829467552470415,3.79362189999938,3.79362189999938,3.79362189999938,path,path,path,90,0.0,0.0,False,,,False,1,path,64,4,RL+Path,4
best,C:\Users\erich\Documents\AFRL\Algebraic-Connectivity-Optimization-CDC2026\lite_trials\sweep\resistance_only\checkpoints\best.pt,ppo,3000,C:\Users\erich\Documents\AFRL\Algebraic-Connectivity-Optimization-CDC2026\lite_trials\lite_config.yaml,full,91,0.428714107366,0,1807,1807,0.42871410736579274,1717,0.37712042645150934,34.31795880708735,4.933542599999782,4.933542599999782,4.933542599999782,path,path,path,90,0.0,0.0,False,,,False,1,path,64,4,RL+Path,0
best,C:\Users\erich\Documents\AFRL\Algebraic-Connectivity-Optimization-CDC2026\lite_trials\sweep\resistance_only\checkpoints\best.pt,ppo,3000,C:\Users\erich\Documents\AFRL\Algebraic-Connectivity-Optimization-CDC2026\lite_trials\lite_config.yaml,full,91,0.428714107366,1,1807,1807,0.42871410736579274,1717,0.37712042645150934,34.31795880708735,4.924797300000137,4.924797300000137,4.924797300000137,path,path,path,90,0.0,0.0,False,,,False,1,path,64,4,RL+Path,1
best,C:\Users\erich\Documents\AFRL\Algebraic-Connectivity-Optimization-CDC2026\lite_trials\sweep\resistance_only\checkpoints\best.pt,ppo,3000,C:\Users\erich\Documents\AFRL\Algebraic-Connectivity-Optimization-CDC2026\lite_trials\lite_config.yaml,full,91,0.428714107366,2,1807,1807,0.42871410736579274,1717,0.37712042645150934,34.31795880708735,4.896364900000663,4.896364900000663,4.896364900000663,path,path,path,90,0.0,0.0,False,,,False,1,path,64,4,RL+Path,2
best,C:\Users\erich\Documents\AFRL\Algebraic-Connectivity-Optimization-CDC2026\lite_trials\sweep\resistance_only\checkpoints\best.pt,ppo,3000,C:\Users\erich\Documents\AFRL\Algebraic-Connectivity-Optimization-CDC2026\lite_trials\lite_config.yaml,full,91,0.428714107366,3,1807,1807,0.42871410736579274,1717,0.37712042645150934,34.31795880708735,4.878733599999578,4.878733599999578,4.878733599999578,path,path,path,90,0.0,0.0,False,,,False,1,path,64,4,RL+Path,3
best,C:\Users\erich\Documents\AFRL\Algebraic-Connectivity-Optimization-CDC2026\lite_trials\sweep\resistance_only\checkpoints\best.pt,ppo,3000,C:\Users\erich\Documents\AFRL\Algebraic-Connectivity-Optimization-CDC2026\lite_trials\lite_config.yaml,full,91,0.428714107366,4,1807,1807,0.42871410736579274,1717,0.37712042645150934,34.31795880708735,4.88833650000015,4.88833650000015,4.88833650000015,path,path,path,90,0.0,0.0,False,,,False,1,path,64,4,RL+Path,4
best,C:\Users\erich\Documents\AFRL\Algebraic-Connectivity-Optimization-CDC2026\lite_trials\sweep\resistance_only\checkpoints\best.pt,ppo,3000,C:\Users\erich\Documents\AFRL\Algebraic-Connectivity-Optimization-CDC2026\lite_trials\lite_config.yaml,full,91,0.500124843945,0,2093,2093,0.5001248439450686,2003,0.5171993254017644,47.065138611560556,6.147685599999932,6.147685599999932,6.147685599999932,path,path,path,90,0.0,0.0,False,,,False,1,path,64,4,RL+Path,0
best,C:\Users\erich\Documents\AFRL\Algebraic-Connectivity-Optimization-CDC2026\lite_trials\sweep\resistance_only\checkpoints\best.pt,ppo,3000,C:\Users\erich\Documents\AFRL\Algebraic-Connectivity-Optimization-CDC2026\lite_trials\lite_config.yaml,full,91,0.500124843945,1,2093,2093,0.5001248439450686,2003,0.5171993254017644,47.065138611560556,6.104222799999661,6.104222799999661,6.104222799999661,path,path,path,90,0.0,0.0,False,,,False,1,path,64,4,RL+Path,1
best,C:\Users\erich\Documents\AFRL\Algebraic-Connectivity-Optimization-CDC2026\lite_trials\sweep\resistance_only\checkpoints\best.pt,ppo,3000,C:\Users\erich\Documents\AFRL\Algebraic-Connectivity-Optimization-CDC2026\lite_trials\lite_config.yaml,full,91,0.500124843945,2,2093,2093,0.5001248439450686,2003,0.5171993254017644,47.065138611560556,6.046960900000158,6.046960900000158,6.046960900000158,path,path,path,90,0.0,0.0,False,,,False,1,path,64,4,RL+Path,2
best,C:\Users\erich\Documents\AFRL\Algebraic-Connectivity-Optimization-CDC2026\lite_trials\sweep\resistance_only\checkpoints\best.pt,ppo,3000,C:\Users\erich\Documents\AFRL\Algebraic-Connectivity-Optimization-CDC2026\lite_trials\lite_config.yaml,full,91,0.500124843945,3,2093,2093,0.5001248439450686,2003,0.5171993254017644,47.065138611560556,6.078029100000094,6.078029100000094,6.078029100000094,path,path,path,90,0.0,0.0,False,,,False,1,path,64,4,RL+Path,3
best,C:\Users\erich\Documents\AFRL\Algebraic-Connectivity-Optimization-CDC2026\lite_trials\sweep\resistance_only\checkpoints\best.pt,ppo,3000,C:\Users\erich\Documents\AFRL\Algebraic-Connectivity-Optimization-CDC2026\lite_trials\lite_config.yaml,full,91,0.500124843945,4,2093,2093,0.5001248439450686,2003,0.5171993254017644,47.065138611560556,6.115970699999707,6.115970699999707,6.115970699999707,path,path,path,90,0.0,0.0,False,,,False,1,path,64,4,RL+Path,4
best,C:\Users\erich\Documents\AFRL\Algebraic-Connectivity-Optimization-CDC2026\lite_trials\sweep\resistance_only\checkpoints\best.pt,ppo,3000,C:\Users\erich\Documents\AFRL\Algebraic-Connectivity-Optimization-CDC2026\lite_trials\lite_config.yaml,full,91,0.571285892634,0,2378,2378,0.5712858926342073,2288,0.5158181107288333,46.939448076323835,7.390019100000245,7.390019100000245,7.390019100000245,path,path,path,90,0.0,0.0,False,,,False,1,path,64,4,RL+Path,0
best,C:\Users\erich\Documents\AFRL\Algebraic-Connectivity-Optimization-CDC2026\lite_trials\sweep\resistance_only\checkpoints\best.pt,ppo,3000,C:\Users\erich\Documents\AFRL\Algebraic-Connectivity-Optimization-CDC2026\lite_trials\lite_config.yaml,full,91,0.571285892634,1,2378,2378,0.5712858926342073,2288,0.5158181107288333,46.939448076323835,7.425965999999789,7.425965999999789,7.425965999999789,path,path,path,90,0.0,0.0,False,,,False,1,path,64,4,RL+Path,1
best,C:\Users\erich\Documents\AFRL\Algebraic-Connectivity-Optimization-CDC2026\lite_trials\sweep\resistance_only\checkpoints\best.pt,ppo,3000,C:\Users\erich\Documents\AFRL\Algebraic-Connectivity-Optimization-CDC2026\lite_trials\lite_config.yaml,full,91,0.571285892634,2,2378,2378,0.5712858926342073,2288,0.5158181107288333,46.939448076323835,7.396139000000403,7.396139000000403,7.396139000000403,path,path,path,90,0.0,0.0,False,,,False,1,path,64,4,RL+Path,2
best,C:\Users\erich\Documents\AFRL\Algebraic-Connectivity-Optimization-CDC2026\lite_trials\sweep\resistance_only\checkpoints\best.pt,ppo,3000,C:\Users\erich\Documents\AFRL\Algebraic-Connectivity-Optimization-CDC2026\lite_trials\lite_config.yaml,full,91,0.571285892634,3,2378,2378,0.5712858926342073,2288,0.5158181107288333,46.939448076323835,7.373413199999959,7.373413199999959,7.373413199999959,path,path,path,90,0.0,0.0,False,,,False,1,path,64,4,RL+Path,3
best,C:\Users\erich\Documents\AFRL\Algebraic-Connectivity-Optimization-CDC2026\lite_trials\sweep\resistance_only\checkpoints\best.pt,ppo,3000,C:\Users\erich\Documents\AFRL\Algebraic-Connectivity-Optimization-CDC2026\lite_trials\lite_config.yaml,full,91,0.571285892634,4,2378,2378,0.5712858926342073,2288,0.5158181107288333,46.939448076323835,7.357509299999947,7.357509299999947,7.357509299999947,path,path,path,90,0.0,0.0,False,,,False,1,path,64,4,RL+Path,4
best,C:\Users\erich\Documents\AFRL\Algebraic-Connectivity-Optimization-CDC2026\lite_trials\sweep\resistance_only\checkpoints\best.pt,ppo,3000,C:\Users\erich\Documents\AFRL\Algebraic-Connectivity-Optimization-CDC2026\lite_trials\lite_config.yaml,full,91,0.642696629213,0,2664,2664,0.6426966292134831,2574,0.6295443177059467,57.28853291124115,8.8395057000007,8.8395057000007,8.8395057000007,path,path,path,90,0.0,0.0,False,,,False,1,path,64,4,RL+Path,0
best,C:\Users\erich\Documents\AFRL\Algebraic-Connectivity-Optimization-CDC2026\lite_trials\sweep\resistance_only\checkpoints\best.pt,ppo,3000,C:\Users\erich\Documents\AFRL\Algebraic-Connectivity-Optimization-CDC2026\lite_trials\lite_config.yaml,full,91,0.642696629213,1,2664,2664,0.6426966292134831,2574,0.6295443177059467,57.28853291124115,8.77629209999941,8.77629209999941,8.77629209999941,path,path,path,90,0.0,0.0,False,,,False,1,path,64,4,RL+Path,1
best,C:\Users\erich\Documents\AFRL\Algebraic-Connectivity-Optimization-CDC2026\lite_trials\sweep\resistance_only\checkpoints\best.pt,ppo,3000,C:\Users\erich\Documents\AFRL\Algebraic-Connectivity-Optimization-CDC2026\lite_trials\lite_config.yaml,full,91,0.642696629213,2,2664,2664,0.6426966292134831,2574,0.6295443177059467,57.28853291124115,8.90309890000026,8.90309890000026,8.90309890000026,path,path,path,90,0.0,0.0,False,,,False,1,path,64,4,RL+Path,2
best,C:\Users\erich\Documents\AFRL\Algebraic-Connectivity-Optimization-CDC2026\lite_trials\sweep\resistance_only\checkpoints\best.pt,ppo,3000,C:\Users\erich\Documents\AFRL\Algebraic-Connectivity-Optimization-CDC2026\lite_trials\lite_config.yaml,full,91,0.642696629213,3,2664,2664,0.6426966292134831,2574,0.6295443177059467,57.28853291124115,8.86749510000027,8.86749510000027,8.86749510000027,path,path,path,90,0.0,0.0,False,,,False,1,path,64,4,RL+Path,3
best,C:\Users\erich\Documents\AFRL\Algebraic-Connectivity-Optimization-CDC2026\lite_trials\sweep\resistance_only\checkpoints\best.pt,ppo,3000,C:\Users\erich\Documents\AFRL\Algebraic-Connectivity-Optimization-CDC2026\lite_trials\lite_config.yaml,full,91,0.642696629213,4,2664,2664,0.6426966292134831,2574,0.6295443177059467,57.28853291124115,8.840744999999515,8.840744999999515,8.840744999999515,path,path,path,90,0.0,0.0,False,,,False,1,path,64,4,RL+Path,4
best,C:\Users\erich\Documents\AFRL\Algebraic-Connectivity-Optimization-CDC2026\lite_trials\sweep\resistance_only\checkpoints\best.pt,ppo,3000,C:\Users\erich\Documents\AFRL\Algebraic-Connectivity-Optimization-CDC2026\lite_trials\lite_config.yaml,full,91,0.714107365793,0,2950,2950,0.714107365792759,2860,0.66664179085211,60.664402967542,10.445980499999678,10.445980499999678,10.445980499999678,path,path,path,90,0.0,0.0,False,,,False,1,path,64,4,RL+Path,0
best,C:\Users\erich\Documents\AFRL\Algebraic-Connectivity-Optimization-CDC2026\lite_trials\sweep\resistance_only\checkpoints\best.pt,ppo,3000,C:\Users\erich\Documents\AFRL\Algebraic-Connectivity-Optimization-CDC2026\lite_trials\lite_config.yaml,full,91,0.714107365793,1,2950,2950,0.714107365792759,2860,0.66664179085211,60.664402967542,10.355853099999877,10.355853099999877,10.355853099999877,path,path,path,90,0.0,0.0,False,,,False,1,path,64,4,RL+Path,1
best,C:\Users\erich\Documents\AFRL\Algebraic-Connectivity-Optimization-CDC2026\lite_trials\sweep\resistance_only\checkpoints\best.pt,ppo,3000,C:\Users\erich\Documents\AFRL\Algebraic-Connectivity-Optimization-CDC2026\lite_trials\lite_config.yaml,full,91,0.714107365793,2,2950,2950,0.714107365792759,2860,0.66664179085211,60.664402967542,10.476280699999734,10.476280699999734,10.476280699999734,path,path,path,90,0.0,0.0,False,,,False,1,path,64,4,RL+Path,2
best,C:\Users\erich\Documents\AFRL\Algebraic-Connectivity-Optimization-CDC2026\lite_trials\sweep\resistance_only\checkpoints\best.pt,ppo,3000,C:\Users\erich\Documents\AFRL\Algebraic-Connectivity-Optimization-CDC2026\lite_trials\lite_config.yaml,full,91,0.714107365793,3,2950,2950,0.714107365792759,2860,0.66664179085211,60.664402967542,10.204463699999906,10.204463699999906,10.204463699999906,path,path,path,90,0.0,0.0,False,,,False,1,path,64,4,RL+Path,3
best,C:\Users\erich\Documents\AFRL\Algebraic-Connectivity-Optimization-CDC2026\lite_trials\sweep\resistance_only\checkpoints\best.pt,ppo,3000,C:\Users\erich\Documents\AFRL\Algebraic-Connectivity-Optimization-CDC2026\lite_trials\lite_config.yaml,full,91,0.714107365793,4,2950,2950,0.714107365792759,2860,0.66664179085211,60.664402967542,10.517178999999487,10.517178999999487,10.517178999999487,path,path,path,90,0.0,0.0,False,,,False,1,path,64,4,RL+Path,4
best,C:\Users\erich\Documents\AFRL\Algebraic-Connectivity-Optimization-CDC2026\lite_trials\sweep\resistance_only\checkpoints\best.pt,ppo,3000,C:\Users\erich\Documents\AFRL\Algebraic-Connectivity-Optimization-CDC2026\lite_trials\lite_config.yaml,full,91,0.785518102372,0,3236,3236,0.785518102372035,3146,0.7311381417237061,66.53357089685726,11.95884660000047,11.95884660000047,11.95884660000047,path,path,path,90,0.0,0.0,False,,,False,1,path,64,4,RL+Path,0
best,C:\Users\erich\Documents\AFRL\Algebraic-Connectivity-Optimization-CDC2026\lite_trials\sweep\resistance_only\checkpoints\best.pt,ppo,3000,C:\Users\erich\Documents\AFRL\Algebraic-Connectivity-Optimization-CDC2026\lite_trials\lite_config.yaml,full,91,0.785518102372,1,3236,3236,0.785518102372035,3146,0.7311381417237061,66.53357089685726,11.77267060000031,11.77267060000031,11.77267060000031,path,path,path,90,0.0,0.0,False,,,False,1,path,64,4,RL+Path,1
best,C:\Users\erich\Documents\AFRL\Algebraic-Connectivity-Optimization-CDC2026\lite_trials\sweep\resistance_only\checkpoints\best.pt,ppo,3000,C:\Users\erich\Documents\AFRL\Algebraic-Connectivity-Optimization-CDC2026\lite_trials\lite_config.yaml,full,91,0.785518102372,2,3236,3236,0.785518102372035,3146,0.7311381417237061,66.53357089685726,11.682192300000679,11.682192300000679,11.682192300000679,path,path,path,90,0.0,0.0,False,,,False,1,path,64,4,RL+Path,2
best,C:\Users\erich\Documents\AFRL\Algebraic-Connectivity-Optimization-CDC2026\lite_trials\sweep\resistance_only\checkpoints\best.pt,ppo,3000,C:\Users\erich\Documents\AFRL\Algebraic-Connectivity-Optimization-CDC2026\lite_trials\lite_config.yaml,full,91,0.785518102372,3,3236,3236,0.785518102372035,3146,0.7311381417237061,66.53357089685726,11.829936699999962,11.829936699999962,11.829936699999962,path,path,path,90,0.0,0.0,False,,,False,1,path,64,4,RL+Path,3
best,C:\Users\erich\Documents\AFRL\Algebraic-Connectivity-Optimization-CDC2026\lite_trials\sweep\resistance_only\checkpoints\best.pt,ppo,3000,C:\Users\erich\Documents\AFRL\Algebraic-Connectivity-Optimization-CDC2026\lite_trials\lite_config.yaml,full,91,0.785518102372,4,3236,3236,0.785518102372035,3146,0.7311381417237061,66.53357089685726,11.780027099999643,11.780027099999643,11.780027099999643,path,path,path,90,0.0,0.0,False,,,False,1,path,64,4,RL+Path,4
best,C:\Users\erich\Documents\AFRL\Algebraic-Connectivity-Optimization-CDC2026\lite_trials\sweep\resistance_only\checkpoints\best.pt,ppo,3000,C:\Users\erich\Documents\AFRL\Algebraic-Connectivity-Optimization-CDC2026\lite_trials\lite_config.yaml,full,91,0.856928838951,0,3522,3522,0.8569288389513109,3432,0.8033064544016886,73.10088735055366,13.95631659999981,13.95631659999981,13.95631659999981,path,path,path,90,0.0,0.0,False,,,False,1,path,64,4,RL+Path,0
best,C:\Users\erich\Documents\AFRL\Algebraic-Connectivity-Optimization-CDC2026\lite_trials\sweep\resistance_only\checkpoints\best.pt,ppo,3000,C:\Users\erich\Documents\AFRL\Algebraic-Connectivity-Optimization-CDC2026\lite_trials\lite_config.yaml,full,91,0.856928838951,1,3522,3522,0.8569288389513109,3432,0.8033064544016886,73.10088735055366,13.683398399999533,13.683398399999533,13.683398399999533,path,path,path,90,0.0,0.0,False,,,False,1,path,64,4,RL+Path,1
best,C:\Users\erich\Documents\AFRL\Algebraic-Connectivity-Optimization-CDC2026\lite_trials\sweep\resistance_only\checkpoints\best.pt,ppo,3000,C:\Users\erich\Documents\AFRL\Algebraic-Connectivity-Optimization-CDC2026\lite_trials\lite_config.yaml,full,91,0.856928838951,2,3522,3522,0.8569288389513109,3432,0.8033064544016886,73.10088735055366,13.685902399999577,13.685902399999577,13.685902399999577,path,path,path,90,0.0,0.0,False,,,False,1,path,64,4,RL+Path,2
best,C:\Users\erich\Documents\AFRL\Algebraic-Connectivity-Optimization-CDC2026\lite_trials\sweep\resistance_only\checkpoints\best.pt,ppo,3000,C:\Users\erich\Documents\AFRL\Algebraic-Connectivity-Optimization-CDC2026\lite_trials\lite_config.yaml,full,91,0.856928838951,3,3522,3522,0.8569288389513109,3432,0.8033064544016886,73.10088735055366,13.565709900000002,13.565709900000002,13.565709900000002,path,path,path,90,0.0,0.0,False,,,False,1,path,64,4,RL+Path,3
best,C:\Users\erich\Documents\AFRL\Algebraic-Connectivity-Optimization-CDC2026\lite_trials\sweep\resistance_only\checkpoints\best.pt,ppo,3000,C:\Users\erich\Documents\AFRL\Algebraic-Connectivity-Optimization-CDC2026\lite_trials\lite_config.yaml,full,91,0.856928838951,4,3522,3522,0.8569288389513109,3432,0.8033064544016886,73.10088735055366,14.103007300000172,14.103007300000172,14.103007300000172,path,path,path,90,0.0,0.0,False,,,False,1,path,64,4,RL+Path,4
best,C:\Users\erich\Documents\AFRL\Algebraic-Connectivity-Optimization-CDC2026\lite_trials\sweep\resistance_only\checkpoints\best.pt,ppo,3000,C:\Users\erich\Documents\AFRL\Algebraic-Connectivity-Optimization-CDC2026\lite_trials\lite_config.yaml,full,91,0.928339575531,0,3808,3808,0.9283395755305868,3718,0.8799292390262969,80.07356075139302,15.571276900000157,15.571276900000157,15.571276900000157,path,path,path,90,0.0,0.0,False,,,False,1,path,64,4,RL+Path,0
best,C:\Users\erich\Documents\AFRL\Algebraic-Connectivity-Optimization-CDC2026\lite_trials\sweep\resistance_only\checkpoints\best.pt,ppo,3000,C:\Users\erich\Documents\AFRL\Algebraic-Connectivity-Optimization-CDC2026\lite_trials\lite_config.yaml,full,91,0.928339575531,1,3808,3808,0.9283395755305868,3718,0.8799292390262969,80.07356075139302,15.732012099999338,15.732012099999338,15.732012099999338,path,path,path,90,0.0,0.0,False,,,False,1,path,64,4,RL+Path,1
best,C:\Users\erich\Documents\AFRL\Algebraic-Connectivity-Optimization-CDC2026\lite_trials\sweep\resistance_only\checkpoints\best.pt,ppo,3000,C:\Users\erich\Documents\AFRL\Algebraic-Connectivity-Optimization-CDC2026\lite_trials\lite_config.yaml,full,91,0.928339575531,2,3808,3808,0.9283395755305868,3718,0.8799292390262969,80.07356075139302,15.744083700000374,15.744083700000374,15.744083700000374,path,path,path,90,0.0,0.0,False,,,False,1,path,64,4,RL+Path,2
best,C:\Users\erich\Documents\AFRL\Algebraic-Connectivity-Optimization-CDC2026\lite_trials\sweep\resistance_only\checkpoints\best.pt,ppo,3000,C:\Users\erich\Documents\AFRL\Algebraic-Connectivity-Optimization-CDC2026\lite_trials\lite_config.yaml,full,91,0.928339575531,3,3808,3808,0.9283395755305868,3718,0.8799292390262969,80.07356075139302,15.368740200000502,15.368740200000502,15.368740200000502,path,path,path,90,0.0,0.0,False,,,False,1,path,64,4,RL+Path,3
best,C:\Users\erich\Documents\AFRL\Algebraic-Connectivity-Optimization-CDC2026\lite_trials\sweep\resistance_only\checkpoints\best.pt,ppo,3000,C:\Users\erich\Documents\AFRL\Algebraic-Connectivity-Optimization-CDC2026\lite_trials\lite_config.yaml,full,91,0.928339575531,4,3808,3808,0.9283395755305868,3718,0.8799292390262969,80.07356075139302,15.658145700000205,15.658145700000205,15.658145700000205,path,path,path,90,0.0,0.0,False,,,False,1,path,64,4,RL+Path,4
best,C:\Users\erich\Documents\AFRL\Algebraic-Connectivity-Optimization-CDC2026\lite_trials\sweep\resistance_only\checkpoints\best.pt,ppo,3000,C:\Users\erich\Documents\AFRL\Algebraic-Connectivity-Optimization-CDC2026\lite_trials\lite_config.yaml,full,91,0.99975031211,0,4094,4094,0.9997503121098626,4004,0.9999999999999997,90.99999999999997,17.412148800000068,17.412148800000068,17.412148800000068,path,path,path,90,0.0,0.0,False,,,False,1,path,64,4,RL+Path,0
best,C:\Users\erich\Documents\AFRL\Algebraic-Connectivity-Optimization-CDC2026\lite_trials\sweep\resistance_only\checkpoints\best.pt,ppo,3000,C:\Users\erich\Documents\AFRL\Algebraic-Connectivity-Optimization-CDC2026\lite_trials\lite_config.yaml,full,91,0.99975031211,1,4094,4094,0.9997503121098626,4004,0.9999999999999997,90.99999999999997,17.609015,17.609015,17.609015,path,path,path,90,0.0,0.0,False,,,False,1,path,64,4,RL+Path,1
best,C:\Users\erich\Documents\AFRL\Algebraic-Connectivity-Optimization-CDC2026\lite_trials\sweep\resistance_only\checkpoints\best.pt,ppo,3000,C:\Users\erich\Documents\AFRL\Algebraic-Connectivity-Optimization-CDC2026\lite_trials\lite_config.yaml,full,91,0.99975031211,2,4094,4094,0.9997503121098626,4004,0.9999999999999997,90.99999999999997,17.53843809999944,17.53843809999944,17.53843809999944,path,path,path,90,0.0,0.0,False,,,False,1,path,64,4,RL+Path,2
best,C:\Users\erich\Documents\AFRL\Algebraic-Connectivity-Optimization-CDC2026\lite_trials\sweep\resistance_only\checkpoints\best.pt,ppo,3000,C:\Users\erich\Documents\AFRL\Algebraic-Connectivity-Optimization-CDC2026\lite_trials\lite_config.yaml,full,91,0.99975031211,3,4094,4094,0.9997503121098626,4004,0.9999999999999997,90.99999999999997,17.566209500000696,17.566209500000696,17.566209500000696,path,path,path,90,0.0,0.0,False,,,False,1,path,64,4,RL+Path,3
best,C:\Users\erich\Documents\AFRL\Algebraic-Connectivity-Optimization-CDC2026\lite_trials\sweep\resistance_only\checkpoints\best.pt,ppo,3000,C:\Users\erich\Documents\AFRL\Algebraic-Connectivity-Optimization-CDC2026\lite_trials\lite_config.yaml,full,91,0.99975031211,4,4094,4094,0.9997503121098626,4004,0.9999999999999997,90.99999999999997,17.365907700000207,17.365907700000207,17.365907700000207,path,path,path,90,0.0,0.0,False,,,False,1,path,64,4,RL+Path,4
best,C:\Users\erich\Documents\AFRL\Algebraic-Connectivity-Optimization-CDC2026\lite_trials\sweep\resistance_only\checkpoints\best.pt,ppo,3000,C:\Users\erich\Documents\AFRL\Algebraic-Connectivity-Optimization-CDC2026\lite_trials\lite_config.yaml,full,91,0.00024968789,0,91,91,0.00024968789013732833,1,0.010989010989010959,0.9999999999999972,0.006035700000211364,0.006035700000211364,0.0065922000003411085,backbone,envelope_only,envelope,90,1.0,0.0005565000001297449,False,,,False,1,envelope,64,4,RL+Backbone,0
best,C:\Users\erich\Documents\AFRL\Algebraic-Connectivity-Optimization-CDC2026\lite_trials\sweep\resistance_only\checkpoints\best.pt,ppo,3000,C:\Users\erich\Documents\AFRL\Algebraic-Connectivity-Optimization-CDC2026\lite_trials\lite_config.yaml,full,91,0.00024968789,1,91,91,0.00024968789013732833,1,0.010989010989010959,0.9999999999999972,0.00320099999953527,0.00320099999953527,0.003419699999540171,backbone,envelope_only,envelope,90,1.0,0.00021870000000490109,False,,,False,1,envelope,64,4,RL+Backbone,1
best,C:\Users\erich\Documents\AFRL\Algebraic-Connectivity-Optimization-CDC2026\lite_trials\sweep\resistance_only\checkpoints\best.pt,ppo,3000,C:\Users\erich\Documents\AFRL\Algebraic-Connectivity-Optimization-CDC2026\lite_trials\lite_config.yaml,full,91,0.00024968789,2,91,91,0.00024968789013732833,1,0.010989010989010959,0.9999999999999972,0.003502400000797934,0.003502400000797934,0.0038274000007731956,backbone,envelope_only,envelope,90,1.0,0.00032499999997526174,False,,,False,1,envelope,64,4,RL+Backbone,2
best,C:\Users\erich\Documents\AFRL\Algebraic-Connectivity-Optimization-CDC2026\lite_trials\sweep\resistance_only\checkpoints\best.pt,ppo,3000,C:\Users\erich\Documents\AFRL\Algebraic-Connectivity-Optimization-CDC2026\lite_trials\lite_config.yaml,full,91,0.00024968789,3,91,91,0.00024968789013732833,1,0.010989010989010959,0.9999999999999972,0.0032726000008551637,0.0032726000008551637,0.0036760000011781813,backbone,envelope_only,envelope,90,1.0,0.0004034000003230176,False,,,False,1,envelope,64,4,RL+Backbone,3
best,C:\Users\erich\Documents\AFRL\Algebraic-Connectivity-Optimization-CDC2026\lite_trials\sweep\resistance_only\checkpoints\best.pt,ppo,3000,C:\Users\erich\Documents\AFRL\Algebraic-Connectivity-Optimization-CDC2026\lite_trials\lite_config.yaml,full,91,0.00024968789,4,91,91,0.00024968789013732833,1,0.010989010989010959,0.9999999999999972,0.0032213999993473408,0.0032213999993473408,0.003433599998970749,backbone,envelope_only,envelope,90,1.0,0.00021219999962340808,False,,,False,1,envelope,64,4,RL+Backbone,4
best,C:\Users\erich\Documents\AFRL\Algebraic-Connectivity-Optimization-CDC2026\lite_trials\sweep\resistance_only\checkpoints\best.pt,ppo,3000,C:\Users\erich\Documents\AFRL\Algebraic-Connectivity-Optimization-CDC2026\lite_trials\lite_config.yaml,full,91,0.071660424469,0,377,377,0.07166042446941323,17,0.07333357179015,6.67335503290365,0.10770720000073197,0.10770720000073197,0.160509400000592,backbone,both,cayley,360,4.188989839037466,0.12484949999998207,False,2,,True,2,"cayley,envelope",64,4,RL+Backbone,0
best,C:\Users\erich\Documents\AFRL\Algebraic-Connectivity-Optimization-CDC2026\lite_trials\sweep\resistance_only\checkpoints\best.pt,ppo,3000,C:\Users\erich\Documents\AFRL\Algebraic-Connectivity-Optimization-CDC2026\lite_trials\lite_config.yaml,full,91,0.071660424469,1,377,377,0.07166042446941323,17,0.08751615691199752,7.963970278991774,0.09546690000024682,0.09546690000024682,0.16147710000041116,backbone,both,cayley,360,4.281660978444258,0.1254400000007081,False,2,,True,2,"cayley,envelope",64,4,RL+Backbone,1
best,C:\Users\erich\Documents\AFRL\Algebraic-Connectivity-Optimization-CDC2026\lite_trials\sweep\resistance_only\checkpoints\best.pt,ppo,3000,C:\Users\erich\Documents\AFRL\Algebraic-Connectivity-Optimization-CDC2026\lite_trials\lite_config.yaml,full,91,0.071660424469,2,377,377,0.07166042446941323,17,0.0888686968951896,8.087051417462254,0.0996900000000096,0.0996900000000096,0.15947219999998197,backbone,both,cayley,360,4.0504870286176615,0.12342639999951643,False,2,,True,2,"cayley,envelope",64,4,RL+Backbone,2
best,C:\Users\erich\Documents\AFRL\Algebraic-Connectivity-Optimization-CDC2026\lite_trials\sweep\resistance_only\checkpoints\best.pt,ppo,3000,C:\Users\erich\Documents\AFRL\Algebraic-Connectivity-Optimization-CDC2026\lite_trials\lite_config.yaml,full,91,0.071660424469,3,377,377,0.07166042446941323,17,0.0831257965897139,7.564447489663966,0.09986239999943791,0.09986239999943791,0.16752830000041286,backbone,both,cayley,360,4.064706988438584,0.13039630000002944,False,2,,True,2,"cayley,envelope",64,4,RL+Backbone,3
best,C:\Users\erich\Documents\AFRL\Algebraic-Connectivity-Optimization-CDC2026\lite_trials\sweep\resistance_only\checkpoints\best.pt,ppo,3000,C:\Users\erich\Documents\AFRL\Algebraic-Connectivity-Optimization-CDC2026\lite_trials\lite_config.yaml,full,91,0.071660424469,4,377,377,0.07166042446941323,17,0.0739486818032247,6.729330044093447,0.10582889999932377,0.10582889999932377,0.16414480000003095,backbone,both,cayley,360,4.077422640634839,0.12989500000003318,False,2,,True,2,"cayley,envelope",64,4,RL+Backbone,4
best,C:\Users\erich\Documents\AFRL\Algebraic-Connectivity-Optimization-CDC2026\lite_trials\sweep\resistance_only\checkpoints\best.pt,ppo,3000,C:\Users\erich\Documents\AFRL\Algebraic-Connectivity-Optimization-CDC2026\lite_trials\lite_config.yaml,full,91,0.143071161049,0,663,663,0.14307116104868914,33,0.10590933174674241,9.63774918895356,0.08309809999991558,0.08309809999991558,0.21967119999953866,backbone,cayley_only,cayley,630,9.321127444799135,0.13657309999962308,False,2,,False,1,cayley,64,4,RL+Backbone,0
best,C:\Users\erich\Documents\AFRL\Algebraic-Connectivity-Optimization-CDC2026\lite_trials\sweep\resistance_only\checkpoints\best.pt,ppo,3000,C:\Users\erich\Documents\AFRL\Algebraic-Connectivity-Optimization-CDC2026\lite_trials\lite_config.yaml,full,91,0.143071161049,1,663,663,0.14307116104868914,33,0.11045561110754494,10.05146061078659,0.07861369999955059,0.07861369999955059,0.21062789999905362,backbone,cayley_only,cayley,630,9.555021578086814,0.13201419999950303,False,2,,False,1,cayley,64,4,RL+Backbone,1
best,C:\Users\erich\Documents\AFRL\Algebraic-Connectivity-Optimization-CDC2026\lite_trials\sweep\resistance_only\checkpoints\best.pt,ppo,3000,C:\Users\erich\Documents\AFRL\Algebraic-Connectivity-Optimization-CDC2026\lite_trials\lite_config.yaml,full,91,0.143071161049,2,663,663,0.14307116104868914,33,0.10786956246231261,9.816130184070447,0.08215939999990951,0.08215939999990951,0.21671429999969405,backbone,cayley_only,cayley,630,9.261418531066674,0.13455489999978454,False,2,,False,1,cayley,64,4,RL+Backbone,2
best,C:\Users\erich\Documents\AFRL\Algebraic-Connectivity-Optimization-CDC2026\lite_trials\sweep\resistance_only\checkpoints\best.pt,ppo,3000,C:\Users\erich\Documents\AFRL\Algebraic-Connectivity-Optimization-CDC2026\lite_trials\lite_config.yaml,full,91,0.143071161049,3,663,663,0.14307116104868914,33,0.10641142753608532,9.683439905783764,0.08506790000046749,0.08506790000046749,0.219860800000788,backbone,cayley_only,cayley,630,9.302997676006079,0.13479290000032051,False,2,,False,1,cayley,64,4,RL+Backbone,3
best,C:\Users\erich\Documents\AFRL\Algebraic-Connectivity-Optimization-CDC2026\lite_trials\sweep\resistance_only\checkpoints\best.pt,ppo,3000,C:\Users\erich\Documents\AFRL\Algebraic-Connectivity-Optimization-CDC2026\lite_trials\lite_config.yaml,full,91,0.143071161049,4,663,663,0.14307116104868914,33,0.10472151524037611,9.529657886874226,0.0816584000003786,0.0816584000003786,0.2184214000008069,backbone,cayley_only,cayley,630,9.11108926306756,0.1367630000004283,False,2,,False,1,cayley,64,4,RL+Backbone,4
best,C:\Users\erich\Documents\AFRL\Algebraic-Connectivity-Optimization-CDC2026\lite_trials\sweep\resistance_only\checkpoints\best.pt,ppo,3000,C:\Users\erich\Documents\AFRL\Algebraic-Connectivity-Optimization-CDC2026\lite_trials\lite_config.yaml,full,91,0.214481897628,0,949,949,0.21448189762796505,4,0.18114201056264517,16.48392296120071,0.0131400999998732,0.0131400999998732,0.14825399999972433,backbone,cayley_only,cayley,945,15.840289429463455,0.13511389999985113,False,2,,False,1,cayley,64,4,RL+Backbone,0
best,C:\Users\erich\Documents\AFRL\Algebraic-Connectivity-Optimization-CDC2026\lite_trials\sweep\resistance_only\checkpoints\best.pt,ppo,3000,C:\Users\erich\Documents\AFRL\Algebraic-Connectivity-Optimization-CDC2026\lite_trials\lite_config.yaml,full,91,0.214481897628,1,949,949,0.21448189762796505,4,0.17907113436801986,16.295473227489808,0.011378700000022945,0.011378700000022945,0.14667780000036146,backbone,cayley_only,cayley,945,15.825378389093053,0.1352991000003385,False,2,,False,1,cayley,64,4,RL+Backbone,1
best,C:\Users\erich\Documents\AFRL\Algebraic-Connectivity-Optimization-CDC2026\lite_trials\sweep\resistance_only\checkpoints\best.pt,ppo,3000,C:\Users\erich\Documents\AFRL\Algebraic-Connectivity-Optimization-CDC2026\lite_trials\lite_config.yaml,full,91,0.214481897628,2,949,949,0.21448189762796505,4,0.18038412641639162,16.414955503891637,0.013037400000030175,0.013037400000030175,0.15011649999996735,backbone,cayley_only,cayley,945,15.595607203204986,0.13707909999993717,False,2,,False,1,cayley,64,4,RL+Backbone,2
best,C:\Users\erich\Documents\AFRL\Algebraic-Connectivity-Optimization-CDC2026\lite_trials\sweep\resistance_only\checkpoints\best.pt,ppo,3000,C:\Users\erich\Documents\AFRL\Algebraic-Connectivity-Optimization-CDC2026\lite_trials\lite_config.yaml,full,91,0.214481897628,3,949,949,0.21448189762796505,4,0.1783665978063339,16.231360400376385,0.010019600000305218,0.010019600000305218,0.14808320000065578,backbone,cayley_only,cayley,945,15.70543297670077,0.13806360000035056,False,2,,False,1,cayley,64,4,RL+Backbone,3
best,C:\Users\erich\Documents\AFRL\Algebraic-Connectivity-Optimization-CDC2026\lite_trials\sweep\resistance_only\checkpoints\best.pt,ppo,3000,C:\Users\erich\Documents\AFRL\Algebraic-Connectivity-Optimization-CDC2026\lite_trials\lite_config.yaml,full,91,0.214481897628,4,949,949,0.21448189762796505,4,0.17850063482416254,16.24355776899879,0.010380000000623113,0.010380000000623113,0.1471692000013718,backbone,cayley_only,cayley,945,15.780040026010091,0.13678920000074868,False,2,,False,1,cayley,64,4,RL+Backbone,4
best,C:\Users\erich\Documents\AFRL\Algebraic-Connectivity-Optimization-CDC2026\lite_trials\sweep\resistance_only\checkpoints\best.pt,ppo,3000,C:\Users\erich\Documents\AFRL\Algebraic-Connectivity-Optimization-CDC2026\lite_trials\lite_config.yaml,full,91,0.285892634207,0,1235,1235,0.2858926342072409,20,0.26940564862800354,24.515914025148323,0.06768299999930605,0.06768299999930605,0.21952859999964858,backbone,cayley_only,cayley,1215,21.893503443792007,0.15184560000034253,False,2,,False,1,cayley,64,4,RL+Backbone,0
best,C:\Users\erich\Documents\AFRL\Algebraic-Connectivity-Optimization-CDC2026\lite_trials\sweep\resistance_only\checkpoints\best.pt,ppo,3000,C:\Users\erich\Documents\AFRL\Algebraic-Connectivity-Optimization-CDC2026\lite_trials\lite_config.yaml,full,91,0.285892634207,1,1235,1235,0.2858926342072409,20,0.2722731236857839,24.776854255406334,0.06307920000017475,0.06307920000017475,0.20480680000036955,backbone,cayley_only,cayley,1215,21.717672622828523,0.1417276000001948,False,2,,False,1,cayley,64,4,RL+Backbone,1
best,C:\Users\erich\Documents\AFRL\Algebraic-Connectivity-Optimization-CDC2026\lite_trials\sweep\resistance_only\checkpoints\best.pt,ppo,3000,C:\Users\erich\Documents\AFRL\Algebraic-Connectivity-Optimization-CDC2026\lite_trials\lite_config.yaml,full,91,0.285892634207,2,1235,1235,0.2858926342072409,20,0.2714053382487102,24.697885780632628,0.05340410000007978,0.05340410000007978,0.19794330000058835,backbone,cayley_only,cayley,1215,21.73237283421249,0.14453920000050857,False,2,,False,1,cayley,64,4,RL+Backbone,2
best,C:\Users\erich\Documents\AFRL\Algebraic-Connectivity-Optimization-CDC2026\lite_trials\sweep\resistance_only\checkpoints\best.pt,ppo,3000,C:\Users\erich\Documents\AFRL\Algebraic-Connectivity-Optimization-CDC2026\lite_trials\lite_config.yaml,full,91,0.285892634207,3,1235,1235,0.2858926342072409,20,0.26947344492832337,24.522083488477428,0.054073199999947974,0.054073199999947974,0.19789859999946202,backbone,cayley_only,cayley,1215,21.74148138189659,0.14382539999951405,False,2,,False,1,cayley,64,4,RL+Backbone,3
best,C:\Users\erich\Documents\AFRL\Algebraic-Connectivity-Optimization-CDC2026\lite_trials\sweep\resistance_only\checkpoints\best.pt,ppo,3000,C:\Users\erich\Documents\AFRL\Algebraic-Connectivity-Optimization-CDC2026\lite_trials\lite_config.yaml,full,91,0.285892634207,4,1235,1235,0.2858926342072409,20,0.26373564994575827,23.999944145064003,0.06748719999995956,0.06748719999995956,0.20834109999941575,backbone,cayley_only,cayley,1215,21.630331782543152,0.1408538999994562,False,2,,False,1,cayley,64,4,RL+Backbone,4
best,C:\Users\erich\Documents\AFRL\Algebraic-Connectivity-Optimization-CDC2026\lite_trials\sweep\resistance_only\checkpoints\best.pt,ppo,3000,C:\Users\erich\Documents\AFRL\Algebraic-Connectivity-Optimization-CDC2026\lite_trials\lite_config.yaml,full,91,0.357303370787,0,1521,1521,0.35730337078651686,36,0.319288687506337,29.055270563076665,0.1365182999998069,0.1365182999998069,0.27497849999963364,backbone,cayley_only,cayley,1485,28.23556926379106,0.13846019999982673,False,2,,False,1,cayley,64,4,RL+Backbone,0
best,C:\Users\erich\Documents\AFRL\Algebraic-Connectivity-Optimization-CDC2026\lite_trials\sweep\resistance_only\checkpoints\best.pt,ppo,3000,C:\Users\erich\Documents\AFRL\Algebraic-Connectivity-Optimization-CDC2026\lite_trials\lite_config.yaml,full,91,0.357303370787,1,1521,1521,0.35730337078651686,36,0.3169331876212987,28.84092007353818,0.12567779999972117,0.12567779999972117,0.26743079999960173,backbone,cayley_only,cayley,1485,28.195541762313884,0.14175299999988056,False,2,,False,1,cayley,64,4,RL+Backbone,1
best,C:\Users\erich\Documents\AFRL\Algebraic-Connectivity-Optimization-CDC2026\lite_trials\sweep\resistance_only\checkpoints\best.pt,ppo,3000,C:\Users\erich\Documents\AFRL\Algebraic-Connectivity-Optimization-CDC2026\lite_trials\lite_config.yaml,full,91,0.357303370787,2,1521,1521,0.35730337078651686,36,0.3161232655057281,28.767217161021257,0.1338776999991751,0.1338776999991751,0.27471109999987675,backbone,cayley_only,cayley,1485,28.035058008185892,0.14083340000070166,False,2,,False,1,cayley,64,4,RL+Backbone,2
best,C:\Users\erich\Documents\AFRL\Algebraic-Connectivity-Optimization-CDC2026\lite_trials\sweep\resistance_only\checkpoints\best.pt,ppo,3000,C:\Users\erich\Documents\AFRL\Algebraic-Connectivity-Optimization-CDC2026\lite_trials\lite_config.yaml,full,91,0.357303370787,3,1521,1521,0.35730337078651686,36,0.32051481263609155,29.166847949884332,0.13744109999970533,0.13744109999970533,0.2793478999992658,backbone,cayley_only,cayley,1485,28.14210041804453,0.14190679999956046,False,2,,False,1,cayley,64,4,RL+Backbone,3
best,C:\Users\erich\Documents\AFRL\Algebraic-Connectivity-Optimization-CDC2026\lite_trials\sweep\resistance_only\checkpoints\best.pt,ppo,3000,C:\Users\erich\Documents\AFRL\Algebraic-Connectivity-Optimization-CDC2026\lite_trials\lite_config.yaml,full,91,0.357303370787,4,1521,1521,0.35730337078651686,36,0.3186518899364493,28.997321984216885,0.14134290000038163,0.14134290000038163,0.2856234000009863,backbone,cayley_only,cayley,1485,28.14066524379569,0.14428050000060466,False,2,,False,1,cayley,64,4,RL+Backbone,4
best,C:\Users\erich\Documents\AFRL\Algebraic-Connectivity-Optimization-CDC2026\lite_trials\sweep\resistance_only\checkpoints\best.pt,ppo,3000,C:\Users\erich\Documents\AFRL\Algebraic-Connectivity-Optimization-CDC2026\lite_trials\lite_config.yaml,full,91,0.428714107366,0,1807,1807,0.42871410736579274,7,0.40838964822724727,37.163457988679504,0.03012089999992895,0.03012089999992895,0.171764699999585,backbone,cayley_only,cayley,1800,36.20382543985903,0.14164379999965604,False,2,,False,1,cayley,64,4,RL+Backbone,0
best,C:\Users\erich\Documents\AFRL\Algebraic-Connectivity-Optimization-CDC2026\lite_trials\sweep\resistance_only\checkpoints\best.pt,ppo,3000,C:\Users\erich\Documents\AFRL\Algebraic-Connectivity-Optimization-CDC2026\lite_trials\lite_config.yaml,full,91,0.428714107366,1,1807,1807,0.42871410736579274,7,0.41012980512071073,37.321812265984676,0.030272799999693234,0.030272799999693234,0.17294029999993654,backbone,cayley_only,cayley,1800,36.31407738058467,0.1426675000002433,False,2,,False,1,cayley,64,4,RL+Backbone,1
best,C:\Users\erich\Documents\AFRL\Algebraic-Connectivity-Optimization-CDC2026\lite_trials\sweep\resistance_only\checkpoints\best.pt,ppo,3000,C:\Users\erich\Documents\AFRL\Algebraic-Connectivity-Optimization-CDC2026\lite_trials\lite_config.yaml,full,91,0.428714107366,2,1807,1807,0.42871410736579274,7,0.40523645641496286,36.87651753376162,0.028680300000814896,0.028680300000814896,0.17341840000153752,backbone,cayley_only,cayley,1800,36.14062924823648,0.14473810000072262,False,2,,False,1,cayley,64,4,RL+Backbone,2
best,C:\Users\erich\Documents\AFRL\Algebraic-Connectivity-Optimization-CDC2026\lite_trials\sweep\resistance_only\checkpoints\best.pt,ppo,3000,C:\Users\erich\Documents\AFRL\Algebraic-Connectivity-Optimization-CDC2026\lite_trials\lite_config.yaml,full,91,0.428714107366,3,1807,1807,0.42871410736579274,7,0.41060390900864285,37.3649557197865,0.026205099999970116,0.026205099999970116,0.17062319999968167,backbone,cayley_only,cayley,1800,36.22801501270706,0.14441809999971156,False,2,,False,1,cayley,64,4,RL+Backbone,3
best,C:\Users\erich\Documents\AFRL\Algebraic-Connectivity-Optimization-CDC2026\lite_trials\sweep\resistance_only\checkpoints\best.pt,ppo,3000,C:\Users\erich\Documents\AFRL\Algebraic-Connectivity-Optimization-CDC2026\lite_trials\lite_config.yaml,full,91,0.428714107366,4,1807,1807,0.42871410736579274,7,0.411564034460224,37.45232713588038,0.022155499999826134,0.022155499999826134,0.1703778000000966,backbone,cayley_only,cayley,1800,36.301903360329774,0.14822230000027048,False,2,,False,1,cayley,64,4,RL+Backbone,4
best,C:\Users\erich\Documents\AFRL\Algebraic-Connectivity-Optimization-CDC2026\lite_trials\sweep\resistance_only\checkpoints\best.pt,ppo,3000,C:\Users\erich\Documents\AFRL\Algebraic-Connectivity-Optimization-CDC2026\lite_trials\lite_config.yaml,full,91,0.500124843945,0,2093,2093,0.5001248439450686,23,0.5126702874965036,46.65299616218182,0.12720890000036889,0.12720890000036889,0.27984899999955815,backbone,both,envelope,2070,45.0,0.15920809999988705,False,,,True,2,"cayley,envelope",64,4,RL+Backbone,0
best,C:\Users\erich\Documents\AFRL\Algebraic-Connectivity-Optimization-CDC2026\lite_trials\sweep\resistance_only\checkpoints\best.pt,ppo,3000,C:\Users\erich\Documents\AFRL\Algebraic-Connectivity-Optimization-CDC2026\lite_trials\lite_config.yaml,full,91,0.500124843945,1,2093,2093,0.5001248439450686,23,0.5126702874965036,46.65299616218182,0.12218289999964327,0.12218289999964327,0.26954529999966326,backbone,both,envelope,2070,45.0,0.15127099999972415,False,,,True,2,"cayley,envelope",64,4,RL+Backbone,1
best,C:\Users\erich\Documents\AFRL\Algebraic-Connectivity-Optimization-CDC2026\lite_trials\sweep\resistance_only\checkpoints\best.pt,ppo,3000,C:\Users\erich\Documents\AFRL\Algebraic-Connectivity-Optimization-CDC2026\lite_trials\lite_config.yaml,full,91,0.500124843945,2,2093,2093,0.5001248439450686,23,0.5126702874965036,46.65299616218182,0.12099230000058014,0.12099230000058014,0.266127900000356,backbone,both,envelope,2070,45.0,0.15068729999984498,False,,,True,2,"cayley,envelope",64,4,RL+Backbone,2
best,C:\Users\erich\Documents\AFRL\Algebraic-Connectivity-Optimization-CDC2026\lite_trials\sweep\resistance_only\checkpoints\best.pt,ppo,3000,C:\Users\erich\Documents\AFRL\Algebraic-Connectivity-Optimization-CDC2026\lite_trials\lite_config.yaml,full,91,0.500124843945,3,2093,2093,0.5001248439450686,23,0.5126702874965036,46.65299616218182,0.11736470000050758,0.11736470000050758,0.2699692000005598,backbone,both,envelope,2070,45.0,0.1526045000000522,False,,,True,2,"cayley,envelope",64,4,RL+Backbone,3
best,C:\Users\erich\Documents\AFRL\Algebraic-Connectivity-Optimization-CDC2026\lite_trials\sweep\resistance_only\checkpoints\best.pt,ppo,3000,C:\Users\erich\Documents\AFRL\Algebraic-Connectivity-Optimization-CDC2026\lite_trials\lite_config.yaml,full,91,0.500124843945,4,2093,2093,0.5001248439450686,23,0.5126702874965036,46.65299616218182,0.12052740000035556,0.12052740000035556,0.2664710999988529,backbone,both,envelope,2070,45.0,0.14848999999958323,False,,,True,2,"cayley,envelope",64,4,RL+Backbone,4
best,C:\Users\erich\Documents\AFRL\Algebraic-Connectivity-Optimization-CDC2026\lite_trials\sweep\resistance_only\checkpoints\best.pt,ppo,3000,C:\Users\erich\Documents\AFRL\Algebraic-Connectivity-Optimization-CDC2026\lite_trials\lite_config.yaml,full,91,0.571285892634,0,2378,2378,0.5712858926342073,38,0.5402537161774068,49.16308817214402,0.17191430000002583,0.17191430000002583,0.43129810000027646,backbone,both,cayley,2340,47.78957007774036,0.25938380000025063,False,2,,True,2,"cayley,envelope",64,4,RL+Backbone,0
best,C:\Users\erich\Documents\AFRL\Algebraic-Connectivity-Optimization-CDC2026\lite_trials\sweep\resistance_only\checkpoints\best.pt,ppo,3000,C:\Users\erich\Documents\AFRL\Algebraic-Connectivity-Optimization-CDC2026\lite_trials\lite_config.yaml,full,91,0.571285892634,1,2378,2378,0.5712858926342073,38,0.5421172995870475,49.33267426242132,0.19465599999966798,0.19465599999966798,0.4600689999997485,backbone,both,cayley,2340,47.78957007774037,0.2654130000000805,False,2,,True,2,"cayley,envelope",64,4,RL+Backbone,1
best,C:\Users\erich\Documents\AFRL\Algebraic-Connectivity-Optimization-CDC2026\lite_trials\sweep\resistance_only\checkpoints\best.pt,ppo,3000,C:\Users\erich\Documents\AFRL\Algebraic-Connectivity-Optimization-CDC2026\lite_trials\lite_config.yaml,full,91,0.571285892634,2,2378,2378,0.5712858926342073,38,0.5415936673790656,49.28502373149497,0.19367330000022775,0.19367330000022775,0.4570787000002383,backbone,both,cayley,2340,47.78957007774038,0.26340540000001056,False,2,,True,2,"cayley,envelope",64,4,RL+Backbone,2
best,C:\Users\erich\Documents\AFRL\Algebraic-Connectivity-Optimization-CDC2026\lite_trials\sweep\resistance_only\checkpoints\best.pt,ppo,3000,C:\Users\erich\Documents\AFRL\Algebraic-Connectivity-Optimization-CDC2026\lite_trials\lite_config.yaml,full,91,0.571285892634,3,2378,2378,0.5712858926342073,38,0.5424787322677004,49.36556463636074,0.18911519999983284,0.18911519999983284,0.45007650000025023,backbone,both,cayley,2340,47.78957007774038,0.2609613000004174,False,2,,True,2,"cayley,envelope",64,4,RL+Backbone,3
best,C:\Users\erich\Documents\AFRL\Algebraic-Connectivity-Optimization-CDC2026\lite_trials\sweep\resistance_only\checkpoints\best.pt,ppo,3000,C:\Users\erich\Documents\AFRL\Algebraic-Connectivity-Optimization-CDC2026\lite_trials\lite_config.yaml,full,91,0.571285892634,4,2378,2378,0.5712858926342073,38,0.5415084698456808,49.277270755956955,0.18716829999993934,0.18716829999993934,0.45484579999993,backbone,both,cayley,2340,47.789570077740336,0.2676774999999907,False,2,,True,2,"cayley,envelope",64,4,RL+Backbone,4
best,C:\Users\erich\Documents\AFRL\Algebraic-Connectivity-Optimization-CDC2026\lite_trials\sweep\resistance_only\checkpoints\best.pt,ppo,3000,C:\Users\erich\Documents\AFRL\Algebraic-Connectivity-Optimization-CDC2026\lite_trials\lite_config.yaml,full,91,0.642696629213,0,2664,2664,0.6426966292134831,82,0.6742381654410934,61.3556730551395,0.4150638999999501,0.4150638999999501,0.5087119999998322,backbone,both,cayley,2582,54.274317797167534,0.0936480999998821,False,3,,True,2,"cayley,envelope",64,4,RL+Backbone,0
best,C:\Users\erich\Documents\AFRL\Algebraic-Connectivity-Optimization-CDC2026\lite_trials\sweep\resistance_only\checkpoints\best.pt,ppo,3000,C:\Users\erich\Documents\AFRL\Algebraic-Connectivity-Optimization-CDC2026\lite_trials\lite_config.yaml,full,91,0.642696629213,1,2664,2664,0.6426966292134831,82,0.6742381654410946,61.35567305513961,0.39909979999993084,0.39909979999993084,0.49432960000012827,backbone,both,cayley,2582,54.274317797167505,0.09522980000019743,False,3,,True,2,"cayley,envelope",64,4,RL+Backbone,1
best,C:\Users\erich\Documents\AFRL\Algebraic-Connectivity-Optimization-CDC2026\lite_trials\sweep\resistance_only\checkpoints\best.pt,ppo,3000,C:\Users\erich\Documents\AFRL\Algebraic-Connectivity-Optimization-CDC2026\lite_trials\lite_config.yaml,full,91,0.642696629213,2,2664,2664,0.6426966292134831,82,0.6664458554542254,60.646572846334514,0.43094859999928303,0.43094859999928303,0.5276965999992171,backbone,both,cayley,2582,54.272990055601575,0.09674799999993411,False,3,,True,2,"cayley,envelope",64,4,RL+Backbone,2
best,C:\Users\erich\Documents\AFRL\Algebraic-Connectivity-Optimization-CDC2026\lite_trials\sweep\resistance_only\checkpoints\best.pt,ppo,3000,C:\Users\erich\Documents\AFRL\Algebraic-Connectivity-Optimization-CDC2026\lite_trials\lite_config.yaml,full,91,0.642696629213,3,2664,2664,0.6426966292134831,83,0.6451002629992523,58.70412393293196,0.4158532000001287,0.4158532000001287,0.5122447000003376,backbone,both,cayley,2581,54.002514646980956,0.09639150000020891,False,3,,True,2,"cayley,envelope",64,4,RL+Backbone,3
best,C:\Users\erich\Documents\AFRL\Algebraic-Connectivity-Optimization-CDC2026\lite_trials\sweep\resistance_only\checkpoints\best.pt,ppo,3000,C:\Users\erich\Documents\AFRL\Algebraic-Connectivity-Optimization-CDC2026\lite_trials\lite_config.yaml,full,91,0.642696629213,4,2664,2664,0.6426966292134831,82,0.6742382878364157,61.35568419311383,0.42028750000008586,0.42028750000008586,0.5148880000006102,backbone,both,cayley,2582,54.27431779716751,0.09460050000052433,False,3,,True,2,"cayley,envelope",64,4,RL+Backbone,4
best,C:\Users\erich\Documents\AFRL\Algebraic-Connectivity-Optimization-CDC2026\lite_trials\sweep\resistance_only\checkpoints\best.pt,ppo,3000,C:\Users\erich\Documents\AFRL\Algebraic-Connectivity-Optimization-CDC2026\lite_trials\lite_config.yaml,full,91,0.714107365793,0,2950,2950,0.714107365792759,25,0.7188480171906494,65.4151695643491,0.1344801000004736,0.1344801000004736,0.24589100000048347,backbone,both,cayley,2925,61.92128958041287,0.11141090000000986,False,4,,True,2,"cayley,envelope",64,4,RL+Backbone,0
best,C:\Users\erich\Documents\AFRL\Algebraic-Connectivity-Optimization-CDC2026\lite_trials\sweep\resistance_only\checkpoints\best.pt,ppo,3000,C:\Users\erich\Documents\AFRL\Algebraic-Connectivity-Optimization-CDC2026\lite_trials\lite_config.yaml,full,91,0.714107365793,1,2950,2950,0.714107365792759,25,0.7188480171907027,65.41516956435395,0.1426424000001134,0.1426424000001134,0.23564649999934772,backbone,both,cayley,2925,61.92128958041285,0.09300409999923431,False,4,,True,2,"cayley,envelope",64,4,RL+Backbone,1
best,C:\Users\erich\Documents\AFRL\Algebraic-Connectivity-Optimization-CDC2026\lite_trials\sweep\resistance_only\checkpoints\best.pt,ppo,3000,C:\Users\erich\Documents\AFRL\Algebraic-Connectivity-Optimization-CDC2026\lite_trials\lite_config.yaml,full,91,0.714107365793,2,2950,2950,0.714107365792759,25,0.7188480171906674,65.41516956435073,0.14106179999998858,0.14106179999998858,0.245339299999614,backbone,both,cayley,2925,61.92128958041286,0.10427749999962543,False,4,,True,2,"cayley,envelope",64,4,RL+Backbone,2
best,C:\Users\erich\Documents\AFRL\Algebraic-Connectivity-Optimization-CDC2026\lite_trials\sweep\resistance_only\checkpoints\best.pt,ppo,3000,C:\Users\erich\Documents\AFRL\Algebraic-Connectivity-Optimization-CDC2026\lite_trials\lite_config.yaml,full,91,0.714107365793,3,2950,2950,0.714107365792759,25,0.7188480171907012,65.41516956435382,0.13348099999984697,0.13348099999984697,0.23659589999988384,backbone,both,cayley,2925,61.92128958041287,0.10311490000003687,False,4,,True,2,"cayley,envelope",64,4,RL+Backbone,3
best,C:\Users\erich\Documents\AFRL\Algebraic-Connectivity-Optimization-CDC2026\lite_trials\sweep\resistance_only\checkpoints\best.pt,ppo,3000,C:\Users\erich\Documents\AFRL\Algebraic-Connectivity-Optimization-CDC2026\lite_trials\lite_config.yaml,full,91,0.714107365793,4,2950,2950,0.714107365792759,25,0.7188480171906663,65.41516956435063,0.13386220000029425,0.13386220000029425,0.23786639999980252,backbone,both,cayley,2925,61.92128958041289,0.10400419999950827,False,4,,True,2,"cayley,envelope",64,4,RL+Backbone,4
best,C:\Users\erich\Documents\AFRL\Algebraic-Connectivity-Optimization-CDC2026\lite_trials\sweep\resistance_only\checkpoints\best.pt,ppo,3000,C:\Users\erich\Documents\AFRL\Algebraic-Connectivity-Optimization-CDC2026\lite_trials\lite_config.yaml,full,91,0.785518102372,0,3236,3236,0.785518102372035,2,0.7692307692307667,69.99999999999977,0.014466300000094634,0.014466300000094634,0.017169400000057067,backbone,envelope_only,envelope,3234,70.0,0.0027030999999624328,False,,,False,1,envelope,64,4,RL+Backbone,0
best,C:\Users\erich\Documents\AFRL\Algebraic-Connectivity-Optimization-CDC2026\lite_trials\sweep\resistance_only\checkpoints\best.pt,ppo,3000,C:\Users\erich\Documents\AFRL\Algebraic-Connectivity-Optimization-CDC2026\lite_trials\lite_config.yaml,full,91,0.785518102372,1,3236,3236,0.785518102372035,2,0.7692307692307667,69.99999999999977,0.01676859999952285,0.01676859999952285,0.01941999999962718,backbone,envelope_only,envelope,3234,70.0,0.0026514000001043314,False,,,False,1,envelope,64,4,RL+Backbone,1
best,C:\Users\erich\Documents\AFRL\Algebraic-Connectivity-Optimization-CDC2026\lite_trials\sweep\resistance_only\checkpoints\best.pt,ppo,3000,C:\Users\erich\Documents\AFRL\Algebraic-Connectivity-Optimization-CDC2026\lite_trials\lite_config.yaml,full,91,0.785518102372,2,3236,3236,0.785518102372035,2,0.7692307692307667,69.99999999999977,0.01422999999977037,0.01422999999977037,0.01661379999950441,backbone,envelope_only,envelope,3234,70.0,0.0023837999997340376,False,,,False,1,envelope,64,4,RL+Backbone,2
best,C:\Users\erich\Documents\AFRL\Algebraic-Connectivity-Optimization-CDC2026\lite_trials\sweep\resistance_only\checkpoints\best.pt,ppo,3000,C:\Users\erich\Documents\AFRL\Algebraic-Connectivity-Optimization-CDC2026\lite_trials\lite_config.yaml,full,91,0.785518102372,3,3236,3236,0.785518102372035,2,0.7692307692307667,69.99999999999977,0.01806529999976192,0.01806529999976192,0.020787600000403472,backbone,envelope_only,envelope,3234,70.0,0.002722300000641553,False,,,False,1,envelope,64,4,RL+Backbone,3
best,C:\Users\erich\Documents\AFRL\Algebraic-Connectivity-Optimization-CDC2026\lite_trials\sweep\resistance_only\checkpoints\best.pt,ppo,3000,C:\Users\erich\Documents\AFRL\Algebraic-Connectivity-Optimization-CDC2026\lite_trials\lite_config.yaml,full,91,0.785518102372,4,3236,3236,0.785518102372035,2,0.7692307692307667,69.99999999999977,0.015123499999390333,0.015123499999390333,0.018166899999414454,backbone,envelope_only,envelope,3234,70.0,0.0030434000000241213,False,,,False,1,envelope,64,4,RL+Backbone,4
best,C:\Users\erich\Documents\AFRL\Algebraic-Connectivity-Optimization-CDC2026\lite_trials\sweep\resistance_only\checkpoints\best.pt,ppo,3000,C:\Users\erich\Documents\AFRL\Algebraic-Connectivity-Optimization-CDC2026\lite_trials\lite_config.yaml,full,91,0.856928838951,0,3522,3522,0.8569288389513109,57,0.8354988274511451,76.03039329805421,0.4528504999998404,0.4528504999998404,0.4549635000003036,backbone,envelope_only,envelope,3465,76.0,0.0021130000004632166,False,,,False,1,envelope,64,4,RL+Backbone,0
best,C:\Users\erich\Documents\AFRL\Algebraic-Connectivity-Optimization-CDC2026\lite_trials\sweep\resistance_only\checkpoints\best.pt,ppo,3000,C:\Users\erich\Documents\AFRL\Algebraic-Connectivity-Optimization-CDC2026\lite_trials\lite_config.yaml,full,91,0.856928838951,1,3522,3522,0.8569288389513109,57,0.8354988274511451,76.03039329805421,0.4308229999996911,0.4308229999996911,0.43363289999979315,backbone,envelope_only,envelope,3465,76.0,0.0028099000001020613,False,,,False,1,envelope,64,4,RL+Backbone,1
best,C:\Users\erich\Documents\AFRL\Algebraic-Connectivity-Optimization-CDC2026\lite_trials\sweep\resistance_only\checkpoints\best.pt,ppo,3000,C:\Users\erich\Documents\AFRL\Algebraic-Connectivity-Optimization-CDC2026\lite_trials\lite_config.yaml,full,91,0.856928838951,2,3522,3522,0.8569288389513109,57,0.8354988274511451,76.03039329805421,0.41788290000022243,0.41788290000022243,0.41989060000014433,backbone,envelope_only,envelope,3465,76.0,0.002007699999921897,False,,,False,1,envelope,64,4,RL+Backbone,2
best,C:\Users\erich\Documents\AFRL\Algebraic-Connectivity-Optimization-CDC2026\lite_trials\sweep\resistance_only\checkpoints\best.pt,ppo,3000,C:\Users\erich\Documents\AFRL\Algebraic-Connectivity-Optimization-CDC2026\lite_trials\lite_config.yaml,full,91,0.856928838951,3,3522,3522,0.8569288389513109,57,0.8354988274511451,76.03039329805421,0.4457460000003266,0.4457460000003266,0.4484844000007797,backbone,envelope_only,envelope,3465,76.0,0.0027384000004531117,False,,,False,1,envelope,64,4,RL+Backbone,3
best,C:\Users\erich\Documents\AFRL\Algebraic-Connectivity-Optimization-CDC2026\lite_trials\sweep\resistance_only\checkpoints\best.pt,ppo,3000,C:\Users\erich\Documents\AFRL\Algebraic-Connectivity-Optimization-CDC2026\lite_trials\lite_config.yaml,full,91,0.856928838951,4,3522,3522,0.8569288389513109,57,0.8354988274511451,76.03039329805421,0.4196617999996306,0.4196617999996306,0.4233656999995219,backbone,envelope_only,envelope,3465,76.0,0.0037038999998912914,False,,,False,1,envelope,64,4,RL+Backbone,4
best,C:\Users\erich\Documents\AFRL\Algebraic-Connectivity-Optimization-CDC2026\lite_trials\sweep\resistance_only\checkpoints\best.pt,ppo,3000,C:\Users\erich\Documents\AFRL\Algebraic-Connectivity-Optimization-CDC2026\lite_trials\lite_config.yaml,full,91,0.928339575531,0,3808,3808,0.9283395755305868,24,0.9180228266682171,83.54007722680775,0.2021457000000737,0.2021457000000737,0.20540919999984908,backbone,envelope_only,envelope,3784,83.0,0.0032634999997753766,False,,,False,1,envelope,64,4,RL+Backbone,0
best,C:\Users\erich\Documents\AFRL\Algebraic-Connectivity-Optimization-CDC2026\lite_trials\sweep\resistance_only\checkpoints\best.pt,ppo,3000,C:\Users\erich\Documents\AFRL\Algebraic-Connectivity-Optimization-CDC2026\lite_trials\lite_config.yaml,full,91,0.928339575531,1,3808,3808,0.9283395755305868,24,0.9180228266682171,83.54007722680775,0.18291380000027857,0.18291380000027857,0.18605740000020887,backbone,envelope_only,envelope,3784,83.0,0.003143599999930302,False,,,False,1,envelope,64,4,RL+Backbone,1
best,C:\Users\erich\Documents\AFRL\Algebraic-Connectivity-Optimization-CDC2026\lite_trials\sweep\resistance_only\checkpoints\best.pt,ppo,3000,C:\Users\erich\Documents\AFRL\Algebraic-Connectivity-Optimization-CDC2026\lite_trials\lite_config.yaml,full,91,0.928339575531,2,3808,3808,0.9283395755305868,24,0.9180228266682171,83.54007722680775,0.1925797000003513,0.1925797000003513,0.1956969000002573,backbone,envelope_only,envelope,3784,83.0,0.0031171999999060063,False,,,False,1,envelope,64,4,RL+Backbone,2
best,C:\Users\erich\Documents\AFRL\Algebraic-Connectivity-Optimization-CDC2026\lite_trials\sweep\resistance_only\checkpoints\best.pt,ppo,3000,C:\Users\erich\Documents\AFRL\Algebraic-Connectivity-Optimization-CDC2026\lite_trials\lite_config.yaml,full,91,0.928339575531,3,3808,3808,0.9283395755305868,24,0.9180228266682171,83.54007722680775,0.19778219999989233,0.19778219999989233,0.1997414999996181,backbone,envelope_only,envelope,3784,83.0,0.001959299999725772,False,,,False,1,envelope,64,4,RL+Backbone,3
best,C:\Users\erich\Documents\AFRL\Algebraic-Connectivity-Optimization-CDC2026\lite_trials\sweep\resistance_only\checkpoints\best.pt,ppo,3000,C:\Users\erich\Documents\AFRL\Algebraic-Connectivity-Optimization-CDC2026\lite_trials\lite_config.yaml,full,91,0.928339575531,4,3808,3808,0.9283395755305868,24,0.9180228266682171,83.54007722680775,0.18175810000047932,0.18175810000047932,0.18470720000004803,backbone,envelope_only,envelope,3784,83.0,0.002949099999568716,False,,,False,1,envelope,64,4,RL+Backbone,4
best,C:\Users\erich\Documents\AFRL\Algebraic-Connectivity-Optimization-CDC2026\lite_trials\sweep\resistance_only\checkpoints\best.pt,ppo,3000,C:\Users\erich\Documents\AFRL\Algebraic-Connectivity-Optimization-CDC2026\lite_trials\lite_config.yaml,full,91,0.99975031211,0,4094,4094,0.9997503121098626,44,0.997931676344206,90.81178254732275,0.34762010000031296,0.34762010000031296,0.3521645000009812,backbone,envelope_only,envelope,4050,89.0,0.004544400000668247,False,,,False,1,envelope,64,4,RL+Backbone,0
best,C:\Users\erich\Documents\AFRL\Algebraic-Connectivity-Optimization-CDC2026\lite_trials\sweep\resistance_only\checkpoints\best.pt,ppo,3000,C:\Users\erich\Documents\AFRL\Algebraic-Connectivity-Optimization-CDC2026\lite_trials\lite_config.yaml,full,91,0.99975031211,1,4094,4094,0.9997503121098626,44,0.997931676344206,90.81178254732275,0.317896199999268,0.317896199999268,0.3217356999994081,backbone,envelope_only,envelope,4050,89.0,0.003839500000140106,False,,,False,1,envelope,64,4,RL+Backbone,1
best,C:\Users\erich\Documents\AFRL\Algebraic-Connectivity-Optimization-CDC2026\lite_trials\sweep\resistance_only\checkpoints\best.pt,ppo,3000,C:\Users\erich\Documents\AFRL\Algebraic-Connectivity-Optimization-CDC2026\lite_trials\lite_config.yaml,full,91,0.99975031211,2,4094,4094,0.9997503121098626,44,0.997931676344206,90.81178254732275,0.3405317000006107,0.3405317000006107,0.343174600000566,backbone,envelope_only,envelope,4050,89.0,0.0026428999999552616,False,,,False,1,envelope,64,4,RL+Backbone,2
best,C:\Users\erich\Documents\AFRL\Algebraic-Connectivity-Optimization-CDC2026\lite_trials\sweep\resistance_only\checkpoints\best.pt,ppo,3000,C:\Users\erich\Documents\AFRL\Algebraic-Connectivity-Optimization-CDC2026\lite_trials\lite_config.yaml,full,91,0.99975031211,3,4094,4094,0.9997503121098626,44,0.997931676344206,90.81178254732275,0.32163349999973434,0.32163349999973434,0.32555690000026516,backbone,envelope_only,envelope,4050,89.0,0.003923400000530819,False,,,False,1,envelope,64,4,RL+Backbone,3
best,C:\Users\erich\Documents\AFRL\Algebraic-Connectivity-Optimization-CDC2026\lite_trials\sweep\resistance_only\checkpoints\best.pt,ppo,3000,C:\Users\erich\Documents\AFRL\Algebraic-Connectivity-Optimization-CDC2026\lite_trials\lite_config.yaml,full,91,0.99975031211,4,4094,4094,0.9997503121098626,44,0.997931676344206,90.81178254732275,0.33203189999949245,0.33203189999949245,0.33581520000007004,backbone,envelope_only,envelope,4050,89.0,0.003783300000577583,False,,,False,1,envelope,64,4,RL+Backbone,4
